icao24,split,pairCount,sessionCount,assignmentOrder,datasetVariantID,policyVersion
0101DD,train,147,1,1,expanded_post3day_v2,sorted_icao_repeating_3train_1validation_1test_v1
01025E,train,145,1,2,expanded_post3day_v2,sorted_icao_repeating_3train_1validation_1test_v1
010283,train,8,1,3,expanded_post3day_v2,sorted_icao_repeating_3train_1validation_1test_v1
010289,validation,3,2,4,expanded_post3day_v2,sorted_icao_repeating_3train_1validation_1test_v1
01028A,test,130,1,5,expanded_post3day_v2,sorted_icao_repeating_3train_1validation_1test_v1
020123,train,24,1,6,expanded_post3day_v2,sorted_icao_repeating_3train_1validation_1test_v1
02013C,train,4,1,7,expanded_post3day_v2,sorted_icao_repeating_3train_1validation_1test_v1
02013D,train,73,1,8,expanded_post3day_v2,sorted_icao_repeating_3train_1validation_1test_v1
02013F,validation,198,2,9,expanded_post3day_v2,sorted_icao_repeating_3train_1validation_1test_v1
04004A,test,226,1,10,expanded_post3day_v2,sorted_icao_repeating_3train_1validation_1test_v1
040087,train,177,1,11,expanded_post3day_v2,sorted_icao_repeating_3train_1validation_1test_v1
040203,train,130,1,12,expanded_post3day_v2,sorted_icao_repeating_3train_1validation_1test_v1
04C119,train,24,1,13,expanded_post3day_v2,sorted_icao_repeating_3train_1validation_1test_v1
04C159,validation,20,1,14,expanded_post3day_v2,sorted_icao_repeating_3train_1validation_1test_v1
06A073,test,3,1,15,expanded_post3day_v2,sorted_icao_repeating_3train_1validation_1test_v1
06A078,train,28,1,16,expanded_post3day_v2,sorted_icao_repeating_3train_1validation_1test_v1
06A0DD,train,193,1,17,expanded_post3day_v2,sorted_icao_repeating_3train_1validation_1test_v1
06A0E8,train,114,1,18,expanded_post3day_v2,sorted_icao_repeating_3train_1validation_1test_v1
06A1DB,validation,160,1,19,expanded_post3day_v2,sorted_icao_repeating_3train_1validation_1test_v1
06A2B0,test,52,1,20,expanded_post3day_v2,sorted_icao_repeating_3train_1validation_1test_v1
06A30A,train,152,1,21,expanded_post3day_v2,sorted_icao_repeating_3train_1validation_1test_v1
0AC9C3,train,14,1,22,expanded_post3day_v2,sorted_icao_repeating_3train_1validation_1test_v1
0C208E,train,3,1,23,expanded_post3day_v2,sorted_icao_repeating_3train_1validation_1test_v1
0D08D1,validation,2,1,24,expanded_post3day_v2,sorted_icao_repeating_3train_1validation_1test_v1
0D09A4,test,46,1,25,expanded_post3day_v2,sorted_icao_repeating_3train_1validation_1test_v1
0D09D0,train,143,1,26,expanded_post3day_v2,sorted_icao_repeating_3train_1validation_1test_v1
0D09E5,train,12,1,27,expanded_post3day_v2,sorted_icao_repeating_3train_1validation_1test_v1
0D09EC,train,238,1,28,expanded_post3day_v2,sorted_icao_repeating_3train_1validation_1test_v1
0D0A9B,validation,18,1,29,expanded_post3day_v2,sorted_icao_repeating_3train_1validation_1test_v1
0D0E29,test,12,1,30,expanded_post3day_v2,sorted_icao_repeating_3train_1validation_1test_v1
0D11ED,train,50,1,31,expanded_post3day_v2,sorted_icao_repeating_3train_1validation_1test_v1
300A62,train,282,2,32,expanded_post3day_v2,sorted_icao_repeating_3train_1validation_1test_v1
300A9D,train,45,1,33,expanded_post3day_v2,sorted_icao_repeating_3train_1validation_1test_v1
344503,validation,127,1,34,expanded_post3day_v2,sorted_icao_repeating_3train_1validation_1test_v1
345319,test,5,2,35,expanded_post3day_v2,sorted_icao_repeating_3train_1validation_1test_v1
3455C1,train,39,1,36,expanded_post3day_v2,sorted_icao_repeating_3train_1validation_1test_v1
346456,train,165,1,37,expanded_post3day_v2,sorted_icao_repeating_3train_1validation_1test_v1
34659A,train,57,1,38,expanded_post3day_v2,sorted_icao_repeating_3train_1validation_1test_v1
3475D4,validation,136,1,39,expanded_post3day_v2,sorted_icao_repeating_3train_1validation_1test_v1
34810B,test,234,1,40,expanded_post3day_v2,sorted_icao_repeating_3train_1validation_1test_v1
3481D5,train,211,2,41,expanded_post3day_v2,sorted_icao_repeating_3train_1validation_1test_v1
348310,train,305,3,42,expanded_post3day_v2,sorted_icao_repeating_3train_1validation_1test_v1
348395,train,252,1,43,expanded_post3day_v2,sorted_icao_repeating_3train_1validation_1test_v1
3484D3,validation,589,4,44,expanded_post3day_v2,sorted_icao_repeating_3train_1validation_1test_v1
3485C3,test,199,2,45,expanded_post3day_v2,sorted_icao_repeating_3train_1validation_1test_v1
392D6C,train,48,1,46,expanded_post3day_v2,sorted_icao_repeating_3train_1validation_1test_v1
394A00,train,348,1,47,expanded_post3day_v2,sorted_icao_repeating_3train_1validation_1test_v1
394A04,train,17,1,48,expanded_post3day_v2,sorted_icao_repeating_3train_1validation_1test_v1
394A05,validation,20,1,49,expanded_post3day_v2,sorted_icao_repeating_3train_1validation_1test_v1
394A08,test,95,1,50,expanded_post3day_v2,sorted_icao_repeating_3train_1validation_1test_v1
394A0B,train,36,1,51,expanded_post3day_v2,sorted_icao_repeating_3train_1validation_1test_v1
3965A0,train,7,1,52,expanded_post3day_v2,sorted_icao_repeating_3train_1validation_1test_v1
3965A3,train,156,2,53,expanded_post3day_v2,sorted_icao_repeating_3train_1validation_1test_v1
3965A4,validation,108,1,54,expanded_post3day_v2,sorted_icao_repeating_3train_1validation_1test_v1
3965A7,test,174,2,55,expanded_post3day_v2,sorted_icao_repeating_3train_1validation_1test_v1
3965AA,train,232,2,56,expanded_post3day_v2,sorted_icao_repeating_3train_1validation_1test_v1
3965AF,train,14,1,57,expanded_post3day_v2,sorted_icao_repeating_3train_1validation_1test_v1
3965B0,train,273,2,58,expanded_post3day_v2,sorted_icao_repeating_3train_1validation_1test_v1
3965B3,validation,122,1,59,expanded_post3day_v2,sorted_icao_repeating_3train_1validation_1test_v1
398699,test,507,1,60,expanded_post3day_v2,sorted_icao_repeating_3train_1validation_1test_v1
39B44E,train,304,3,61,expanded_post3day_v2,sorted_icao_repeating_3train_1validation_1test_v1
39CF00,train,93,1,62,expanded_post3day_v2,sorted_icao_repeating_3train_1validation_1test_v1
39CF03,train,112,1,63,expanded_post3day_v2,sorted_icao_repeating_3train_1validation_1test_v1
39CF0C,validation,57,1,64,expanded_post3day_v2,sorted_icao_repeating_3train_1validation_1test_v1
39CF11,test,91,1,65,expanded_post3day_v2,sorted_icao_repeating_3train_1validation_1test_v1
39CF12,train,60,2,66,expanded_post3day_v2,sorted_icao_repeating_3train_1validation_1test_v1
39D2A0,train,137,1,67,expanded_post3day_v2,sorted_icao_repeating_3train_1validation_1test_v1
39D2A2,train,132,1,68,expanded_post3day_v2,sorted_icao_repeating_3train_1validation_1test_v1
39D2A4,validation,145,1,69,expanded_post3day_v2,sorted_icao_repeating_3train_1validation_1test_v1
39D2A5,test,60,1,70,expanded_post3day_v2,sorted_icao_repeating_3train_1validation_1test_v1
39D2AB,train,163,1,71,expanded_post3day_v2,sorted_icao_repeating_3train_1validation_1test_v1
39D2AD,train,365,2,72,expanded_post3day_v2,sorted_icao_repeating_3train_1validation_1test_v1
39D2AF,train,49,1,73,expanded_post3day_v2,sorted_icao_repeating_3train_1validation_1test_v1
39D2B0,validation,203,1,74,expanded_post3day_v2,sorted_icao_repeating_3train_1validation_1test_v1
3C15BE,test,23,1,75,expanded_post3day_v2,sorted_icao_repeating_3train_1validation_1test_v1
3C4599,train,4,1,76,expanded_post3day_v2,sorted_icao_repeating_3train_1validation_1test_v1
3C4A01,train,119,1,77,expanded_post3day_v2,sorted_icao_repeating_3train_1validation_1test_v1
3C4A04,train,26,1,78,expanded_post3day_v2,sorted_icao_repeating_3train_1validation_1test_v1
3C4B28,validation,5,1,79,expanded_post3day_v2,sorted_icao_repeating_3train_1validation_1test_v1
3C4B34,test,11,2,80,expanded_post3day_v2,sorted_icao_repeating_3train_1validation_1test_v1
3C64EF,train,6,1,81,expanded_post3day_v2,sorted_icao_repeating_3train_1validation_1test_v1
3C64F0,train,65,1,82,expanded_post3day_v2,sorted_icao_repeating_3train_1validation_1test_v1
3C64F4,train,65,1,83,expanded_post3day_v2,sorted_icao_repeating_3train_1validation_1test_v1
3C6518,validation,233,2,84,expanded_post3day_v2,sorted_icao_repeating_3train_1validation_1test_v1
3C6519,test,190,3,85,expanded_post3day_v2,sorted_icao_repeating_3train_1validation_1test_v1
3C6564,train,44,1,86,expanded_post3day_v2,sorted_icao_repeating_3train_1validation_1test_v1
3C65A3,train,2,1,87,expanded_post3day_v2,sorted_icao_repeating_3train_1validation_1test_v1
3C66C3,train,57,1,88,expanded_post3day_v2,sorted_icao_repeating_3train_1validation_1test_v1
3C6709,validation,6,1,89,expanded_post3day_v2,sorted_icao_repeating_3train_1validation_1test_v1
3C6713,test,206,1,90,expanded_post3day_v2,sorted_icao_repeating_3train_1validation_1test_v1
3C6716,train,16,1,91,expanded_post3day_v2,sorted_icao_repeating_3train_1validation_1test_v1
3C671A,train,77,1,92,expanded_post3day_v2,sorted_icao_repeating_3train_1validation_1test_v1
3C70C9,train,272,2,93,expanded_post3day_v2,sorted_icao_repeating_3train_1validation_1test_v1
3C71A7,validation,61,1,94,expanded_post3day_v2,sorted_icao_repeating_3train_1validation_1test_v1
3C7A41,test,203,2,95,expanded_post3day_v2,sorted_icao_repeating_3train_1validation_1test_v1
3C7A44,train,63,1,96,expanded_post3day_v2,sorted_icao_repeating_3train_1validation_1test_v1
3C7A46,train,21,2,97,expanded_post3day_v2,sorted_icao_repeating_3train_1validation_1test_v1
4005BB,train,150,2,98,expanded_post3day_v2,sorted_icao_repeating_3train_1validation_1test_v1
4005BC,validation,61,1,99,expanded_post3day_v2,sorted_icao_repeating_3train_1validation_1test_v1
4005BE,test,27,1,100,expanded_post3day_v2,sorted_icao_repeating_3train_1validation_1test_v1
400683,train,43,2,101,expanded_post3day_v2,sorted_icao_repeating_3train_1validation_1test_v1
4006C0,train,23,1,102,expanded_post3day_v2,sorted_icao_repeating_3train_1validation_1test_v1
4006C1,train,31,1,103,expanded_post3day_v2,sorted_icao_repeating_3train_1validation_1test_v1
4006C4,validation,67,1,104,expanded_post3day_v2,sorted_icao_repeating_3train_1validation_1test_v1
400771,test,16,1,105,expanded_post3day_v2,sorted_icao_repeating_3train_1validation_1test_v1
400772,train,88,1,106,expanded_post3day_v2,sorted_icao_repeating_3train_1validation_1test_v1
400773,train,28,1,107,expanded_post3day_v2,sorted_icao_repeating_3train_1validation_1test_v1
400776,train,41,2,108,expanded_post3day_v2,sorted_icao_repeating_3train_1validation_1test_v1
4007F1,validation,84,1,109,expanded_post3day_v2,sorted_icao_repeating_3train_1validation_1test_v1
405BFC,test,6,1,110,expanded_post3day_v2,sorted_icao_repeating_3train_1validation_1test_v1
40621B,train,3,1,111,expanded_post3day_v2,sorted_icao_repeating_3train_1validation_1test_v1
4063E6,train,10,1,112,expanded_post3day_v2,sorted_icao_repeating_3train_1validation_1test_v1
40641D,train,188,1,113,expanded_post3day_v2,sorted_icao_repeating_3train_1validation_1test_v1
406590,validation,129,1,114,expanded_post3day_v2,sorted_icao_repeating_3train_1validation_1test_v1
406591,test,18,1,115,expanded_post3day_v2,sorted_icao_repeating_3train_1validation_1test_v1
4065DE,train,18,1,116,expanded_post3day_v2,sorted_icao_repeating_3train_1validation_1test_v1
406832,train,194,3,117,expanded_post3day_v2,sorted_icao_repeating_3train_1validation_1test_v1
40688E,train,171,1,118,expanded_post3day_v2,sorted_icao_repeating_3train_1validation_1test_v1
406948,validation,17,1,119,expanded_post3day_v2,sorted_icao_repeating_3train_1validation_1test_v1
406A34,test,9,1,120,expanded_post3day_v2,sorted_icao_repeating_3train_1validation_1test_v1
406A35,train,1,1,121,expanded_post3day_v2,sorted_icao_repeating_3train_1validation_1test_v1
406C3B,train,75,1,122,expanded_post3day_v2,sorted_icao_repeating_3train_1validation_1test_v1
406D70,train,33,1,123,expanded_post3day_v2,sorted_icao_repeating_3train_1validation_1test_v1
406D7B,validation,91,1,124,expanded_post3day_v2,sorted_icao_repeating_3train_1validation_1test_v1
406E0F,test,12,1,125,expanded_post3day_v2,sorted_icao_repeating_3train_1validation_1test_v1
406E11,train,1,1,126,expanded_post3day_v2,sorted_icao_repeating_3train_1validation_1test_v1
4073CE,train,6,1,127,expanded_post3day_v2,sorted_icao_repeating_3train_1validation_1test_v1
40742E,train,104,1,128,expanded_post3day_v2,sorted_icao_repeating_3train_1validation_1test_v1
40749A,validation,151,1,129,expanded_post3day_v2,sorted_icao_repeating_3train_1validation_1test_v1
4075B4,test,146,2,130,expanded_post3day_v2,sorted_icao_repeating_3train_1validation_1test_v1
4075C1,train,83,1,131,expanded_post3day_v2,sorted_icao_repeating_3train_1validation_1test_v1
407698,train,111,3,132,expanded_post3day_v2,sorted_icao_repeating_3train_1validation_1test_v1
4077D3,train,39,2,133,expanded_post3day_v2,sorted_icao_repeating_3train_1validation_1test_v1
4078DD,validation,2,1,134,expanded_post3day_v2,sorted_icao_repeating_3train_1validation_1test_v1
4078DE,test,41,2,135,expanded_post3day_v2,sorted_icao_repeating_3train_1validation_1test_v1
40797C,train,102,1,136,expanded_post3day_v2,sorted_icao_repeating_3train_1validation_1test_v1
407992,train,64,2,137,expanded_post3day_v2,sorted_icao_repeating_3train_1validation_1test_v1
407993,train,42,1,138,expanded_post3day_v2,sorted_icao_repeating_3train_1validation_1test_v1
4079CC,validation,18,1,139,expanded_post3day_v2,sorted_icao_repeating_3train_1validation_1test_v1
4079CD,test,61,1,140,expanded_post3day_v2,sorted_icao_repeating_3train_1validation_1test_v1
407CD2,train,120,1,141,expanded_post3day_v2,sorted_icao_repeating_3train_1validation_1test_v1
407DA5,train,123,1,142,expanded_post3day_v2,sorted_icao_repeating_3train_1validation_1test_v1
407E21,train,1,1,143,expanded_post3day_v2,sorted_icao_repeating_3train_1validation_1test_v1
407EA1,validation,101,1,144,expanded_post3day_v2,sorted_icao_repeating_3train_1validation_1test_v1
407ED8,test,165,2,145,expanded_post3day_v2,sorted_icao_repeating_3train_1validation_1test_v1
408016,train,236,1,146,expanded_post3day_v2,sorted_icao_repeating_3train_1validation_1test_v1
4080A2,train,44,1,147,expanded_post3day_v2,sorted_icao_repeating_3train_1validation_1test_v1
4080BB,train,127,3,148,expanded_post3day_v2,sorted_icao_repeating_3train_1validation_1test_v1
408121,validation,238,2,149,expanded_post3day_v2,sorted_icao_repeating_3train_1validation_1test_v1
42450D,test,1,1,150,expanded_post3day_v2,sorted_icao_repeating_3train_1validation_1test_v1
424B9B,train,64,1,151,expanded_post3day_v2,sorted_icao_repeating_3train_1validation_1test_v1
424C87,train,1,1,152,expanded_post3day_v2,sorted_icao_repeating_3train_1validation_1test_v1
43BEA5,train,225,1,153,expanded_post3day_v2,sorted_icao_repeating_3train_1validation_1test_v1
44001E,validation,52,1,154,expanded_post3day_v2,sorted_icao_repeating_3train_1validation_1test_v1
44003B,test,39,1,155,expanded_post3day_v2,sorted_icao_repeating_3train_1validation_1test_v1
44003F,train,188,1,156,expanded_post3day_v2,sorted_icao_repeating_3train_1validation_1test_v1
44019A,train,198,1,157,expanded_post3day_v2,sorted_icao_repeating_3train_1validation_1test_v1
440251,train,270,1,158,expanded_post3day_v2,sorted_icao_repeating_3train_1validation_1test_v1
44046E,validation,125,1,159,expanded_post3day_v2,sorted_icao_repeating_3train_1validation_1test_v1
44B028,test,154,1,160,expanded_post3day_v2,sorted_icao_repeating_3train_1validation_1test_v1
44B0B4,train,55,1,161,expanded_post3day_v2,sorted_icao_repeating_3train_1validation_1test_v1
44CCD0,train,79,1,162,expanded_post3day_v2,sorted_icao_repeating_3train_1validation_1test_v1
44CCD1,train,126,3,163,expanded_post3day_v2,sorted_icao_repeating_3train_1validation_1test_v1
461F08,validation,164,2,164,expanded_post3day_v2,sorted_icao_repeating_3train_1validation_1test_v1
461F09,test,127,1,165,expanded_post3day_v2,sorted_icao_repeating_3train_1validation_1test_v1
461F0C,train,41,1,166,expanded_post3day_v2,sorted_icao_repeating_3train_1validation_1test_v1
478854,train,23,1,167,expanded_post3day_v2,sorted_icao_repeating_3train_1validation_1test_v1
478F43,train,280,2,168,expanded_post3day_v2,sorted_icao_repeating_3train_1validation_1test_v1
478F5C,validation,63,1,169,expanded_post3day_v2,sorted_icao_repeating_3train_1validation_1test_v1
47AE38,test,112,2,170,expanded_post3day_v2,sorted_icao_repeating_3train_1validation_1test_v1
47C1C2,train,196,2,171,expanded_post3day_v2,sorted_icao_repeating_3train_1validation_1test_v1
48436C,train,74,1,172,expanded_post3day_v2,sorted_icao_repeating_3train_1validation_1test_v1
485000,train,36,1,173,expanded_post3day_v2,sorted_icao_repeating_3train_1validation_1test_v1
4851B0,validation,54,1,174,expanded_post3day_v2,sorted_icao_repeating_3train_1validation_1test_v1
485344,test,46,1,175,expanded_post3day_v2,sorted_icao_repeating_3train_1validation_1test_v1
485B44,train,25,1,176,expanded_post3day_v2,sorted_icao_repeating_3train_1validation_1test_v1
485E2D,train,229,2,177,expanded_post3day_v2,sorted_icao_repeating_3train_1validation_1test_v1
485E2E,train,38,1,178,expanded_post3day_v2,sorted_icao_repeating_3train_1validation_1test_v1
486072,validation,107,1,179,expanded_post3day_v2,sorted_icao_repeating_3train_1validation_1test_v1
48AE06,test,66,1,180,expanded_post3day_v2,sorted_icao_repeating_3train_1validation_1test_v1
48AE24,train,7,1,181,expanded_post3day_v2,sorted_icao_repeating_3train_1validation_1test_v1
490D83,train,251,1,182,expanded_post3day_v2,sorted_icao_repeating_3train_1validation_1test_v1
4932D3,train,55,1,183,expanded_post3day_v2,sorted_icao_repeating_3train_1validation_1test_v1
4951EF,validation,185,4,184,expanded_post3day_v2,sorted_icao_repeating_3train_1validation_1test_v1
4951F0,test,283,2,185,expanded_post3day_v2,sorted_icao_repeating_3train_1validation_1test_v1
495266,train,109,1,186,expanded_post3day_v2,sorted_icao_repeating_3train_1validation_1test_v1
495268,train,178,2,187,expanded_post3day_v2,sorted_icao_repeating_3train_1validation_1test_v1
4952A9,train,184,1,188,expanded_post3day_v2,sorted_icao_repeating_3train_1validation_1test_v1
4952AB,validation,4,1,189,expanded_post3day_v2,sorted_icao_repeating_3train_1validation_1test_v1
4952AF,test,82,1,190,expanded_post3day_v2,sorted_icao_repeating_3train_1validation_1test_v1
495302,train,108,1,191,expanded_post3day_v2,sorted_icao_repeating_3train_1validation_1test_v1
495303,train,296,1,192,expanded_post3day_v2,sorted_icao_repeating_3train_1validation_1test_v1
495305,train,125,1,193,expanded_post3day_v2,sorted_icao_repeating_3train_1validation_1test_v1
495307,validation,489,3,194,expanded_post3day_v2,sorted_icao_repeating_3train_1validation_1test_v1
49530A,test,164,2,195,expanded_post3day_v2,sorted_icao_repeating_3train_1validation_1test_v1
49530B,train,241,1,196,expanded_post3day_v2,sorted_icao_repeating_3train_1validation_1test_v1
49530C,train,38,1,197,expanded_post3day_v2,sorted_icao_repeating_3train_1validation_1test_v1
49530D,train,260,2,198,expanded_post3day_v2,sorted_icao_repeating_3train_1validation_1test_v1
4A2D24,validation,159,1,199,expanded_post3day_v2,sorted_icao_repeating_3train_1validation_1test_v1
4A91AF,test,41,1,200,expanded_post3day_v2,sorted_icao_repeating_3train_1validation_1test_v1
4A91B3,train,120,2,201,expanded_post3day_v2,sorted_icao_repeating_3train_1validation_1test_v1
4ACA68,train,175,1,202,expanded_post3day_v2,sorted_icao_repeating_3train_1validation_1test_v1
4B187A,train,41,1,203,expanded_post3day_v2,sorted_icao_repeating_3train_1validation_1test_v1
4B187D,validation,232,1,204,expanded_post3day_v2,sorted_icao_repeating_3train_1validation_1test_v1
4B1880,test,142,2,205,expanded_post3day_v2,sorted_icao_repeating_3train_1validation_1test_v1
4B1884,train,419,2,206,expanded_post3day_v2,sorted_icao_repeating_3train_1validation_1test_v1
4B1885,train,12,1,207,expanded_post3day_v2,sorted_icao_repeating_3train_1validation_1test_v1
4B1900,train,125,1,208,expanded_post3day_v2,sorted_icao_repeating_3train_1validation_1test_v1
4BA945,validation,53,1,209,expanded_post3day_v2,sorted_icao_repeating_3train_1validation_1test_v1
4BA949,test,70,1,210,expanded_post3day_v2,sorted_icao_repeating_3train_1validation_1test_v1
4BB0E9,train,374,2,211,expanded_post3day_v2,sorted_icao_repeating_3train_1validation_1test_v1
4BB105,train,17,1,212,expanded_post3day_v2,sorted_icao_repeating_3train_1validation_1test_v1
4BB143,train,2,1,213,expanded_post3day_v2,sorted_icao_repeating_3train_1validation_1test_v1
4BB144,validation,447,4,214,expanded_post3day_v2,sorted_icao_repeating_3train_1validation_1test_v1
4BB148,test,154,1,215,expanded_post3day_v2,sorted_icao_repeating_3train_1validation_1test_v1
4BB181,train,54,1,216,expanded_post3day_v2,sorted_icao_repeating_3train_1validation_1test_v1
4BB184,train,240,2,217,expanded_post3day_v2,sorted_icao_repeating_3train_1validation_1test_v1
4BB18B,train,43,1,218,expanded_post3day_v2,sorted_icao_repeating_3train_1validation_1test_v1
4BB470,validation,61,1,219,expanded_post3day_v2,sorted_icao_repeating_3train_1validation_1test_v1
4C0223,test,240,1,220,expanded_post3day_v2,sorted_icao_repeating_3train_1validation_1test_v1
4C0224,train,11,1,221,expanded_post3day_v2,sorted_icao_repeating_3train_1validation_1test_v1
4CA5C7,train,235,1,222,expanded_post3day_v2,sorted_icao_repeating_3train_1validation_1test_v1
4CA614,train,165,2,223,expanded_post3day_v2,sorted_icao_repeating_3train_1validation_1test_v1
4CA615,validation,51,1,224,expanded_post3day_v2,sorted_icao_repeating_3train_1validation_1test_v1
4CA74E,test,25,1,225,expanded_post3day_v2,sorted_icao_repeating_3train_1validation_1test_v1
4CA842,train,282,2,226,expanded_post3day_v2,sorted_icao_repeating_3train_1validation_1test_v1
4CA9BA,train,343,2,227,expanded_post3day_v2,sorted_icao_repeating_3train_1validation_1test_v1
4CA9BC,train,80,1,228,expanded_post3day_v2,sorted_icao_repeating_3train_1validation_1test_v1
4CA9CB,validation,410,1,229,expanded_post3day_v2,sorted_icao_repeating_3train_1validation_1test_v1
4CAA6D,test,122,1,230,expanded_post3day_v2,sorted_icao_repeating_3train_1validation_1test_v1
4CAAF1,train,343,2,231,expanded_post3day_v2,sorted_icao_repeating_3train_1validation_1test_v1
4CABD1,train,220,2,232,expanded_post3day_v2,sorted_icao_repeating_3train_1validation_1test_v1
4CABD2,train,135,2,233,expanded_post3day_v2,sorted_icao_repeating_3train_1validation_1test_v1
4CABD3,validation,13,1,234,expanded_post3day_v2,sorted_icao_repeating_3train_1validation_1test_v1
4CABD4,test,323,3,235,expanded_post3day_v2,sorted_icao_repeating_3train_1validation_1test_v1
4CADC7,train,198,1,236,expanded_post3day_v2,sorted_icao_repeating_3train_1validation_1test_v1
4CADFA,train,159,1,237,expanded_post3day_v2,sorted_icao_repeating_3train_1validation_1test_v1
4CAE29,train,497,2,238,expanded_post3day_v2,sorted_icao_repeating_3train_1validation_1test_v1
4CAE33,validation,50,1,239,expanded_post3day_v2,sorted_icao_repeating_3train_1validation_1test_v1
4CAE34,test,211,2,240,expanded_post3day_v2,sorted_icao_repeating_3train_1validation_1test_v1
4CAE35,train,111,2,241,expanded_post3day_v2,sorted_icao_repeating_3train_1validation_1test_v1
4CAEB8,train,326,2,242,expanded_post3day_v2,sorted_icao_repeating_3train_1validation_1test_v1
4CAFFB,train,111,1,243,expanded_post3day_v2,sorted_icao_repeating_3train_1validation_1test_v1
4CC4A9,validation,65,1,244,expanded_post3day_v2,sorted_icao_repeating_3train_1validation_1test_v1
4CC50F,test,138,2,245,expanded_post3day_v2,sorted_icao_repeating_3train_1validation_1test_v1
4CC547,train,352,1,246,expanded_post3day_v2,sorted_icao_repeating_3train_1validation_1test_v1
4CC548,train,81,1,247,expanded_post3day_v2,sorted_icao_repeating_3train_1validation_1test_v1
4CC570,train,168,1,248,expanded_post3day_v2,sorted_icao_repeating_3train_1validation_1test_v1
4CC573,validation,89,1,249,expanded_post3day_v2,sorted_icao_repeating_3train_1validation_1test_v1
4CC586,test,192,1,250,expanded_post3day_v2,sorted_icao_repeating_3train_1validation_1test_v1
4CC587,train,813,2,251,expanded_post3day_v2,sorted_icao_repeating_3train_1validation_1test_v1
4D0102,train,10,1,252,expanded_post3day_v2,sorted_icao_repeating_3train_1validation_1test_v1
4D23B7,train,165,1,253,expanded_post3day_v2,sorted_icao_repeating_3train_1validation_1test_v1
4D24A9,validation,64,1,254,expanded_post3day_v2,sorted_icao_repeating_3train_1validation_1test_v1
502D81,test,277,1,255,expanded_post3day_v2,sorted_icao_repeating_3train_1validation_1test_v1
507C59,train,40,1,256,expanded_post3day_v2,sorted_icao_repeating_3train_1validation_1test_v1
710110,train,106,1,257,expanded_post3day_v2,sorted_icao_repeating_3train_1validation_1test_v1
710111,train,1,1,258,expanded_post3day_v2,sorted_icao_repeating_3train_1validation_1test_v1
710119,validation,11,1,259,expanded_post3day_v2,sorted_icao_repeating_3train_1validation_1test_v1
7103D8,test,222,3,260,expanded_post3day_v2,sorted_icao_repeating_3train_1validation_1test_v1
71C046,train,255,1,261,expanded_post3day_v2,sorted_icao_repeating_3train_1validation_1test_v1
71C076,train,110,1,262,expanded_post3day_v2,sorted_icao_repeating_3train_1validation_1test_v1
71C208,train,22,1,263,expanded_post3day_v2,sorted_icao_repeating_3train_1validation_1test_v1
71C217,validation,9,1,264,expanded_post3day_v2,sorted_icao_repeating_3train_1validation_1test_v1
71C250,test,13,1,265,expanded_post3day_v2,sorted_icao_repeating_3train_1validation_1test_v1
71C275,train,115,1,266,expanded_post3day_v2,sorted_icao_repeating_3train_1validation_1test_v1
738072,train,5,1,267,expanded_post3day_v2,sorted_icao_repeating_3train_1validation_1test_v1
738075,train,1,1,268,expanded_post3day_v2,sorted_icao_repeating_3train_1validation_1test_v1
7380C1,validation,37,2,269,expanded_post3day_v2,sorted_icao_repeating_3train_1validation_1test_v1
7380C2,test,95,1,270,expanded_post3day_v2,sorted_icao_repeating_3train_1validation_1test_v1
7380C3,train,14,1,271,expanded_post3day_v2,sorted_icao_repeating_3train_1validation_1test_v1
7380C6,train,60,1,272,expanded_post3day_v2,sorted_icao_repeating_3train_1validation_1test_v1
7380C7,train,22,1,273,expanded_post3day_v2,sorted_icao_repeating_3train_1validation_1test_v1
7380C8,validation,84,2,274,expanded_post3day_v2,sorted_icao_repeating_3train_1validation_1test_v1
7380CA,test,57,1,275,expanded_post3day_v2,sorted_icao_repeating_3train_1validation_1test_v1
7380CB,train,154,1,276,expanded_post3day_v2,sorted_icao_repeating_3train_1validation_1test_v1
738103,train,22,1,277,expanded_post3day_v2,sorted_icao_repeating_3train_1validation_1test_v1
738C0C,train,17,1,278,expanded_post3day_v2,sorted_icao_repeating_3train_1validation_1test_v1
740821,validation,16,1,279,expanded_post3day_v2,sorted_icao_repeating_3train_1validation_1test_v1
740826,test,14,1,280,expanded_post3day_v2,sorted_icao_repeating_3train_1validation_1test_v1
76CCE2,train,87,1,281,expanded_post3day_v2,sorted_icao_repeating_3train_1validation_1test_v1
76CCE6,train,1,1,282,expanded_post3day_v2,sorted_icao_repeating_3train_1validation_1test_v1
76CCE7,train,84,1,283,expanded_post3day_v2,sorted_icao_repeating_3train_1validation_1test_v1
76CEEF,validation,80,1,284,expanded_post3day_v2,sorted_icao_repeating_3train_1validation_1test_v1
76CEF3,test,25,1,285,expanded_post3day_v2,sorted_icao_repeating_3train_1validation_1test_v1
780D3C,train,64,1,286,expanded_post3day_v2,sorted_icao_repeating_3train_1validation_1test_v1
780FF1,train,3,1,287,expanded_post3day_v2,sorted_icao_repeating_3train_1validation_1test_v1
789216,train,340,2,288,expanded_post3day_v2,sorted_icao_repeating_3train_1validation_1test_v1
789219,validation,23,1,289,expanded_post3day_v2,sorted_icao_repeating_3train_1validation_1test_v1
789246,test,247,1,290,expanded_post3day_v2,sorted_icao_repeating_3train_1validation_1test_v1
8015A7,train,184,1,291,expanded_post3day_v2,sorted_icao_repeating_3train_1validation_1test_v1
8015A8,train,60,1,292,expanded_post3day_v2,sorted_icao_repeating_3train_1validation_1test_v1
8015F7,train,417,3,293,expanded_post3day_v2,sorted_icao_repeating_3train_1validation_1test_v1
801665,validation,210,2,294,expanded_post3day_v2,sorted_icao_repeating_3train_1validation_1test_v1
86E40E,test,271,2,295,expanded_post3day_v2,sorted_icao_repeating_3train_1validation_1test_v1
8940A1,train,21,1,296,expanded_post3day_v2,sorted_icao_repeating_3train_1validation_1test_v1
896169,train,100,1,297,expanded_post3day_v2,sorted_icao_repeating_3train_1validation_1test_v1
896174,train,100,1,298,expanded_post3day_v2,sorted_icao_repeating_3train_1validation_1test_v1
896194,validation,55,1,299,expanded_post3day_v2,sorted_icao_repeating_3train_1validation_1test_v1
8963F2,test,101,1,300,expanded_post3day_v2,sorted_icao_repeating_3train_1validation_1test_v1
89644C,train,103,1,301,expanded_post3day_v2,sorted_icao_repeating_3train_1validation_1test_v1
896450,train,8,1,302,expanded_post3day_v2,sorted_icao_repeating_3train_1validation_1test_v1
896451,train,6,1,303,expanded_post3day_v2,sorted_icao_repeating_3train_1validation_1test_v1
896455,validation,95,2,304,expanded_post3day_v2,sorted_icao_repeating_3train_1validation_1test_v1
896457,test,160,1,305,expanded_post3day_v2,sorted_icao_repeating_3train_1validation_1test_v1
89647D,train,15,1,306,expanded_post3day_v2,sorted_icao_repeating_3train_1validation_1test_v1
8964BB,train,19,1,307,expanded_post3day_v2,sorted_icao_repeating_3train_1validation_1test_v1
896523,train,69,1,308,expanded_post3day_v2,sorted_icao_repeating_3train_1validation_1test_v1
896536,validation,1,1,309,expanded_post3day_v2,sorted_icao_repeating_3train_1validation_1test_v1
89655E,test,225,1,310,expanded_post3day_v2,sorted_icao_repeating_3train_1validation_1test_v1
89655F,train,181,1,311,expanded_post3day_v2,sorted_icao_repeating_3train_1validation_1test_v1
8966CF,train,111,2,312,expanded_post3day_v2,sorted_icao_repeating_3train_1validation_1test_v1
8966D0,train,79,1,313,expanded_post3day_v2,sorted_icao_repeating_3train_1validation_1test_v1
8966D4,validation,30,1,314,expanded_post3day_v2,sorted_icao_repeating_3train_1validation_1test_v1
89672F,test,110,2,315,expanded_post3day_v2,sorted_icao_repeating_3train_1validation_1test_v1
A000B8,train,97,1,316,expanded_post3day_v2,sorted_icao_repeating_3train_1validation_1test_v1
A0015D,train,54,1,317,expanded_post3day_v2,sorted_icao_repeating_3train_1validation_1test_v1
A009A4,train,94,1,318,expanded_post3day_v2,sorted_icao_repeating_3train_1validation_1test_v1
A00A68,validation,342,1,319,expanded_post3day_v2,sorted_icao_repeating_3train_1validation_1test_v1
A00C5C,test,14,1,320,expanded_post3day_v2,sorted_icao_repeating_3train_1validation_1test_v1
A00CE0,train,241,5,321,expanded_post3day_v2,sorted_icao_repeating_3train_1validation_1test_v1
A00D5B,train,126,2,322,expanded_post3day_v2,sorted_icao_repeating_3train_1validation_1test_v1
A0144E,train,728,3,323,expanded_post3day_v2,sorted_icao_repeating_3train_1validation_1test_v1
A014FF,validation,234,1,324,expanded_post3day_v2,sorted_icao_repeating_3train_1validation_1test_v1
A01805,test,317,1,325,expanded_post3day_v2,sorted_icao_repeating_3train_1validation_1test_v1
A01BBC,train,429,4,326,expanded_post3day_v2,sorted_icao_repeating_3train_1validation_1test_v1
A01CBC,train,168,2,327,expanded_post3day_v2,sorted_icao_repeating_3train_1validation_1test_v1
A01FC1,train,1,1,328,expanded_post3day_v2,sorted_icao_repeating_3train_1validation_1test_v1
A022C4,validation,6,1,329,expanded_post3day_v2,sorted_icao_repeating_3train_1validation_1test_v1
A0232A,test,495,2,330,expanded_post3day_v2,sorted_icao_repeating_3train_1validation_1test_v1
A0275C,train,84,1,331,expanded_post3day_v2,sorted_icao_repeating_3train_1validation_1test_v1
A03397,train,498,1,332,expanded_post3day_v2,sorted_icao_repeating_3train_1validation_1test_v1
A03816,train,300,1,333,expanded_post3day_v2,sorted_icao_repeating_3train_1validation_1test_v1
A038E6,validation,5,1,334,expanded_post3day_v2,sorted_icao_repeating_3train_1validation_1test_v1
A03BCD,test,442,4,335,expanded_post3day_v2,sorted_icao_repeating_3train_1validation_1test_v1
A03C81,train,8,1,336,expanded_post3day_v2,sorted_icao_repeating_3train_1validation_1test_v1
A03F84,train,528,3,337,expanded_post3day_v2,sorted_icao_repeating_3train_1validation_1test_v1
A03FD0,train,57,2,338,expanded_post3day_v2,sorted_icao_repeating_3train_1validation_1test_v1
A0428A,validation,10,1,339,expanded_post3day_v2,sorted_icao_repeating_3train_1validation_1test_v1
A042D5,test,279,2,340,expanded_post3day_v2,sorted_icao_repeating_3train_1validation_1test_v1
A0433B,train,509,2,341,expanded_post3day_v2,sorted_icao_repeating_3train_1validation_1test_v1
A0443B,train,111,1,342,expanded_post3day_v2,sorted_icao_repeating_3train_1validation_1test_v1
A0452E,train,134,1,343,expanded_post3day_v2,sorted_icao_repeating_3train_1validation_1test_v1
A04695,validation,1,1,344,expanded_post3day_v2,sorted_icao_repeating_3train_1validation_1test_v1
A04AA9,test,1555,10,345,expanded_post3day_v2,sorted_icao_repeating_3train_1validation_1test_v1
A0519B,train,257,1,346,expanded_post3day_v2,sorted_icao_repeating_3train_1validation_1test_v1
A0540A,train,193,1,347,expanded_post3day_v2,sorted_icao_repeating_3train_1validation_1test_v1
A0541B,train,384,1,348,expanded_post3day_v2,sorted_icao_repeating_3train_1validation_1test_v1
A05434,validation,127,1,349,expanded_post3day_v2,sorted_icao_repeating_3train_1validation_1test_v1
A05470,test,314,2,350,expanded_post3day_v2,sorted_icao_repeating_3train_1validation_1test_v1
A054FA,train,182,3,351,expanded_post3day_v2,sorted_icao_repeating_3train_1validation_1test_v1
A05582,train,282,2,352,expanded_post3day_v2,sorted_icao_repeating_3train_1validation_1test_v1
A05B78,train,267,1,353,expanded_post3day_v2,sorted_icao_repeating_3train_1validation_1test_v1
A05C9E,validation,121,1,354,expanded_post3day_v2,sorted_icao_repeating_3train_1validation_1test_v1
A05EEB,test,87,1,355,expanded_post3day_v2,sorted_icao_repeating_3train_1validation_1test_v1
A05F37,train,302,2,356,expanded_post3day_v2,sorted_icao_repeating_3train_1validation_1test_v1
A060AE,train,181,1,357,expanded_post3day_v2,sorted_icao_repeating_3train_1validation_1test_v1
A062EF,train,63,1,358,expanded_post3day_v2,sorted_icao_repeating_3train_1validation_1test_v1
A06461,validation,149,1,359,expanded_post3day_v2,sorted_icao_repeating_3train_1validation_1test_v1
A06646,test,270,1,360,expanded_post3day_v2,sorted_icao_repeating_3train_1validation_1test_v1
A06703,train,769,4,361,expanded_post3day_v2,sorted_icao_repeating_3train_1validation_1test_v1
A06A02,train,434,3,362,expanded_post3day_v2,sorted_icao_repeating_3train_1validation_1test_v1
A06ABA,train,179,1,363,expanded_post3day_v2,sorted_icao_repeating_3train_1validation_1test_v1
A06BD3,validation,60,1,364,expanded_post3day_v2,sorted_icao_repeating_3train_1validation_1test_v1
A06E71,test,5,1,365,expanded_post3day_v2,sorted_icao_repeating_3train_1validation_1test_v1
A06F8A,train,199,2,366,expanded_post3day_v2,sorted_icao_repeating_3train_1validation_1test_v1
A07173,train,185,2,367,expanded_post3day_v2,sorted_icao_repeating_3train_1validation_1test_v1
A075DF,train,266,2,368,expanded_post3day_v2,sorted_icao_repeating_3train_1validation_1test_v1
A07BEF,validation,219,1,369,expanded_post3day_v2,sorted_icao_repeating_3train_1validation_1test_v1
A07EEE,test,1035,4,370,expanded_post3day_v2,sorted_icao_repeating_3train_1validation_1test_v1
A07FA6,train,15,1,371,expanded_post3day_v2,sorted_icao_repeating_3train_1validation_1test_v1
A08209,train,335,2,372,expanded_post3day_v2,sorted_icao_repeating_3train_1validation_1test_v1
A0835D,train,250,4,373,expanded_post3day_v2,sorted_icao_repeating_3train_1validation_1test_v1
A08E82,validation,22,1,374,expanded_post3day_v2,sorted_icao_repeating_3train_1validation_1test_v1
A08EFD,test,206,1,375,expanded_post3day_v2,sorted_icao_repeating_3train_1validation_1test_v1
A09188,train,7,1,376,expanded_post3day_v2,sorted_icao_repeating_3train_1validation_1test_v1
A097B4,train,47,1,377,expanded_post3day_v2,sorted_icao_repeating_3train_1validation_1test_v1
A099A7,train,17,1,378,expanded_post3day_v2,sorted_icao_repeating_3train_1validation_1test_v1
A09A58,validation,42,1,379,expanded_post3day_v2,sorted_icao_repeating_3train_1validation_1test_v1
A09D22,test,15,1,380,expanded_post3day_v2,sorted_icao_repeating_3train_1validation_1test_v1
A0A480,train,91,1,381,expanded_post3day_v2,sorted_icao_repeating_3train_1validation_1test_v1
A0A761,train,1482,3,382,expanded_post3day_v2,sorted_icao_repeating_3train_1validation_1test_v1
A0A8DA,train,3,1,383,expanded_post3day_v2,sorted_icao_repeating_3train_1validation_1test_v1
A0A8DE,validation,209,2,384,expanded_post3day_v2,sorted_icao_repeating_3train_1validation_1test_v1
A0A903,test,4,1,385,expanded_post3day_v2,sorted_icao_repeating_3train_1validation_1test_v1
A0AA2B,train,540,1,386,expanded_post3day_v2,sorted_icao_repeating_3train_1validation_1test_v1
A0ACB6,train,72,1,387,expanded_post3day_v2,sorted_icao_repeating_3train_1validation_1test_v1
A0AD1D,train,79,1,388,expanded_post3day_v2,sorted_icao_repeating_3train_1validation_1test_v1
A0B674,validation,123,4,389,expanded_post3day_v2,sorted_icao_repeating_3train_1validation_1test_v1
A0B7B6,test,541,2,390,expanded_post3day_v2,sorted_icao_repeating_3train_1validation_1test_v1
A0B7B7,train,116,1,391,expanded_post3day_v2,sorted_icao_repeating_3train_1validation_1test_v1
A0B7BD,train,514,1,392,expanded_post3day_v2,sorted_icao_repeating_3train_1validation_1test_v1
A0B7FA,train,543,1,393,expanded_post3day_v2,sorted_icao_repeating_3train_1validation_1test_v1
A0B802,validation,528,2,394,expanded_post3day_v2,sorted_icao_repeating_3train_1validation_1test_v1
A0B866,test,462,1,395,expanded_post3day_v2,sorted_icao_repeating_3train_1validation_1test_v1
A0B867,train,40,1,396,expanded_post3day_v2,sorted_icao_repeating_3train_1validation_1test_v1
A0B86C,train,71,1,397,expanded_post3day_v2,sorted_icao_repeating_3train_1validation_1test_v1
A0B88B,train,205,1,398,expanded_post3day_v2,sorted_icao_repeating_3train_1validation_1test_v1
A0B88D,validation,277,1,399,expanded_post3day_v2,sorted_icao_repeating_3train_1validation_1test_v1
A0B88F,test,507,1,400,expanded_post3day_v2,sorted_icao_repeating_3train_1validation_1test_v1
A0B8AF,train,1068,4,401,expanded_post3day_v2,sorted_icao_repeating_3train_1validation_1test_v1
A0BCB7,train,80,1,402,expanded_post3day_v2,sorted_icao_repeating_3train_1validation_1test_v1
A0C42C,train,487,1,403,expanded_post3day_v2,sorted_icao_repeating_3train_1validation_1test_v1
A0C454,validation,19,1,404,expanded_post3day_v2,sorted_icao_repeating_3train_1validation_1test_v1
A0DDE9,test,196,1,405,expanded_post3day_v2,sorted_icao_repeating_3train_1validation_1test_v1
A0E20B,train,452,1,406,expanded_post3day_v2,sorted_icao_repeating_3train_1validation_1test_v1
A0E276,train,16,1,407,expanded_post3day_v2,sorted_icao_repeating_3train_1validation_1test_v1
A0E30F,train,485,1,408,expanded_post3day_v2,sorted_icao_repeating_3train_1validation_1test_v1
A0E431,validation,381,1,409,expanded_post3day_v2,sorted_icao_repeating_3train_1validation_1test_v1
A0E751,test,375,1,410,expanded_post3day_v2,sorted_icao_repeating_3train_1validation_1test_v1
A0E7E6,train,56,1,411,expanded_post3day_v2,sorted_icao_repeating_3train_1validation_1test_v1
A0E8AF,train,909,2,412,expanded_post3day_v2,sorted_icao_repeating_3train_1validation_1test_v1
A0F428,train,278,1,413,expanded_post3day_v2,sorted_icao_repeating_3train_1validation_1test_v1
A0F46F,validation,23,1,414,expanded_post3day_v2,sorted_icao_repeating_3train_1validation_1test_v1
A0F4A2,test,74,2,415,expanded_post3day_v2,sorted_icao_repeating_3train_1validation_1test_v1
A0F4B5,train,1,1,416,expanded_post3day_v2,sorted_icao_repeating_3train_1validation_1test_v1
A0F4F6,train,268,1,417,expanded_post3day_v2,sorted_icao_repeating_3train_1validation_1test_v1
A0F566,train,418,1,418,expanded_post3day_v2,sorted_icao_repeating_3train_1validation_1test_v1
A0F7F0,validation,260,2,419,expanded_post3day_v2,sorted_icao_repeating_3train_1validation_1test_v1
A0F8F1,test,120,1,420,expanded_post3day_v2,sorted_icao_repeating_3train_1validation_1test_v1
A0FC0A,train,320,1,421,expanded_post3day_v2,sorted_icao_repeating_3train_1validation_1test_v1
A0FEA3,train,198,1,422,expanded_post3day_v2,sorted_icao_repeating_3train_1validation_1test_v1
A118E0,train,185,1,423,expanded_post3day_v2,sorted_icao_repeating_3train_1validation_1test_v1
A11AFD,validation,30,1,424,expanded_post3day_v2,sorted_icao_repeating_3train_1validation_1test_v1
A11BA0,test,73,1,425,expanded_post3day_v2,sorted_icao_repeating_3train_1validation_1test_v1
A11F5A,train,247,2,426,expanded_post3day_v2,sorted_icao_repeating_3train_1validation_1test_v1
A11FA3,train,356,2,427,expanded_post3day_v2,sorted_icao_repeating_3train_1validation_1test_v1
A11FC7,train,78,1,428,expanded_post3day_v2,sorted_icao_repeating_3train_1validation_1test_v1
A120F7,validation,258,2,429,expanded_post3day_v2,sorted_icao_repeating_3train_1validation_1test_v1
A12403,test,243,1,430,expanded_post3day_v2,sorted_icao_repeating_3train_1validation_1test_v1
A1244B,train,202,1,431,expanded_post3day_v2,sorted_icao_repeating_3train_1validation_1test_v1
A124B5,train,35,3,432,expanded_post3day_v2,sorted_icao_repeating_3train_1validation_1test_v1
A1270A,train,36,1,433,expanded_post3day_v2,sorted_icao_repeating_3train_1validation_1test_v1
A12758,validation,113,1,434,expanded_post3day_v2,sorted_icao_repeating_3train_1validation_1test_v1
A1286C,test,61,2,435,expanded_post3day_v2,sorted_icao_repeating_3train_1validation_1test_v1
A12A7B,train,362,1,436,expanded_post3day_v2,sorted_icao_repeating_3train_1validation_1test_v1
A12A80,train,411,1,437,expanded_post3day_v2,sorted_icao_repeating_3train_1validation_1test_v1
A12A81,train,108,1,438,expanded_post3day_v2,sorted_icao_repeating_3train_1validation_1test_v1
A12AA1,validation,214,1,439,expanded_post3day_v2,sorted_icao_repeating_3train_1validation_1test_v1
A12AC1,test,410,2,440,expanded_post3day_v2,sorted_icao_repeating_3train_1validation_1test_v1
A12AC8,train,148,1,441,expanded_post3day_v2,sorted_icao_repeating_3train_1validation_1test_v1
A12AE3,train,51,1,442,expanded_post3day_v2,sorted_icao_repeating_3train_1validation_1test_v1
A12AE8,train,1,1,443,expanded_post3day_v2,sorted_icao_repeating_3train_1validation_1test_v1
A12AE9,validation,7,1,444,expanded_post3day_v2,sorted_icao_repeating_3train_1validation_1test_v1
A12B0A,test,849,4,445,expanded_post3day_v2,sorted_icao_repeating_3train_1validation_1test_v1
A12B2B,train,59,1,446,expanded_post3day_v2,sorted_icao_repeating_3train_1validation_1test_v1
A12B2D,train,196,1,447,expanded_post3day_v2,sorted_icao_repeating_3train_1validation_1test_v1
A12B31,train,765,3,448,expanded_post3day_v2,sorted_icao_repeating_3train_1validation_1test_v1
A12B32,validation,75,1,449,expanded_post3day_v2,sorted_icao_repeating_3train_1validation_1test_v1
A12B51,test,88,1,450,expanded_post3day_v2,sorted_icao_repeating_3train_1validation_1test_v1
A12C23,train,29,2,451,expanded_post3day_v2,sorted_icao_repeating_3train_1validation_1test_v1
A12F6D,train,6,1,452,expanded_post3day_v2,sorted_icao_repeating_3train_1validation_1test_v1
A12F70,train,69,1,453,expanded_post3day_v2,sorted_icao_repeating_3train_1validation_1test_v1
A12F72,validation,4,1,454,expanded_post3day_v2,sorted_icao_repeating_3train_1validation_1test_v1
A13386,test,60,1,455,expanded_post3day_v2,sorted_icao_repeating_3train_1validation_1test_v1
A1373D,train,379,1,456,expanded_post3day_v2,sorted_icao_repeating_3train_1validation_1test_v1
A13748,train,5,1,457,expanded_post3day_v2,sorted_icao_repeating_3train_1validation_1test_v1
A14056,train,148,1,458,expanded_post3day_v2,sorted_icao_repeating_3train_1validation_1test_v1
A14104,validation,214,5,459,expanded_post3day_v2,sorted_icao_repeating_3train_1validation_1test_v1
A14185,test,97,1,460,expanded_post3day_v2,sorted_icao_repeating_3train_1validation_1test_v1
A1421B,train,80,1,461,expanded_post3day_v2,sorted_icao_repeating_3train_1validation_1test_v1
A1452B,train,89,1,462,expanded_post3day_v2,sorted_icao_repeating_3train_1validation_1test_v1
A146F9,train,118,1,463,expanded_post3day_v2,sorted_icao_repeating_3train_1validation_1test_v1
A14700,validation,316,3,464,expanded_post3day_v2,sorted_icao_repeating_3train_1validation_1test_v1
A147E4,test,7,1,465,expanded_post3day_v2,sorted_icao_repeating_3train_1validation_1test_v1
A148B9,train,460,3,466,expanded_post3day_v2,sorted_icao_repeating_3train_1validation_1test_v1
A14E50,train,491,2,467,expanded_post3day_v2,sorted_icao_repeating_3train_1validation_1test_v1
A15027,train,147,1,468,expanded_post3day_v2,sorted_icao_repeating_3train_1validation_1test_v1
A1515B,validation,363,1,469,expanded_post3day_v2,sorted_icao_repeating_3train_1validation_1test_v1
A15330,test,296,1,470,expanded_post3day_v2,sorted_icao_repeating_3train_1validation_1test_v1
A1574E,train,218,2,471,expanded_post3day_v2,sorted_icao_repeating_3train_1validation_1test_v1
A15D0A,train,248,1,472,expanded_post3day_v2,sorted_icao_repeating_3train_1validation_1test_v1
A15EBC,train,194,2,473,expanded_post3day_v2,sorted_icao_repeating_3train_1validation_1test_v1
A1620C,validation,7,1,474,expanded_post3day_v2,sorted_icao_repeating_3train_1validation_1test_v1
A16273,test,73,1,475,expanded_post3day_v2,sorted_icao_repeating_3train_1validation_1test_v1
A16883,train,86,2,476,expanded_post3day_v2,sorted_icao_repeating_3train_1validation_1test_v1
A16C3A,train,75,1,477,expanded_post3day_v2,sorted_icao_repeating_3train_1validation_1test_v1
A16EBC,train,233,1,478,expanded_post3day_v2,sorted_icao_repeating_3train_1validation_1test_v1
A16FF1,validation,180,1,479,expanded_post3day_v2,sorted_icao_repeating_3train_1validation_1test_v1
A1728B,test,46,1,480,expanded_post3day_v2,sorted_icao_repeating_3train_1validation_1test_v1
A173A8,train,296,1,481,expanded_post3day_v2,sorted_icao_repeating_3train_1validation_1test_v1
A17B40,train,729,2,482,expanded_post3day_v2,sorted_icao_repeating_3train_1validation_1test_v1
A17EA8,train,222,1,483,expanded_post3day_v2,sorted_icao_repeating_3train_1validation_1test_v1
A17ECD,validation,375,4,484,expanded_post3day_v2,sorted_icao_repeating_3train_1validation_1test_v1
A18284,test,35,1,485,expanded_post3day_v2,sorted_icao_repeating_3train_1validation_1test_v1
A18403,train,9,1,486,expanded_post3day_v2,sorted_icao_repeating_3train_1validation_1test_v1
A18421,train,270,3,487,expanded_post3day_v2,sorted_icao_repeating_3train_1validation_1test_v1
A1863B,train,46,2,488,expanded_post3day_v2,sorted_icao_repeating_3train_1validation_1test_v1
A1884B,validation,53,2,489,expanded_post3day_v2,sorted_icao_repeating_3train_1validation_1test_v1
A1946C,test,620,1,490,expanded_post3day_v2,sorted_icao_repeating_3train_1validation_1test_v1
A195C4,train,62,1,491,expanded_post3day_v2,sorted_icao_repeating_3train_1validation_1test_v1
A19691,train,2,1,492,expanded_post3day_v2,sorted_icao_repeating_3train_1validation_1test_v1
A19A48,train,1619,8,493,expanded_post3day_v2,sorted_icao_repeating_3train_1validation_1test_v1
A19B2F,validation,462,3,494,expanded_post3day_v2,sorted_icao_repeating_3train_1validation_1test_v1
A19DFF,test,1424,7,495,expanded_post3day_v2,sorted_icao_repeating_3train_1validation_1test_v1
A1A110,train,169,1,496,expanded_post3day_v2,sorted_icao_repeating_3train_1validation_1test_v1
A1A117,train,859,2,497,expanded_post3day_v2,sorted_icao_repeating_3train_1validation_1test_v1
A1A1B6,train,37,1,498,expanded_post3day_v2,sorted_icao_repeating_3train_1validation_1test_v1
A1A56D,validation,78,1,499,expanded_post3day_v2,sorted_icao_repeating_3train_1validation_1test_v1
A1A924,test,249,1,500,expanded_post3day_v2,sorted_icao_repeating_3train_1validation_1test_v1
A1AA10,train,89,1,501,expanded_post3day_v2,sorted_icao_repeating_3train_1validation_1test_v1
A1AC1A,train,5,1,502,expanded_post3day_v2,sorted_icao_repeating_3train_1validation_1test_v1
A1ACDB,train,827,3,503,expanded_post3day_v2,sorted_icao_repeating_3train_1validation_1test_v1
A1AE0D,validation,41,1,504,expanded_post3day_v2,sorted_icao_repeating_3train_1validation_1test_v1
A1B247,test,230,2,505,expanded_post3day_v2,sorted_icao_repeating_3train_1validation_1test_v1
A1B449,train,286,2,506,expanded_post3day_v2,sorted_icao_repeating_3train_1validation_1test_v1
A1B8C4,train,75,1,507,expanded_post3day_v2,sorted_icao_repeating_3train_1validation_1test_v1
A1BA59,train,340,3,508,expanded_post3day_v2,sorted_icao_repeating_3train_1validation_1test_v1
A1BAF1,validation,1100,2,509,expanded_post3day_v2,sorted_icao_repeating_3train_1validation_1test_v1
A1BC92,test,71,3,510,expanded_post3day_v2,sorted_icao_repeating_3train_1validation_1test_v1
A1BD6A,train,249,1,511,expanded_post3day_v2,sorted_icao_repeating_3train_1validation_1test_v1
A1BE10,train,278,4,512,expanded_post3day_v2,sorted_icao_repeating_3train_1validation_1test_v1
A1BE79,train,237,1,513,expanded_post3day_v2,sorted_icao_repeating_3train_1validation_1test_v1
A1BF3A,validation,2,1,514,expanded_post3day_v2,sorted_icao_repeating_3train_1validation_1test_v1
A1C08B,test,32,1,515,expanded_post3day_v2,sorted_icao_repeating_3train_1validation_1test_v1
A1C2F1,train,24,1,516,expanded_post3day_v2,sorted_icao_repeating_3train_1validation_1test_v1
A1C7C1,train,317,1,517,expanded_post3day_v2,sorted_icao_repeating_3train_1validation_1test_v1
A1C7E4,train,127,2,518,expanded_post3day_v2,sorted_icao_repeating_3train_1validation_1test_v1
A1C935,validation,871,7,519,expanded_post3day_v2,sorted_icao_repeating_3train_1validation_1test_v1
A1CB05,test,578,4,520,expanded_post3day_v2,sorted_icao_repeating_3train_1validation_1test_v1
A1CCE1,train,588,1,521,expanded_post3day_v2,sorted_icao_repeating_3train_1validation_1test_v1
A1CCEC,train,527,3,522,expanded_post3day_v2,sorted_icao_repeating_3train_1validation_1test_v1
A1CE54,train,754,3,523,expanded_post3day_v2,sorted_icao_repeating_3train_1validation_1test_v1
A1CE99,validation,448,3,524,expanded_post3day_v2,sorted_icao_repeating_3train_1validation_1test_v1
A1CF48,test,765,5,525,expanded_post3day_v2,sorted_icao_repeating_3train_1validation_1test_v1
A1CF6B,train,292,1,526,expanded_post3day_v2,sorted_icao_repeating_3train_1validation_1test_v1
A1CFDC,train,168,3,527,expanded_post3day_v2,sorted_icao_repeating_3train_1validation_1test_v1
A1D18F,train,338,3,528,expanded_post3day_v2,sorted_icao_repeating_3train_1validation_1test_v1
A1D1D0,validation,370,2,529,expanded_post3day_v2,sorted_icao_repeating_3train_1validation_1test_v1
A1D2DC,test,424,2,530,expanded_post3day_v2,sorted_icao_repeating_3train_1validation_1test_v1
A1D368,train,256,2,531,expanded_post3day_v2,sorted_icao_repeating_3train_1validation_1test_v1
A1D3BF,train,523,2,532,expanded_post3day_v2,sorted_icao_repeating_3train_1validation_1test_v1
A1D3D1,train,17,2,533,expanded_post3day_v2,sorted_icao_repeating_3train_1validation_1test_v1
A1D44E,validation,137,2,534,expanded_post3day_v2,sorted_icao_repeating_3train_1validation_1test_v1
A1D45A,test,1306,7,535,expanded_post3day_v2,sorted_icao_repeating_3train_1validation_1test_v1
A1D811,train,102,2,536,expanded_post3day_v2,sorted_icao_repeating_3train_1validation_1test_v1
A1D8FD,train,10,1,537,expanded_post3day_v2,sorted_icao_repeating_3train_1validation_1test_v1
A1D93B,train,135,1,538,expanded_post3day_v2,sorted_icao_repeating_3train_1validation_1test_v1
A1D99B,validation,128,2,539,expanded_post3day_v2,sorted_icao_repeating_3train_1validation_1test_v1
A1DA20,test,126,3,540,expanded_post3day_v2,sorted_icao_repeating_3train_1validation_1test_v1
A1DAB3,train,424,2,541,expanded_post3day_v2,sorted_icao_repeating_3train_1validation_1test_v1
A1DC60,train,171,2,542,expanded_post3day_v2,sorted_icao_repeating_3train_1validation_1test_v1
A1DD2D,train,64,2,543,expanded_post3day_v2,sorted_icao_repeating_3train_1validation_1test_v1
A1DDBB,validation,369,4,544,expanded_post3day_v2,sorted_icao_repeating_3train_1validation_1test_v1
A1DFCF,test,16,1,545,expanded_post3day_v2,sorted_icao_repeating_3train_1validation_1test_v1
A1DFEB,train,48,2,546,expanded_post3day_v2,sorted_icao_repeating_3train_1validation_1test_v1
A1E1D8,train,340,3,547,expanded_post3day_v2,sorted_icao_repeating_3train_1validation_1test_v1
A1E411,train,193,3,548,expanded_post3day_v2,sorted_icao_repeating_3train_1validation_1test_v1
A1E58F,validation,416,3,549,expanded_post3day_v2,sorted_icao_repeating_3train_1validation_1test_v1
A1E946,test,378,2,550,expanded_post3day_v2,sorted_icao_repeating_3train_1validation_1test_v1
A1E99F,train,329,6,551,expanded_post3day_v2,sorted_icao_repeating_3train_1validation_1test_v1
A1EC57,train,266,2,552,expanded_post3day_v2,sorted_icao_repeating_3train_1validation_1test_v1
A1ECB9,train,375,3,553,expanded_post3day_v2,sorted_icao_repeating_3train_1validation_1test_v1
A1ECFD,validation,356,5,554,expanded_post3day_v2,sorted_icao_repeating_3train_1validation_1test_v1
A1F0B4,test,1354,5,555,expanded_post3day_v2,sorted_icao_repeating_3train_1validation_1test_v1
A1F1A0,train,35,1,556,expanded_post3day_v2,sorted_icao_repeating_3train_1validation_1test_v1
A1F46B,train,808,5,557,expanded_post3day_v2,sorted_icao_repeating_3train_1validation_1test_v1
A1F595,train,6,1,558,expanded_post3day_v2,sorted_icao_repeating_3train_1validation_1test_v1
A1F822,validation,84,3,559,expanded_post3day_v2,sorted_icao_repeating_3train_1validation_1test_v1
A1F86C,test,253,1,560,expanded_post3day_v2,sorted_icao_repeating_3train_1validation_1test_v1
A1FB33,train,21,2,561,expanded_post3day_v2,sorted_icao_repeating_3train_1validation_1test_v1
A1FBD9,train,1783,9,562,expanded_post3day_v2,sorted_icao_repeating_3train_1validation_1test_v1
A1FF90,train,512,5,563,expanded_post3day_v2,sorted_icao_repeating_3train_1validation_1test_v1
A2008F,validation,52,1,564,expanded_post3day_v2,sorted_icao_repeating_3train_1validation_1test_v1
A202A1,test,179,1,565,expanded_post3day_v2,sorted_icao_repeating_3train_1validation_1test_v1
A20347,train,1696,8,566,expanded_post3day_v2,sorted_icao_repeating_3train_1validation_1test_v1
A20D0E,train,533,7,567,expanded_post3day_v2,sorted_icao_repeating_3train_1validation_1test_v1
A20DE7,train,11,1,568,expanded_post3day_v2,sorted_icao_repeating_3train_1validation_1test_v1
A211EF,validation,119,1,569,expanded_post3day_v2,sorted_icao_repeating_3train_1validation_1test_v1
A2147C,test,267,2,570,expanded_post3day_v2,sorted_icao_repeating_3train_1validation_1test_v1
A21679,train,3,1,571,expanded_post3day_v2,sorted_icao_repeating_3train_1validation_1test_v1
A21799,train,113,1,572,expanded_post3day_v2,sorted_icao_repeating_3train_1validation_1test_v1
A21833,train,189,4,573,expanded_post3day_v2,sorted_icao_repeating_3train_1validation_1test_v1
A21839,validation,89,1,574,expanded_post3day_v2,sorted_icao_repeating_3train_1validation_1test_v1
A21BA0,test,312,1,575,expanded_post3day_v2,sorted_icao_repeating_3train_1validation_1test_v1
A21BEA,train,262,2,576,expanded_post3day_v2,sorted_icao_repeating_3train_1validation_1test_v1
A21DC4,train,31,1,577,expanded_post3day_v2,sorted_icao_repeating_3train_1validation_1test_v1
A21EFB,train,110,1,578,expanded_post3day_v2,sorted_icao_repeating_3train_1validation_1test_v1
A21FA1,validation,287,2,579,expanded_post3day_v2,sorted_icao_repeating_3train_1validation_1test_v1
A2228B,test,92,1,580,expanded_post3day_v2,sorted_icao_repeating_3train_1validation_1test_v1
A222B2,train,852,4,581,expanded_post3day_v2,sorted_icao_repeating_3train_1validation_1test_v1
A22358,train,555,6,582,expanded_post3day_v2,sorted_icao_repeating_3train_1validation_1test_v1
A22642,train,118,1,583,expanded_post3day_v2,sorted_icao_repeating_3train_1validation_1test_v1
A2270F,validation,701,6,584,expanded_post3day_v2,sorted_icao_repeating_3train_1validation_1test_v1
A22768,test,386,4,585,expanded_post3day_v2,sorted_icao_repeating_3train_1validation_1test_v1
A22900,train,942,2,586,expanded_post3day_v2,sorted_icao_repeating_3train_1validation_1test_v1
A22AC6,train,613,3,587,expanded_post3day_v2,sorted_icao_repeating_3train_1validation_1test_v1
A23030,train,7,1,588,expanded_post3day_v2,sorted_icao_repeating_3train_1validation_1test_v1
A230D6,validation,68,1,589,expanded_post3day_v2,sorted_icao_repeating_3train_1validation_1test_v1
A23138,test,342,1,590,expanded_post3day_v2,sorted_icao_repeating_3train_1validation_1test_v1
A2348D,train,1101,7,591,expanded_post3day_v2,sorted_icao_repeating_3train_1validation_1test_v1
A23844,train,655,4,592,expanded_post3day_v2,sorted_icao_repeating_3train_1validation_1test_v1
A23A7D,train,40,1,593,expanded_post3day_v2,sorted_icao_repeating_3train_1validation_1test_v1
A23ACE,validation,848,1,594,expanded_post3day_v2,sorted_icao_repeating_3train_1validation_1test_v1
A23E5A,test,225,1,595,expanded_post3day_v2,sorted_icao_repeating_3train_1validation_1test_v1
A23ECF,train,1963,8,596,expanded_post3day_v2,sorted_icao_repeating_3train_1validation_1test_v1
A23F0E,train,140,1,597,expanded_post3day_v2,sorted_icao_repeating_3train_1validation_1test_v1
A23FB2,train,310,3,598,expanded_post3day_v2,sorted_icao_repeating_3train_1validation_1test_v1
A2400B,validation,58,1,599,expanded_post3day_v2,sorted_icao_repeating_3train_1validation_1test_v1
A240DC,test,213,1,600,expanded_post3day_v2,sorted_icao_repeating_3train_1validation_1test_v1
A24369,train,856,5,601,expanded_post3day_v2,sorted_icao_repeating_3train_1validation_1test_v1
A243DC,train,8,1,602,expanded_post3day_v2,sorted_icao_repeating_3train_1validation_1test_v1
A2454F,train,8,1,603,expanded_post3day_v2,sorted_icao_repeating_3train_1validation_1test_v1
A2463C,validation,3,1,604,expanded_post3day_v2,sorted_icao_repeating_3train_1validation_1test_v1
A2467A,test,234,2,605,expanded_post3day_v2,sorted_icao_repeating_3train_1validation_1test_v1
A24720,train,622,5,606,expanded_post3day_v2,sorted_icao_repeating_3train_1validation_1test_v1
A24770,train,225,1,607,expanded_post3day_v2,sorted_icao_repeating_3train_1validation_1test_v1
A2477A,train,15,1,608,expanded_post3day_v2,sorted_icao_repeating_3train_1validation_1test_v1
A248F9,validation,57,1,609,expanded_post3day_v2,sorted_icao_repeating_3train_1validation_1test_v1
A24A0A,test,266,1,610,expanded_post3day_v2,sorted_icao_repeating_3train_1validation_1test_v1
A24AA7,train,40,1,611,expanded_post3day_v2,sorted_icao_repeating_3train_1validation_1test_v1
A24DC1,train,185,1,612,expanded_post3day_v2,sorted_icao_repeating_3train_1validation_1test_v1
A24EF7,train,356,1,613,expanded_post3day_v2,sorted_icao_repeating_3train_1validation_1test_v1
A2563F,validation,6,1,614,expanded_post3day_v2,sorted_icao_repeating_3train_1validation_1test_v1
A257E2,test,3,1,615,expanded_post3day_v2,sorted_icao_repeating_3train_1validation_1test_v1
A26025,train,286,2,616,expanded_post3day_v2,sorted_icao_repeating_3train_1validation_1test_v1
A26115,train,641,1,617,expanded_post3day_v2,sorted_icao_repeating_3train_1validation_1test_v1
A262D4,train,3,1,618,expanded_post3day_v2,sorted_icao_repeating_3train_1validation_1test_v1
A2668B,validation,23,1,619,expanded_post3day_v2,sorted_icao_repeating_3train_1validation_1test_v1
A26DFB,test,28,1,620,expanded_post3day_v2,sorted_icao_repeating_3train_1validation_1test_v1
A26EC9,train,61,1,621,expanded_post3day_v2,sorted_icao_repeating_3train_1validation_1test_v1
A26F01,train,562,2,622,expanded_post3day_v2,sorted_icao_repeating_3train_1validation_1test_v1
A26F08,train,468,1,623,expanded_post3day_v2,sorted_icao_repeating_3train_1validation_1test_v1
A26F42,validation,921,3,624,expanded_post3day_v2,sorted_icao_repeating_3train_1validation_1test_v1
A27088,test,705,6,625,expanded_post3day_v2,sorted_icao_repeating_3train_1validation_1test_v1
A271D5,train,30,1,626,expanded_post3day_v2,sorted_icao_repeating_3train_1validation_1test_v1
A272BF,train,474,2,627,expanded_post3day_v2,sorted_icao_repeating_3train_1validation_1test_v1
A2733D,train,92,2,628,expanded_post3day_v2,sorted_icao_repeating_3train_1validation_1test_v1
A27406,validation,740,2,629,expanded_post3day_v2,sorted_icao_repeating_3train_1validation_1test_v1
A27A26,test,62,1,630,expanded_post3day_v2,sorted_icao_repeating_3train_1validation_1test_v1
A282E5,train,412,1,631,expanded_post3day_v2,sorted_icao_repeating_3train_1validation_1test_v1
A28434,train,191,2,632,expanded_post3day_v2,sorted_icao_repeating_3train_1validation_1test_v1
A28545,train,39,1,633,expanded_post3day_v2,sorted_icao_repeating_3train_1validation_1test_v1
A28A2C,validation,411,2,634,expanded_post3day_v2,sorted_icao_repeating_3train_1validation_1test_v1
A28AB5,test,61,1,635,expanded_post3day_v2,sorted_icao_repeating_3train_1validation_1test_v1
A28B52,train,1409,7,636,expanded_post3day_v2,sorted_icao_repeating_3train_1validation_1test_v1
A28E0B,train,25,1,637,expanded_post3day_v2,sorted_icao_repeating_3train_1validation_1test_v1
A28F12,train,18,1,638,expanded_post3day_v2,sorted_icao_repeating_3train_1validation_1test_v1
A29184,validation,23,1,639,expanded_post3day_v2,sorted_icao_repeating_3train_1validation_1test_v1
A2919A,test,17,1,640,expanded_post3day_v2,sorted_icao_repeating_3train_1validation_1test_v1
A291D7,train,95,1,641,expanded_post3day_v2,sorted_icao_repeating_3train_1validation_1test_v1
A2941C,train,318,3,642,expanded_post3day_v2,sorted_icao_repeating_3train_1validation_1test_v1
A2957A,train,228,6,643,expanded_post3day_v2,sorted_icao_repeating_3train_1validation_1test_v1
A2992F,validation,51,1,644,expanded_post3day_v2,sorted_icao_repeating_3train_1validation_1test_v1
A29931,test,114,2,645,expanded_post3day_v2,sorted_icao_repeating_3train_1validation_1test_v1
A29991,train,24,1,646,expanded_post3day_v2,sorted_icao_repeating_3train_1validation_1test_v1
A29A2E,train,731,9,647,expanded_post3day_v2,sorted_icao_repeating_3train_1validation_1test_v1
A2A3AB,train,520,2,648,expanded_post3day_v2,sorted_icao_repeating_3train_1validation_1test_v1
A2A41E,validation,75,1,649,expanded_post3day_v2,sorted_icao_repeating_3train_1validation_1test_v1
A2A439,test,174,1,650,expanded_post3day_v2,sorted_icao_repeating_3train_1validation_1test_v1
A2A5D5,train,1271,7,651,expanded_post3day_v2,sorted_icao_repeating_3train_1validation_1test_v1
A2A5DC,train,2,1,652,expanded_post3day_v2,sorted_icao_repeating_3train_1validation_1test_v1
A2A682,train,108,1,653,expanded_post3day_v2,sorted_icao_repeating_3train_1validation_1test_v1
A2A686,validation,265,1,654,expanded_post3day_v2,sorted_icao_repeating_3train_1validation_1test_v1
A2A68C,test,44,1,655,expanded_post3day_v2,sorted_icao_repeating_3train_1validation_1test_v1
A2A77B,train,181,1,656,expanded_post3day_v2,sorted_icao_repeating_3train_1validation_1test_v1
A2AD1A,train,443,1,657,expanded_post3day_v2,sorted_icao_repeating_3train_1validation_1test_v1
A2AE6A,train,2,1,658,expanded_post3day_v2,sorted_icao_repeating_3train_1validation_1test_v1
A2B136,validation,132,1,659,expanded_post3day_v2,sorted_icao_repeating_3train_1validation_1test_v1
A2B7F5,test,502,2,660,expanded_post3day_v2,sorted_icao_repeating_3train_1validation_1test_v1
A2B83B,train,44,1,661,expanded_post3day_v2,sorted_icao_repeating_3train_1validation_1test_v1
A2B8FE,train,71,1,662,expanded_post3day_v2,sorted_icao_repeating_3train_1validation_1test_v1
A2BA3F,train,324,3,663,expanded_post3day_v2,sorted_icao_repeating_3train_1validation_1test_v1
A2BBA8,validation,277,2,664,expanded_post3day_v2,sorted_icao_repeating_3train_1validation_1test_v1
A2BDF6,test,11,2,665,expanded_post3day_v2,sorted_icao_repeating_3train_1validation_1test_v1
A2C0FF,train,344,2,666,expanded_post3day_v2,sorted_icao_repeating_3train_1validation_1test_v1
A2C1BD,train,141,2,667,expanded_post3day_v2,sorted_icao_repeating_3train_1validation_1test_v1
A2CB32,train,296,3,668,expanded_post3day_v2,sorted_icao_repeating_3train_1validation_1test_v1
A2CF40,validation,8,1,669,expanded_post3day_v2,sorted_icao_repeating_3train_1validation_1test_v1
A2CF48,test,13,1,670,expanded_post3day_v2,sorted_icao_repeating_3train_1validation_1test_v1
A2CFB0,train,17,1,671,expanded_post3day_v2,sorted_icao_repeating_3train_1validation_1test_v1
A2D695,train,272,1,672,expanded_post3day_v2,sorted_icao_repeating_3train_1validation_1test_v1
A2E045,train,20,1,673,expanded_post3day_v2,sorted_icao_repeating_3train_1validation_1test_v1
A2E1AB,validation,36,1,674,expanded_post3day_v2,sorted_icao_repeating_3train_1validation_1test_v1
A2ECF3,test,274,1,675,expanded_post3day_v2,sorted_icao_repeating_3train_1validation_1test_v1
A2FA4D,train,133,1,676,expanded_post3day_v2,sorted_icao_repeating_3train_1validation_1test_v1
A2FA4E,train,30,5,677,expanded_post3day_v2,sorted_icao_repeating_3train_1validation_1test_v1
A2FB32,train,4,1,678,expanded_post3day_v2,sorted_icao_repeating_3train_1validation_1test_v1
A3016E,validation,713,1,679,expanded_post3day_v2,sorted_icao_repeating_3train_1validation_1test_v1
A304D8,test,381,2,680,expanded_post3day_v2,sorted_icao_repeating_3train_1validation_1test_v1
A3088F,train,182,1,681,expanded_post3day_v2,sorted_icao_repeating_3train_1validation_1test_v1
A308E1,train,1,1,682,expanded_post3day_v2,sorted_icao_repeating_3train_1validation_1test_v1
A30A0E,train,13,1,683,expanded_post3day_v2,sorted_icao_repeating_3train_1validation_1test_v1
A3183E,validation,81,1,684,expanded_post3day_v2,sorted_icao_repeating_3train_1validation_1test_v1
A32095,test,149,1,685,expanded_post3day_v2,sorted_icao_repeating_3train_1validation_1test_v1
A3230F,train,296,1,686,expanded_post3day_v2,sorted_icao_repeating_3train_1validation_1test_v1
A32370,train,2776,6,687,expanded_post3day_v2,sorted_icao_repeating_3train_1validation_1test_v1
A3244C,train,351,1,688,expanded_post3day_v2,sorted_icao_repeating_3train_1validation_1test_v1
A32718,validation,21,1,689,expanded_post3day_v2,sorted_icao_repeating_3train_1validation_1test_v1
A32753,test,136,1,690,expanded_post3day_v2,sorted_icao_repeating_3train_1validation_1test_v1
A32803,train,440,2,691,expanded_post3day_v2,sorted_icao_repeating_3train_1validation_1test_v1
A3293E,train,111,2,692,expanded_post3day_v2,sorted_icao_repeating_3train_1validation_1test_v1
A3298A,train,574,4,693,expanded_post3day_v2,sorted_icao_repeating_3train_1validation_1test_v1
A32B44,validation,53,1,694,expanded_post3day_v2,sorted_icao_repeating_3train_1validation_1test_v1
A32BBA,test,144,3,695,expanded_post3day_v2,sorted_icao_repeating_3train_1validation_1test_v1
A32E86,train,23,1,696,expanded_post3day_v2,sorted_icao_repeating_3train_1validation_1test_v1
A32F71,train,55,1,697,expanded_post3day_v2,sorted_icao_repeating_3train_1validation_1test_v1
A3311B,train,997,7,698,expanded_post3day_v2,sorted_icao_repeating_3train_1validation_1test_v1
A331CB,validation,424,2,699,expanded_post3day_v2,sorted_icao_repeating_3train_1validation_1test_v1
A33243,test,461,3,700,expanded_post3day_v2,sorted_icao_repeating_3train_1validation_1test_v1
A3355E,train,16,1,701,expanded_post3day_v2,sorted_icao_repeating_3train_1validation_1test_v1
A3362F,train,8,1,702,expanded_post3day_v2,sorted_icao_repeating_3train_1validation_1test_v1
A336DF,train,262,1,703,expanded_post3day_v2,sorted_icao_repeating_3train_1validation_1test_v1
A3376C,validation,237,1,704,expanded_post3day_v2,sorted_icao_repeating_3train_1validation_1test_v1
A337B9,test,367,1,705,expanded_post3day_v2,sorted_icao_repeating_3train_1validation_1test_v1
A33843,train,789,5,706,expanded_post3day_v2,sorted_icao_repeating_3train_1validation_1test_v1
A339B4,train,113,1,707,expanded_post3day_v2,sorted_icao_repeating_3train_1validation_1test_v1
A33A55,train,709,5,708,expanded_post3day_v2,sorted_icao_repeating_3train_1validation_1test_v1
A33A93,validation,136,1,709,expanded_post3day_v2,sorted_icao_repeating_3train_1validation_1test_v1
A34764,test,249,2,710,expanded_post3day_v2,sorted_icao_repeating_3train_1validation_1test_v1
A34978,train,289,1,711,expanded_post3day_v2,sorted_icao_repeating_3train_1validation_1test_v1
A349BE,train,496,5,712,expanded_post3day_v2,sorted_icao_repeating_3train_1validation_1test_v1
A34AB3,train,897,4,713,expanded_post3day_v2,sorted_icao_repeating_3train_1validation_1test_v1
A34AE0,validation,54,2,714,expanded_post3day_v2,sorted_icao_repeating_3train_1validation_1test_v1
A34C64,test,202,1,715,expanded_post3day_v2,sorted_icao_repeating_3train_1validation_1test_v1
A34D2F,train,3,1,716,expanded_post3day_v2,sorted_icao_repeating_3train_1validation_1test_v1
A34D52,train,721,7,717,expanded_post3day_v2,sorted_icao_repeating_3train_1validation_1test_v1
A34E01,train,677,7,718,expanded_post3day_v2,sorted_icao_repeating_3train_1validation_1test_v1
A34E9D,validation,884,2,719,expanded_post3day_v2,sorted_icao_repeating_3train_1validation_1test_v1
A350C3,test,1164,5,720,expanded_post3day_v2,sorted_icao_repeating_3train_1validation_1test_v1
A35109,train,723,2,721,expanded_post3day_v2,sorted_icao_repeating_3train_1validation_1test_v1
A3514F,train,989,2,722,expanded_post3day_v2,sorted_icao_repeating_3train_1validation_1test_v1
A3524E,train,315,1,723,expanded_post3day_v2,sorted_icao_repeating_3train_1validation_1test_v1
A35254,validation,814,2,724,expanded_post3day_v2,sorted_icao_repeating_3train_1validation_1test_v1
A35373,test,540,1,725,expanded_post3day_v2,sorted_icao_repeating_3train_1validation_1test_v1
A3549D,train,816,5,726,expanded_post3day_v2,sorted_icao_repeating_3train_1validation_1test_v1
A3556F,train,266,2,727,expanded_post3day_v2,sorted_icao_repeating_3train_1validation_1test_v1
A356DB,train,10,1,728,expanded_post3day_v2,sorted_icao_repeating_3train_1validation_1test_v1
A3572C,validation,243,1,729,expanded_post3day_v2,sorted_icao_repeating_3train_1validation_1test_v1
A35854,test,438,4,730,expanded_post3day_v2,sorted_icao_repeating_3train_1validation_1test_v1
A358BD,train,1019,4,731,expanded_post3day_v2,sorted_icao_repeating_3train_1validation_1test_v1
A35949,train,691,3,732,expanded_post3day_v2,sorted_icao_repeating_3train_1validation_1test_v1
A359DE,train,100,1,733,expanded_post3day_v2,sorted_icao_repeating_3train_1validation_1test_v1
A35D79,validation,300,1,734,expanded_post3day_v2,sorted_icao_repeating_3train_1validation_1test_v1
A35FC2,test,110,1,735,expanded_post3day_v2,sorted_icao_repeating_3train_1validation_1test_v1
A36165,train,17,1,736,expanded_post3day_v2,sorted_icao_repeating_3train_1validation_1test_v1
A362A9,train,589,2,737,expanded_post3day_v2,sorted_icao_repeating_3train_1validation_1test_v1
A364EA,train,393,4,738,expanded_post3day_v2,sorted_icao_repeating_3train_1validation_1test_v1
A36799,validation,287,3,739,expanded_post3day_v2,sorted_icao_repeating_3train_1validation_1test_v1
A36825,test,272,1,740,expanded_post3day_v2,sorted_icao_repeating_3train_1validation_1test_v1
A36898,train,1,1,741,expanded_post3day_v2,sorted_icao_repeating_3train_1validation_1test_v1
A36B2D,train,166,1,742,expanded_post3day_v2,sorted_icao_repeating_3train_1validation_1test_v1
A36B50,train,340,2,743,expanded_post3day_v2,sorted_icao_repeating_3train_1validation_1test_v1
A36B73,validation,3,1,744,expanded_post3day_v2,sorted_icao_repeating_3train_1validation_1test_v1
A36EA8,test,189,2,745,expanded_post3day_v2,sorted_icao_repeating_3train_1validation_1test_v1
A36EAE,train,480,1,746,expanded_post3day_v2,sorted_icao_repeating_3train_1validation_1test_v1
A37032,train,356,1,747,expanded_post3day_v2,sorted_icao_repeating_3train_1validation_1test_v1
A3711A,train,469,3,748,expanded_post3day_v2,sorted_icao_repeating_3train_1validation_1test_v1
A3725A,validation,7,1,749,expanded_post3day_v2,sorted_icao_repeating_3train_1validation_1test_v1
A373E2,test,55,1,750,expanded_post3day_v2,sorted_icao_repeating_3train_1validation_1test_v1
A37517,train,383,2,751,expanded_post3day_v2,sorted_icao_repeating_3train_1validation_1test_v1
A37616,train,283,3,752,expanded_post3day_v2,sorted_icao_repeating_3train_1validation_1test_v1
A37644,train,25,1,753,expanded_post3day_v2,sorted_icao_repeating_3train_1validation_1test_v1
A3772D,validation,432,2,754,expanded_post3day_v2,sorted_icao_repeating_3train_1validation_1test_v1
A3778E,test,28,1,755,expanded_post3day_v2,sorted_icao_repeating_3train_1validation_1test_v1
A37842,train,123,1,756,expanded_post3day_v2,sorted_icao_repeating_3train_1validation_1test_v1
A3795A,train,180,2,757,expanded_post3day_v2,sorted_icao_repeating_3train_1validation_1test_v1
A379D3,train,99,2,758,expanded_post3day_v2,sorted_icao_repeating_3train_1validation_1test_v1
A37A4F,validation,885,2,759,expanded_post3day_v2,sorted_icao_repeating_3train_1validation_1test_v1
A37A62,test,202,1,760,expanded_post3day_v2,sorted_icao_repeating_3train_1validation_1test_v1
A37A96,train,555,2,761,expanded_post3day_v2,sorted_icao_repeating_3train_1validation_1test_v1
A37AE4,train,488,1,762,expanded_post3day_v2,sorted_icao_repeating_3train_1validation_1test_v1
A37D8A,train,278,1,763,expanded_post3day_v2,sorted_icao_repeating_3train_1validation_1test_v1
A37EB0,validation,382,1,764,expanded_post3day_v2,sorted_icao_repeating_3train_1validation_1test_v1
A37F8D,test,355,3,765,expanded_post3day_v2,sorted_icao_repeating_3train_1validation_1test_v1
A37FB0,train,71,2,766,expanded_post3day_v2,sorted_icao_repeating_3train_1validation_1test_v1
A38019,train,228,1,767,expanded_post3day_v2,sorted_icao_repeating_3train_1validation_1test_v1
A38082,train,493,3,768,expanded_post3day_v2,sorted_icao_repeating_3train_1validation_1test_v1
A380CB,validation,335,4,769,expanded_post3day_v2,sorted_icao_repeating_3train_1validation_1test_v1
A38141,test,1487,7,770,expanded_post3day_v2,sorted_icao_repeating_3train_1validation_1test_v1
A38211,train,345,3,771,expanded_post3day_v2,sorted_icao_repeating_3train_1validation_1test_v1
A38367,train,499,2,772,expanded_post3day_v2,sorted_icao_repeating_3train_1validation_1test_v1
A383F3,train,1562,7,773,expanded_post3day_v2,sorted_icao_repeating_3train_1validation_1test_v1
A38439,validation,319,3,774,expanded_post3day_v2,sorted_icao_repeating_3train_1validation_1test_v1
A3845C,test,301,3,775,expanded_post3day_v2,sorted_icao_repeating_3train_1validation_1test_v1
A384F8,train,62,3,776,expanded_post3day_v2,sorted_icao_repeating_3train_1validation_1test_v1
A386FB,train,1234,6,777,expanded_post3day_v2,sorted_icao_repeating_3train_1validation_1test_v1
A38836,train,315,1,778,expanded_post3day_v2,sorted_icao_repeating_3train_1validation_1test_v1
A38961,validation,137,1,779,expanded_post3day_v2,sorted_icao_repeating_3train_1validation_1test_v1
A38AF8,test,1370,5,780,expanded_post3day_v2,sorted_icao_repeating_3train_1validation_1test_v1
A38B61,train,481,2,781,expanded_post3day_v2,sorted_icao_repeating_3train_1validation_1test_v1
A38D36,train,145,1,782,expanded_post3day_v2,sorted_icao_repeating_3train_1validation_1test_v1
A38DEC,train,1318,2,783,expanded_post3day_v2,sorted_icao_repeating_3train_1validation_1test_v1
A38E69,validation,26,1,784,expanded_post3day_v2,sorted_icao_repeating_3train_1validation_1test_v1
A38EF5,test,947,4,785,expanded_post3day_v2,sorted_icao_repeating_3train_1validation_1test_v1
A38FA4,train,465,2,786,expanded_post3day_v2,sorted_icao_repeating_3train_1validation_1test_v1
A39165,train,78,2,787,expanded_post3day_v2,sorted_icao_repeating_3train_1validation_1test_v1
A39269,train,311,3,788,expanded_post3day_v2,sorted_icao_repeating_3train_1validation_1test_v1
A39289,validation,322,2,789,expanded_post3day_v2,sorted_icao_repeating_3train_1validation_1test_v1
A392F2,test,1172,4,790,expanded_post3day_v2,sorted_icao_repeating_3train_1validation_1test_v1
A39338,train,1083,5,791,expanded_post3day_v2,sorted_icao_repeating_3train_1validation_1test_v1
A394B8,train,293,2,792,expanded_post3day_v2,sorted_icao_repeating_3train_1validation_1test_v1
A39624,train,602,1,793,expanded_post3day_v2,sorted_icao_repeating_3train_1validation_1test_v1
A398BC,validation,806,4,794,expanded_post3day_v2,sorted_icao_repeating_3train_1validation_1test_v1
A39925,test,469,2,795,expanded_post3day_v2,sorted_icao_repeating_3train_1validation_1test_v1
A39948,train,1040,6,796,expanded_post3day_v2,sorted_icao_repeating_3train_1validation_1test_v1
A399E4,train,796,3,797,expanded_post3day_v2,sorted_icao_repeating_3train_1validation_1test_v1
A39B19,train,378,2,798,expanded_post3day_v2,sorted_icao_repeating_3train_1validation_1test_v1
A39C62,validation,250,2,799,expanded_post3day_v2,sorted_icao_repeating_3train_1validation_1test_v1
A3A0CC,test,485,2,800,expanded_post3day_v2,sorted_icao_repeating_3train_1validation_1test_v1
A3A155,train,294,1,801,expanded_post3day_v2,sorted_icao_repeating_3train_1validation_1test_v1
A3A503,train,119,1,802,expanded_post3day_v2,sorted_icao_repeating_3train_1validation_1test_v1
A3A509,train,361,1,803,expanded_post3day_v2,sorted_icao_repeating_3train_1validation_1test_v1
A3A836,validation,189,1,804,expanded_post3day_v2,sorted_icao_repeating_3train_1validation_1test_v1
A3B02E,test,226,3,805,expanded_post3day_v2,sorted_icao_repeating_3train_1validation_1test_v1
A3B1A0,train,304,1,806,expanded_post3day_v2,sorted_icao_repeating_3train_1validation_1test_v1
A3B68B,train,233,1,807,expanded_post3day_v2,sorted_icao_repeating_3train_1validation_1test_v1
A3B79C,train,205,1,808,expanded_post3day_v2,sorted_icao_repeating_3train_1validation_1test_v1
A3B7D1,validation,579,1,809,expanded_post3day_v2,sorted_icao_repeating_3train_1validation_1test_v1
A3BBA0,test,63,1,810,expanded_post3day_v2,sorted_icao_repeating_3train_1validation_1test_v1
A3BBC9,train,64,1,811,expanded_post3day_v2,sorted_icao_repeating_3train_1validation_1test_v1
A3BDA6,train,228,1,812,expanded_post3day_v2,sorted_icao_repeating_3train_1validation_1test_v1
A3BDAC,train,1427,7,813,expanded_post3day_v2,sorted_icao_repeating_3train_1validation_1test_v1
A3C35D,validation,524,1,814,expanded_post3day_v2,sorted_icao_repeating_3train_1validation_1test_v1
A3C8D1,test,495,2,815,expanded_post3day_v2,sorted_icao_repeating_3train_1validation_1test_v1
A3CC82,train,2,1,816,expanded_post3day_v2,sorted_icao_repeating_3train_1validation_1test_v1
A3CCBD,train,257,1,817,expanded_post3day_v2,sorted_icao_repeating_3train_1validation_1test_v1
A3CD99,train,117,1,818,expanded_post3day_v2,sorted_icao_repeating_3train_1validation_1test_v1
A3D014,validation,127,3,819,expanded_post3day_v2,sorted_icao_repeating_3train_1validation_1test_v1
A3D066,test,1036,1,820,expanded_post3day_v2,sorted_icao_repeating_3train_1validation_1test_v1
A3D326,train,850,2,821,expanded_post3day_v2,sorted_icao_repeating_3train_1validation_1test_v1
A3D4C6,train,230,1,822,expanded_post3day_v2,sorted_icao_repeating_3train_1validation_1test_v1
A3D722,train,489,3,823,expanded_post3day_v2,sorted_icao_repeating_3train_1validation_1test_v1
A3D7A7,validation,643,2,824,expanded_post3day_v2,sorted_icao_repeating_3train_1validation_1test_v1
A3DB0C,test,463,1,825,expanded_post3day_v2,sorted_icao_repeating_3train_1validation_1test_v1
A3DB5E,train,38,2,826,expanded_post3day_v2,sorted_icao_repeating_3train_1validation_1test_v1
A3DC5A,train,1,1,827,expanded_post3day_v2,sorted_icao_repeating_3train_1validation_1test_v1
A3DFEB,train,19,1,828,expanded_post3day_v2,sorted_icao_repeating_3train_1validation_1test_v1
A3E07A,validation,181,1,829,expanded_post3day_v2,sorted_icao_repeating_3train_1validation_1test_v1
A3E473,test,113,1,830,expanded_post3day_v2,sorted_icao_repeating_3train_1validation_1test_v1
A3E525,train,311,1,831,expanded_post3day_v2,sorted_icao_repeating_3train_1validation_1test_v1
A3E5EB,train,13,1,832,expanded_post3day_v2,sorted_icao_repeating_3train_1validation_1test_v1
A3E6B1,train,407,2,833,expanded_post3day_v2,sorted_icao_repeating_3train_1validation_1test_v1
A3E8DC,validation,113,2,834,expanded_post3day_v2,sorted_icao_repeating_3train_1validation_1test_v1
A3EB7B,test,435,3,835,expanded_post3day_v2,sorted_icao_repeating_3train_1validation_1test_v1
A3EBD8,train,1243,4,836,expanded_post3day_v2,sorted_icao_repeating_3train_1validation_1test_v1
A3EE0B,train,103,1,837,expanded_post3day_v2,sorted_icao_repeating_3train_1validation_1test_v1
A3F04A,train,9,1,838,expanded_post3day_v2,sorted_icao_repeating_3train_1validation_1test_v1
A3F149,validation,173,1,839,expanded_post3day_v2,sorted_icao_repeating_3train_1validation_1test_v1
A3F161,test,581,1,840,expanded_post3day_v2,sorted_icao_repeating_3train_1validation_1test_v1
A3F1C2,train,10,1,841,expanded_post3day_v2,sorted_icao_repeating_3train_1validation_1test_v1
A3F401,train,281,1,842,expanded_post3day_v2,sorted_icao_repeating_3train_1validation_1test_v1
A3FB64,train,169,2,843,expanded_post3day_v2,sorted_icao_repeating_3train_1validation_1test_v1
A3FF01,validation,182,2,844,expanded_post3day_v2,sorted_icao_repeating_3train_1validation_1test_v1
A400B2,test,52,1,845,expanded_post3day_v2,sorted_icao_repeating_3train_1validation_1test_v1
A402DD,train,283,1,846,expanded_post3day_v2,sorted_icao_repeating_3train_1validation_1test_v1
A4064C,train,173,2,847,expanded_post3day_v2,sorted_icao_repeating_3train_1validation_1test_v1
A40694,train,420,1,848,expanded_post3day_v2,sorted_icao_repeating_3train_1validation_1test_v1
A4095F,validation,32,1,849,expanded_post3day_v2,sorted_icao_repeating_3train_1validation_1test_v1
A40B0F,test,2,1,850,expanded_post3day_v2,sorted_icao_repeating_3train_1validation_1test_v1
A40B45,train,1,1,851,expanded_post3day_v2,sorted_icao_repeating_3train_1validation_1test_v1
A40CA4,train,733,5,852,expanded_post3day_v2,sorted_icao_repeating_3train_1validation_1test_v1
A40E30,train,31,1,853,expanded_post3day_v2,sorted_icao_repeating_3train_1validation_1test_v1
A41009,validation,2,1,854,expanded_post3day_v2,sorted_icao_repeating_3train_1validation_1test_v1
A4105B,test,602,3,855,expanded_post3day_v2,sorted_icao_repeating_3train_1validation_1test_v1
A41131,train,369,2,856,expanded_post3day_v2,sorted_icao_repeating_3train_1validation_1test_v1
A41412,train,136,1,857,expanded_post3day_v2,sorted_icao_repeating_3train_1validation_1test_v1
A41804,train,153,2,858,expanded_post3day_v2,sorted_icao_repeating_3train_1validation_1test_v1
A4200D,validation,94,1,859,expanded_post3day_v2,sorted_icao_repeating_3train_1validation_1test_v1
A422F7,test,30,2,860,expanded_post3day_v2,sorted_icao_repeating_3train_1validation_1test_v1
A42466,train,182,1,861,expanded_post3day_v2,sorted_icao_repeating_3train_1validation_1test_v1
A42A5C,train,17,1,862,expanded_post3day_v2,sorted_icao_repeating_3train_1validation_1test_v1
A42EE9,train,373,2,863,expanded_post3day_v2,sorted_icao_repeating_3train_1validation_1test_v1
A430AA,validation,251,1,864,expanded_post3day_v2,sorted_icao_repeating_3train_1validation_1test_v1
A43423,test,142,1,865,expanded_post3day_v2,sorted_icao_repeating_3train_1validation_1test_v1
A43556,train,607,3,866,expanded_post3day_v2,sorted_icao_repeating_3train_1validation_1test_v1
A43B91,train,576,2,867,expanded_post3day_v2,sorted_icao_repeating_3train_1validation_1test_v1
A43BB3,train,57,1,868,expanded_post3day_v2,sorted_icao_repeating_3train_1validation_1test_v1
A43CE4,validation,170,1,869,expanded_post3day_v2,sorted_icao_repeating_3train_1validation_1test_v1
A43EEC,test,210,1,870,expanded_post3day_v2,sorted_icao_repeating_3train_1validation_1test_v1
A43F30,train,109,1,871,expanded_post3day_v2,sorted_icao_repeating_3train_1validation_1test_v1
A43F3C,train,12,2,872,expanded_post3day_v2,sorted_icao_repeating_3train_1validation_1test_v1
A4417D,train,387,2,873,expanded_post3day_v2,sorted_icao_repeating_3train_1validation_1test_v1
A44212,validation,160,1,874,expanded_post3day_v2,sorted_icao_repeating_3train_1validation_1test_v1
A44291,test,100,2,875,expanded_post3day_v2,sorted_icao_repeating_3train_1validation_1test_v1
A44588,train,739,2,876,expanded_post3day_v2,sorted_icao_repeating_3train_1validation_1test_v1
A445AB,train,322,2,877,expanded_post3day_v2,sorted_icao_repeating_3train_1validation_1test_v1
A445F2,train,92,1,878,expanded_post3day_v2,sorted_icao_repeating_3train_1validation_1test_v1
A4460F,validation,26,1,879,expanded_post3day_v2,sorted_icao_repeating_3train_1validation_1test_v1
A448BA,test,725,3,880,expanded_post3day_v2,sorted_icao_repeating_3train_1validation_1test_v1
A448D5,train,126,2,881,expanded_post3day_v2,sorted_icao_repeating_3train_1validation_1test_v1
A448D7,train,317,2,882,expanded_post3day_v2,sorted_icao_repeating_3train_1validation_1test_v1
A448F2,train,179,1,883,expanded_post3day_v2,sorted_icao_repeating_3train_1validation_1test_v1
A448FC,validation,165,1,884,expanded_post3day_v2,sorted_icao_repeating_3train_1validation_1test_v1
A44916,test,59,1,885,expanded_post3day_v2,sorted_icao_repeating_3train_1validation_1test_v1
A44917,train,17,1,886,expanded_post3day_v2,sorted_icao_repeating_3train_1validation_1test_v1
A4491D,train,335,2,887,expanded_post3day_v2,sorted_icao_repeating_3train_1validation_1test_v1
A4493A,train,20,1,888,expanded_post3day_v2,sorted_icao_repeating_3train_1validation_1test_v1
A44943,validation,296,1,889,expanded_post3day_v2,sorted_icao_repeating_3train_1validation_1test_v1
A44962,test,14,1,890,expanded_post3day_v2,sorted_icao_repeating_3train_1validation_1test_v1
A4497F,train,96,1,891,expanded_post3day_v2,sorted_icao_repeating_3train_1validation_1test_v1
A44983,train,86,1,892,expanded_post3day_v2,sorted_icao_repeating_3train_1validation_1test_v1
A44984,train,89,2,893,expanded_post3day_v2,sorted_icao_repeating_3train_1validation_1test_v1
A449A2,validation,73,2,894,expanded_post3day_v2,sorted_icao_repeating_3train_1validation_1test_v1
A449F1,test,59,1,895,expanded_post3day_v2,sorted_icao_repeating_3train_1validation_1test_v1
A44A1B,train,1137,2,896,expanded_post3day_v2,sorted_icao_repeating_3train_1validation_1test_v1
A44A6D,train,70,1,897,expanded_post3day_v2,sorted_icao_repeating_3train_1validation_1test_v1
A44B56,train,42,1,898,expanded_post3day_v2,sorted_icao_repeating_3train_1validation_1test_v1
A44CDA,validation,658,3,899,expanded_post3day_v2,sorted_icao_repeating_3train_1validation_1test_v1
A44F77,test,44,1,900,expanded_post3day_v2,sorted_icao_repeating_3train_1validation_1test_v1
A45592,train,1,1,901,expanded_post3day_v2,sorted_icao_repeating_3train_1validation_1test_v1
A45671,train,209,2,902,expanded_post3day_v2,sorted_icao_repeating_3train_1validation_1test_v1
A456A9,train,224,1,903,expanded_post3day_v2,sorted_icao_repeating_3train_1validation_1test_v1
A4570A,validation,178,1,904,expanded_post3day_v2,sorted_icao_repeating_3train_1validation_1test_v1
A45A1C,test,196,1,905,expanded_post3day_v2,sorted_icao_repeating_3train_1validation_1test_v1
A45F64,train,412,2,906,expanded_post3day_v2,sorted_icao_repeating_3train_1validation_1test_v1
A466C3,train,8,1,907,expanded_post3day_v2,sorted_icao_repeating_3train_1validation_1test_v1
A46702,train,102,1,908,expanded_post3day_v2,sorted_icao_repeating_3train_1validation_1test_v1
A4694A,validation,626,1,909,expanded_post3day_v2,sorted_icao_repeating_3train_1validation_1test_v1
A46A72,test,36,1,910,expanded_post3day_v2,sorted_icao_repeating_3train_1validation_1test_v1
A46AB9,train,118,1,911,expanded_post3day_v2,sorted_icao_repeating_3train_1validation_1test_v1
A46D4A,train,127,1,912,expanded_post3day_v2,sorted_icao_repeating_3train_1validation_1test_v1
A47227,train,131,2,913,expanded_post3day_v2,sorted_icao_repeating_3train_1validation_1test_v1
A47A21,validation,98,1,914,expanded_post3day_v2,sorted_icao_repeating_3train_1validation_1test_v1
A47D05,test,518,2,915,expanded_post3day_v2,sorted_icao_repeating_3train_1validation_1test_v1
A47FA3,train,1,1,916,expanded_post3day_v2,sorted_icao_repeating_3train_1validation_1test_v1
A48321,train,675,2,917,expanded_post3day_v2,sorted_icao_repeating_3train_1validation_1test_v1
A48499,train,337,1,918,expanded_post3day_v2,sorted_icao_repeating_3train_1validation_1test_v1
A487EF,validation,210,1,919,expanded_post3day_v2,sorted_icao_repeating_3train_1validation_1test_v1
A48A83,test,334,1,920,expanded_post3day_v2,sorted_icao_repeating_3train_1validation_1test_v1
A49510,train,210,1,921,expanded_post3day_v2,sorted_icao_repeating_3train_1validation_1test_v1
A4959A,train,1,1,922,expanded_post3day_v2,sorted_icao_repeating_3train_1validation_1test_v1
A49610,train,181,1,923,expanded_post3day_v2,sorted_icao_repeating_3train_1validation_1test_v1
A4995F,validation,310,2,924,expanded_post3day_v2,sorted_icao_repeating_3train_1validation_1test_v1
A4A0D9,test,653,2,925,expanded_post3day_v2,sorted_icao_repeating_3train_1validation_1test_v1
A4A466,train,597,1,926,expanded_post3day_v2,sorted_icao_repeating_3train_1validation_1test_v1
A4A808,train,382,2,927,expanded_post3day_v2,sorted_icao_repeating_3train_1validation_1test_v1
A4ACAE,train,326,1,928,expanded_post3day_v2,sorted_icao_repeating_3train_1validation_1test_v1
A4AF9A,validation,2,1,929,expanded_post3day_v2,sorted_icao_repeating_3train_1validation_1test_v1
A4B0BB,test,1,1,930,expanded_post3day_v2,sorted_icao_repeating_3train_1validation_1test_v1
A4B1F6,train,15,1,931,expanded_post3day_v2,sorted_icao_repeating_3train_1validation_1test_v1
A4B1FE,train,27,1,932,expanded_post3day_v2,sorted_icao_repeating_3train_1validation_1test_v1
A4B294,train,580,3,933,expanded_post3day_v2,sorted_icao_repeating_3train_1validation_1test_v1
A4B4DC,validation,216,1,934,expanded_post3day_v2,sorted_icao_repeating_3train_1validation_1test_v1
A4B64B,test,10,2,935,expanded_post3day_v2,sorted_icao_repeating_3train_1validation_1test_v1
A4B7D7,train,9,1,936,expanded_post3day_v2,sorted_icao_repeating_3train_1validation_1test_v1
A4BBB3,train,137,2,937,expanded_post3day_v2,sorted_icao_repeating_3train_1validation_1test_v1
A4BCEC,train,8,1,938,expanded_post3day_v2,sorted_icao_repeating_3train_1validation_1test_v1
A4BDB9,validation,312,1,939,expanded_post3day_v2,sorted_icao_repeating_3train_1validation_1test_v1
A4BEF6,test,208,2,940,expanded_post3day_v2,sorted_icao_repeating_3train_1validation_1test_v1
A4BF95,train,127,3,941,expanded_post3day_v2,sorted_icao_repeating_3train_1validation_1test_v1
A4C382,train,140,3,942,expanded_post3day_v2,sorted_icao_repeating_3train_1validation_1test_v1
A4C406,train,257,1,943,expanded_post3day_v2,sorted_icao_repeating_3train_1validation_1test_v1
A4C527,validation,3,1,944,expanded_post3day_v2,sorted_icao_repeating_3train_1validation_1test_v1
A4C592,test,39,1,945,expanded_post3day_v2,sorted_icao_repeating_3train_1validation_1test_v1
A4C8DE,train,239,1,946,expanded_post3day_v2,sorted_icao_repeating_3train_1validation_1test_v1
A4C96C,train,2,1,947,expanded_post3day_v2,sorted_icao_repeating_3train_1validation_1test_v1
A4C98C,train,1180,2,948,expanded_post3day_v2,sorted_icao_repeating_3train_1validation_1test_v1
A4C98F,validation,30,1,949,expanded_post3day_v2,sorted_icao_repeating_3train_1validation_1test_v1
A4C9D5,test,119,2,950,expanded_post3day_v2,sorted_icao_repeating_3train_1validation_1test_v1
A4C9F8,train,115,1,951,expanded_post3day_v2,sorted_icao_repeating_3train_1validation_1test_v1
A4CAEE,train,823,3,952,expanded_post3day_v2,sorted_icao_repeating_3train_1validation_1test_v1
A4CCBA,train,280,1,953,expanded_post3day_v2,sorted_icao_repeating_3train_1validation_1test_v1
A4CD23,validation,118,1,954,expanded_post3day_v2,sorted_icao_repeating_3train_1validation_1test_v1
A4CE11,test,205,1,955,expanded_post3day_v2,sorted_icao_repeating_3train_1validation_1test_v1
A4D04C,train,177,1,956,expanded_post3day_v2,sorted_icao_repeating_3train_1validation_1test_v1
A4D80A,train,107,3,957,expanded_post3day_v2,sorted_icao_repeating_3train_1validation_1test_v1
A4D838,train,219,2,958,expanded_post3day_v2,sorted_icao_repeating_3train_1validation_1test_v1
A4D96D,validation,278,1,959,expanded_post3day_v2,sorted_icao_repeating_3train_1validation_1test_v1
A4DAB6,test,330,1,960,expanded_post3day_v2,sorted_icao_repeating_3train_1validation_1test_v1
A4DD48,train,60,1,961,expanded_post3day_v2,sorted_icao_repeating_3train_1validation_1test_v1
A4DDCA,train,263,2,962,expanded_post3day_v2,sorted_icao_repeating_3train_1validation_1test_v1
A4DF5A,train,345,1,963,expanded_post3day_v2,sorted_icao_repeating_3train_1validation_1test_v1
A4DFA6,validation,22,1,964,expanded_post3day_v2,sorted_icao_repeating_3train_1validation_1test_v1
A4E0DF,test,112,1,965,expanded_post3day_v2,sorted_icao_repeating_3train_1validation_1test_v1
A4E0E0,train,5,1,966,expanded_post3day_v2,sorted_icao_repeating_3train_1validation_1test_v1
A4E181,train,282,1,967,expanded_post3day_v2,sorted_icao_repeating_3train_1validation_1test_v1
A4E538,train,556,2,968,expanded_post3day_v2,sorted_icao_repeating_3train_1validation_1test_v1
A4E714,validation,35,1,969,expanded_post3day_v2,sorted_icao_repeating_3train_1validation_1test_v1
A4EBFA,test,12,1,970,expanded_post3day_v2,sorted_icao_repeating_3train_1validation_1test_v1
A4F05D,train,335,1,971,expanded_post3day_v2,sorted_icao_repeating_3train_1validation_1test_v1
A4F08D,train,337,1,972,expanded_post3day_v2,sorted_icao_repeating_3train_1validation_1test_v1
A4F239,train,26,1,973,expanded_post3day_v2,sorted_icao_repeating_3train_1validation_1test_v1
A4F26B,validation,42,1,974,expanded_post3day_v2,sorted_icao_repeating_3train_1validation_1test_v1
A4F347,test,107,1,975,expanded_post3day_v2,sorted_icao_repeating_3train_1validation_1test_v1
A4F414,train,493,3,976,expanded_post3day_v2,sorted_icao_repeating_3train_1validation_1test_v1
A4F8EB,train,86,1,977,expanded_post3day_v2,sorted_icao_repeating_3train_1validation_1test_v1
A4FBA0,train,67,1,978,expanded_post3day_v2,sorted_icao_repeating_3train_1validation_1test_v1
A4FDDB,validation,464,2,979,expanded_post3day_v2,sorted_icao_repeating_3train_1validation_1test_v1
A4FFB7,test,148,1,980,expanded_post3day_v2,sorted_icao_repeating_3train_1validation_1test_v1
A50370,train,71,1,981,expanded_post3day_v2,sorted_icao_repeating_3train_1validation_1test_v1
A503DB,train,902,1,982,expanded_post3day_v2,sorted_icao_repeating_3train_1validation_1test_v1
A50ADC,train,99,2,983,expanded_post3day_v2,sorted_icao_repeating_3train_1validation_1test_v1
A50C4B,validation,149,1,984,expanded_post3day_v2,sorted_icao_repeating_3train_1validation_1test_v1
A50CB7,test,216,1,985,expanded_post3day_v2,sorted_icao_repeating_3train_1validation_1test_v1
A50D45,train,996,2,986,expanded_post3day_v2,sorted_icao_repeating_3train_1validation_1test_v1
A50E36,train,504,1,987,expanded_post3day_v2,sorted_icao_repeating_3train_1validation_1test_v1
A5130C,train,6,1,988,expanded_post3day_v2,sorted_icao_repeating_3train_1validation_1test_v1
A51425,validation,1521,6,989,expanded_post3day_v2,sorted_icao_repeating_3train_1validation_1test_v1
A517DC,test,22,1,990,expanded_post3day_v2,sorted_icao_repeating_3train_1validation_1test_v1
A519B8,train,8,1,991,expanded_post3day_v2,sorted_icao_repeating_3train_1validation_1test_v1
A51B93,train,681,3,992,expanded_post3day_v2,sorted_icao_repeating_3train_1validation_1test_v1
A51DA1,train,203,1,993,expanded_post3day_v2,sorted_icao_repeating_3train_1validation_1test_v1
A520CC,validation,399,1,994,expanded_post3day_v2,sorted_icao_repeating_3train_1validation_1test_v1
A5213D,test,628,1,995,expanded_post3day_v2,sorted_icao_repeating_3train_1validation_1test_v1
A5237F,train,70,3,996,expanded_post3day_v2,sorted_icao_repeating_3train_1validation_1test_v1
A523B1,train,47,1,997,expanded_post3day_v2,sorted_icao_repeating_3train_1validation_1test_v1
A525B2,train,70,1,998,expanded_post3day_v2,sorted_icao_repeating_3train_1validation_1test_v1
A526E6,validation,149,1,999,expanded_post3day_v2,sorted_icao_repeating_3train_1validation_1test_v1
A52994,test,10,2,1000,expanded_post3day_v2,sorted_icao_repeating_3train_1validation_1test_v1
A52A99,train,99,1,1001,expanded_post3day_v2,sorted_icao_repeating_3train_1validation_1test_v1
A52B7E,train,4,1,1002,expanded_post3day_v2,sorted_icao_repeating_3train_1validation_1test_v1
A52E54,train,64,1,1003,expanded_post3day_v2,sorted_icao_repeating_3train_1validation_1test_v1
A52FB2,validation,97,1,1004,expanded_post3day_v2,sorted_icao_repeating_3train_1validation_1test_v1
A53001,test,207,1,1005,expanded_post3day_v2,sorted_icao_repeating_3train_1validation_1test_v1
A531AE,train,120,3,1006,expanded_post3day_v2,sorted_icao_repeating_3train_1validation_1test_v1
A53207,train,111,2,1007,expanded_post3day_v2,sorted_icao_repeating_3train_1validation_1test_v1
A5325B,train,297,3,1008,expanded_post3day_v2,sorted_icao_repeating_3train_1validation_1test_v1
A5376F,validation,248,3,1009,expanded_post3day_v2,sorted_icao_repeating_3train_1validation_1test_v1
A539C9,test,120,1,1010,expanded_post3day_v2,sorted_icao_repeating_3train_1validation_1test_v1
A53BA4,train,182,1,1011,expanded_post3day_v2,sorted_icao_repeating_3train_1validation_1test_v1
A53D2C,train,435,1,1012,expanded_post3day_v2,sorted_icao_repeating_3train_1validation_1test_v1
A53D80,train,149,1,1013,expanded_post3day_v2,sorted_icao_repeating_3train_1validation_1test_v1
A53D9C,validation,104,1,1014,expanded_post3day_v2,sorted_icao_repeating_3train_1validation_1test_v1
A53EDD,test,81,2,1015,expanded_post3day_v2,sorted_icao_repeating_3train_1validation_1test_v1
A53F5B,train,13,1,1016,expanded_post3day_v2,sorted_icao_repeating_3train_1validation_1test_v1
A540E3,train,507,2,1017,expanded_post3day_v2,sorted_icao_repeating_3train_1validation_1test_v1
A54185,train,452,2,1018,expanded_post3day_v2,sorted_icao_repeating_3train_1validation_1test_v1
A54261,validation,433,2,1019,expanded_post3day_v2,sorted_icao_repeating_3train_1validation_1test_v1
A5453C,test,183,2,1020,expanded_post3day_v2,sorted_icao_repeating_3train_1validation_1test_v1
A54AAE,train,464,1,1021,expanded_post3day_v2,sorted_icao_repeating_3train_1validation_1test_v1
A5502B,train,95,1,1022,expanded_post3day_v2,sorted_icao_repeating_3train_1validation_1test_v1
A55723,train,41,1,1023,expanded_post3day_v2,sorted_icao_repeating_3train_1validation_1test_v1
A55731,validation,22,1,1024,expanded_post3day_v2,sorted_icao_repeating_3train_1validation_1test_v1
A559C1,test,51,1,1025,expanded_post3day_v2,sorted_icao_repeating_3train_1validation_1test_v1
A55F6C,train,184,1,1026,expanded_post3day_v2,sorted_icao_repeating_3train_1validation_1test_v1
A56050,train,634,2,1027,expanded_post3day_v2,sorted_icao_repeating_3train_1validation_1test_v1
A5656C,train,78,2,1028,expanded_post3day_v2,sorted_icao_repeating_3train_1validation_1test_v1
A569C4,validation,106,1,1029,expanded_post3day_v2,sorted_icao_repeating_3train_1validation_1test_v1
A56F8E,test,440,1,1030,expanded_post3day_v2,sorted_icao_repeating_3train_1validation_1test_v1
A5702C,train,251,1,1031,expanded_post3day_v2,sorted_icao_repeating_3train_1validation_1test_v1
A57429,train,178,1,1032,expanded_post3day_v2,sorted_icao_repeating_3train_1validation_1test_v1
A57534,train,11,1,1033,expanded_post3day_v2,sorted_icao_repeating_3train_1validation_1test_v1
A57AAB,validation,19,1,1034,expanded_post3day_v2,sorted_icao_repeating_3train_1validation_1test_v1
A57ED1,test,338,1,1035,expanded_post3day_v2,sorted_icao_repeating_3train_1validation_1test_v1
A5818B,train,623,1,1036,expanded_post3day_v2,sorted_icao_repeating_3train_1validation_1test_v1
A5822B,train,9,1,1037,expanded_post3day_v2,sorted_icao_repeating_3train_1validation_1test_v1
A58434,train,1018,2,1038,expanded_post3day_v2,sorted_icao_repeating_3train_1validation_1test_v1
A5855E,validation,13,1,1039,expanded_post3day_v2,sorted_icao_repeating_3train_1validation_1test_v1
A58980,test,405,1,1040,expanded_post3day_v2,sorted_icao_repeating_3train_1validation_1test_v1
A5916A,train,37,1,1041,expanded_post3day_v2,sorted_icao_repeating_3train_1validation_1test_v1
A5941E,train,3,1,1042,expanded_post3day_v2,sorted_icao_repeating_3train_1validation_1test_v1
A5958C,train,357,2,1043,expanded_post3day_v2,sorted_icao_repeating_3train_1validation_1test_v1
A59939,validation,91,1,1044,expanded_post3day_v2,sorted_icao_repeating_3train_1validation_1test_v1
A5A1D3,test,241,2,1045,expanded_post3day_v2,sorted_icao_repeating_3train_1validation_1test_v1
A5A30A,train,134,1,1046,expanded_post3day_v2,sorted_icao_repeating_3train_1validation_1test_v1
A5A4C6,train,76,2,1047,expanded_post3day_v2,sorted_icao_repeating_3train_1validation_1test_v1
A5A725,train,188,1,1048,expanded_post3day_v2,sorted_icao_repeating_3train_1validation_1test_v1
A5AA21,validation,980,3,1049,expanded_post3day_v2,sorted_icao_repeating_3train_1validation_1test_v1
A5AC3B,test,100,1,1050,expanded_post3day_v2,sorted_icao_repeating_3train_1validation_1test_v1
A5B018,train,1,1,1051,expanded_post3day_v2,sorted_icao_repeating_3train_1validation_1test_v1
A5B12A,train,113,1,1052,expanded_post3day_v2,sorted_icao_repeating_3train_1validation_1test_v1
A5B954,train,60,1,1053,expanded_post3day_v2,sorted_icao_repeating_3train_1validation_1test_v1
A5C2DC,validation,2,1,1054,expanded_post3day_v2,sorted_icao_repeating_3train_1validation_1test_v1
A5C4E2,test,44,1,1055,expanded_post3day_v2,sorted_icao_repeating_3train_1validation_1test_v1
A5C505,train,74,1,1056,expanded_post3day_v2,sorted_icao_repeating_3train_1validation_1test_v1
A5C672,train,665,8,1057,expanded_post3day_v2,sorted_icao_repeating_3train_1validation_1test_v1
A5C99B,train,114,3,1058,expanded_post3day_v2,sorted_icao_repeating_3train_1validation_1test_v1
A5CC3C,validation,504,2,1059,expanded_post3day_v2,sorted_icao_repeating_3train_1validation_1test_v1
A5CE40,test,220,2,1060,expanded_post3day_v2,sorted_icao_repeating_3train_1validation_1test_v1
A5D02E,train,220,2,1061,expanded_post3day_v2,sorted_icao_repeating_3train_1validation_1test_v1
A5D2F9,train,129,1,1062,expanded_post3day_v2,sorted_icao_repeating_3train_1validation_1test_v1
A5D319,train,307,2,1063,expanded_post3day_v2,sorted_icao_repeating_3train_1validation_1test_v1
A5D33B,validation,20,1,1064,expanded_post3day_v2,sorted_icao_repeating_3train_1validation_1test_v1
A5D4C3,test,272,2,1065,expanded_post3day_v2,sorted_icao_repeating_3train_1validation_1test_v1
A5D51C,train,701,3,1066,expanded_post3day_v2,sorted_icao_repeating_3train_1validation_1test_v1
A5D68A,train,92,1,1067,expanded_post3day_v2,sorted_icao_repeating_3train_1validation_1test_v1
A5D905,train,520,1,1068,expanded_post3day_v2,sorted_icao_repeating_3train_1validation_1test_v1
A5D965,validation,418,1,1069,expanded_post3day_v2,sorted_icao_repeating_3train_1validation_1test_v1
A5DD1C,test,230,2,1070,expanded_post3day_v2,sorted_icao_repeating_3train_1validation_1test_v1
A5E748,train,102,2,1071,expanded_post3day_v2,sorted_icao_repeating_3train_1validation_1test_v1
A5E75B,train,4,1,1072,expanded_post3day_v2,sorted_icao_repeating_3train_1validation_1test_v1
A5E837,train,151,1,1073,expanded_post3day_v2,sorted_icao_repeating_3train_1validation_1test_v1
A5EA9A,validation,4,1,1074,expanded_post3day_v2,sorted_icao_repeating_3train_1validation_1test_v1
A5EF0E,test,71,2,1075,expanded_post3day_v2,sorted_icao_repeating_3train_1validation_1test_v1
A5F162,train,97,1,1076,expanded_post3day_v2,sorted_icao_repeating_3train_1validation_1test_v1
A606E4,train,57,1,1077,expanded_post3day_v2,sorted_icao_repeating_3train_1validation_1test_v1
A608AF,train,323,1,1078,expanded_post3day_v2,sorted_icao_repeating_3train_1validation_1test_v1
A60B77,validation,146,1,1079,expanded_post3day_v2,sorted_icao_repeating_3train_1validation_1test_v1
A60E95,test,128,3,1080,expanded_post3day_v2,sorted_icao_repeating_3train_1validation_1test_v1
A62063,train,161,2,1081,expanded_post3day_v2,sorted_icao_repeating_3train_1validation_1test_v1
A63756,train,624,1,1082,expanded_post3day_v2,sorted_icao_repeating_3train_1validation_1test_v1
A63BAA,train,53,1,1083,expanded_post3day_v2,sorted_icao_repeating_3train_1validation_1test_v1
A642CD,validation,1,1,1084,expanded_post3day_v2,sorted_icao_repeating_3train_1validation_1test_v1
A64342,test,170,1,1085,expanded_post3day_v2,sorted_icao_repeating_3train_1validation_1test_v1
A646B3,train,919,2,1086,expanded_post3day_v2,sorted_icao_repeating_3train_1validation_1test_v1
A64924,train,27,2,1087,expanded_post3day_v2,sorted_icao_repeating_3train_1validation_1test_v1
A64996,train,261,1,1088,expanded_post3day_v2,sorted_icao_repeating_3train_1validation_1test_v1
A64CE6,validation,82,2,1089,expanded_post3day_v2,sorted_icao_repeating_3train_1validation_1test_v1
A65104,test,89,3,1090,expanded_post3day_v2,sorted_icao_repeating_3train_1validation_1test_v1
A65484,train,588,3,1091,expanded_post3day_v2,sorted_icao_repeating_3train_1validation_1test_v1
A654CB,train,880,4,1092,expanded_post3day_v2,sorted_icao_repeating_3train_1validation_1test_v1
A657AD,train,240,1,1093,expanded_post3day_v2,sorted_icao_repeating_3train_1validation_1test_v1
A65927,validation,31,1,1094,expanded_post3day_v2,sorted_icao_repeating_3train_1validation_1test_v1
A65BBC,test,199,1,1095,expanded_post3day_v2,sorted_icao_repeating_3train_1validation_1test_v1
A65CCE,train,12,1,1096,expanded_post3day_v2,sorted_icao_repeating_3train_1validation_1test_v1
A6630F,train,788,1,1097,expanded_post3day_v2,sorted_icao_repeating_3train_1validation_1test_v1
A6652B,train,211,1,1098,expanded_post3day_v2,sorted_icao_repeating_3train_1validation_1test_v1
A665C5,validation,320,1,1099,expanded_post3day_v2,sorted_icao_repeating_3train_1validation_1test_v1
A6697E,test,41,1,1100,expanded_post3day_v2,sorted_icao_repeating_3train_1validation_1test_v1
A669CE,train,219,1,1101,expanded_post3day_v2,sorted_icao_repeating_3train_1validation_1test_v1
A66CE0,train,347,4,1102,expanded_post3day_v2,sorted_icao_repeating_3train_1validation_1test_v1
A66CF7,train,7,2,1103,expanded_post3day_v2,sorted_icao_repeating_3train_1validation_1test_v1
A66DD9,validation,27,1,1104,expanded_post3day_v2,sorted_icao_repeating_3train_1validation_1test_v1
A66DEA,test,201,2,1105,expanded_post3day_v2,sorted_icao_repeating_3train_1validation_1test_v1
A66E03,train,426,1,1106,expanded_post3day_v2,sorted_icao_repeating_3train_1validation_1test_v1
A67050,train,153,1,1107,expanded_post3day_v2,sorted_icao_repeating_3train_1validation_1test_v1
A674AA,train,223,1,1108,expanded_post3day_v2,sorted_icao_repeating_3train_1validation_1test_v1
A67B75,validation,180,2,1109,expanded_post3day_v2,sorted_icao_repeating_3train_1validation_1test_v1
A67BD3,test,9,1,1110,expanded_post3day_v2,sorted_icao_repeating_3train_1validation_1test_v1
A67C3A,train,1,1,1111,expanded_post3day_v2,sorted_icao_repeating_3train_1validation_1test_v1
A67F81,train,928,4,1112,expanded_post3day_v2,sorted_icao_repeating_3train_1validation_1test_v1
A68103,train,396,2,1113,expanded_post3day_v2,sorted_icao_repeating_3train_1validation_1test_v1
A683A8,validation,523,2,1114,expanded_post3day_v2,sorted_icao_repeating_3train_1validation_1test_v1
A6870A,test,71,1,1115,expanded_post3day_v2,sorted_icao_repeating_3train_1validation_1test_v1
A6893C,train,29,1,1116,expanded_post3day_v2,sorted_icao_repeating_3train_1validation_1test_v1
A689D2,train,137,2,1117,expanded_post3day_v2,sorted_icao_repeating_3train_1validation_1test_v1
A68CD7,train,2,1,1118,expanded_post3day_v2,sorted_icao_repeating_3train_1validation_1test_v1
A68D02,validation,243,1,1119,expanded_post3day_v2,sorted_icao_repeating_3train_1validation_1test_v1
A68D82,test,120,1,1120,expanded_post3day_v2,sorted_icao_repeating_3train_1validation_1test_v1
A690A8,train,32,1,1121,expanded_post3day_v2,sorted_icao_repeating_3train_1validation_1test_v1
A697FD,train,37,1,1122,expanded_post3day_v2,sorted_icao_repeating_3train_1validation_1test_v1
A69821,train,82,1,1123,expanded_post3day_v2,sorted_icao_repeating_3train_1validation_1test_v1
A69BCD,validation,2,1,1124,expanded_post3day_v2,sorted_icao_repeating_3train_1validation_1test_v1
A69BD9,test,195,1,1125,expanded_post3day_v2,sorted_icao_repeating_3train_1validation_1test_v1
A69C14,train,6,1,1126,expanded_post3day_v2,sorted_icao_repeating_3train_1validation_1test_v1
A69D77,train,17,1,1127,expanded_post3day_v2,sorted_icao_repeating_3train_1validation_1test_v1
A69D78,train,81,1,1128,expanded_post3day_v2,sorted_icao_repeating_3train_1validation_1test_v1
A69F3A,validation,264,2,1129,expanded_post3day_v2,sorted_icao_repeating_3train_1validation_1test_v1
A69F88,test,135,1,1130,expanded_post3day_v2,sorted_icao_repeating_3train_1validation_1test_v1
A6A00B,train,2,1,1131,expanded_post3day_v2,sorted_icao_repeating_3train_1validation_1test_v1
A6A1C0,train,34,1,1132,expanded_post3day_v2,sorted_icao_repeating_3train_1validation_1test_v1
A6A6F3,train,49,1,1133,expanded_post3day_v2,sorted_icao_repeating_3train_1validation_1test_v1
A6A7EB,validation,45,1,1134,expanded_post3day_v2,sorted_icao_repeating_3train_1validation_1test_v1
A6AA7F,test,337,1,1135,expanded_post3day_v2,sorted_icao_repeating_3train_1validation_1test_v1
A6AAA1,train,23,1,1136,expanded_post3day_v2,sorted_icao_repeating_3train_1validation_1test_v1
A6AABA,train,150,1,1137,expanded_post3day_v2,sorted_icao_repeating_3train_1validation_1test_v1
A6B0BD,train,373,2,1138,expanded_post3day_v2,sorted_icao_repeating_3train_1validation_1test_v1
A6B4F7,validation,159,1,1139,expanded_post3day_v2,sorted_icao_repeating_3train_1validation_1test_v1
A6B810,test,1,1,1140,expanded_post3day_v2,sorted_icao_repeating_3train_1validation_1test_v1
A6B833,train,1,1,1141,expanded_post3day_v2,sorted_icao_repeating_3train_1validation_1test_v1
A6BA85,train,264,1,1142,expanded_post3day_v2,sorted_icao_repeating_3train_1validation_1test_v1
A6BF2C,train,238,1,1143,expanded_post3day_v2,sorted_icao_repeating_3train_1validation_1test_v1
A6C013,validation,495,2,1144,expanded_post3day_v2,sorted_icao_repeating_3train_1validation_1test_v1
A6C358,test,144,1,1145,expanded_post3day_v2,sorted_icao_repeating_3train_1validation_1test_v1
A6C66D,train,122,4,1146,expanded_post3day_v2,sorted_icao_repeating_3train_1validation_1test_v1
A6C781,train,147,2,1147,expanded_post3day_v2,sorted_icao_repeating_3train_1validation_1test_v1
A6CB01,train,147,3,1148,expanded_post3day_v2,sorted_icao_repeating_3train_1validation_1test_v1
A6CC45,validation,34,1,1149,expanded_post3day_v2,sorted_icao_repeating_3train_1validation_1test_v1
A6CE36,test,66,1,1150,expanded_post3day_v2,sorted_icao_repeating_3train_1validation_1test_v1
A6D26F,train,307,1,1151,expanded_post3day_v2,sorted_icao_repeating_3train_1validation_1test_v1
A6D87F,train,28,1,1152,expanded_post3day_v2,sorted_icao_repeating_3train_1validation_1test_v1
A6DFBF,train,66,1,1153,expanded_post3day_v2,sorted_icao_repeating_3train_1validation_1test_v1
A6E361,validation,494,3,1154,expanded_post3day_v2,sorted_icao_repeating_3train_1validation_1test_v1
A6E480,test,61,1,1155,expanded_post3day_v2,sorted_icao_repeating_3train_1validation_1test_v1
A6E48B,train,410,1,1156,expanded_post3day_v2,sorted_icao_repeating_3train_1validation_1test_v1
A6E89F,train,55,1,1157,expanded_post3day_v2,sorted_icao_repeating_3train_1validation_1test_v1
A6F00D,train,135,1,1158,expanded_post3day_v2,sorted_icao_repeating_3train_1validation_1test_v1
A6F367,validation,5,1,1159,expanded_post3day_v2,sorted_icao_repeating_3train_1validation_1test_v1
A6F5FC,test,1575,4,1160,expanded_post3day_v2,sorted_icao_repeating_3train_1validation_1test_v1
A6FEAD,train,45,1,1161,expanded_post3day_v2,sorted_icao_repeating_3train_1validation_1test_v1
A6FFFE,train,241,1,1162,expanded_post3day_v2,sorted_icao_repeating_3train_1validation_1test_v1
A70108,train,124,1,1163,expanded_post3day_v2,sorted_icao_repeating_3train_1validation_1test_v1
A70326,validation,242,2,1164,expanded_post3day_v2,sorted_icao_repeating_3train_1validation_1test_v1
A704BF,test,3,1,1165,expanded_post3day_v2,sorted_icao_repeating_3train_1validation_1test_v1
A707A3,train,1,1,1166,expanded_post3day_v2,sorted_icao_repeating_3train_1validation_1test_v1
A70F11,train,93,1,1167,expanded_post3day_v2,sorted_icao_repeating_3train_1validation_1test_v1
A70F80,train,171,1,1168,expanded_post3day_v2,sorted_icao_repeating_3train_1validation_1test_v1
A70F88,validation,295,1,1169,expanded_post3day_v2,sorted_icao_repeating_3train_1validation_1test_v1
A7101E,test,452,1,1170,expanded_post3day_v2,sorted_icao_repeating_3train_1validation_1test_v1
A71291,train,210,1,1171,expanded_post3day_v2,sorted_icao_repeating_3train_1validation_1test_v1
A715BB,train,299,2,1172,expanded_post3day_v2,sorted_icao_repeating_3train_1validation_1test_v1
A7167F,train,536,3,1173,expanded_post3day_v2,sorted_icao_repeating_3train_1validation_1test_v1
A7178C,validation,190,1,1174,expanded_post3day_v2,sorted_icao_repeating_3train_1validation_1test_v1
A717B6,test,186,1,1175,expanded_post3day_v2,sorted_icao_repeating_3train_1validation_1test_v1
A71EFA,train,148,1,1176,expanded_post3day_v2,sorted_icao_repeating_3train_1validation_1test_v1
A72213,train,11,1,1177,expanded_post3day_v2,sorted_icao_repeating_3train_1validation_1test_v1
A724E3,train,679,2,1178,expanded_post3day_v2,sorted_icao_repeating_3train_1validation_1test_v1
A724E7,validation,558,2,1179,expanded_post3day_v2,sorted_icao_repeating_3train_1validation_1test_v1
A72567,test,195,2,1180,expanded_post3day_v2,sorted_icao_repeating_3train_1validation_1test_v1
A72BDA,train,279,2,1181,expanded_post3day_v2,sorted_icao_repeating_3train_1validation_1test_v1
A72C78,train,4,1,1182,expanded_post3day_v2,sorted_icao_repeating_3train_1validation_1test_v1
A7302F,train,203,1,1183,expanded_post3day_v2,sorted_icao_repeating_3train_1validation_1test_v1
A7337E,validation,138,1,1184,expanded_post3day_v2,sorted_icao_repeating_3train_1validation_1test_v1
A7388A,test,19,1,1185,expanded_post3day_v2,sorted_icao_repeating_3train_1validation_1test_v1
A73A3E,train,46,1,1186,expanded_post3day_v2,sorted_icao_repeating_3train_1validation_1test_v1
A74535,train,24,2,1187,expanded_post3day_v2,sorted_icao_repeating_3train_1validation_1test_v1
A7456C,train,99,1,1188,expanded_post3day_v2,sorted_icao_repeating_3train_1validation_1test_v1
A74611,validation,719,2,1189,expanded_post3day_v2,sorted_icao_repeating_3train_1validation_1test_v1
A74923,test,50,1,1190,expanded_post3day_v2,sorted_icao_repeating_3train_1validation_1test_v1
A749C8,train,5,1,1191,expanded_post3day_v2,sorted_icao_repeating_3train_1validation_1test_v1
A74FA2,train,312,1,1192,expanded_post3day_v2,sorted_icao_repeating_3train_1validation_1test_v1
A75103,train,522,4,1193,expanded_post3day_v2,sorted_icao_repeating_3train_1validation_1test_v1
A754B5,validation,82,1,1194,expanded_post3day_v2,sorted_icao_repeating_3train_1validation_1test_v1
A7563A,test,306,1,1195,expanded_post3day_v2,sorted_icao_repeating_3train_1validation_1test_v1
A7566A,train,53,1,1196,expanded_post3day_v2,sorted_icao_repeating_3train_1validation_1test_v1
A757AE,train,23,1,1197,expanded_post3day_v2,sorted_icao_repeating_3train_1validation_1test_v1
A7608E,train,342,1,1198,expanded_post3day_v2,sorted_icao_repeating_3train_1validation_1test_v1
A76154,validation,523,2,1199,expanded_post3day_v2,sorted_icao_repeating_3train_1validation_1test_v1
A763EC,test,49,1,1200,expanded_post3day_v2,sorted_icao_repeating_3train_1validation_1test_v1
A7668A,train,150,2,1201,expanded_post3day_v2,sorted_icao_repeating_3train_1validation_1test_v1
A76C79,train,1157,5,1202,expanded_post3day_v2,sorted_icao_repeating_3train_1validation_1test_v1
A77147,train,514,1,1203,expanded_post3day_v2,sorted_icao_repeating_3train_1validation_1test_v1
A771AF,validation,3,1,1204,expanded_post3day_v2,sorted_icao_repeating_3train_1validation_1test_v1
A77B76,test,6,1,1205,expanded_post3day_v2,sorted_icao_repeating_3train_1validation_1test_v1
A77EC5,train,86,2,1206,expanded_post3day_v2,sorted_icao_repeating_3train_1validation_1test_v1
A78922,train,211,1,1207,expanded_post3day_v2,sorted_icao_repeating_3train_1validation_1test_v1
A78BF4,train,348,2,1208,expanded_post3day_v2,sorted_icao_repeating_3train_1validation_1test_v1
A78C8F,validation,731,4,1209,expanded_post3day_v2,sorted_icao_repeating_3train_1validation_1test_v1
A78E09,test,447,1,1210,expanded_post3day_v2,sorted_icao_repeating_3train_1validation_1test_v1
A7907C,train,28,1,1211,expanded_post3day_v2,sorted_icao_repeating_3train_1validation_1test_v1
A790B3,train,84,1,1212,expanded_post3day_v2,sorted_icao_repeating_3train_1validation_1test_v1
A797B4,train,40,1,1213,expanded_post3day_v2,sorted_icao_repeating_3train_1validation_1test_v1
A79BE7,validation,44,1,1214,expanded_post3day_v2,sorted_icao_repeating_3train_1validation_1test_v1
A79C55,test,480,4,1215,expanded_post3day_v2,sorted_icao_repeating_3train_1validation_1test_v1
A7A08A,train,131,1,1216,expanded_post3day_v2,sorted_icao_repeating_3train_1validation_1test_v1
A7A17B,train,1509,6,1217,expanded_post3day_v2,sorted_icao_repeating_3train_1validation_1test_v1
A7A257,train,164,1,1218,expanded_post3day_v2,sorted_icao_repeating_3train_1validation_1test_v1
A7A532,validation,388,2,1219,expanded_post3day_v2,sorted_icao_repeating_3train_1validation_1test_v1
A7B08D,test,566,3,1220,expanded_post3day_v2,sorted_icao_repeating_3train_1validation_1test_v1
A7B0CE,train,325,1,1221,expanded_post3day_v2,sorted_icao_repeating_3train_1validation_1test_v1
A7B133,train,262,2,1222,expanded_post3day_v2,sorted_icao_repeating_3train_1validation_1test_v1
A7B433,train,28,1,1223,expanded_post3day_v2,sorted_icao_repeating_3train_1validation_1test_v1
A7B551,validation,13,1,1224,expanded_post3day_v2,sorted_icao_repeating_3train_1validation_1test_v1
A7BBE9,test,496,5,1225,expanded_post3day_v2,sorted_icao_repeating_3train_1validation_1test_v1
A7BF22,train,25,1,1226,expanded_post3day_v2,sorted_icao_repeating_3train_1validation_1test_v1
A7BF69,train,172,3,1227,expanded_post3day_v2,sorted_icao_repeating_3train_1validation_1test_v1
A7BFA0,train,143,1,1228,expanded_post3day_v2,sorted_icao_repeating_3train_1validation_1test_v1
A7C4EF,validation,6,1,1229,expanded_post3day_v2,sorted_icao_repeating_3train_1validation_1test_v1
A7C850,test,731,3,1230,expanded_post3day_v2,sorted_icao_repeating_3train_1validation_1test_v1
A7D32E,train,219,1,1231,expanded_post3day_v2,sorted_icao_repeating_3train_1validation_1test_v1
A7D598,train,623,1,1232,expanded_post3day_v2,sorted_icao_repeating_3train_1validation_1test_v1
A7D754,train,142,2,1233,expanded_post3day_v2,sorted_icao_repeating_3train_1validation_1test_v1
A7D9FC,validation,180,1,1234,expanded_post3day_v2,sorted_icao_repeating_3train_1validation_1test_v1
A7DDCD,test,180,1,1235,expanded_post3day_v2,sorted_icao_repeating_3train_1validation_1test_v1
A7DDE1,train,1120,3,1236,expanded_post3day_v2,sorted_icao_repeating_3train_1validation_1test_v1
A7DE93,train,39,1,1237,expanded_post3day_v2,sorted_icao_repeating_3train_1validation_1test_v1
A7DEF8,train,372,1,1238,expanded_post3day_v2,sorted_icao_repeating_3train_1validation_1test_v1
A7E1C2,validation,437,2,1239,expanded_post3day_v2,sorted_icao_repeating_3train_1validation_1test_v1
A7F08E,test,6,1,1240,expanded_post3day_v2,sorted_icao_repeating_3train_1validation_1test_v1
A7F79B,train,28,2,1241,expanded_post3day_v2,sorted_icao_repeating_3train_1validation_1test_v1
A7FA3B,train,938,6,1242,expanded_post3day_v2,sorted_icao_repeating_3train_1validation_1test_v1
A7FA3E,train,3,1,1243,expanded_post3day_v2,sorted_icao_repeating_3train_1validation_1test_v1
A7FDD5,validation,111,2,1244,expanded_post3day_v2,sorted_icao_repeating_3train_1validation_1test_v1
A7FE2D,test,201,2,1245,expanded_post3day_v2,sorted_icao_repeating_3train_1validation_1test_v1
A7FF92,train,4,1,1246,expanded_post3day_v2,sorted_icao_repeating_3train_1validation_1test_v1
A804FE,train,51,1,1247,expanded_post3day_v2,sorted_icao_repeating_3train_1validation_1test_v1
A8059B,train,151,1,1248,expanded_post3day_v2,sorted_icao_repeating_3train_1validation_1test_v1
A805F0,validation,37,1,1249,expanded_post3day_v2,sorted_icao_repeating_3train_1validation_1test_v1
A808F3,test,93,1,1250,expanded_post3day_v2,sorted_icao_repeating_3train_1validation_1test_v1
A8092E,train,1001,5,1251,expanded_post3day_v2,sorted_icao_repeating_3train_1validation_1test_v1
A80939,train,2090,11,1252,expanded_post3day_v2,sorted_icao_repeating_3train_1validation_1test_v1
A809E7,train,455,2,1253,expanded_post3day_v2,sorted_icao_repeating_3train_1validation_1test_v1
A80A7C,validation,7,1,1254,expanded_post3day_v2,sorted_icao_repeating_3train_1validation_1test_v1
A81467,test,73,1,1255,expanded_post3day_v2,sorted_icao_repeating_3train_1validation_1test_v1
A81990,train,29,1,1256,expanded_post3day_v2,sorted_icao_repeating_3train_1validation_1test_v1
A81A78,train,220,1,1257,expanded_post3day_v2,sorted_icao_repeating_3train_1validation_1test_v1
A8222C,train,23,1,1258,expanded_post3day_v2,sorted_icao_repeating_3train_1validation_1test_v1
A8259B,validation,311,1,1259,expanded_post3day_v2,sorted_icao_repeating_3train_1validation_1test_v1
A8271B,test,149,1,1260,expanded_post3day_v2,sorted_icao_repeating_3train_1validation_1test_v1
A827AC,train,1369,2,1261,expanded_post3day_v2,sorted_icao_repeating_3train_1validation_1test_v1
A82AA0,train,103,1,1262,expanded_post3day_v2,sorted_icao_repeating_3train_1validation_1test_v1
A837A6,train,54,1,1263,expanded_post3day_v2,sorted_icao_repeating_3train_1validation_1test_v1
A837A7,validation,45,1,1264,expanded_post3day_v2,sorted_icao_repeating_3train_1validation_1test_v1
A83C4F,test,126,1,1265,expanded_post3day_v2,sorted_icao_repeating_3train_1validation_1test_v1
A84177,train,1195,2,1266,expanded_post3day_v2,sorted_icao_repeating_3train_1validation_1test_v1
A851E0,train,16,1,1267,expanded_post3day_v2,sorted_icao_repeating_3train_1validation_1test_v1
A8540B,train,448,1,1268,expanded_post3day_v2,sorted_icao_repeating_3train_1validation_1test_v1
A85887,validation,3,1,1269,expanded_post3day_v2,sorted_icao_repeating_3train_1validation_1test_v1
A85D14,test,560,3,1270,expanded_post3day_v2,sorted_icao_repeating_3train_1validation_1test_v1
A85FF5,train,264,1,1271,expanded_post3day_v2,sorted_icao_repeating_3train_1validation_1test_v1
A862F2,train,384,2,1272,expanded_post3day_v2,sorted_icao_repeating_3train_1validation_1test_v1
A86558,train,139,1,1273,expanded_post3day_v2,sorted_icao_repeating_3train_1validation_1test_v1
A866AA,validation,16,1,1274,expanded_post3day_v2,sorted_icao_repeating_3train_1validation_1test_v1
A869BC,test,444,2,1275,expanded_post3day_v2,sorted_icao_repeating_3train_1validation_1test_v1
A86A2B,train,364,1,1276,expanded_post3day_v2,sorted_icao_repeating_3train_1validation_1test_v1
A8712A,train,31,2,1277,expanded_post3day_v2,sorted_icao_repeating_3train_1validation_1test_v1
A87318,train,45,1,1278,expanded_post3day_v2,sorted_icao_repeating_3train_1validation_1test_v1
A874E1,validation,285,2,1279,expanded_post3day_v2,sorted_icao_repeating_3train_1validation_1test_v1
A875DA,test,30,1,1280,expanded_post3day_v2,sorted_icao_repeating_3train_1validation_1test_v1
A877D3,train,80,2,1281,expanded_post3day_v2,sorted_icao_repeating_3train_1validation_1test_v1
A87898,train,507,2,1282,expanded_post3day_v2,sorted_icao_repeating_3train_1validation_1test_v1
A87907,train,129,1,1283,expanded_post3day_v2,sorted_icao_repeating_3train_1validation_1test_v1
A87C4F,validation,246,1,1284,expanded_post3day_v2,sorted_icao_repeating_3train_1validation_1test_v1
A87C53,test,534,1,1285,expanded_post3day_v2,sorted_icao_repeating_3train_1validation_1test_v1
A880FF,train,368,2,1286,expanded_post3day_v2,sorted_icao_repeating_3train_1validation_1test_v1
A883BD,train,187,2,1287,expanded_post3day_v2,sorted_icao_repeating_3train_1validation_1test_v1
A8847F,train,243,2,1288,expanded_post3day_v2,sorted_icao_repeating_3train_1validation_1test_v1
A88700,validation,229,2,1289,expanded_post3day_v2,sorted_icao_repeating_3train_1validation_1test_v1
A88774,test,388,1,1290,expanded_post3day_v2,sorted_icao_repeating_3train_1validation_1test_v1
A88CCF,train,119,1,1291,expanded_post3day_v2,sorted_icao_repeating_3train_1validation_1test_v1
A88E8A,train,7,1,1292,expanded_post3day_v2,sorted_icao_repeating_3train_1validation_1test_v1
A88EFB,train,33,1,1293,expanded_post3day_v2,sorted_icao_repeating_3train_1validation_1test_v1
A89234,validation,130,2,1294,expanded_post3day_v2,sorted_icao_repeating_3train_1validation_1test_v1
A89597,test,152,1,1295,expanded_post3day_v2,sorted_icao_repeating_3train_1validation_1test_v1
A895EB,train,358,3,1296,expanded_post3day_v2,sorted_icao_repeating_3train_1validation_1test_v1
A8994E,train,63,1,1297,expanded_post3day_v2,sorted_icao_repeating_3train_1validation_1test_v1
A8996B,train,241,1,1298,expanded_post3day_v2,sorted_icao_repeating_3train_1validation_1test_v1
A899A2,validation,32,1,1299,expanded_post3day_v2,sorted_icao_repeating_3train_1validation_1test_v1
A8A099,test,366,1,1300,expanded_post3day_v2,sorted_icao_repeating_3train_1validation_1test_v1
A8A748,train,11,1,1301,expanded_post3day_v2,sorted_icao_repeating_3train_1validation_1test_v1
A8A785,train,8,1,1302,expanded_post3day_v2,sorted_icao_repeating_3train_1validation_1test_v1
A8A88B,train,185,1,1303,expanded_post3day_v2,sorted_icao_repeating_3train_1validation_1test_v1
A8AA77,validation,315,1,1304,expanded_post3day_v2,sorted_icao_repeating_3train_1validation_1test_v1
A8AA87,test,335,1,1305,expanded_post3day_v2,sorted_icao_repeating_3train_1validation_1test_v1
A8AC35,train,241,3,1306,expanded_post3day_v2,sorted_icao_repeating_3train_1validation_1test_v1
A8AD4E,train,123,1,1307,expanded_post3day_v2,sorted_icao_repeating_3train_1validation_1test_v1
A8AE2E,train,61,1,1308,expanded_post3day_v2,sorted_icao_repeating_3train_1validation_1test_v1
A8B23F,validation,45,2,1309,expanded_post3day_v2,sorted_icao_repeating_3train_1validation_1test_v1
A8B476,test,408,2,1310,expanded_post3day_v2,sorted_icao_repeating_3train_1validation_1test_v1
A8B760,train,209,1,1311,expanded_post3day_v2,sorted_icao_repeating_3train_1validation_1test_v1
A8B9B3,train,126,1,1312,expanded_post3day_v2,sorted_icao_repeating_3train_1validation_1test_v1
A8BF6E,train,68,2,1313,expanded_post3day_v2,sorted_icao_repeating_3train_1validation_1test_v1
A8C121,validation,448,3,1314,expanded_post3day_v2,sorted_icao_repeating_3train_1validation_1test_v1
A8C88F,test,195,2,1315,expanded_post3day_v2,sorted_icao_repeating_3train_1validation_1test_v1
A8C89C,train,7,1,1316,expanded_post3day_v2,sorted_icao_repeating_3train_1validation_1test_v1
A8CC46,train,587,3,1317,expanded_post3day_v2,sorted_icao_repeating_3train_1validation_1test_v1
A8CFA9,train,18,1,1318,expanded_post3day_v2,sorted_icao_repeating_3train_1validation_1test_v1
A8CFFD,validation,26,1,1319,expanded_post3day_v2,sorted_icao_repeating_3train_1validation_1test_v1
A8D465,test,96,2,1320,expanded_post3day_v2,sorted_icao_repeating_3train_1validation_1test_v1
A8D4AD,train,66,1,1321,expanded_post3day_v2,sorted_icao_repeating_3train_1validation_1test_v1
A8D6BD,train,17,1,1322,expanded_post3day_v2,sorted_icao_repeating_3train_1validation_1test_v1
A8DB09,train,505,1,1323,expanded_post3day_v2,sorted_icao_repeating_3train_1validation_1test_v1
A8DC45,validation,159,1,1324,expanded_post3day_v2,sorted_icao_repeating_3train_1validation_1test_v1
A8DEE0,test,336,4,1325,expanded_post3day_v2,sorted_icao_repeating_3train_1validation_1test_v1
A8E132,train,236,1,1326,expanded_post3day_v2,sorted_icao_repeating_3train_1validation_1test_v1
A8E24D,train,203,1,1327,expanded_post3day_v2,sorted_icao_repeating_3train_1validation_1test_v1
A8E4E9,train,212,2,1328,expanded_post3day_v2,sorted_icao_repeating_3train_1validation_1test_v1
A8E6E2,validation,226,1,1329,expanded_post3day_v2,sorted_icao_repeating_3train_1validation_1test_v1
A8EC57,test,297,3,1330,expanded_post3day_v2,sorted_icao_repeating_3train_1validation_1test_v1
A8EFBA,train,313,3,1331,expanded_post3day_v2,sorted_icao_repeating_3train_1validation_1test_v1
A8F00E,train,355,4,1332,expanded_post3day_v2,sorted_icao_repeating_3train_1validation_1test_v1
A8F0BD,train,211,1,1333,expanded_post3day_v2,sorted_icao_repeating_3train_1validation_1test_v1
A8F371,validation,2,1,1334,expanded_post3day_v2,sorted_icao_repeating_3train_1validation_1test_v1
A8F3C5,test,127,1,1335,expanded_post3day_v2,sorted_icao_repeating_3train_1validation_1test_v1
A8FA3F,train,88,1,1336,expanded_post3day_v2,sorted_icao_repeating_3train_1validation_1test_v1
A8FBF7,train,1036,2,1337,expanded_post3day_v2,sorted_icao_repeating_3train_1validation_1test_v1
A8FE96,train,5,1,1338,expanded_post3day_v2,sorted_icao_repeating_3train_1validation_1test_v1
A90356,validation,148,1,1339,expanded_post3day_v2,sorted_icao_repeating_3train_1validation_1test_v1
A90419,test,4,1,1340,expanded_post3day_v2,sorted_icao_repeating_3train_1validation_1test_v1
A90821,train,15,2,1341,expanded_post3day_v2,sorted_icao_repeating_3train_1validation_1test_v1
A909B8,train,300,2,1342,expanded_post3day_v2,sorted_icao_repeating_3train_1validation_1test_v1
A90AF0,train,182,1,1343,expanded_post3day_v2,sorted_icao_repeating_3train_1validation_1test_v1
A90E61,validation,510,2,1344,expanded_post3day_v2,sorted_icao_repeating_3train_1validation_1test_v1
A9179A,test,333,2,1345,expanded_post3day_v2,sorted_icao_repeating_3train_1validation_1test_v1
A91986,train,42,1,1346,expanded_post3day_v2,sorted_icao_repeating_3train_1validation_1test_v1
A91C28,train,243,2,1347,expanded_post3day_v2,sorted_icao_repeating_3train_1validation_1test_v1
A92043,train,223,2,1348,expanded_post3day_v2,sorted_icao_repeating_3train_1validation_1test_v1
A920DB,validation,684,4,1349,expanded_post3day_v2,sorted_icao_repeating_3train_1validation_1test_v1
A92123,test,147,2,1350,expanded_post3day_v2,sorted_icao_repeating_3train_1validation_1test_v1
A92203,train,523,1,1351,expanded_post3day_v2,sorted_icao_repeating_3train_1validation_1test_v1
A92237,train,372,2,1352,expanded_post3day_v2,sorted_icao_repeating_3train_1validation_1test_v1
A92384,train,187,1,1353,expanded_post3day_v2,sorted_icao_repeating_3train_1validation_1test_v1
A923CF,validation,666,2,1354,expanded_post3day_v2,sorted_icao_repeating_3train_1validation_1test_v1
A924FC,test,85,1,1355,expanded_post3day_v2,sorted_icao_repeating_3train_1validation_1test_v1
A92650,train,257,1,1356,expanded_post3day_v2,sorted_icao_repeating_3train_1validation_1test_v1
A92DFC,train,124,1,1357,expanded_post3day_v2,sorted_icao_repeating_3train_1validation_1test_v1
A930CE,train,346,6,1358,expanded_post3day_v2,sorted_icao_repeating_3train_1validation_1test_v1
A935E0,validation,49,2,1359,expanded_post3day_v2,sorted_icao_repeating_3train_1validation_1test_v1
A9378A,test,368,1,1360,expanded_post3day_v2,sorted_icao_repeating_3train_1validation_1test_v1
A93EB8,train,14,1,1361,expanded_post3day_v2,sorted_icao_repeating_3train_1validation_1test_v1
A94B08,train,26,1,1362,expanded_post3day_v2,sorted_icao_repeating_3train_1validation_1test_v1
A94B0B,train,4,1,1363,expanded_post3day_v2,sorted_icao_repeating_3train_1validation_1test_v1
A94B51,validation,21,1,1364,expanded_post3day_v2,sorted_icao_repeating_3train_1validation_1test_v1
A94B72,test,747,2,1365,expanded_post3day_v2,sorted_icao_repeating_3train_1validation_1test_v1
A95528,train,122,1,1366,expanded_post3day_v2,sorted_icao_repeating_3train_1validation_1test_v1
A95580,train,88,1,1367,expanded_post3day_v2,sorted_icao_repeating_3train_1validation_1test_v1
A95D00,train,37,1,1368,expanded_post3day_v2,sorted_icao_repeating_3train_1validation_1test_v1
A9618A,validation,171,1,1369,expanded_post3day_v2,sorted_icao_repeating_3train_1validation_1test_v1
A96AE3,test,68,1,1370,expanded_post3day_v2,sorted_icao_repeating_3train_1validation_1test_v1
A96B0B,train,189,4,1371,expanded_post3day_v2,sorted_icao_repeating_3train_1validation_1test_v1
A96ED7,train,34,1,1372,expanded_post3day_v2,sorted_icao_repeating_3train_1validation_1test_v1
A96F5E,train,1,1,1373,expanded_post3day_v2,sorted_icao_repeating_3train_1validation_1test_v1
A9704D,validation,475,3,1374,expanded_post3day_v2,sorted_icao_repeating_3train_1validation_1test_v1
A9741D,test,279,4,1375,expanded_post3day_v2,sorted_icao_repeating_3train_1validation_1test_v1
A977D4,train,18,1,1376,expanded_post3day_v2,sorted_icao_repeating_3train_1validation_1test_v1
A979EE,train,78,1,1377,expanded_post3day_v2,sorted_icao_repeating_3train_1validation_1test_v1
A97D63,train,159,1,1378,expanded_post3day_v2,sorted_icao_repeating_3train_1validation_1test_v1
A98382,validation,533,1,1379,expanded_post3day_v2,sorted_icao_repeating_3train_1validation_1test_v1
A98445,test,391,2,1380,expanded_post3day_v2,sorted_icao_repeating_3train_1validation_1test_v1
A98539,train,566,3,1381,expanded_post3day_v2,sorted_icao_repeating_3train_1validation_1test_v1
A98EA6,train,160,1,1382,expanded_post3day_v2,sorted_icao_repeating_3train_1validation_1test_v1
A98EE0,train,343,5,1383,expanded_post3day_v2,sorted_icao_repeating_3train_1validation_1test_v1
A98F6A,validation,315,1,1384,expanded_post3day_v2,sorted_icao_repeating_3train_1validation_1test_v1
A995F0,test,27,1,1385,expanded_post3day_v2,sorted_icao_repeating_3train_1validation_1test_v1
A9961B,train,204,1,1386,expanded_post3day_v2,sorted_icao_repeating_3train_1validation_1test_v1
A997CC,train,1181,3,1387,expanded_post3day_v2,sorted_icao_repeating_3train_1validation_1test_v1
A997E5,train,156,1,1388,expanded_post3day_v2,sorted_icao_repeating_3train_1validation_1test_v1
A99B83,validation,281,1,1389,expanded_post3day_v2,sorted_icao_repeating_3train_1validation_1test_v1
A99DCA,test,222,2,1390,expanded_post3day_v2,sorted_icao_repeating_3train_1validation_1test_v1
A9A54A,train,526,5,1391,expanded_post3day_v2,sorted_icao_repeating_3train_1validation_1test_v1
A9A7DF,train,11,1,1392,expanded_post3day_v2,sorted_icao_repeating_3train_1validation_1test_v1
A9A824,train,84,1,1393,expanded_post3day_v2,sorted_icao_repeating_3train_1validation_1test_v1
A9A901,validation,717,2,1394,expanded_post3day_v2,sorted_icao_repeating_3train_1validation_1test_v1
A9A97F,test,317,1,1395,expanded_post3day_v2,sorted_icao_repeating_3train_1validation_1test_v1
A9A9AA,train,330,2,1396,expanded_post3day_v2,sorted_icao_repeating_3train_1validation_1test_v1
A9AB2D,train,308,4,1397,expanded_post3day_v2,sorted_icao_repeating_3train_1validation_1test_v1
A9B053,train,514,1,1398,expanded_post3day_v2,sorted_icao_repeating_3train_1validation_1test_v1
A9B088,validation,96,1,1399,expanded_post3day_v2,sorted_icao_repeating_3train_1validation_1test_v1
A9B6B9,test,194,1,1400,expanded_post3day_v2,sorted_icao_repeating_3train_1validation_1test_v1
A9BD9A,train,70,1,1401,expanded_post3day_v2,sorted_icao_repeating_3train_1validation_1test_v1
A9BF4B,train,77,1,1402,expanded_post3day_v2,sorted_icao_repeating_3train_1validation_1test_v1
A9BFC9,train,75,1,1403,expanded_post3day_v2,sorted_icao_repeating_3train_1validation_1test_v1
A9C380,validation,253,3,1404,expanded_post3day_v2,sorted_icao_repeating_3train_1validation_1test_v1
A9C506,test,239,1,1405,expanded_post3day_v2,sorted_icao_repeating_3train_1validation_1test_v1
A9C508,train,74,1,1406,expanded_post3day_v2,sorted_icao_repeating_3train_1validation_1test_v1
A9C58E,train,410,2,1407,expanded_post3day_v2,sorted_icao_repeating_3train_1validation_1test_v1
A9C9A5,train,186,1,1408,expanded_post3day_v2,sorted_icao_repeating_3train_1validation_1test_v1
A9CECF,validation,196,2,1409,expanded_post3day_v2,sorted_icao_repeating_3train_1validation_1test_v1
A9D44C,test,249,2,1410,expanded_post3day_v2,sorted_icao_repeating_3train_1validation_1test_v1
A9D4B5,train,18,2,1411,expanded_post3day_v2,sorted_icao_repeating_3train_1validation_1test_v1
A9D730,train,12,1,1412,expanded_post3day_v2,sorted_icao_repeating_3train_1validation_1test_v1
A9D9F2,train,25,1,1413,expanded_post3day_v2,sorted_icao_repeating_3train_1validation_1test_v1
A9DAAC,validation,242,1,1414,expanded_post3day_v2,sorted_icao_repeating_3train_1validation_1test_v1
A9E1BE,test,165,1,1415,expanded_post3day_v2,sorted_icao_repeating_3train_1validation_1test_v1
A9E9EF,train,1,1,1416,expanded_post3day_v2,sorted_icao_repeating_3train_1validation_1test_v1
A9F118,train,43,1,1417,expanded_post3day_v2,sorted_icao_repeating_3train_1validation_1test_v1
A9FA08,train,299,2,1418,expanded_post3day_v2,sorted_icao_repeating_3train_1validation_1test_v1
A9FB4E,validation,190,2,1419,expanded_post3day_v2,sorted_icao_repeating_3train_1validation_1test_v1
A9FDE2,test,297,3,1420,expanded_post3day_v2,sorted_icao_repeating_3train_1validation_1test_v1
A9FF1E,train,136,2,1421,expanded_post3day_v2,sorted_icao_repeating_3train_1validation_1test_v1
A9FF6A,train,46,1,1422,expanded_post3day_v2,sorted_icao_repeating_3train_1validation_1test_v1
AA01E7,train,20,1,1423,expanded_post3day_v2,sorted_icao_repeating_3train_1validation_1test_v1
AA0231,validation,164,1,1424,expanded_post3day_v2,sorted_icao_repeating_3train_1validation_1test_v1
AA02AB,test,278,1,1425,expanded_post3day_v2,sorted_icao_repeating_3train_1validation_1test_v1
AA059E,train,159,1,1426,expanded_post3day_v2,sorted_icao_repeating_3train_1validation_1test_v1
AA099E,train,82,2,1427,expanded_post3day_v2,sorted_icao_repeating_3train_1validation_1test_v1
AA0CA5,train,66,1,1428,expanded_post3day_v2,sorted_icao_repeating_3train_1validation_1test_v1
AA0DFA,validation,176,1,1429,expanded_post3day_v2,sorted_icao_repeating_3train_1validation_1test_v1
AA0E0D,test,3,1,1430,expanded_post3day_v2,sorted_icao_repeating_3train_1validation_1test_v1
AA0E62,train,10,1,1431,expanded_post3day_v2,sorted_icao_repeating_3train_1validation_1test_v1
AA1219,train,64,1,1432,expanded_post3day_v2,sorted_icao_repeating_3train_1validation_1test_v1
AA1635,train,120,1,1433,expanded_post3day_v2,sorted_icao_repeating_3train_1validation_1test_v1
AA1AAB,validation,159,2,1434,expanded_post3day_v2,sorted_icao_repeating_3train_1validation_1test_v1
AA1AEE,test,47,1,1435,expanded_post3day_v2,sorted_icao_repeating_3train_1validation_1test_v1
AA1BAA,train,28,1,1436,expanded_post3day_v2,sorted_icao_repeating_3train_1validation_1test_v1
AA1D79,train,224,1,1437,expanded_post3day_v2,sorted_icao_repeating_3train_1validation_1test_v1
AA1DF3,train,896,5,1438,expanded_post3day_v2,sorted_icao_repeating_3train_1validation_1test_v1
AA1F2F,validation,116,1,1439,expanded_post3day_v2,sorted_icao_repeating_3train_1validation_1test_v1
AA2184,test,51,1,1440,expanded_post3day_v2,sorted_icao_repeating_3train_1validation_1test_v1
AA2250,train,234,2,1441,expanded_post3day_v2,sorted_icao_repeating_3train_1validation_1test_v1
AA23B3,train,13,1,1442,expanded_post3day_v2,sorted_icao_repeating_3train_1validation_1test_v1
AA2674,train,5,1,1443,expanded_post3day_v2,sorted_icao_repeating_3train_1validation_1test_v1
AA2928,validation,168,2,1444,expanded_post3day_v2,sorted_icao_repeating_3train_1validation_1test_v1
AA2BC1,test,459,1,1445,expanded_post3day_v2,sorted_icao_repeating_3train_1validation_1test_v1
AA2BC4,train,245,1,1446,expanded_post3day_v2,sorted_icao_repeating_3train_1validation_1test_v1
AA2CA2,train,220,1,1447,expanded_post3day_v2,sorted_icao_repeating_3train_1validation_1test_v1
AA2CA9,train,193,2,1448,expanded_post3day_v2,sorted_icao_repeating_3train_1validation_1test_v1
AA31AF,validation,842,1,1449,expanded_post3day_v2,sorted_icao_repeating_3train_1validation_1test_v1
AA3646,test,221,1,1450,expanded_post3day_v2,sorted_icao_repeating_3train_1validation_1test_v1
AA3B85,train,319,2,1451,expanded_post3day_v2,sorted_icao_repeating_3train_1validation_1test_v1
AA3F6B,train,50,1,1452,expanded_post3day_v2,sorted_icao_repeating_3train_1validation_1test_v1
AA3FB0,train,435,2,1453,expanded_post3day_v2,sorted_icao_repeating_3train_1validation_1test_v1
AA4252,validation,10,1,1454,expanded_post3day_v2,sorted_icao_repeating_3train_1validation_1test_v1
AA44CD,test,472,2,1455,expanded_post3day_v2,sorted_icao_repeating_3train_1validation_1test_v1
AA4548,train,125,2,1456,expanded_post3day_v2,sorted_icao_repeating_3train_1validation_1test_v1
AA4AC9,train,38,2,1457,expanded_post3day_v2,sorted_icao_repeating_3train_1validation_1test_v1
AA5567,train,74,1,1458,expanded_post3day_v2,sorted_icao_repeating_3train_1validation_1test_v1
AA56DB,validation,161,1,1459,expanded_post3day_v2,sorted_icao_repeating_3train_1validation_1test_v1
AA5A0E,test,128,1,1460,expanded_post3day_v2,sorted_icao_repeating_3train_1validation_1test_v1
AA5B92,train,166,1,1461,expanded_post3day_v2,sorted_icao_repeating_3train_1validation_1test_v1
AA5DC5,train,297,1,1462,expanded_post3day_v2,sorted_icao_repeating_3train_1validation_1test_v1
AA617C,train,79,1,1463,expanded_post3day_v2,sorted_icao_repeating_3train_1validation_1test_v1
AA6735,validation,114,1,1464,expanded_post3day_v2,sorted_icao_repeating_3train_1validation_1test_v1
AA6ADE,test,472,1,1465,expanded_post3day_v2,sorted_icao_repeating_3train_1validation_1test_v1
AA6B7E,train,267,2,1466,expanded_post3day_v2,sorted_icao_repeating_3train_1validation_1test_v1
AA6B9D,train,243,3,1467,expanded_post3day_v2,sorted_icao_repeating_3train_1validation_1test_v1
AA6CCB,train,30,1,1468,expanded_post3day_v2,sorted_icao_repeating_3train_1validation_1test_v1
AA6EFA,validation,67,1,1469,expanded_post3day_v2,sorted_icao_repeating_3train_1validation_1test_v1
AA733B,test,260,1,1470,expanded_post3day_v2,sorted_icao_repeating_3train_1validation_1test_v1
AA739E,train,215,1,1471,expanded_post3day_v2,sorted_icao_repeating_3train_1validation_1test_v1
AA77F0,train,41,1,1472,expanded_post3day_v2,sorted_icao_repeating_3train_1validation_1test_v1
AA7833,train,127,1,1473,expanded_post3day_v2,sorted_icao_repeating_3train_1validation_1test_v1
AA7B10,validation,36,1,1474,expanded_post3day_v2,sorted_icao_repeating_3train_1validation_1test_v1
AA7B78,test,130,1,1475,expanded_post3day_v2,sorted_icao_repeating_3train_1validation_1test_v1
AA7BA7,train,157,1,1476,expanded_post3day_v2,sorted_icao_repeating_3train_1validation_1test_v1
AA7C64,train,11,1,1477,expanded_post3day_v2,sorted_icao_repeating_3train_1validation_1test_v1
AA7EC2,train,99,2,1478,expanded_post3day_v2,sorted_icao_repeating_3train_1validation_1test_v1
AA7EC3,validation,410,2,1479,expanded_post3day_v2,sorted_icao_repeating_3train_1validation_1test_v1
AA7F09,test,245,2,1480,expanded_post3day_v2,sorted_icao_repeating_3train_1validation_1test_v1
AA7F4E,train,448,2,1481,expanded_post3day_v2,sorted_icao_repeating_3train_1validation_1test_v1
AA7F5E,train,64,2,1482,expanded_post3day_v2,sorted_icao_repeating_3train_1validation_1test_v1
AA818D,train,370,2,1483,expanded_post3day_v2,sorted_icao_repeating_3train_1validation_1test_v1
AA870C,validation,3,1,1484,expanded_post3day_v2,sorted_icao_repeating_3train_1validation_1test_v1
AA8CD7,test,482,1,1485,expanded_post3day_v2,sorted_icao_repeating_3train_1validation_1test_v1
AA929C,train,26,1,1486,expanded_post3day_v2,sorted_icao_repeating_3train_1validation_1test_v1
AA92FB,train,11,1,1487,expanded_post3day_v2,sorted_icao_repeating_3train_1validation_1test_v1
AA92FC,train,262,1,1488,expanded_post3day_v2,sorted_icao_repeating_3train_1validation_1test_v1
AA9321,validation,124,1,1489,expanded_post3day_v2,sorted_icao_repeating_3train_1validation_1test_v1
AA9633,test,416,1,1490,expanded_post3day_v2,sorted_icao_repeating_3train_1validation_1test_v1
AA9801,train,15,1,1491,expanded_post3day_v2,sorted_icao_repeating_3train_1validation_1test_v1
AA98CD,train,29,1,1492,expanded_post3day_v2,sorted_icao_repeating_3train_1validation_1test_v1
AA9BB8,train,1,1,1493,expanded_post3day_v2,sorted_icao_repeating_3train_1validation_1test_v1
AA9BC6,validation,33,1,1494,expanded_post3day_v2,sorted_icao_repeating_3train_1validation_1test_v1
AA9DE7,test,245,1,1495,expanded_post3day_v2,sorted_icao_repeating_3train_1validation_1test_v1
AA9F6F,train,193,1,1496,expanded_post3day_v2,sorted_icao_repeating_3train_1validation_1test_v1
AAA125,train,85,1,1497,expanded_post3day_v2,sorted_icao_repeating_3train_1validation_1test_v1
AAA31F,train,751,2,1498,expanded_post3day_v2,sorted_icao_repeating_3train_1validation_1test_v1
AAA34C,validation,773,3,1499,expanded_post3day_v2,sorted_icao_repeating_3train_1validation_1test_v1
AAA403,test,76,1,1500,expanded_post3day_v2,sorted_icao_repeating_3train_1validation_1test_v1
AAAC4A,train,43,1,1501,expanded_post3day_v2,sorted_icao_repeating_3train_1validation_1test_v1
AAAFAD,train,291,1,1502,expanded_post3day_v2,sorted_icao_repeating_3train_1validation_1test_v1
AAB001,train,233,2,1503,expanded_post3day_v2,sorted_icao_repeating_3train_1validation_1test_v1
AAB07A,validation,35,1,1504,expanded_post3day_v2,sorted_icao_repeating_3train_1validation_1test_v1
AAB146,test,7,1,1505,expanded_post3day_v2,sorted_icao_repeating_3train_1validation_1test_v1
AAB169,train,163,1,1506,expanded_post3day_v2,sorted_icao_repeating_3train_1validation_1test_v1
AAB1D2,train,170,1,1507,expanded_post3day_v2,sorted_icao_repeating_3train_1validation_1test_v1
AAB202,train,301,1,1508,expanded_post3day_v2,sorted_icao_repeating_3train_1validation_1test_v1
AAB6AB,validation,21,1,1509,expanded_post3day_v2,sorted_icao_repeating_3train_1validation_1test_v1
AAB886,test,172,1,1510,expanded_post3day_v2,sorted_icao_repeating_3train_1validation_1test_v1
AABA9A,train,193,1,1511,expanded_post3day_v2,sorted_icao_repeating_3train_1validation_1test_v1
AABBC9,train,231,1,1512,expanded_post3day_v2,sorted_icao_repeating_3train_1validation_1test_v1
AABD2B,train,18,1,1513,expanded_post3day_v2,sorted_icao_repeating_3train_1validation_1test_v1
AABF80,validation,26,2,1514,expanded_post3day_v2,sorted_icao_repeating_3train_1validation_1test_v1
AAC0E2,test,33,1,1515,expanded_post3day_v2,sorted_icao_repeating_3train_1validation_1test_v1
AAC1AF,train,74,2,1516,expanded_post3day_v2,sorted_icao_repeating_3train_1validation_1test_v1
AAC7AB,train,243,1,1517,expanded_post3day_v2,sorted_icao_repeating_3train_1validation_1test_v1
AACAA5,train,425,1,1518,expanded_post3day_v2,sorted_icao_repeating_3train_1validation_1test_v1
AACC07,validation,80,1,1519,expanded_post3day_v2,sorted_icao_repeating_3train_1validation_1test_v1
AACC5B,test,663,5,1520,expanded_post3day_v2,sorted_icao_repeating_3train_1validation_1test_v1
AACE5C,train,35,1,1521,expanded_post3day_v2,sorted_icao_repeating_3train_1validation_1test_v1
AAD213,train,139,2,1522,expanded_post3day_v2,sorted_icao_repeating_3train_1validation_1test_v1
AAD2BC,train,1,1,1523,expanded_post3day_v2,sorted_icao_repeating_3train_1validation_1test_v1
AADAE3,validation,841,2,1524,expanded_post3day_v2,sorted_icao_repeating_3train_1validation_1test_v1
AADB37,test,74,1,1525,expanded_post3day_v2,sorted_icao_repeating_3train_1validation_1test_v1
AADFD4,train,7,1,1526,expanded_post3day_v2,sorted_icao_repeating_3train_1validation_1test_v1
AAE391,train,1,1,1527,expanded_post3day_v2,sorted_icao_repeating_3train_1validation_1test_v1
AAE597,train,57,1,1528,expanded_post3day_v2,sorted_icao_repeating_3train_1validation_1test_v1
AAE6CD,validation,320,2,1529,expanded_post3day_v2,sorted_icao_repeating_3train_1validation_1test_v1
AAE6D5,test,17,1,1530,expanded_post3day_v2,sorted_icao_repeating_3train_1validation_1test_v1
AAE73B,train,411,1,1531,expanded_post3day_v2,sorted_icao_repeating_3train_1validation_1test_v1
AAE742,train,855,4,1532,expanded_post3day_v2,sorted_icao_repeating_3train_1validation_1test_v1
AAEA8C,train,178,1,1533,expanded_post3day_v2,sorted_icao_repeating_3train_1validation_1test_v1
AAF253,validation,114,1,1534,expanded_post3day_v2,sorted_icao_repeating_3train_1validation_1test_v1
AAF264,test,34,1,1535,expanded_post3day_v2,sorted_icao_repeating_3train_1validation_1test_v1
AAF558,train,108,1,1536,expanded_post3day_v2,sorted_icao_repeating_3train_1validation_1test_v1
AAF82D,train,480,4,1537,expanded_post3day_v2,sorted_icao_repeating_3train_1validation_1test_v1
AAF83C,train,57,1,1538,expanded_post3day_v2,sorted_icao_repeating_3train_1validation_1test_v1
AAFBF3,validation,22,2,1539,expanded_post3day_v2,sorted_icao_repeating_3train_1validation_1test_v1
AAFC2C,test,25,1,1540,expanded_post3day_v2,sorted_icao_repeating_3train_1validation_1test_v1
AAFCA8,train,212,1,1541,expanded_post3day_v2,sorted_icao_repeating_3train_1validation_1test_v1
AAFCB7,train,376,1,1542,expanded_post3day_v2,sorted_icao_repeating_3train_1validation_1test_v1
AAFFA2,train,63,1,1543,expanded_post3day_v2,sorted_icao_repeating_3train_1validation_1test_v1
AAFFAA,validation,16,1,1544,expanded_post3day_v2,sorted_icao_repeating_3train_1validation_1test_v1
AB034D,test,67,1,1545,expanded_post3day_v2,sorted_icao_repeating_3train_1validation_1test_v1
AB0416,train,436,1,1546,expanded_post3day_v2,sorted_icao_repeating_3train_1validation_1test_v1
AB048D,train,271,3,1547,expanded_post3day_v2,sorted_icao_repeating_3train_1validation_1test_v1
AB05F2,train,1045,4,1548,expanded_post3day_v2,sorted_icao_repeating_3train_1validation_1test_v1
AB077D,validation,158,1,1549,expanded_post3day_v2,sorted_icao_repeating_3train_1validation_1test_v1
AB07A3,test,1,1,1550,expanded_post3day_v2,sorted_icao_repeating_3train_1validation_1test_v1
AB0841,train,122,1,1551,expanded_post3day_v2,sorted_icao_repeating_3train_1validation_1test_v1
AB098A,train,337,1,1552,expanded_post3day_v2,sorted_icao_repeating_3train_1validation_1test_v1
AB0A73,train,28,1,1553,expanded_post3day_v2,sorted_icao_repeating_3train_1validation_1test_v1
AB0E54,validation,148,1,1554,expanded_post3day_v2,sorted_icao_repeating_3train_1validation_1test_v1
AB0ED6,test,419,1,1555,expanded_post3day_v2,sorted_icao_repeating_3train_1validation_1test_v1
AB120A,train,211,1,1556,expanded_post3day_v2,sorted_icao_repeating_3train_1validation_1test_v1
AB15B1,train,36,1,1557,expanded_post3day_v2,sorted_icao_repeating_3train_1validation_1test_v1
AB1971,train,298,1,1558,expanded_post3day_v2,sorted_icao_repeating_3train_1validation_1test_v1
AB1D2F,validation,122,2,1559,expanded_post3day_v2,sorted_icao_repeating_3train_1validation_1test_v1
AB1D30,test,105,2,1560,expanded_post3day_v2,sorted_icao_repeating_3train_1validation_1test_v1
AB21A1,train,811,3,1561,expanded_post3day_v2,sorted_icao_repeating_3train_1validation_1test_v1
AB236A,train,41,1,1562,expanded_post3day_v2,sorted_icao_repeating_3train_1validation_1test_v1
AB251A,train,1,1,1563,expanded_post3day_v2,sorted_icao_repeating_3train_1validation_1test_v1
AB2641,validation,378,2,1564,expanded_post3day_v2,sorted_icao_repeating_3train_1validation_1test_v1
AB271B,test,160,1,1565,expanded_post3day_v2,sorted_icao_repeating_3train_1validation_1test_v1
AB2729,train,44,1,1566,expanded_post3day_v2,sorted_icao_repeating_3train_1validation_1test_v1
AB2752,train,29,1,1567,expanded_post3day_v2,sorted_icao_repeating_3train_1validation_1test_v1
AB299C,train,203,1,1568,expanded_post3day_v2,sorted_icao_repeating_3train_1validation_1test_v1
AB2AD8,validation,5,1,1569,expanded_post3day_v2,sorted_icao_repeating_3train_1validation_1test_v1
AB2C0C,test,8,1,1570,expanded_post3day_v2,sorted_icao_repeating_3train_1validation_1test_v1
AB2C3A,train,265,1,1571,expanded_post3day_v2,sorted_icao_repeating_3train_1validation_1test_v1
AB3014,train,30,1,1572,expanded_post3day_v2,sorted_icao_repeating_3train_1validation_1test_v1
AB31D7,train,70,1,1573,expanded_post3day_v2,sorted_icao_repeating_3train_1validation_1test_v1
AB349E,validation,78,1,1574,expanded_post3day_v2,sorted_icao_repeating_3train_1validation_1test_v1
AB34A7,test,14,1,1575,expanded_post3day_v2,sorted_icao_repeating_3train_1validation_1test_v1
AB35D3,train,88,1,1576,expanded_post3day_v2,sorted_icao_repeating_3train_1validation_1test_v1
AB398A,train,256,2,1577,expanded_post3day_v2,sorted_icao_repeating_3train_1validation_1test_v1
AB399C,train,3,1,1578,expanded_post3day_v2,sorted_icao_repeating_3train_1validation_1test_v1
AB3D41,validation,67,1,1579,expanded_post3day_v2,sorted_icao_repeating_3train_1validation_1test_v1
AB3FC4,test,159,1,1580,expanded_post3day_v2,sorted_icao_repeating_3train_1validation_1test_v1
AB4489,train,121,1,1581,expanded_post3day_v2,sorted_icao_repeating_3train_1validation_1test_v1
AB44AF,train,39,3,1582,expanded_post3day_v2,sorted_icao_repeating_3train_1validation_1test_v1
AB4515,train,174,2,1583,expanded_post3day_v2,sorted_icao_repeating_3train_1validation_1test_v1
AB467E,validation,108,1,1584,expanded_post3day_v2,sorted_icao_repeating_3train_1validation_1test_v1
AB4AE9,test,78,2,1585,expanded_post3day_v2,sorted_icao_repeating_3train_1validation_1test_v1
AB4BF7,train,367,2,1586,expanded_post3day_v2,sorted_icao_repeating_3train_1validation_1test_v1
AB4C1D,train,49,2,1587,expanded_post3day_v2,sorted_icao_repeating_3train_1validation_1test_v1
AB4F5D,train,497,4,1588,expanded_post3day_v2,sorted_icao_repeating_3train_1validation_1test_v1
AB4FAE,validation,238,3,1589,expanded_post3day_v2,sorted_icao_repeating_3train_1validation_1test_v1
AB4FD4,test,18,1,1590,expanded_post3day_v2,sorted_icao_repeating_3train_1validation_1test_v1
AB5024,train,187,1,1591,expanded_post3day_v2,sorted_icao_repeating_3train_1validation_1test_v1
AB503A,train,334,2,1592,expanded_post3day_v2,sorted_icao_repeating_3train_1validation_1test_v1
AB5365,train,100,1,1593,expanded_post3day_v2,sorted_icao_repeating_3train_1validation_1test_v1
AB538B,validation,250,1,1594,expanded_post3day_v2,sorted_icao_repeating_3train_1validation_1test_v1
AB53B9,test,500,2,1595,expanded_post3day_v2,sorted_icao_repeating_3train_1validation_1test_v1
AB53E4,train,343,2,1596,expanded_post3day_v2,sorted_icao_repeating_3train_1validation_1test_v1
AB5689,train,24,1,1597,expanded_post3day_v2,sorted_icao_repeating_3train_1validation_1test_v1
AB5867,train,146,1,1598,expanded_post3day_v2,sorted_icao_repeating_3train_1validation_1test_v1
AB586F,validation,117,1,1599,expanded_post3day_v2,sorted_icao_repeating_3train_1validation_1test_v1
AB5993,test,394,2,1600,expanded_post3day_v2,sorted_icao_repeating_3train_1validation_1test_v1
AB5A01,train,16,1,1601,expanded_post3day_v2,sorted_icao_repeating_3train_1validation_1test_v1
AB5C12,train,26,1,1602,expanded_post3day_v2,sorted_icao_repeating_3train_1validation_1test_v1
AB5D2C,train,53,2,1603,expanded_post3day_v2,sorted_icao_repeating_3train_1validation_1test_v1
AB5D62,validation,3,1,1604,expanded_post3day_v2,sorted_icao_repeating_3train_1validation_1test_v1
AB5FC9,test,6,1,1605,expanded_post3day_v2,sorted_icao_repeating_3train_1validation_1test_v1
AB5FDD,train,175,1,1606,expanded_post3day_v2,sorted_icao_repeating_3train_1validation_1test_v1
AB6116,train,75,1,1607,expanded_post3day_v2,sorted_icao_repeating_3train_1validation_1test_v1
AB62AD,train,14,1,1608,expanded_post3day_v2,sorted_icao_repeating_3train_1validation_1test_v1
AB62F8,validation,172,1,1609,expanded_post3day_v2,sorted_icao_repeating_3train_1validation_1test_v1
AB6519,test,311,1,1610,expanded_post3day_v2,sorted_icao_repeating_3train_1validation_1test_v1
AB6851,train,6,1,1611,expanded_post3day_v2,sorted_icao_repeating_3train_1validation_1test_v1
AB6AFA,train,19,1,1612,expanded_post3day_v2,sorted_icao_repeating_3train_1validation_1test_v1
AB6EA5,train,110,1,1613,expanded_post3day_v2,sorted_icao_repeating_3train_1validation_1test_v1
AB6FBF,validation,119,1,1614,expanded_post3day_v2,sorted_icao_repeating_3train_1validation_1test_v1
AB7013,test,39,1,1615,expanded_post3day_v2,sorted_icao_repeating_3train_1validation_1test_v1
AB7644,train,96,1,1616,expanded_post3day_v2,sorted_icao_repeating_3train_1validation_1test_v1
AB76EB,train,527,1,1617,expanded_post3day_v2,sorted_icao_repeating_3train_1validation_1test_v1
AB7B38,train,18,1,1618,expanded_post3day_v2,sorted_icao_repeating_3train_1validation_1test_v1
AB7D94,validation,161,1,1619,expanded_post3day_v2,sorted_icao_repeating_3train_1validation_1test_v1
AB80F4,test,186,1,1620,expanded_post3day_v2,sorted_icao_repeating_3train_1validation_1test_v1
AB84AB,train,295,2,1621,expanded_post3day_v2,sorted_icao_repeating_3train_1validation_1test_v1
AB88B6,train,19,1,1622,expanded_post3day_v2,sorted_icao_repeating_3train_1validation_1test_v1
AB890A,train,358,1,1623,expanded_post3day_v2,sorted_icao_repeating_3train_1validation_1test_v1
AB8B0B,validation,68,2,1624,expanded_post3day_v2,sorted_icao_repeating_3train_1validation_1test_v1
AB8F36,test,104,1,1625,expanded_post3day_v2,sorted_icao_repeating_3train_1validation_1test_v1
AB8FD0,train,256,1,1626,expanded_post3day_v2,sorted_icao_repeating_3train_1validation_1test_v1
AB8FD4,train,1,1,1627,expanded_post3day_v2,sorted_icao_repeating_3train_1validation_1test_v1
AB8FEE,train,565,2,1628,expanded_post3day_v2,sorted_icao_repeating_3train_1validation_1test_v1
AB9278,validation,165,2,1629,expanded_post3day_v2,sorted_icao_repeating_3train_1validation_1test_v1
AB9345,test,14,1,1630,expanded_post3day_v2,sorted_icao_repeating_3train_1validation_1test_v1
AB9387,train,39,1,1631,expanded_post3day_v2,sorted_icao_repeating_3train_1validation_1test_v1
AB9657,train,1,1,1632,expanded_post3day_v2,sorted_icao_repeating_3train_1validation_1test_v1
AB97CA,train,971,2,1633,expanded_post3day_v2,sorted_icao_repeating_3train_1validation_1test_v1
AB9D9E,validation,30,1,1634,expanded_post3day_v2,sorted_icao_repeating_3train_1validation_1test_v1
AB9F4F,test,187,2,1635,expanded_post3day_v2,sorted_icao_repeating_3train_1validation_1test_v1
ABA155,train,113,1,1636,expanded_post3day_v2,sorted_icao_repeating_3train_1validation_1test_v1
ABA1C9,train,111,1,1637,expanded_post3day_v2,sorted_icao_repeating_3train_1validation_1test_v1
ABA2EF,train,151,1,1638,expanded_post3day_v2,sorted_icao_repeating_3train_1validation_1test_v1
ABA30B,validation,12,1,1639,expanded_post3day_v2,sorted_icao_repeating_3train_1validation_1test_v1
ABA745,test,64,2,1640,expanded_post3day_v2,sorted_icao_repeating_3train_1validation_1test_v1
ABA760,train,80,1,1641,expanded_post3day_v2,sorted_icao_repeating_3train_1validation_1test_v1
ABA93F,train,144,1,1642,expanded_post3day_v2,sorted_icao_repeating_3train_1validation_1test_v1
ABAEB2,train,880,4,1643,expanded_post3day_v2,sorted_icao_repeating_3train_1validation_1test_v1
ABAFE4,validation,51,2,1644,expanded_post3day_v2,sorted_icao_repeating_3train_1validation_1test_v1
ABAFF6,test,38,4,1645,expanded_post3day_v2,sorted_icao_repeating_3train_1validation_1test_v1
ABB271,train,3,1,1646,expanded_post3day_v2,sorted_icao_repeating_3train_1validation_1test_v1
ABB3B6,train,463,1,1647,expanded_post3day_v2,sorted_icao_repeating_3train_1validation_1test_v1
ABB3BE,train,184,1,1648,expanded_post3day_v2,sorted_icao_repeating_3train_1validation_1test_v1
ABB40E,validation,3352,12,1649,expanded_post3day_v2,sorted_icao_repeating_3train_1validation_1test_v1
ABB52C,test,240,1,1650,expanded_post3day_v2,sorted_icao_repeating_3train_1validation_1test_v1
ABBA54,train,99,1,1651,expanded_post3day_v2,sorted_icao_repeating_3train_1validation_1test_v1
ABBB2C,train,188,2,1652,expanded_post3day_v2,sorted_icao_repeating_3train_1validation_1test_v1
ABBCC1,train,69,2,1653,expanded_post3day_v2,sorted_icao_repeating_3train_1validation_1test_v1
ABBD8D,validation,70,1,1654,expanded_post3day_v2,sorted_icao_repeating_3train_1validation_1test_v1
ABBEE3,test,202,1,1655,expanded_post3day_v2,sorted_icao_repeating_3train_1validation_1test_v1
ABC14D,train,26,1,1656,expanded_post3day_v2,sorted_icao_repeating_3train_1validation_1test_v1
ABC2C8,train,29,1,1657,expanded_post3day_v2,sorted_icao_repeating_3train_1validation_1test_v1
ABC3EC,train,99,2,1658,expanded_post3day_v2,sorted_icao_repeating_3train_1validation_1test_v1
ABC516,validation,463,1,1659,expanded_post3day_v2,sorted_icao_repeating_3train_1validation_1test_v1
ABC651,test,62,1,1660,expanded_post3day_v2,sorted_icao_repeating_3train_1validation_1test_v1
ABC8CE,train,445,1,1661,expanded_post3day_v2,sorted_icao_repeating_3train_1validation_1test_v1
ABCA08,train,174,1,1662,expanded_post3day_v2,sorted_icao_repeating_3train_1validation_1test_v1
ABCCF7,train,466,1,1663,expanded_post3day_v2,sorted_icao_repeating_3train_1validation_1test_v1
ABCDC0,validation,304,1,1664,expanded_post3day_v2,sorted_icao_repeating_3train_1validation_1test_v1
ABD018,test,156,2,1665,expanded_post3day_v2,sorted_icao_repeating_3train_1validation_1test_v1
ABD063,train,14,1,1666,expanded_post3day_v2,sorted_icao_repeating_3train_1validation_1test_v1
ABD26B,train,120,1,1667,expanded_post3day_v2,sorted_icao_repeating_3train_1validation_1test_v1
ABD336,train,3,1,1668,expanded_post3day_v2,sorted_icao_repeating_3train_1validation_1test_v1
ABD4E7,validation,403,3,1669,expanded_post3day_v2,sorted_icao_repeating_3train_1validation_1test_v1
ABD57E,test,452,2,1670,expanded_post3day_v2,sorted_icao_repeating_3train_1validation_1test_v1
ABD7B4,train,8,1,1671,expanded_post3day_v2,sorted_icao_repeating_3train_1validation_1test_v1
ABD7D1,train,16,1,1672,expanded_post3day_v2,sorted_icao_repeating_3train_1validation_1test_v1
ABDB88,train,7,1,1673,expanded_post3day_v2,sorted_icao_repeating_3train_1validation_1test_v1
ABDC78,validation,895,2,1674,expanded_post3day_v2,sorted_icao_repeating_3train_1validation_1test_v1
ABDCDC,test,2,1,1675,expanded_post3day_v2,sorted_icao_repeating_3train_1validation_1test_v1
ABE0BB,train,270,1,1676,expanded_post3day_v2,sorted_icao_repeating_3train_1validation_1test_v1
ABE3E6,train,37,1,1677,expanded_post3day_v2,sorted_icao_repeating_3train_1validation_1test_v1
ABE77A,train,15,2,1678,expanded_post3day_v2,sorted_icao_repeating_3train_1validation_1test_v1
ABE80E,validation,134,1,1679,expanded_post3day_v2,sorted_icao_repeating_3train_1validation_1test_v1
ABE9B1,test,2,1,1680,expanded_post3day_v2,sorted_icao_repeating_3train_1validation_1test_v1
ABEC90,train,2,1,1681,expanded_post3day_v2,sorted_icao_repeating_3train_1validation_1test_v1
ABED59,train,313,2,1682,expanded_post3day_v2,sorted_icao_repeating_3train_1validation_1test_v1
ABEDC8,train,485,2,1683,expanded_post3day_v2,sorted_icao_repeating_3train_1validation_1test_v1
ABF008,validation,3,1,1684,expanded_post3day_v2,sorted_icao_repeating_3train_1validation_1test_v1
ABF66C,test,216,1,1685,expanded_post3day_v2,sorted_icao_repeating_3train_1validation_1test_v1
ABF948,train,6,2,1686,expanded_post3day_v2,sorted_icao_repeating_3train_1validation_1test_v1
ABFA24,train,5,1,1687,expanded_post3day_v2,sorted_icao_repeating_3train_1validation_1test_v1
ABFF33,train,318,1,1688,expanded_post3day_v2,sorted_icao_repeating_3train_1validation_1test_v1
AC0196,validation,51,2,1689,expanded_post3day_v2,sorted_icao_repeating_3train_1validation_1test_v1
AC06A1,test,614,2,1690,expanded_post3day_v2,sorted_icao_repeating_3train_1validation_1test_v1
AC0CAB,train,123,1,1691,expanded_post3day_v2,sorted_icao_repeating_3train_1validation_1test_v1
AC1076,train,100,1,1692,expanded_post3day_v2,sorted_icao_repeating_3train_1validation_1test_v1
AC11EA,train,29,1,1693,expanded_post3day_v2,sorted_icao_repeating_3train_1validation_1test_v1
AC11FB,validation,64,1,1694,expanded_post3day_v2,sorted_icao_repeating_3train_1validation_1test_v1
AC14B4,test,2,1,1695,expanded_post3day_v2,sorted_icao_repeating_3train_1validation_1test_v1
AC159A,train,441,2,1696,expanded_post3day_v2,sorted_icao_repeating_3train_1validation_1test_v1
AC1A2C,train,387,2,1697,expanded_post3day_v2,sorted_icao_repeating_3train_1validation_1test_v1
AC1C8A,train,202,1,1698,expanded_post3day_v2,sorted_icao_repeating_3train_1validation_1test_v1
AC1CA6,validation,568,2,1699,expanded_post3day_v2,sorted_icao_repeating_3train_1validation_1test_v1
AC2038,test,18,1,1700,expanded_post3day_v2,sorted_icao_repeating_3train_1validation_1test_v1
AC2082,train,504,3,1701,expanded_post3day_v2,sorted_icao_repeating_3train_1validation_1test_v1
AC212E,train,826,2,1702,expanded_post3day_v2,sorted_icao_repeating_3train_1validation_1test_v1
AC2470,train,172,1,1703,expanded_post3day_v2,sorted_icao_repeating_3train_1validation_1test_v1
AC247A,validation,67,2,1704,expanded_post3day_v2,sorted_icao_repeating_3train_1validation_1test_v1
AC2549,test,608,2,1705,expanded_post3day_v2,sorted_icao_repeating_3train_1validation_1test_v1
AC27A6,train,344,1,1706,expanded_post3day_v2,sorted_icao_repeating_3train_1validation_1test_v1
AC2813,train,499,2,1707,expanded_post3day_v2,sorted_icao_repeating_3train_1validation_1test_v1
AC289F,train,125,1,1708,expanded_post3day_v2,sorted_icao_repeating_3train_1validation_1test_v1
AC291F,validation,111,2,1709,expanded_post3day_v2,sorted_icao_repeating_3train_1validation_1test_v1
AC2B8E,test,190,1,1710,expanded_post3day_v2,sorted_icao_repeating_3train_1validation_1test_v1
AC2BC6,train,690,2,1711,expanded_post3day_v2,sorted_icao_repeating_3train_1validation_1test_v1
AC2F37,train,62,1,1712,expanded_post3day_v2,sorted_icao_repeating_3train_1validation_1test_v1
AC3130,train,386,1,1713,expanded_post3day_v2,sorted_icao_repeating_3train_1validation_1test_v1
AC3315,validation,137,1,1714,expanded_post3day_v2,sorted_icao_repeating_3train_1validation_1test_v1
AC33A3,test,365,2,1715,expanded_post3day_v2,sorted_icao_repeating_3train_1validation_1test_v1
AC3448,train,9,1,1716,expanded_post3day_v2,sorted_icao_repeating_3train_1validation_1test_v1
AC3751,train,34,2,1717,expanded_post3day_v2,sorted_icao_repeating_3train_1validation_1test_v1
AC3967,train,57,1,1718,expanded_post3day_v2,sorted_icao_repeating_3train_1validation_1test_v1
AC3DEC,validation,453,1,1719,expanded_post3day_v2,sorted_icao_repeating_3train_1validation_1test_v1
AC3FB9,test,165,1,1720,expanded_post3day_v2,sorted_icao_repeating_3train_1validation_1test_v1
AC4587,train,4,1,1721,expanded_post3day_v2,sorted_icao_repeating_3train_1validation_1test_v1
AC46C3,train,19,1,1722,expanded_post3day_v2,sorted_icao_repeating_3train_1validation_1test_v1
AC4888,train,39,1,1723,expanded_post3day_v2,sorted_icao_repeating_3train_1validation_1test_v1
AC48AC,validation,319,1,1724,expanded_post3day_v2,sorted_icao_repeating_3train_1validation_1test_v1
AC48D3,test,11,1,1725,expanded_post3day_v2,sorted_icao_repeating_3train_1validation_1test_v1
AC5041,train,239,2,1726,expanded_post3day_v2,sorted_icao_repeating_3train_1validation_1test_v1
AC5495,train,708,1,1727,expanded_post3day_v2,sorted_icao_repeating_3train_1validation_1test_v1
AC57AF,train,5,1,1728,expanded_post3day_v2,sorted_icao_repeating_3train_1validation_1test_v1
AC59ED,validation,15,1,1729,expanded_post3day_v2,sorted_icao_repeating_3train_1validation_1test_v1
AC5A4A,test,399,1,1730,expanded_post3day_v2,sorted_icao_repeating_3train_1validation_1test_v1
AC5AFD,train,626,2,1731,expanded_post3day_v2,sorted_icao_repeating_3train_1validation_1test_v1
AC5B6B,train,294,1,1732,expanded_post3day_v2,sorted_icao_repeating_3train_1validation_1test_v1
AC5D61,train,2,1,1733,expanded_post3day_v2,sorted_icao_repeating_3train_1validation_1test_v1
AC5E4A,validation,185,1,1734,expanded_post3day_v2,sorted_icao_repeating_3train_1validation_1test_v1
AC6025,test,59,2,1735,expanded_post3day_v2,sorted_icao_repeating_3train_1validation_1test_v1
AC60EF,train,46,2,1736,expanded_post3day_v2,sorted_icao_repeating_3train_1validation_1test_v1
AC6266,train,200,1,1737,expanded_post3day_v2,sorted_icao_repeating_3train_1validation_1test_v1
AC62CC,train,495,2,1738,expanded_post3day_v2,sorted_icao_repeating_3train_1validation_1test_v1
AC6668,validation,313,2,1739,expanded_post3day_v2,sorted_icao_repeating_3train_1validation_1test_v1
AC709B,test,410,1,1740,expanded_post3day_v2,sorted_icao_repeating_3train_1validation_1test_v1
AC7188,train,31,2,1741,expanded_post3day_v2,sorted_icao_repeating_3train_1validation_1test_v1
AC72F0,train,197,1,1742,expanded_post3day_v2,sorted_icao_repeating_3train_1validation_1test_v1
AC73E9,train,17,1,1743,expanded_post3day_v2,sorted_icao_repeating_3train_1validation_1test_v1
AC741C,validation,729,3,1744,expanded_post3day_v2,sorted_icao_repeating_3train_1validation_1test_v1
AC7452,test,2,1,1745,expanded_post3day_v2,sorted_icao_repeating_3train_1validation_1test_v1
AC75DC,train,527,1,1746,expanded_post3day_v2,sorted_icao_repeating_3train_1validation_1test_v1
AC76A7,train,21,1,1747,expanded_post3day_v2,sorted_icao_repeating_3train_1validation_1test_v1
AC76F2,train,102,1,1748,expanded_post3day_v2,sorted_icao_repeating_3train_1validation_1test_v1
AC77D3,validation,11,1,1749,expanded_post3day_v2,sorted_icao_repeating_3train_1validation_1test_v1
AC7A84,test,486,3,1750,expanded_post3day_v2,sorted_icao_repeating_3train_1validation_1test_v1
AC7B1B,train,304,2,1751,expanded_post3day_v2,sorted_icao_repeating_3train_1validation_1test_v1
AC7C67,train,243,1,1752,expanded_post3day_v2,sorted_icao_repeating_3train_1validation_1test_v1
AC801E,train,2,1,1753,expanded_post3day_v2,sorted_icao_repeating_3train_1validation_1test_v1
AC8289,validation,367,3,1754,expanded_post3day_v2,sorted_icao_repeating_3train_1validation_1test_v1
AC828F,test,423,4,1755,expanded_post3day_v2,sorted_icao_repeating_3train_1validation_1test_v1
AC857B,train,361,2,1756,expanded_post3day_v2,sorted_icao_repeating_3train_1validation_1test_v1
AC89F7,train,142,1,1757,expanded_post3day_v2,sorted_icao_repeating_3train_1validation_1test_v1
AC8F36,train,580,1,1758,expanded_post3day_v2,sorted_icao_repeating_3train_1validation_1test_v1
AC9362,validation,1143,2,1759,expanded_post3day_v2,sorted_icao_repeating_3train_1validation_1test_v1
AC9516,test,340,1,1760,expanded_post3day_v2,sorted_icao_repeating_3train_1validation_1test_v1
AC952B,train,37,1,1761,expanded_post3day_v2,sorted_icao_repeating_3train_1validation_1test_v1
AC97C3,train,336,1,1762,expanded_post3day_v2,sorted_icao_repeating_3train_1validation_1test_v1
AC9FF2,train,805,2,1763,expanded_post3day_v2,sorted_icao_repeating_3train_1validation_1test_v1
ACA309,validation,236,1,1764,expanded_post3day_v2,sorted_icao_repeating_3train_1validation_1test_v1
ACA3A3,test,82,1,1765,expanded_post3day_v2,sorted_icao_repeating_3train_1validation_1test_v1
ACA455,train,88,1,1766,expanded_post3day_v2,sorted_icao_repeating_3train_1validation_1test_v1
ACA6C0,train,70,1,1767,expanded_post3day_v2,sorted_icao_repeating_3train_1validation_1test_v1
ACA792,train,138,1,1768,expanded_post3day_v2,sorted_icao_repeating_3train_1validation_1test_v1
ACA79D,validation,189,1,1769,expanded_post3day_v2,sorted_icao_repeating_3train_1validation_1test_v1
ACA848,test,548,3,1770,expanded_post3day_v2,sorted_icao_repeating_3train_1validation_1test_v1
ACA948,train,534,2,1771,expanded_post3day_v2,sorted_icao_repeating_3train_1validation_1test_v1
ACAAD4,train,820,1,1772,expanded_post3day_v2,sorted_icao_repeating_3train_1validation_1test_v1
ACABC6,train,23,1,1773,expanded_post3day_v2,sorted_icao_repeating_3train_1validation_1test_v1
ACACFB,validation,198,2,1774,expanded_post3day_v2,sorted_icao_repeating_3train_1validation_1test_v1
ACB469,test,672,3,1775,expanded_post3day_v2,sorted_icao_repeating_3train_1validation_1test_v1
ACB470,train,526,2,1776,expanded_post3day_v2,sorted_icao_repeating_3train_1validation_1test_v1
ACB636,train,437,1,1777,expanded_post3day_v2,sorted_icao_repeating_3train_1validation_1test_v1
ACBA1B,train,124,2,1778,expanded_post3day_v2,sorted_icao_repeating_3train_1validation_1test_v1
ACBCFD,validation,10,1,1779,expanded_post3day_v2,sorted_icao_repeating_3train_1validation_1test_v1
ACBE34,test,121,1,1780,expanded_post3day_v2,sorted_icao_repeating_3train_1validation_1test_v1
ACBF63,train,230,1,1781,expanded_post3day_v2,sorted_icao_repeating_3train_1validation_1test_v1
ACC1EE,train,98,2,1782,expanded_post3day_v2,sorted_icao_repeating_3train_1validation_1test_v1
ACC31A,train,550,1,1783,expanded_post3day_v2,sorted_icao_repeating_3train_1validation_1test_v1
ACCA19,validation,15,2,1784,expanded_post3day_v2,sorted_icao_repeating_3train_1validation_1test_v1
ACD13E,test,170,1,1785,expanded_post3day_v2,sorted_icao_repeating_3train_1validation_1test_v1
ACD186,train,4,1,1786,expanded_post3day_v2,sorted_icao_repeating_3train_1validation_1test_v1
ACD1B3,train,237,2,1787,expanded_post3day_v2,sorted_icao_repeating_3train_1validation_1test_v1
ACD2BE,train,164,1,1788,expanded_post3day_v2,sorted_icao_repeating_3train_1validation_1test_v1
ACD5E3,validation,124,1,1789,expanded_post3day_v2,sorted_icao_repeating_3train_1validation_1test_v1
ACDCBB,test,4,2,1790,expanded_post3day_v2,sorted_icao_repeating_3train_1validation_1test_v1
ACDD2E,train,108,2,1791,expanded_post3day_v2,sorted_icao_repeating_3train_1validation_1test_v1
ACDFA5,train,50,1,1792,expanded_post3day_v2,sorted_icao_repeating_3train_1validation_1test_v1
ACDFA6,train,383,1,1793,expanded_post3day_v2,sorted_icao_repeating_3train_1validation_1test_v1
ACDFCC,validation,490,6,1794,expanded_post3day_v2,sorted_icao_repeating_3train_1validation_1test_v1
ACE063,test,243,2,1795,expanded_post3day_v2,sorted_icao_repeating_3train_1validation_1test_v1
ACE5B6,train,89,1,1796,expanded_post3day_v2,sorted_icao_repeating_3train_1validation_1test_v1
ACE5BF,train,30,1,1797,expanded_post3day_v2,sorted_icao_repeating_3train_1validation_1test_v1
ACE9A4,train,322,1,1798,expanded_post3day_v2,sorted_icao_repeating_3train_1validation_1test_v1
ACF486,validation,488,3,1799,expanded_post3day_v2,sorted_icao_repeating_3train_1validation_1test_v1
ACF54F,test,3,1,1800,expanded_post3day_v2,sorted_icao_repeating_3train_1validation_1test_v1
ACF5F4,train,11,1,1801,expanded_post3day_v2,sorted_icao_repeating_3train_1validation_1test_v1
ACF846,train,799,2,1802,expanded_post3day_v2,sorted_icao_repeating_3train_1validation_1test_v1
ACF975,train,20,1,1803,expanded_post3day_v2,sorted_icao_repeating_3train_1validation_1test_v1
ACFD8F,validation,30,1,1804,expanded_post3day_v2,sorted_icao_repeating_3train_1validation_1test_v1
ACFE9A,test,241,2,1805,expanded_post3day_v2,sorted_icao_repeating_3train_1validation_1test_v1
AD05C8,train,10,1,1806,expanded_post3day_v2,sorted_icao_repeating_3train_1validation_1test_v1
AD078E,train,177,1,1807,expanded_post3day_v2,sorted_icao_repeating_3train_1validation_1test_v1
AD0919,train,264,1,1808,expanded_post3day_v2,sorted_icao_repeating_3train_1validation_1test_v1
AD0ADF,validation,425,2,1809,expanded_post3day_v2,sorted_icao_repeating_3train_1validation_1test_v1
AD0D38,test,349,1,1810,expanded_post3day_v2,sorted_icao_repeating_3train_1validation_1test_v1
AD0EE2,train,832,2,1811,expanded_post3day_v2,sorted_icao_repeating_3train_1validation_1test_v1
AD1116,train,84,1,1812,expanded_post3day_v2,sorted_icao_repeating_3train_1validation_1test_v1
AD124E,train,44,1,1813,expanded_post3day_v2,sorted_icao_repeating_3train_1validation_1test_v1
AD1560,validation,269,1,1814,expanded_post3day_v2,sorted_icao_repeating_3train_1validation_1test_v1
AD1A1D,test,322,1,1815,expanded_post3day_v2,sorted_icao_repeating_3train_1validation_1test_v1
AD1CDE,train,434,2,1816,expanded_post3day_v2,sorted_icao_repeating_3train_1validation_1test_v1
AD1E6B,train,87,2,1817,expanded_post3day_v2,sorted_icao_repeating_3train_1validation_1test_v1
AD1FEE,train,289,2,1818,expanded_post3day_v2,sorted_icao_repeating_3train_1validation_1test_v1
AD2095,validation,723,2,1819,expanded_post3day_v2,sorted_icao_repeating_3train_1validation_1test_v1
AD2733,test,738,2,1820,expanded_post3day_v2,sorted_icao_repeating_3train_1validation_1test_v1
AD2C19,train,282,2,1821,expanded_post3day_v2,sorted_icao_repeating_3train_1validation_1test_v1
AD385F,train,210,1,1822,expanded_post3day_v2,sorted_icao_repeating_3train_1validation_1test_v1
AD38DF,train,269,1,1823,expanded_post3day_v2,sorted_icao_repeating_3train_1validation_1test_v1
AD3997,validation,668,2,1824,expanded_post3day_v2,sorted_icao_repeating_3train_1validation_1test_v1
AD3E36,test,194,1,1825,expanded_post3day_v2,sorted_icao_repeating_3train_1validation_1test_v1
AD4389,train,5,1,1826,expanded_post3day_v2,sorted_icao_repeating_3train_1validation_1test_v1
AD4FE1,train,223,3,1827,expanded_post3day_v2,sorted_icao_repeating_3train_1validation_1test_v1
AD5329,train,80,1,1828,expanded_post3day_v2,sorted_icao_repeating_3train_1validation_1test_v1
AD53A4,validation,109,1,1829,expanded_post3day_v2,sorted_icao_repeating_3train_1validation_1test_v1
AD563D,test,184,1,1830,expanded_post3day_v2,sorted_icao_repeating_3train_1validation_1test_v1
AD564B,train,272,1,1831,expanded_post3day_v2,sorted_icao_repeating_3train_1validation_1test_v1
AD56DF,train,2054,5,1832,expanded_post3day_v2,sorted_icao_repeating_3train_1validation_1test_v1
AD57A2,train,112,1,1833,expanded_post3day_v2,sorted_icao_repeating_3train_1validation_1test_v1
AD5A60,validation,299,1,1834,expanded_post3day_v2,sorted_icao_repeating_3train_1validation_1test_v1
AD5C86,test,5,1,1835,expanded_post3day_v2,sorted_icao_repeating_3train_1validation_1test_v1
AD5D95,train,74,1,1836,expanded_post3day_v2,sorted_icao_repeating_3train_1validation_1test_v1
AD60B7,train,137,1,1837,expanded_post3day_v2,sorted_icao_repeating_3train_1validation_1test_v1
AD611F,train,159,1,1838,expanded_post3day_v2,sorted_icao_repeating_3train_1validation_1test_v1
AD6446,validation,111,1,1839,expanded_post3day_v2,sorted_icao_repeating_3train_1validation_1test_v1
AD646E,test,132,3,1840,expanded_post3day_v2,sorted_icao_repeating_3train_1validation_1test_v1
AD64E2,train,43,1,1841,expanded_post3day_v2,sorted_icao_repeating_3train_1validation_1test_v1
AD6755,train,47,1,1842,expanded_post3day_v2,sorted_icao_repeating_3train_1validation_1test_v1
AD6B16,train,2,1,1843,expanded_post3day_v2,sorted_icao_repeating_3train_1validation_1test_v1
AD7631,validation,62,1,1844,expanded_post3day_v2,sorted_icao_repeating_3train_1validation_1test_v1
AD7634,test,327,1,1845,expanded_post3day_v2,sorted_icao_repeating_3train_1validation_1test_v1
AD7796,train,76,2,1846,expanded_post3day_v2,sorted_icao_repeating_3train_1validation_1test_v1
AD79D5,train,422,1,1847,expanded_post3day_v2,sorted_icao_repeating_3train_1validation_1test_v1
AD7AB8,train,133,1,1848,expanded_post3day_v2,sorted_icao_repeating_3train_1validation_1test_v1
AD7B4D,validation,165,2,1849,expanded_post3day_v2,sorted_icao_repeating_3train_1validation_1test_v1
AD7BDF,test,32,1,1850,expanded_post3day_v2,sorted_icao_repeating_3train_1validation_1test_v1
AD7E6F,train,1042,6,1851,expanded_post3day_v2,sorted_icao_repeating_3train_1validation_1test_v1
AD7F04,train,43,1,1852,expanded_post3day_v2,sorted_icao_repeating_3train_1validation_1test_v1
AD8238,train,714,2,1853,expanded_post3day_v2,sorted_icao_repeating_3train_1validation_1test_v1
AD83B2,validation,206,1,1854,expanded_post3day_v2,sorted_icao_repeating_3train_1validation_1test_v1
AD84DE,test,195,2,1855,expanded_post3day_v2,sorted_icao_repeating_3train_1validation_1test_v1
AD8514,train,21,2,1856,expanded_post3day_v2,sorted_icao_repeating_3train_1validation_1test_v1
AD88CB,train,256,1,1857,expanded_post3day_v2,sorted_icao_repeating_3train_1validation_1test_v1
AD8B1D,train,513,2,1858,expanded_post3day_v2,sorted_icao_repeating_3train_1validation_1test_v1
AD9003,validation,252,1,1859,expanded_post3day_v2,sorted_icao_repeating_3train_1validation_1test_v1
AD9712,test,37,1,1860,expanded_post3day_v2,sorted_icao_repeating_3train_1validation_1test_v1
AD9E73,train,132,2,1861,expanded_post3day_v2,sorted_icao_repeating_3train_1validation_1test_v1
ADA167,train,11,1,1862,expanded_post3day_v2,sorted_icao_repeating_3train_1validation_1test_v1
ADA16D,train,633,2,1863,expanded_post3day_v2,sorted_icao_repeating_3train_1validation_1test_v1
ADA227,validation,506,2,1864,expanded_post3day_v2,sorted_icao_repeating_3train_1validation_1test_v1
ADA521,test,396,2,1865,expanded_post3day_v2,sorted_icao_repeating_3train_1validation_1test_v1
ADA5EE,train,39,1,1866,expanded_post3day_v2,sorted_icao_repeating_3train_1validation_1test_v1
ADA699,train,242,1,1867,expanded_post3day_v2,sorted_icao_repeating_3train_1validation_1test_v1
ADA6ED,train,24,2,1868,expanded_post3day_v2,sorted_icao_repeating_3train_1validation_1test_v1
ADA932,validation,177,1,1869,expanded_post3day_v2,sorted_icao_repeating_3train_1validation_1test_v1
ADAB64,test,2,1,1870,expanded_post3day_v2,sorted_icao_repeating_3train_1validation_1test_v1
ADAEE7,train,15,1,1871,expanded_post3day_v2,sorted_icao_repeating_3train_1validation_1test_v1
ADAFB5,train,533,3,1872,expanded_post3day_v2,sorted_icao_repeating_3train_1validation_1test_v1
ADB329,train,1,1,1873,expanded_post3day_v2,sorted_icao_repeating_3train_1validation_1test_v1
ADB35C,validation,427,2,1874,expanded_post3day_v2,sorted_icao_repeating_3train_1validation_1test_v1
ADB392,test,274,1,1875,expanded_post3day_v2,sorted_icao_repeating_3train_1validation_1test_v1
ADB476,train,123,1,1876,expanded_post3day_v2,sorted_icao_repeating_3train_1validation_1test_v1
ADB653,train,110,1,1877,expanded_post3day_v2,sorted_icao_repeating_3train_1validation_1test_v1
ADB723,train,19,1,1878,expanded_post3day_v2,sorted_icao_repeating_3train_1validation_1test_v1
ADB782,validation,498,1,1879,expanded_post3day_v2,sorted_icao_repeating_3train_1validation_1test_v1
ADBE91,test,750,4,1880,expanded_post3day_v2,sorted_icao_repeating_3train_1validation_1test_v1
ADC2DD,train,351,2,1881,expanded_post3day_v2,sorted_icao_repeating_3train_1validation_1test_v1
ADC5FF,train,522,1,1882,expanded_post3day_v2,sorted_icao_repeating_3train_1validation_1test_v1
ADC9A7,train,139,1,1883,expanded_post3day_v2,sorted_icao_repeating_3train_1validation_1test_v1
ADC9B6,validation,404,2,1884,expanded_post3day_v2,sorted_icao_repeating_3train_1validation_1test_v1
ADCD6B,test,3,1,1885,expanded_post3day_v2,sorted_icao_repeating_3train_1validation_1test_v1
ADCD6D,train,201,4,1886,expanded_post3day_v2,sorted_icao_repeating_3train_1validation_1test_v1
ADCDCC,train,7,1,1887,expanded_post3day_v2,sorted_icao_repeating_3train_1validation_1test_v1
ADD15F,train,138,1,1888,expanded_post3day_v2,sorted_icao_repeating_3train_1validation_1test_v1
ADD1DD,validation,178,2,1889,expanded_post3day_v2,sorted_icao_repeating_3train_1validation_1test_v1
ADD2AD,test,526,1,1890,expanded_post3day_v2,sorted_icao_repeating_3train_1validation_1test_v1
ADD336,train,1799,3,1891,expanded_post3day_v2,sorted_icao_repeating_3train_1validation_1test_v1
ADD3DC,train,136,2,1892,expanded_post3day_v2,sorted_icao_repeating_3train_1validation_1test_v1
ADD65B,train,157,1,1893,expanded_post3day_v2,sorted_icao_repeating_3train_1validation_1test_v1
ADD793,validation,251,1,1894,expanded_post3day_v2,sorted_icao_repeating_3train_1validation_1test_v1
ADDADB,test,849,4,1895,expanded_post3day_v2,sorted_icao_repeating_3train_1validation_1test_v1
ADDB4A,train,30,1,1896,expanded_post3day_v2,sorted_icao_repeating_3train_1validation_1test_v1
ADDD34,train,749,2,1897,expanded_post3day_v2,sorted_icao_repeating_3train_1validation_1test_v1
ADE18C,train,227,1,1898,expanded_post3day_v2,sorted_icao_repeating_3train_1validation_1test_v1
ADE252,validation,6,1,1899,expanded_post3day_v2,sorted_icao_repeating_3train_1validation_1test_v1
ADE53C,test,86,1,1900,expanded_post3day_v2,sorted_icao_repeating_3train_1validation_1test_v1
ADE569,train,217,1,1901,expanded_post3day_v2,sorted_icao_repeating_3train_1validation_1test_v1
ADE9C0,train,239,1,1902,expanded_post3day_v2,sorted_icao_repeating_3train_1validation_1test_v1
ADEC1E,train,44,2,1903,expanded_post3day_v2,sorted_icao_repeating_3train_1validation_1test_v1
ADECA5,validation,1,1,1904,expanded_post3day_v2,sorted_icao_repeating_3train_1validation_1test_v1
ADED77,test,2,1,1905,expanded_post3day_v2,sorted_icao_repeating_3train_1validation_1test_v1
ADFDB8,train,208,1,1906,expanded_post3day_v2,sorted_icao_repeating_3train_1validation_1test_v1
ADFE49,train,227,1,1907,expanded_post3day_v2,sorted_icao_repeating_3train_1validation_1test_v1
AE0C70,train,45,1,1908,expanded_post3day_v2,sorted_icao_repeating_3train_1validation_1test_v1
AE0DC6,validation,45,1,1909,expanded_post3day_v2,sorted_icao_repeating_3train_1validation_1test_v1
AE116F,test,381,2,1910,expanded_post3day_v2,sorted_icao_repeating_3train_1validation_1test_v1
AE1179,train,52,2,1911,expanded_post3day_v2,sorted_icao_repeating_3train_1validation_1test_v1
AE1254,train,50,1,1912,expanded_post3day_v2,sorted_icao_repeating_3train_1validation_1test_v1
AE2036,train,214,2,1913,expanded_post3day_v2,sorted_icao_repeating_3train_1validation_1test_v1
AE2FA5,validation,40,1,1914,expanded_post3day_v2,sorted_icao_repeating_3train_1validation_1test_v1
AE6230,test,41,1,1915,expanded_post3day_v2,sorted_icao_repeating_3train_1validation_1test_v1
AE624F,train,47,1,1916,expanded_post3day_v2,sorted_icao_repeating_3train_1validation_1test_v1
AE68AE,train,21,1,1917,expanded_post3day_v2,sorted_icao_repeating_3train_1validation_1test_v1
AE7797,train,172,1,1918,expanded_post3day_v2,sorted_icao_repeating_3train_1validation_1test_v1
C001E4,validation,72,1,1919,expanded_post3day_v2,sorted_icao_repeating_3train_1validation_1test_v1
C002D5,test,3,1,1920,expanded_post3day_v2,sorted_icao_repeating_3train_1validation_1test_v1
C00B71,train,161,1,1921,expanded_post3day_v2,sorted_icao_repeating_3train_1validation_1test_v1
C00B7D,train,7,2,1922,expanded_post3day_v2,sorted_icao_repeating_3train_1validation_1test_v1
C00B86,train,29,1,1923,expanded_post3day_v2,sorted_icao_repeating_3train_1validation_1test_v1
C00B93,validation,62,1,1924,expanded_post3day_v2,sorted_icao_repeating_3train_1validation_1test_v1
C00BA7,test,29,1,1925,expanded_post3day_v2,sorted_icao_repeating_3train_1validation_1test_v1
C00DEA,train,25,1,1926,expanded_post3day_v2,sorted_icao_repeating_3train_1validation_1test_v1
C01BC8,train,336,1,1927,expanded_post3day_v2,sorted_icao_repeating_3train_1validation_1test_v1
C02535,train,337,2,1928,expanded_post3day_v2,sorted_icao_repeating_3train_1validation_1test_v1
C027A8,validation,39,2,1929,expanded_post3day_v2,sorted_icao_repeating_3train_1validation_1test_v1
C028F0,test,198,1,1930,expanded_post3day_v2,sorted_icao_repeating_3train_1validation_1test_v1
C02DEE,train,36,1,1931,expanded_post3day_v2,sorted_icao_repeating_3train_1validation_1test_v1
C02E91,train,29,1,1932,expanded_post3day_v2,sorted_icao_repeating_3train_1validation_1test_v1
C02E9B,train,383,2,1933,expanded_post3day_v2,sorted_icao_repeating_3train_1validation_1test_v1
C03E07,validation,44,2,1934,expanded_post3day_v2,sorted_icao_repeating_3train_1validation_1test_v1
C043B7,test,58,1,1935,expanded_post3day_v2,sorted_icao_repeating_3train_1validation_1test_v1
C050C5,train,60,1,1936,expanded_post3day_v2,sorted_icao_repeating_3train_1validation_1test_v1
C051D1,train,32,1,1937,expanded_post3day_v2,sorted_icao_repeating_3train_1validation_1test_v1
C051DA,train,86,2,1938,expanded_post3day_v2,sorted_icao_repeating_3train_1validation_1test_v1
C055C6,validation,352,2,1939,expanded_post3day_v2,sorted_icao_repeating_3train_1validation_1test_v1
C05DFB,test,387,1,1940,expanded_post3day_v2,sorted_icao_repeating_3train_1validation_1test_v1
C05EC7,train,14,1,1941,expanded_post3day_v2,sorted_icao_repeating_3train_1validation_1test_v1
C05EF7,train,71,2,1942,expanded_post3day_v2,sorted_icao_repeating_3train_1validation_1test_v1
C05EFA,train,648,2,1943,expanded_post3day_v2,sorted_icao_repeating_3train_1validation_1test_v1
C060B3,validation,557,3,1944,expanded_post3day_v2,sorted_icao_repeating_3train_1validation_1test_v1
C060B6,test,35,1,1945,expanded_post3day_v2,sorted_icao_repeating_3train_1validation_1test_v1
C060BC,train,104,2,1946,expanded_post3day_v2,sorted_icao_repeating_3train_1validation_1test_v1
C060CA,train,332,1,1947,expanded_post3day_v2,sorted_icao_repeating_3train_1validation_1test_v1
C06167,train,34,1,1948,expanded_post3day_v2,sorted_icao_repeating_3train_1validation_1test_v1
C0616E,validation,157,1,1949,expanded_post3day_v2,sorted_icao_repeating_3train_1validation_1test_v1
C06173,test,473,2,1950,expanded_post3day_v2,sorted_icao_repeating_3train_1validation_1test_v1
C0619B,train,178,2,1951,expanded_post3day_v2,sorted_icao_repeating_3train_1validation_1test_v1
C06312,train,126,1,1952,expanded_post3day_v2,sorted_icao_repeating_3train_1validation_1test_v1
C06357,train,8,1,1953,expanded_post3day_v2,sorted_icao_repeating_3train_1validation_1test_v1
C06358,validation,265,2,1954,expanded_post3day_v2,sorted_icao_repeating_3train_1validation_1test_v1
C0635B,test,159,4,1955,expanded_post3day_v2,sorted_icao_repeating_3train_1validation_1test_v1
C0635E,train,429,2,1956,expanded_post3day_v2,sorted_icao_repeating_3train_1validation_1test_v1
C0635F,train,509,2,1957,expanded_post3day_v2,sorted_icao_repeating_3train_1validation_1test_v1
C06360,train,348,2,1958,expanded_post3day_v2,sorted_icao_repeating_3train_1validation_1test_v1
C06363,validation,344,1,1959,expanded_post3day_v2,sorted_icao_repeating_3train_1validation_1test_v1
C06365,test,222,1,1960,expanded_post3day_v2,sorted_icao_repeating_3train_1validation_1test_v1
C0636C,train,210,3,1961,expanded_post3day_v2,sorted_icao_repeating_3train_1validation_1test_v1
C0636E,train,19,1,1962,expanded_post3day_v2,sorted_icao_repeating_3train_1validation_1test_v1
C06589,train,14,1,1963,expanded_post3day_v2,sorted_icao_repeating_3train_1validation_1test_v1
C066FB,validation,314,1,1964,expanded_post3day_v2,sorted_icao_repeating_3train_1validation_1test_v1
C0671B,test,243,2,1965,expanded_post3day_v2,sorted_icao_repeating_3train_1validation_1test_v1
C06A7F,train,142,1,1966,expanded_post3day_v2,sorted_icao_repeating_3train_1validation_1test_v1
C06A9F,train,36,1,1967,expanded_post3day_v2,sorted_icao_repeating_3train_1validation_1test_v1
C071A4,train,110,1,1968,expanded_post3day_v2,sorted_icao_repeating_3train_1validation_1test_v1
C07534,validation,88,3,1969,expanded_post3day_v2,sorted_icao_repeating_3train_1validation_1test_v1
C0799A,test,31,1,1970,expanded_post3day_v2,sorted_icao_repeating_3train_1validation_1test_v1
C07C3D,train,5,1,1971,expanded_post3day_v2,sorted_icao_repeating_3train_1validation_1test_v1
C07E32,train,34,2,1972,expanded_post3day_v2,sorted_icao_repeating_3train_1validation_1test_v1
C07E33,train,763,3,1973,expanded_post3day_v2,sorted_icao_repeating_3train_1validation_1test_v1
C084A3,validation,15,1,1974,expanded_post3day_v2,sorted_icao_repeating_3train_1validation_1test_v1
C08851,test,166,1,1975,expanded_post3day_v2,sorted_icao_repeating_3train_1validation_1test_v1
C08863,train,153,2,1976,expanded_post3day_v2,sorted_icao_repeating_3train_1validation_1test_v1
E4978E,train,2,1,1977,expanded_post3day_v2,sorted_icao_repeating_3train_1validation_1test_v1
E80473,train,68,1,1978,expanded_post3day_v2,sorted_icao_repeating_3train_1validation_1test_v1
