domain,profile,caseID,eventID,modelID,estimateStage,motionMode,sampleCount,positionRMSEMeters,positionMedianErrorMeters,positionP95ErrorMeters,velocityRMSEMetersPerSecond,velocityMedianErrorMetersPerSecond,velocityP95ErrorMetersPerSecond
synthetic_canonical,ideal,cv_level__ideal,synthetic_canonical::cv_level__ideal,cv_ekf,prior,constant_velocity,240,0,0,0,0,0,0
synthetic_canonical,ideal,cv_level__ideal,synthetic_canonical::cv_level__ideal,cv_ekf,posterior,constant_velocity,240,0,0,0,0,0,0
synthetic_canonical,ideal,cv_level__ideal,synthetic_canonical::cv_level__ideal,ca_ekf,prior,constant_velocity,240,0,0,0,0,0,0
synthetic_canonical,ideal,cv_level__ideal,synthetic_canonical::cv_level__ideal,ca_ekf,posterior,constant_velocity,240,0,0,0,0,0,0
synthetic_canonical,ideal,cv_level__ideal,synthetic_canonical::cv_level__ideal,ct_ekf,prior,constant_velocity,240,8.75226115057425e-14,0,5.6843418860808e-14,3.88940215894523e-13,1.56319401867222e-13,9.16600129130529e-13
synthetic_canonical,ideal,cv_level__ideal,synthetic_canonical::cv_level__ideal,ct_ekf,posterior,constant_velocity,240,5.81626900617808e-15,0,0,3.81394472514473e-13,1.49213974509621e-13,9.02389274415327e-13
synthetic_canonical,ideal,cv_level__ideal,synthetic_canonical::cv_level__ideal,native_imm,prior,constant_velocity,240,0.0197297736189308,0.00604244497872991,0.00763632338450279,0.000147981707636987,3.34219920573255e-05,3.35944537052e-05
synthetic_canonical,ideal,cv_level__ideal,synthetic_canonical::cv_level__ideal,native_imm,posterior,constant_velocity,240,4.33819151138119e-12,3.63820083814577e-12,8.13496651366863e-12,3.62471520329362e-12,2.56317321287242e-12,6.10954649211744e-12
synthetic_canonical,ideal,cv_level__ideal,synthetic_canonical::cv_level__ideal,warm_ukf,prior,constant_velocity,240,113.147015128,7.68227705006865,18.1054684051791,6.25691977258009,5.85486674720008,8.30991858094029
synthetic_canonical,ideal,cv_level__ideal,synthetic_canonical::cv_level__ideal,warm_ukf,posterior,constant_velocity,240,0.0479439259143395,0.0469150152198981,0.0761926464474289,6.13784782443164,5.87908634107521,8.29816130332521
synthetic_canonical,empirical_timing,cv_level__empirical_timing,synthetic_canonical::cv_level__empirical_timing,cv_ekf,prior,constant_velocity,240,0,0,0,0,0,0
synthetic_canonical,empirical_timing,cv_level__empirical_timing,synthetic_canonical::cv_level__empirical_timing,cv_ekf,posterior,constant_velocity,240,0,0,0,0,0,0
synthetic_canonical,empirical_timing,cv_level__empirical_timing,synthetic_canonical::cv_level__empirical_timing,ca_ekf,prior,constant_velocity,240,0,0,0,0,0,0
synthetic_canonical,empirical_timing,cv_level__empirical_timing,synthetic_canonical::cv_level__empirical_timing,ca_ekf,posterior,constant_velocity,240,0,0,0,0,0,0
synthetic_canonical,empirical_timing,cv_level__empirical_timing,synthetic_canonical::cv_level__empirical_timing,ct_ekf,prior,constant_velocity,240,2.0374433513328e-13,0,3.37507799486048e-13,3.99857358997404e-13,1.4210854715202e-13,9.59232693276135e-13
synthetic_canonical,empirical_timing,cv_level__empirical_timing,synthetic_canonical::cv_level__empirical_timing,ct_ekf,posterior,constant_velocity,240,1.40624946346615e-13,0,9.9475983006414e-14,3.92127972631211e-13,1.4210854715202e-13,9.45021838560933e-13
synthetic_canonical,empirical_timing,cv_level__empirical_timing,synthetic_canonical::cv_level__empirical_timing,native_imm,prior,constant_velocity,240,0.294655536688817,0.01941056064959,0.79656067877457,0.00169804689877461,0.000116736446909964,0.00465197247145868
synthetic_canonical,empirical_timing,cv_level__empirical_timing,synthetic_canonical::cv_level__empirical_timing,native_imm,posterior,constant_velocity,240,0.252879275548796,0.00236942099925403,0.682442063448069,0.00145504868976187,1.52833030245952e-05,0.00400126233883469
synthetic_canonical,empirical_timing,cv_level__empirical_timing,synthetic_canonical::cv_level__empirical_timing,warm_ukf,prior,constant_velocity,240,172.530400248467,10.5813308327131,188.87037535104,7.81607512610564,6.29493910812099,15.2983463439783
synthetic_canonical,empirical_timing,cv_level__empirical_timing,synthetic_canonical::cv_level__empirical_timing,warm_ukf,posterior,constant_velocity,240,115.322986603504,1.27211854816649,37.8121334775332,7.88928117141278,6.32396487967203,15.4859493504491
synthetic_canonical,degraded,cv_level__degraded,synthetic_canonical::cv_level__degraded,cv_ekf,prior,constant_velocity,240,32.9243985423208,23.4492597961193,65.7406761936254,3.19459621818,2.5168514758582,4.78362156719764
synthetic_canonical,degraded,cv_level__degraded,synthetic_canonical::cv_level__degraded,cv_ekf,posterior,constant_velocity,240,31.3513135355932,22.1318210780963,62.1911522730802,3.19254536093303,2.5168514758582,4.78362156719764
synthetic_canonical,degraded,cv_level__degraded,synthetic_canonical::cv_level__degraded,ca_ekf,prior,constant_velocity,240,49.2579300236238,38.0803044033282,92.1561117012188,9.35292492339111,7.83764130113997,15.6521846947921
synthetic_canonical,degraded,cv_level__degraded,synthetic_canonical::cv_level__degraded,ca_ekf,posterior,constant_velocity,240,45.2756186991673,34.8026478237615,87.8960931391958,8.90603522836685,7.4380798529766,14.8584814180865
synthetic_canonical,degraded,cv_level__degraded,synthetic_canonical::cv_level__degraded,ct_ekf,prior,constant_velocity,240,33.0016828995312,23.352373709241,66.2122225172724,3.21629890408834,2.59315205350197,4.88110387347885
synthetic_canonical,degraded,cv_level__degraded,synthetic_canonical::cv_level__degraded,ct_ekf,posterior,constant_velocity,240,31.4178104548366,22.151161757405,62.5585807315853,3.21166700701606,2.58569747445846,4.87449842472884
synthetic_canonical,degraded,cv_level__degraded,synthetic_canonical::cv_level__degraded,native_imm,prior,constant_velocity,240,60.4300947885817,41.6808928911173,115.762587225446,13.5415688645165,9.06199190585524,25.9595357521038
synthetic_canonical,degraded,cv_level__degraded,synthetic_canonical::cv_level__degraded,native_imm,posterior,constant_velocity,240,54.8677494121232,36.6752989555431,104.870424237215,12.7560055770386,8.67460211764416,23.9529359481466
synthetic_canonical,degraded,cv_level__degraded,synthetic_canonical::cv_level__degraded,warm_ukf,prior,constant_velocity,240,160.986870484385,39.8361863575469,392.814424147595,11.7332574291487,10.0627718309179,18.8661754508229
synthetic_canonical,degraded,cv_level__degraded,synthetic_canonical::cv_level__degraded,warm_ukf,posterior,constant_velocity,240,108.343980310942,35.9993135986309,350.077406703474,11.7855936764174,10.1171921714454,19.1591409946779
synthetic_canonical,ideal,cv_climb__ideal,synthetic_canonical::cv_climb__ideal,cv_ekf,prior,constant_velocity_climb,240,0,0,0,0,0,0
synthetic_canonical,ideal,cv_climb__ideal,synthetic_canonical::cv_climb__ideal,cv_ekf,posterior,constant_velocity_climb,240,0,0,0,0,0,0
synthetic_canonical,ideal,cv_climb__ideal,synthetic_canonical::cv_climb__ideal,ca_ekf,prior,constant_velocity_climb,240,0,0,0,0,0,0
synthetic_canonical,ideal,cv_climb__ideal,synthetic_canonical::cv_climb__ideal,ca_ekf,posterior,constant_velocity_climb,240,0,0,0,0,0,0
synthetic_canonical,ideal,cv_climb__ideal,synthetic_canonical::cv_climb__ideal,ct_ekf,prior,constant_velocity_climb,240,6.81544083155989e-14,0,2.8421709430404e-14,4.68281265982773e-13,2.98427949019242e-13,1.00186525742174e-12
synthetic_canonical,ideal,cv_climb__ideal,synthetic_canonical::cv_climb__ideal,ct_ekf,posterior,constant_velocity_climb,240,1.23496197651073e-15,0,0,4.6302005487443e-13,2.91322521661641e-13,9.87654402706539e-13
synthetic_canonical,ideal,cv_climb__ideal,synthetic_canonical::cv_climb__ideal,native_imm,prior,constant_velocity_climb,240,0.0100925956570978,0.00363236058605673,0.0051903028081117,0.000141789028038735,3.20941548477018e-05,3.22493292531232e-05
synthetic_canonical,ideal,cv_climb__ideal,synthetic_canonical::cv_climb__ideal,native_imm,posterior,constant_velocity_climb,240,2.83715679595384e-12,1.87497136067471e-12,5.184764129822e-12,4.67735339253042e-12,2.83108095010706e-12,8.49151319301229e-12
synthetic_canonical,ideal,cv_climb__ideal,synthetic_canonical::cv_climb__ideal,warm_ukf,prior,constant_velocity_climb,240,236.586304768304,10.3858646709046,25.9929572579312,38.6639679137805,40.1002599353226,48.49701869427
synthetic_canonical,ideal,cv_climb__ideal,synthetic_canonical::cv_climb__ideal,warm_ukf,posterior,constant_velocity_climb,240,0.0530448560949757,0.0520521932764604,0.0702616421682903,38.6369414867102,39.9543349858067,48.5672410329802
synthetic_canonical,empirical_timing,cv_climb__empirical_timing,synthetic_canonical::cv_climb__empirical_timing,cv_ekf,prior,constant_velocity_climb,240,0,0,0,0,0,0
synthetic_canonical,empirical_timing,cv_climb__empirical_timing,synthetic_canonical::cv_climb__empirical_timing,cv_ekf,posterior,constant_velocity_climb,240,0,0,0,0,0,0
synthetic_canonical,empirical_timing,cv_climb__empirical_timing,synthetic_canonical::cv_climb__empirical_timing,ca_ekf,prior,constant_velocity_climb,240,0,0,0,0,0,0
synthetic_canonical,empirical_timing,cv_climb__empirical_timing,synthetic_canonical::cv_climb__empirical_timing,ca_ekf,posterior,constant_velocity_climb,240,0,0,0,0,0,0
synthetic_canonical,empirical_timing,cv_climb__empirical_timing,synthetic_canonical::cv_climb__empirical_timing,ct_ekf,prior,constant_velocity_climb,240,7.29547252534005e-14,0,5.6843418860808e-14,4.6888194165738e-13,2.98427949019242e-13,1.00186525742174e-12
synthetic_canonical,empirical_timing,cv_climb__empirical_timing,synthetic_canonical::cv_climb__empirical_timing,ct_ekf,posterior,constant_velocity_climb,240,1.88940693069549e-14,0,0,4.63603044817239e-13,2.98427949019242e-13,9.87654402706539e-13
synthetic_canonical,empirical_timing,cv_climb__empirical_timing,synthetic_canonical::cv_climb__empirical_timing,native_imm,prior,constant_velocity_climb,240,0.134790897678633,0.0102685549734418,0.254390163974735,0.00119224239247074,0.000113590729605875,0.00207697514402869
synthetic_canonical,empirical_timing,cv_climb__empirical_timing,synthetic_canonical::cv_climb__empirical_timing,native_imm,posterior,constant_velocity_climb,240,0.114391950952313,0.00121929587298315,0.194413236071241,0.00101330288393277,1.17226960585553e-05,0.00161756648537692
synthetic_canonical,empirical_timing,cv_climb__empirical_timing,synthetic_canonical::cv_climb__empirical_timing,warm_ukf,prior,constant_velocity_climb,240,266.62271858899,15.4060869595003,229.127216198983,23.0869503348589,23.8177202443516,27.5106672179814
synthetic_canonical,empirical_timing,cv_climb__empirical_timing,synthetic_canonical::cv_climb__empirical_timing,warm_ukf,posterior,constant_velocity_climb,240,219.861912421755,4.12643353956728,62.3889826834151,22.8916452593089,23.5790528601678,27.320102237794
synthetic_canonical,degraded,cv_climb__degraded,synthetic_canonical::cv_climb__degraded,cv_ekf,prior,constant_velocity_climb,240,28.5742016208022,26.1335233755182,43.9991314428214,3.50248871854623,2.46980798482507,7.9984728653074
synthetic_canonical,degraded,cv_climb__degraded,synthetic_canonical::cv_climb__degraded,cv_ekf,posterior,constant_velocity_climb,240,27.3341201547482,24.9901706248055,41.8938559013338,3.49146902553108,2.46980798482507,7.9984728653074
synthetic_canonical,degraded,cv_climb__degraded,synthetic_canonical::cv_climb__degraded,ca_ekf,prior,constant_velocity_climb,240,48.8476296352932,40.6853275514055,87.2151875313318,10.4500958148189,8.80960621412663,16.7128198127065
synthetic_canonical,degraded,cv_climb__degraded,synthetic_canonical::cv_climb__degraded,ca_ekf,posterior,constant_velocity_climb,240,44.5282091753699,36.7852691930078,80.018786811077,9.92909507818313,8.33531169651161,15.787610612707
synthetic_canonical,degraded,cv_climb__degraded,synthetic_canonical::cv_climb__degraded,ct_ekf,prior,constant_velocity_climb,240,28.5181363255394,26.0002328498631,44.0143280102118,3.50750105163828,2.52410663845172,7.99510766243364
synthetic_canonical,degraded,cv_climb__degraded,synthetic_canonical::cv_climb__degraded,ct_ekf,posterior,constant_velocity_climb,240,27.2759466493247,24.9947822263467,42.1620874667164,3.49492010275168,2.51543159985321,7.99498619417427
synthetic_canonical,degraded,cv_climb__degraded,synthetic_canonical::cv_climb__degraded,native_imm,prior,constant_velocity_climb,240,52.8337070930747,41.7789315340624,98.8297354317873,13.5512538207952,9.84351519645152,27.1438901541302
synthetic_canonical,degraded,cv_climb__degraded,synthetic_canonical::cv_climb__degraded,native_imm,posterior,constant_velocity_climb,240,47.6948793929568,37.2042498252484,89.4263363461904,12.8210202454707,9.45533526724615,25.0117030809894
synthetic_canonical,degraded,cv_climb__degraded,synthetic_canonical::cv_climb__degraded,warm_ukf,prior,constant_velocity_climb,240,112.415300868777,49.0967590901184,140.123472828593,36.0876324569707,27.4505030708695,58.430654747513
synthetic_canonical,degraded,cv_climb__degraded,synthetic_canonical::cv_climb__degraded,warm_ukf,posterior,constant_velocity_climb,240,94.8482833513384,41.9682162642657,123.455137487425,36.0744951271015,27.3702302543894,58.3445991307336
synthetic_canonical,ideal,horizontal_acceleration__ideal,synthetic_canonical::horizontal_acceleration__ideal,cv_ekf,prior,constant_velocity,120,0.119190498574362,5.58181752900309e-09,0.24766626177741,0.157928843817156,9.33654436260766e-09,0.1718532059188
synthetic_canonical,ideal,horizontal_acceleration__ideal,synthetic_canonical::horizontal_acceleration__ideal,cv_ekf,prior,forward_acceleration,120,0.627147112882184,0.643525705694766,0.658544204349241,0.99693972341671,1.01471223255017,1.04565157615412
synthetic_canonical,ideal,horizontal_acceleration__ideal,synthetic_canonical::horizontal_acceleration__ideal,cv_ekf,posterior,constant_velocity,120,0.0437421185658296,2.04693594033159e-09,0.0908919094289107,0.0882090573290487,7.20769676299571e-09,0.0620623585958589
synthetic_canonical,ideal,horizontal_acceleration__ideal,synthetic_canonical::horizontal_acceleration__ideal,cv_ekf,posterior,forward_acceleration,120,0.230158780428128,0.236169615846286,0.241681298328428,0.608009640671868,0.614712266876306,0.645651608267586
synthetic_canonical,ideal,horizontal_acceleration__ideal,synthetic_canonical::horizontal_acceleration__ideal,ca_ekf,prior,constant_velocity,120,0.138631854566572,7.29372235198561e-05,0.438331351289669,0.226995924770119,7.47752505100951e-05,0.718094084245414
synthetic_canonical,ideal,horizontal_acceleration__ideal,synthetic_canonical::horizontal_acceleration__ideal,ca_ekf,prior,forward_acceleration,120,0.138462349970435,0.000418867248874572,0.437493246451805,0.22671854359043,0.000475252858421807,0.716648312666873
synthetic_canonical,ideal,horizontal_acceleration__ideal,synthetic_canonical::horizontal_acceleration__ideal,ca_ekf,posterior,constant_velocity,120,0.0509383958152547,2.68085161964604e-05,0.161058493749268,0.146137085377693,4.8949165385427e-05,0.463041915911899
synthetic_canonical,ideal,horizontal_acceleration__ideal,synthetic_canonical::horizontal_acceleration__ideal,ca_ekf,posterior,forward_acceleration,120,0.0508761066230995,0.000154111029488706,0.160750530294111,0.145958701936792,0.000336821301540713,0.462617596252426
synthetic_canonical,ideal,horizontal_acceleration__ideal,synthetic_canonical::horizontal_acceleration__ideal,ct_ekf,prior,constant_velocity,120,0.120110768829287,1.23645708726368e-06,0.250909375407509,0.158575916358263,2.32775926476041e-06,0.17416359932958
synthetic_canonical,ideal,horizontal_acceleration__ideal,synthetic_canonical::horizontal_acceleration__ideal,ct_ekf,prior,forward_acceleration,120,0.63103652612803,0.647573894534946,0.662501958732819,1.00002575352757,1.01789891489396,1.04878648501954
synthetic_canonical,ideal,horizontal_acceleration__ideal,synthetic_canonical::horizontal_acceleration__ideal,ct_ekf,posterior,constant_velocity,120,0.0442596148019002,4.55052623449227e-07,0.0924576078986779,0.0887562993193101,1.56109237622509e-06,0.0630336474478183
synthetic_canonical,ideal,horizontal_acceleration__ideal,synthetic_canonical::horizontal_acceleration__ideal,ct_ekf,posterior,forward_acceleration,120,0.232530638640125,0.238624474801298,0.244125348230549,0.611133143978499,0.617898937237235,0.648786500997145
synthetic_canonical,ideal,horizontal_acceleration__ideal,synthetic_canonical::horizontal_acceleration__ideal,native_imm,prior,constant_velocity,120,0.122951937017378,0.0082809878980005,0.251266175480785,0.156229318339145,3.81202210064797e-05,0.166583758198516
synthetic_canonical,ideal,horizontal_acceleration__ideal,synthetic_canonical::horizontal_acceleration__ideal,native_imm,prior,forward_acceleration,120,0.630167896937638,0.646268154366022,0.663261048731131,0.988650568538077,1.00599836958997,1.03843803893715
synthetic_canonical,ideal,horizontal_acceleration__ideal,synthetic_canonical::horizontal_acceleration__ideal,native_imm,posterior,constant_velocity,120,0.0447460578223974,2.98402470602004e-09,0.0942151426403758,0.0881281232433494,8.6556655318885e-09,0.0625211635963489
synthetic_canonical,ideal,horizontal_acceleration__ideal,synthetic_canonical::horizontal_acceleration__ideal,native_imm,posterior,forward_acceleration,120,0.234560733654099,0.240735551399404,0.246188920956398,0.607293212941802,0.613889772647707,0.645660642693556
synthetic_canonical,ideal,horizontal_acceleration__ideal,synthetic_canonical::horizontal_acceleration__ideal,warm_ukf,prior,constant_velocity,120,68.7779617472781,10.8143980456965,42.3670441093832,12.2943255507554,9.93007262566545,20.7239724770771
synthetic_canonical,ideal,horizontal_acceleration__ideal,synthetic_canonical::horizontal_acceleration__ideal,warm_ukf,prior,forward_acceleration,120,107.742470986499,11.224312695834,114.94125085539,14.677418488834,14.5026565844018,19.991963711743
synthetic_canonical,ideal,horizontal_acceleration__ideal,synthetic_canonical::horizontal_acceleration__ideal,warm_ukf,posterior,constant_velocity,120,0.0510409829123539,0.0501208826782505,0.0728916908946365,12.4052134911163,9.94280638564573,20.8100752278879
synthetic_canonical,ideal,horizontal_acceleration__ideal,synthetic_canonical::horizontal_acceleration__ideal,warm_ukf,posterior,forward_acceleration,120,0.0511283301820128,0.0500178810333483,0.0725444863476807,14.5722312461902,14.2174571208354,20.0588954028538
synthetic_canonical,empirical_timing,horizontal_acceleration__empirical_timing,synthetic_canonical::horizontal_acceleration__empirical_timing,cv_ekf,prior,constant_velocity,120,1.99849901940834,3.73316884544474e-05,3.34904226759469,0.683497597104195,3.75786644623203e-06,0.544043737149322
synthetic_canonical,empirical_timing,horizontal_acceleration__empirical_timing,synthetic_canonical::horizontal_acceleration__empirical_timing,cv_ekf,prior,forward_acceleration,120,4.42810026737174,1.25745905293838,10.5494844980538,2.0823085032102,1.42846769769523,4.11423942200395
synthetic_canonical,empirical_timing,horizontal_acceleration__empirical_timing,synthetic_canonical::horizontal_acceleration__empirical_timing,cv_ekf,posterior,constant_velocity,120,1.30198521436424,2.87589364334252e-05,2.64082826321761,0.443504226519635,3.75786644623203e-06,0.472142669628823
synthetic_canonical,empirical_timing,horizontal_acceleration__empirical_timing,synthetic_canonical::horizontal_acceleration__empirical_timing,cv_ekf,posterior,forward_acceleration,120,3.71426722374526,0.649111314993483,9.26820290538257,1.81438734277794,1.02962069593167,3.85758218800676
synthetic_canonical,empirical_timing,horizontal_acceleration__empirical_timing,synthetic_canonical::horizontal_acceleration__empirical_timing,ca_ekf,prior,constant_velocity,120,4.80530690841747,0.0167881992665229,12.3339183304965,1.39951888456971,0.00890580647769219,4.14357278001923
synthetic_canonical,empirical_timing,horizontal_acceleration__empirical_timing,synthetic_canonical::horizontal_acceleration__empirical_timing,ca_ekf,prior,forward_acceleration,120,3.19601457206379,0.00515330981377005,6.75016995498734,1.17490427582961,0.00380980468492884,3.23138209957707
synthetic_canonical,empirical_timing,horizontal_acceleration__empirical_timing,synthetic_canonical::horizontal_acceleration__empirical_timing,ca_ekf,posterior,constant_velocity,120,4.16051953462093,0.00780838317329727,10.3484826121996,1.27927688673661,0.00761326958137254,3.79817039627977
synthetic_canonical,empirical_timing,horizontal_acceleration__empirical_timing,synthetic_canonical::horizontal_acceleration__empirical_timing,ca_ekf,posterior,forward_acceleration,120,2.66208978076968,0.00184391400246369,5.30945093866568,1.04869227306509,0.00308049442703557,2.84563598082112
synthetic_canonical,empirical_timing,horizontal_acceleration__empirical_timing,synthetic_canonical::horizontal_acceleration__empirical_timing,ct_ekf,prior,constant_velocity,120,2.00361131995064,6.97272036476913e-05,3.37072363709171,0.684359181479172,2.05082466971789e-05,0.547315689615044
synthetic_canonical,empirical_timing,horizontal_acceleration__empirical_timing,synthetic_canonical::horizontal_acceleration__empirical_timing,ct_ekf,prior,forward_acceleration,120,4.43325422896421,1.26307156059082,10.5602952497524,2.08477199619731,1.43192050591818,4.11636634500794
synthetic_canonical,empirical_timing,horizontal_acceleration__empirical_timing,synthetic_canonical::horizontal_acceleration__empirical_timing,ct_ekf,posterior,constant_velocity,120,1.30654345552266,4.81712215107944e-05,2.65800461305539,0.444319308654094,1.80707619089524e-05,0.475146711778397
synthetic_canonical,empirical_timing,horizontal_acceleration__empirical_timing,synthetic_canonical::horizontal_acceleration__empirical_timing,ct_ekf,posterior,forward_acceleration,120,3.7187490694278,0.653141372101638,9.2851561287683,1.81666951660336,1.03314415867489,3.86121643854512
synthetic_canonical,empirical_timing,horizontal_acceleration__empirical_timing,synthetic_canonical::horizontal_acceleration__empirical_timing,native_imm,prior,constant_velocity,120,2.00497378691074,0.0422059724881762,3.64929049954766,0.642414160486109,0.00119657776395793,0.171826397692192
synthetic_canonical,empirical_timing,horizontal_acceleration__empirical_timing,synthetic_canonical::horizontal_acceleration__empirical_timing,native_imm,prior,forward_acceleration,120,4.35595521750231,1.22653470284292,10.4789390564702,2.03611371787304,1.40679235840301,4.09116783036452
synthetic_canonical,empirical_timing,horizontal_acceleration__empirical_timing,synthetic_canonical::horizontal_acceleration__empirical_timing,native_imm,posterior,constant_velocity,120,1.34181109070737,0.00577343826286565,2.94168532344702,0.386993675275808,0.000809533793010831,0.07585283598355
synthetic_canonical,empirical_timing,horizontal_acceleration__empirical_timing,synthetic_canonical::horizontal_acceleration__empirical_timing,native_imm,posterior,forward_acceleration,120,3.65105698397643,0.614339014386574,8.91653125898758,1.774810735365,1.0197382206557,3.81311565738634
synthetic_canonical,empirical_timing,horizontal_acceleration__empirical_timing,synthetic_canonical::horizontal_acceleration__empirical_timing,warm_ukf,prior,constant_velocity,120,667.386117882152,20.9733514224594,1383.2715929529,12.3934430462685,10.4070523490824,20.1427172546917
synthetic_canonical,empirical_timing,horizontal_acceleration__empirical_timing,synthetic_canonical::horizontal_acceleration__empirical_timing,warm_ukf,prior,forward_acceleration,120,128.049933067781,15.1041556151699,294.778042771417,13.8033036740568,13.5314878855464,17.9653433567132
synthetic_canonical,empirical_timing,horizontal_acceleration__empirical_timing,synthetic_canonical::horizontal_acceleration__empirical_timing,warm_ukf,posterior,constant_velocity,120,629.090556398903,8.6483461274633,1379.54043844209,12.6001355488458,10.4854245843731,20.879801997705
synthetic_canonical,empirical_timing,horizontal_acceleration__empirical_timing,synthetic_canonical::horizontal_acceleration__empirical_timing,warm_ukf,posterior,forward_acceleration,120,68.7245143795224,8.08862775259381,57.0640992414577,13.751247518038,13.6034897631435,17.7030478033511
synthetic_canonical,degraded,horizontal_acceleration__degraded,synthetic_canonical::horizontal_acceleration__degraded,cv_ekf,prior,constant_velocity,120,48.2058550704393,33.4557093248074,88.0173967612839,5.02722720600132,3.63937623912169,9.87541159261979
synthetic_canonical,degraded,horizontal_acceleration__degraded,synthetic_canonical::horizontal_acceleration__degraded,cv_ekf,prior,forward_acceleration,120,37.5297691008767,30.3733020542378,65.0155898371722,6.80745837061204,6.32307438125083,10.619929342399
synthetic_canonical,degraded,horizontal_acceleration__degraded,synthetic_canonical::horizontal_acceleration__degraded,cv_ekf,posterior,constant_velocity,120,45.1723688738707,29.8871820848792,85.2494627148585,4.88063691339226,3.63624712024847,8.72846538778152
synthetic_canonical,degraded,horizontal_acceleration__degraded,synthetic_canonical::horizontal_acceleration__degraded,cv_ekf,posterior,forward_acceleration,120,35.3646713869349,29.0451892965511,60.084579251721,6.54963243410048,5.95766973851096,10.2293262499899
synthetic_canonical,degraded,horizontal_acceleration__degraded,synthetic_canonical::horizontal_acceleration__degraded,ca_ekf,prior,constant_velocity,120,95.9136786851893,45.2306205455276,244.803485863811,13.5551841657216,9.75843427537843,26.2457675547686
synthetic_canonical,degraded,horizontal_acceleration__degraded,synthetic_canonical::horizontal_acceleration__degraded,ca_ekf,prior,forward_acceleration,120,43.1171240360227,34.9707011003034,79.2946011812079,9.02225838172467,8.14633700365814,13.3721027970428
synthetic_canonical,degraded,horizontal_acceleration__degraded,synthetic_canonical::horizontal_acceleration__degraded,ca_ekf,posterior,constant_velocity,120,89.8021081600282,40.5592017321033,231.945434114937,13.0226185140123,9.37566810641021,25.5769908305729
synthetic_canonical,degraded,horizontal_acceleration__degraded,synthetic_canonical::horizontal_acceleration__degraded,ca_ekf,posterior,forward_acceleration,120,39.5281730885676,31.7667815113053,73.1259149554648,8.52884521421864,7.70875231053107,12.7657342865336
synthetic_canonical,degraded,horizontal_acceleration__degraded,synthetic_canonical::horizontal_acceleration__degraded,ct_ekf,prior,constant_velocity,120,48.3623004782032,33.4556804055086,88.6654505109476,5.05669519562046,3.64438057802108,9.90216506021622
synthetic_canonical,degraded,horizontal_acceleration__degraded,synthetic_canonical::horizontal_acceleration__degraded,ct_ekf,prior,forward_acceleration,120,37.6527387036151,30.5156999279923,65.1970793149818,6.83763499410634,6.33624476982843,10.640194019252
synthetic_canonical,degraded,horizontal_acceleration__degraded,synthetic_canonical::horizontal_acceleration__degraded,ct_ekf,posterior,constant_velocity,120,45.3104933200915,29.8701315667498,86.0589392253154,4.90804744819923,3.64136497855792,8.74043762463015
synthetic_canonical,degraded,horizontal_acceleration__degraded,synthetic_canonical::horizontal_acceleration__degraded,ct_ekf,posterior,forward_acceleration,120,35.4765211855963,29.2709697637167,60.2471156102321,6.5794492747506,5.98112025300872,10.2491310785912
synthetic_canonical,degraded,horizontal_acceleration__degraded,synthetic_canonical::horizontal_acceleration__degraded,native_imm,prior,constant_velocity,120,82.5139638278982,52.7648101492272,163.10922952799,16.5333965720889,11.0545903622045,30.0421614545973
synthetic_canonical,degraded,horizontal_acceleration__degraded,synthetic_canonical::horizontal_acceleration__degraded,native_imm,prior,forward_acceleration,120,52.9007177510955,41.7601124014626,95.2910622186519,14.8300050228849,11.4115422522042,26.4363368301927
synthetic_canonical,degraded,horizontal_acceleration__degraded,synthetic_canonical::horizontal_acceleration__degraded,native_imm,posterior,constant_velocity,120,75.3978569825076,43.6681093783366,156.109591218264,15.3139910688789,10.0142071973927,28.4914188148598
synthetic_canonical,degraded,horizontal_acceleration__degraded,synthetic_canonical::horizontal_acceleration__degraded,native_imm,posterior,forward_acceleration,120,48.4067532662228,37.4188641545287,90.0256398236193,13.9941044691434,10.9688315212187,24.7918067644325
synthetic_canonical,degraded,horizontal_acceleration__degraded,synthetic_canonical::horizontal_acceleration__degraded,warm_ukf,prior,constant_velocity,120,254.679692337663,55.4037824725766,228.051389633662,10.9044714314872,11.4522972737161,14.806337674895
synthetic_canonical,degraded,horizontal_acceleration__degraded,synthetic_canonical::horizontal_acceleration__degraded,warm_ukf,prior,forward_acceleration,120,426.488930175205,48.34078872556,1531.62524255322,14.8498587926937,13.5029184819422,22.2999305563115
synthetic_canonical,degraded,horizontal_acceleration__degraded,synthetic_canonical::horizontal_acceleration__degraded,warm_ukf,posterior,constant_velocity,120,193.008076723727,45.1065951256024,184.075789487145,11.0181031979447,12.0189216830135,14.9430649203597
synthetic_canonical,degraded,horizontal_acceleration__degraded,synthetic_canonical::horizontal_acceleration__degraded,warm_ukf,posterior,forward_acceleration,120,400.554450523513,40.4146863952502,1521.32820378002,14.7144873914849,13.3175715520023,22.196644206534
synthetic_canonical,ideal,vertical_acceleration__ideal,synthetic_canonical::vertical_acceleration__ideal,cv_ekf,prior,constant_velocity,120,0.0474907984068272,6.54756604490103e-07,0.13556883210822,0.0444685688647634,8.11839564500011e-07,0.0877807800975297
synthetic_canonical,ideal,vertical_acceleration__ideal,synthetic_canonical::vertical_acceleration__ideal,cv_ekf,prior,vertical_acceleration,120,0.214762004651247,0.222619403579301,0.230263023442603,0.25261644937137,0.258429527862926,0.269799461585908
synthetic_canonical,ideal,vertical_acceleration__ideal,synthetic_canonical::vertical_acceleration__ideal,cv_ekf,posterior,constant_velocity,120,0.0239256475193305,3.29863269143971e-07,0.0682989589654426,0.0293999421325395,6.70078000364215e-07,0.0421079312558003
synthetic_canonical,ideal,vertical_acceleration__ideal,synthetic_canonical::vertical_acceleration__ideal,cv_ekf,posterior,vertical_acceleration,120,0.108196117905047,0.112154639628898,0.11600546043519,0.180495579433148,0.183429528277653,0.194799461585908
synthetic_canonical,ideal,vertical_acceleration__ideal,synthetic_canonical::vertical_acceleration__ideal,ca_ekf,prior,constant_velocity,120,0.0890336215472149,0.00230564994672022,0.240854292686436,0.0911176414833874,0.00152188330843269,0.249168034205812
synthetic_canonical,ideal,vertical_acceleration__ideal,synthetic_canonical::vertical_acceleration__ideal,ca_ekf,prior,vertical_acceleration,120,0.0893211432236998,0.00490342767625407,0.241779756388496,0.091554211544344,0.00479778351457771,0.249198560732431
synthetic_canonical,ideal,vertical_acceleration__ideal,synthetic_canonical::vertical_acceleration__ideal,ca_ekf,posterior,constant_velocity,120,0.0508540948891904,0.00131693779439956,0.137570805746236,0.0711053032317551,0.000731283220154118,0.198250223945122
synthetic_canonical,ideal,vertical_acceleration__ideal,synthetic_canonical::vertical_acceleration__ideal,ca_ekf,posterior,vertical_acceleration,120,0.0510183043931243,0.0028007327123305,0.138099339150813,0.0715469931529318,0.00370500737592172,0.200453490491296
synthetic_canonical,ideal,vertical_acceleration__ideal,synthetic_canonical::vertical_acceleration__ideal,ct_ekf,prior,constant_velocity,120,0.0502847819306184,8.89243892743252e-07,0.145296825508467,0.0458820166528319,1.00739823752268e-06,0.0931228953042863
synthetic_canonical,ideal,vertical_acceleration__ideal,synthetic_canonical::vertical_acceleration__ideal,ct_ekf,prior,vertical_acceleration,120,0.224736008775176,0.233170147973851,0.241001539939134,0.25841726255259,0.264482597439496,0.275919441877425
synthetic_canonical,ideal,vertical_acceleration__ideal,synthetic_canonical::vertical_acceleration__ideal,ct_ekf,posterior,constant_velocity,120,0.0258095853957759,4.56420821137726e-07,0.0745762571045816,0.030648143641809,8.63036280108342e-07,0.046387659446755
synthetic_canonical,ideal,vertical_acceleration__ideal,synthetic_canonical::vertical_acceleration__ideal,ct_ekf,posterior,vertical_acceleration,120,0.115349873009054,0.119678849441243,0.123698454815894,0.18636796671911,0.189482597681154,0.200919441877425
synthetic_canonical,ideal,vertical_acceleration__ideal,synthetic_canonical::vertical_acceleration__ideal,native_imm,prior,constant_velocity,120,0.0598314637168619,0.00413191054394349,0.161831818207639,0.0470746536703042,5.01529416576572e-05,0.0979292551279985
synthetic_canonical,ideal,vertical_acceleration__ideal,synthetic_canonical::vertical_acceleration__ideal,native_imm,prior,vertical_acceleration,120,0.241086861485056,0.250719225747871,0.259413556995226,0.263069676331618,0.269284122920283,0.282228651838654
synthetic_canonical,ideal,vertical_acceleration__ideal,synthetic_canonical::vertical_acceleration__ideal,native_imm,posterior,constant_velocity,120,0.0294676429937656,8.73529643292614e-07,0.0868259744202078,0.0323053747792536,1.11585672455121e-06,0.0524179775397915
synthetic_canonical,ideal,vertical_acceleration__ideal,synthetic_canonical::vertical_acceleration__ideal,native_imm,posterior,vertical_acceleration,120,0.128819646608256,0.133889009549421,0.138691074544568,0.193848852417718,0.197163247883449,0.21022534695412
synthetic_canonical,ideal,vertical_acceleration__ideal,synthetic_canonical::vertical_acceleration__ideal,warm_ukf,prior,constant_velocity,120,88.9392086179649,8.02412047621928,124.508411543492,15.4648719469549,14.082274750322,21.4773461282004
synthetic_canonical,ideal,vertical_acceleration__ideal,synthetic_canonical::vertical_acceleration__ideal,warm_ukf,prior,vertical_acceleration,120,131.824486580021,8.1322600401613,347.864451959751,14.1490231045823,13.7758491996489,17.855858297053
synthetic_canonical,ideal,vertical_acceleration__ideal,synthetic_canonical::vertical_acceleration__ideal,warm_ukf,posterior,constant_velocity,120,0.0475099392232859,0.0460127768768125,0.0739957509306389,15.4750361331302,14.3067741609493,21.3821007211812
synthetic_canonical,ideal,vertical_acceleration__ideal,synthetic_canonical::vertical_acceleration__ideal,warm_ukf,posterior,vertical_acceleration,120,0.0454548127694431,0.044494905625395,0.0699553311084584,14.0032900804215,13.6067911656256,17.7557069587229
synthetic_canonical,empirical_timing,vertical_acceleration__empirical_timing,synthetic_canonical::vertical_acceleration__empirical_timing,cv_ekf,prior,constant_velocity,120,2.61344965678378,0.00119218670670307,7.32272093117763,0.297381841034858,0.000386435450319134,0.642487498213839
synthetic_canonical,empirical_timing,vertical_acceleration__empirical_timing,synthetic_canonical::vertical_acceleration__empirical_timing,cv_ekf,prior,vertical_acceleration,120,0.667137601910977,0.254454890918169,1.39288702531439,0.387345008557361,0.306770431250751,0.658312653100453
synthetic_canonical,empirical_timing,vertical_acceleration__empirical_timing,synthetic_canonical::vertical_acceleration__empirical_timing,cv_ekf,posterior,constant_velocity,120,2.47772793641192,0.000550921941794513,7.00147718207108,0.289907469211226,0.000386435450319134,0.642487498213839
synthetic_canonical,empirical_timing,vertical_acceleration__empirical_timing,synthetic_canonical::vertical_acceleration__empirical_timing,cv_ekf,posterior,vertical_acceleration,120,0.517237730804017,0.150350738494581,1.08302028907656,0.324532295174791,0.258432873006787,0.583312653100452
synthetic_canonical,empirical_timing,vertical_acceleration__empirical_timing,synthetic_canonical::vertical_acceleration__empirical_timing,ca_ekf,prior,constant_velocity,120,2.28522303133324,0.0219995729535185,6.4441176028422,0.491843809155586,0.0203481140730932,1.39038785162458
synthetic_canonical,empirical_timing,vertical_acceleration__empirical_timing,synthetic_canonical::vertical_acceleration__empirical_timing,ca_ekf,prior,vertical_acceleration,120,0.196040184650042,0.0204466701707133,0.357129575842464,0.131231321646936,0.0121756215720812,0.310083782272944
synthetic_canonical,empirical_timing,vertical_acceleration__empirical_timing,synthetic_canonical::vertical_acceleration__empirical_timing,ca_ekf,posterior,constant_velocity,120,2.0575709675711,0.0173096966614139,5.76769647069386,0.460400254488672,0.0173592237664688,1.3152966769679
synthetic_canonical,empirical_timing,vertical_acceleration__empirical_timing,synthetic_canonical::vertical_acceleration__empirical_timing,ca_ekf,posterior,vertical_acceleration,120,0.141048707887318,0.0131180789653627,0.221412359786882,0.109304200092048,0.00965118757385297,0.260797142384045
synthetic_canonical,empirical_timing,vertical_acceleration__empirical_timing,synthetic_canonical::vertical_acceleration__empirical_timing,ct_ekf,prior,constant_velocity,120,2.6466932713317,0.000590789428770222,7.41321188482243,0.300581212143225,0.000445445458518101,0.649128198515687
synthetic_canonical,empirical_timing,vertical_acceleration__empirical_timing,synthetic_canonical::vertical_acceleration__empirical_timing,ct_ekf,prior,vertical_acceleration,120,0.682358826188989,0.266739966963996,1.41533133048642,0.393297038896086,0.31488329172458,0.663844837476009
synthetic_canonical,empirical_timing,vertical_acceleration__empirical_timing,synthetic_canonical::vertical_acceleration__empirical_timing,ct_ekf,posterior,constant_velocity,120,2.50942643072109,0.000549515823422553,7.08864778556426,0.2930084512046,0.000445445458518101,0.649128198515687
synthetic_canonical,empirical_timing,vertical_acceleration__empirical_timing,synthetic_canonical::vertical_acceleration__empirical_timing,ct_ekf,posterior,vertical_acceleration,120,0.529793537899902,0.155552153726148,1.10621311850036,0.330367980392659,0.264174799412294,0.588844837476009
synthetic_canonical,empirical_timing,vertical_acceleration__empirical_timing,synthetic_canonical::vertical_acceleration__empirical_timing,native_imm,prior,constant_velocity,120,2.86304131235402,0.0551968166772684,8.0316035048767,0.299102277665099,0.00194613920131002,0.642790444904412
synthetic_canonical,empirical_timing,vertical_acceleration__empirical_timing,synthetic_canonical::vertical_acceleration__empirical_timing,native_imm,prior,vertical_acceleration,120,0.640965514871465,0.271476295466543,1.38576112334992,0.370154852297892,0.287991318927011,0.646454873580753
synthetic_canonical,empirical_timing,vertical_acceleration__empirical_timing,synthetic_canonical::vertical_acceleration__empirical_timing,native_imm,posterior,constant_velocity,120,2.710975862864,0.0175657043033834,7.66890456861889,0.291661484987561,0.00135803535875023,0.642790444904412
synthetic_canonical,empirical_timing,vertical_acceleration__empirical_timing,synthetic_canonical::vertical_acceleration__empirical_timing,native_imm,posterior,vertical_acceleration,120,0.501372443686107,0.150882083108627,1.09006560441164,0.310404306496481,0.219005367108056,0.573871166363202
synthetic_canonical,empirical_timing,vertical_acceleration__empirical_timing,synthetic_canonical::vertical_acceleration__empirical_timing,warm_ukf,prior,constant_velocity,120,409.736716076941,19.7014026127601,920.701986704476,16.365599595241,17.2236230193512,21.9489190708373
synthetic_canonical,empirical_timing,vertical_acceleration__empirical_timing,synthetic_canonical::vertical_acceleration__empirical_timing,warm_ukf,prior,vertical_acceleration,120,156.65342887495,10.8159344573115,431.422350912031,17.5194082553074,18.1292887796259,21.8318440122891
synthetic_canonical,empirical_timing,vertical_acceleration__empirical_timing,synthetic_canonical::vertical_acceleration__empirical_timing,warm_ukf,posterior,constant_velocity,120,297.186312466424,8.99938265207415,918.648045013181,16.2463870619083,17.0422753954261,21.8719904307838
synthetic_canonical,empirical_timing,vertical_acceleration__empirical_timing,synthetic_canonical::vertical_acceleration__empirical_timing,warm_ukf,posterior,vertical_acceleration,120,114.462930881236,3.24573208822465,35.779307309951,17.4787086805091,18.1557023629355,21.7225096653938
synthetic_canonical,degraded,vertical_acceleration__degraded,synthetic_canonical::vertical_acceleration__degraded,cv_ekf,prior,constant_velocity,120,32.1011991237425,26.9401635107925,51.8837035214829,2.82659942300943,2.48845436776713,4.1898830534947
synthetic_canonical,degraded,vertical_acceleration__degraded,synthetic_canonical::vertical_acceleration__degraded,cv_ekf,prior,vertical_acceleration,120,31.8078652759223,29.0349073317612,46.1135225878296,2.93481202054947,2.89332418915385,4.32683320432191
synthetic_canonical,degraded,vertical_acceleration__degraded,synthetic_canonical::vertical_acceleration__degraded,cv_ekf,posterior,constant_velocity,120,31.011124566965,25.9738468614066,50.8631123309787,2.81154505157599,2.44007854393375,4.1898830534947
synthetic_canonical,degraded,vertical_acceleration__degraded,synthetic_canonical::vertical_acceleration__degraded,cv_ekf,posterior,vertical_acceleration,120,30.8170958809176,27.7189981169822,44.5322935626072,2.92980176616601,2.92177352435051,4.33349363467904
synthetic_canonical,degraded,vertical_acceleration__degraded,synthetic_canonical::vertical_acceleration__degraded,ca_ekf,prior,constant_velocity,120,86.8569399130782,45.7034836494077,209.58431450943,11.486135060382,7.90085287115781,22.1118561767141
synthetic_canonical,degraded,vertical_acceleration__degraded,synthetic_canonical::vertical_acceleration__degraded,ca_ekf,prior,vertical_acceleration,120,53.2254024218752,50.5995606971425,80.3874032848614,10.4785054165775,9.51796368533408,16.2506170413155
synthetic_canonical,degraded,vertical_acceleration__degraded,synthetic_canonical::vertical_acceleration__degraded,ca_ekf,posterior,constant_velocity,120,81.9025512765254,41.0389376251667,199.281176634173,11.0157491563151,7.47541062091378,21.3804233727171
synthetic_canonical,degraded,vertical_acceleration__degraded,synthetic_canonical::vertical_acceleration__degraded,ca_ekf,posterior,vertical_acceleration,120,49.2449641999201,46.4497043922965,74.3674031782645,9.99351337308206,9.18377896790328,15.4599407735043
synthetic_canonical,degraded,vertical_acceleration__degraded,synthetic_canonical::vertical_acceleration__degraded,ct_ekf,prior,constant_velocity,120,32.2299152379676,27.0035678929642,52.0811596956785,2.86823456842344,2.5545409821577,4.19337719928187
synthetic_canonical,degraded,vertical_acceleration__degraded,synthetic_canonical::vertical_acceleration__degraded,ct_ekf,prior,vertical_acceleration,120,31.6391685707517,28.6074498708596,45.9912972233494,2.95692543746783,2.86915936236261,4.42167761796503
synthetic_canonical,degraded,vertical_acceleration__degraded,synthetic_canonical::vertical_acceleration__degraded,ct_ekf,posterior,constant_velocity,120,31.1180221745119,25.989962170611,50.8310666717322,2.85062785974491,2.54172413957023,4.19256164570606
synthetic_canonical,degraded,vertical_acceleration__degraded,synthetic_canonical::vertical_acceleration__degraded,ct_ekf,posterior,vertical_acceleration,120,30.6386159117745,27.4715129619293,44.5177061877985,2.9480916802024,2.85790521354791,4.41670513609535
synthetic_canonical,degraded,vertical_acceleration__degraded,synthetic_canonical::vertical_acceleration__degraded,native_imm,prior,constant_velocity,120,58.0823497127018,45.1507377254673,105.515130084553,17.3507451904,9.68736033531058,35.1476673515811
synthetic_canonical,degraded,vertical_acceleration__degraded,synthetic_canonical::vertical_acceleration__degraded,native_imm,prior,vertical_acceleration,120,60.4370664892865,49.5518749209027,99.1709177452553,15.6655846337637,10.4938983313013,33.0088001406016
synthetic_canonical,degraded,vertical_acceleration__degraded,synthetic_canonical::vertical_acceleration__degraded,native_imm,posterior,constant_velocity,120,52.5074859248375,40.3374921041586,101.727022081909,15.7790951715482,9.66473449421865,32.2543653922113
synthetic_canonical,degraded,vertical_acceleration__degraded,synthetic_canonical::vertical_acceleration__degraded,native_imm,posterior,vertical_acceleration,120,54.6579625151471,44.1173137564962,88.7328936771316,14.7918418415289,10.0487653623526,30.5673166062244
synthetic_canonical,degraded,vertical_acceleration__degraded,synthetic_canonical::vertical_acceleration__degraded,warm_ukf,prior,constant_velocity,120,940.465132988261,50.7041099370799,2370.2980357744,18.923052864505,18.065278346894,26.524838050484
synthetic_canonical,degraded,vertical_acceleration__degraded,synthetic_canonical::vertical_acceleration__degraded,warm_ukf,prior,vertical_acceleration,120,253.608742310418,49.6146284612521,490.179796721277,20.9108560504432,22.0668076967973,25.1282770962588
synthetic_canonical,degraded,vertical_acceleration__degraded,synthetic_canonical::vertical_acceleration__degraded,warm_ukf,posterior,constant_velocity,120,903.83003996394,42.6357944156289,2369.58719575453,19.0478083608623,18.1730086801177,26.4414643115181
synthetic_canonical,degraded,vertical_acceleration__degraded,synthetic_canonical::vertical_acceleration__degraded,warm_ukf,posterior,vertical_acceleration,120,211.61728670883,45.5409530458055,137.122483517571,20.7489971884392,21.990550010395,24.9951404859722
synthetic_canonical,ideal,left_turn__ideal,synthetic_canonical::left_turn__ideal,cv_ekf,prior,constant_velocity,120,0.362112680826901,0,0.119441748081619,0.479680004832229,3.63464661196107e-12,0.172087011459005
synthetic_canonical,ideal,left_turn__ideal,synthetic_canonical::left_turn__ideal,cv_ekf,prior,left_turn,120,2.73113233782142,2.76638960255147,2.77149643257327,4.32137325194345,4.35962881587477,4.36817436541067
synthetic_canonical,ideal,left_turn__ideal,synthetic_canonical::left_turn__ideal,cv_ekf,posterior,constant_velocity,120,0.13293717017974,0,0.0438490787653682,0.267985410695793,3.63464661196107e-12,0.132891439060261
synthetic_canonical,ideal,left_turn__ideal,synthetic_canonical::left_turn__ideal,cv_ekf,posterior,left_turn,120,1.00303562867906,1.01604579363218,1.01785950301464,2.62771927520473,2.6423318918615,2.65087547244255
synthetic_canonical,ideal,left_turn__ideal,synthetic_canonical::left_turn__ideal,ca_ekf,prior,constant_velocity,120,0.419101670629441,8.85980895134438e-07,0.975357443198116,0.687445865944842,7.39680908053046e-07,1.50354255853297
synthetic_canonical,ideal,left_turn__ideal,synthetic_canonical::left_turn__ideal,ca_ekf,prior,left_turn,120,0.4418577199714,0.148150230542811,0.971920936967902,0.722747388843981,0.233243641727784,1.50035838494179
synthetic_canonical,ideal,left_turn__ideal,synthetic_canonical::left_turn__ideal,ca_ekf,posterior,constant_velocity,120,0.153580522868686,3.25532583076926e-07,0.357575685650448,0.442038264747619,5.81773555775556e-07,0.79804680078853
synthetic_canonical,ideal,left_turn__ideal,synthetic_canonical::left_turn__ideal,ca_ekf,posterior,left_turn,120,0.161843204856475,0.0544863213970961,0.355579906919445,0.462243426419764,0.141455414752305,0.797867216280431
synthetic_canonical,ideal,left_turn__ideal,synthetic_canonical::left_turn__ideal,ct_ekf,prior,constant_velocity,120,0.406672813940557,0.250082464566684,0.472856564406031,0.58969275901299,0.454231205413967,0.739972668328348
synthetic_canonical,ideal,left_turn__ideal,synthetic_canonical::left_turn__ideal,ct_ekf,prior,left_turn,120,2.54229215721418,2.55963199787608,2.7562645619178,4.01316636693019,4.02666709922446,4.33673004762849
synthetic_canonical,ideal,left_turn__ideal,synthetic_canonical::left_turn__ideal,ct_ekf,posterior,constant_velocity,120,0.149711417283222,0.0920629788134646,0.174072954003624,0.35168262188733,0.230429502623308,0.487476174423013
synthetic_canonical,ideal,left_turn__ideal,synthetic_canonical::left_turn__ideal,ct_ekf,posterior,left_turn,120,0.936109026167177,0.942643430407617,1.01466854877006,2.44319637791812,2.44217078808444,2.63624251577199
synthetic_canonical,ideal,left_turn__ideal,synthetic_canonical::left_turn__ideal,native_imm,prior,constant_velocity,120,0.200274901103154,0.00299999572286473,0.214684002887979,0.425549336434305,2.60606422698537e-05,0.303640171009713
synthetic_canonical,ideal,left_turn__ideal,synthetic_canonical::left_turn__ideal,native_imm,prior,left_turn,120,0.472003094848741,0.120735540611013,1.17911246607078,0.844198422967192,0.25858133780375,2.03692452878233
synthetic_canonical,ideal,left_turn__ideal,synthetic_canonical::left_turn__ideal,native_imm,posterior,constant_velocity,120,0.0462654191639765,3.63797880709171e-12,0.0466771200645632,0.225062088643636,3.04593140867233e-12,0.11704569807079
synthetic_canonical,ideal,left_turn__ideal,synthetic_canonical::left_turn__ideal,native_imm,posterior,left_turn,120,0.148884248320188,0.0261143811732938,0.321886290210488,0.483787486238104,0.122291456941402,1.19803151299657
synthetic_canonical,ideal,left_turn__ideal,synthetic_canonical::left_turn__ideal,warm_ukf,prior,constant_velocity,120,349.4167081483,9.57851072645395,603.219667255564,31.9327996107576,37.2933819649319,52.2469309126435
synthetic_canonical,ideal,left_turn__ideal,synthetic_canonical::left_turn__ideal,warm_ukf,prior,left_turn,120,161.974670809623,11.7491296458593,73.6701265524974,41.8865611892721,42.0477016135427,58.5473766935697
synthetic_canonical,ideal,left_turn__ideal,synthetic_canonical::left_turn__ideal,warm_ukf,posterior,constant_velocity,120,0.0494305409035022,0.0498539209280067,0.0788066643996996,31.4370883704828,36.8954526890314,50.7524663665716
synthetic_canonical,ideal,left_turn__ideal,synthetic_canonical::left_turn__ideal,warm_ukf,posterior,left_turn,120,0.0697473991910487,0.0671895158699023,0.108435955071281,40.6287906217742,40.4898465695024,57.1853065810814
synthetic_canonical,empirical_timing,left_turn__empirical_timing,synthetic_canonical::left_turn__empirical_timing,cv_ekf,prior,constant_velocity,120,0.412835940212068,4.51487817507465e-07,0.341610639316048,0.49869062384495,1.10120852795756e-06,0.240532859296144
synthetic_canonical,empirical_timing,left_turn__empirical_timing,synthetic_canonical::left_turn__empirical_timing,cv_ekf,prior,left_turn,120,60.0913368188352,5.45563311158742,169.620390279042,13.3787582782819,6.17692539743379,34.2843705520682
synthetic_canonical,empirical_timing,left_turn__empirical_timing,synthetic_canonical::left_turn__empirical_timing,cv_ekf,posterior,constant_velocity,120,0.190855361860299,9.5880932091305e-08,0.201308491950738,0.292490860721339,1.10120852795756e-06,0.189932985678047
synthetic_canonical,empirical_timing,left_turn__empirical_timing,synthetic_canonical::left_turn__empirical_timing,cv_ekf,posterior,left_turn,120,54.2490488719473,2.75995094745215,152.917912688638,12.1945256219352,4.45980816912412,32.580552082271
synthetic_canonical,empirical_timing,left_turn__empirical_timing,synthetic_canonical::left_turn__empirical_timing,ca_ekf,prior,constant_velocity,120,1.47511541247761,0.000413473953758763,3.74500970220146,0.863187766177555,0.0016306045551225,2.15707035512716
synthetic_canonical,empirical_timing,left_turn__empirical_timing,synthetic_canonical::left_turn__empirical_timing,ca_ekf,prior,left_turn,120,8.19043934099625,0.320799034975821,21.8683836381979,2.2207066230479,0.402820509975367,5.8468499706141
synthetic_canonical,empirical_timing,left_turn__empirical_timing,synthetic_canonical::left_turn__empirical_timing,ca_ekf,posterior,constant_velocity,120,1.26831830227743,9.32846438954929e-05,3.33911902130454,0.618843333989558,0.000852922688811851,1.64960374788826
synthetic_canonical,empirical_timing,left_turn__empirical_timing,synthetic_canonical::left_turn__empirical_timing,ca_ekf,posterior,left_turn,120,7.20952715744693,0.156198521279613,19.0711602309129,1.96120319656114,0.274701914494501,5.34501783634459
synthetic_canonical,empirical_timing,left_turn__empirical_timing,synthetic_canonical::left_turn__empirical_timing,ct_ekf,prior,constant_velocity,120,15.2917158197969,0.227625252947066,43.6873394477027,2.51955843767006,0.439617058033728,6.60060866844072
synthetic_canonical,empirical_timing,left_turn__empirical_timing,synthetic_canonical::left_turn__empirical_timing,ct_ekf,prior,left_turn,120,53.9154595952058,5.04258266435633,152.10152944985,12.0919250741089,5.72329999711553,30.7483897008282
synthetic_canonical,empirical_timing,left_turn__empirical_timing,synthetic_canonical::left_turn__empirical_timing,ct_ekf,posterior,constant_velocity,120,14.1328590846859,0.0220976631647912,40.4492360577796,2.37008105799534,0.376189744470373,6.35224163821081
synthetic_canonical,empirical_timing,left_turn__empirical_timing,synthetic_canonical::left_turn__empirical_timing,ct_ekf,posterior,left_turn,120,48.6616311640894,2.58619370558982,137.124798319705,10.9924908257469,4.14606316096567,29.2190616222714
synthetic_canonical,empirical_timing,left_turn__empirical_timing,synthetic_canonical::left_turn__empirical_timing,native_imm,prior,constant_velocity,120,1.12925921286687,0.112311282727463,3.00237023204863,0.521497531765004,0.00615371443820785,0.439286733170321
synthetic_canonical,empirical_timing,left_turn__empirical_timing,synthetic_canonical::left_turn__empirical_timing,native_imm,prior,left_turn,120,10.3330476165605,0.374729588037856,27.4423412417783,2.84295171999947,0.538762354914812,7.61518622706278
synthetic_canonical,empirical_timing,left_turn__empirical_timing,synthetic_canonical::left_turn__empirical_timing,native_imm,posterior,constant_velocity,120,1.02097923442835,0.062908393192288,2.80523320009876,0.322499322490016,0.00417191814563218,0.376281057427766
synthetic_canonical,empirical_timing,left_turn__empirical_timing,synthetic_canonical::left_turn__empirical_timing,native_imm,posterior,left_turn,120,9.07298117002149,0.149462219088122,23.8182140282935,2.51216943857664,0.333467438570857,6.95736589831269
synthetic_canonical,empirical_timing,left_turn__empirical_timing,synthetic_canonical::left_turn__empirical_timing,warm_ukf,prior,constant_velocity,120,2775.27129897862,30.7640089556596,5928.34906088499,33.8116083194845,23.5944646581626,54.86870004227
synthetic_canonical,empirical_timing,left_turn__empirical_timing,synthetic_canonical::left_turn__empirical_timing,warm_ukf,prior,left_turn,120,377.709337141885,21.9561809108925,694.906684567404,46.904101142865,36.4513669109616,80.0839826420267
synthetic_canonical,empirical_timing,left_turn__empirical_timing,synthetic_canonical::left_turn__empirical_timing,warm_ukf,posterior,constant_velocity,120,2701.83293255459,15.2031792210333,5923.03949159795,33.3101058039397,23.5435342438327,53.8133360240923
synthetic_canonical,empirical_timing,left_turn__empirical_timing,synthetic_canonical::left_turn__empirical_timing,warm_ukf,posterior,left_turn,120,297.220246022272,7.68058051883899,380.539147192528,45.7197652555739,35.1723182326184,78.3901639932748
synthetic_canonical,degraded,left_turn__degraded,synthetic_canonical::left_turn__degraded,cv_ekf,prior,constant_velocity,120,52.648000693805,43.6908628958338,94.0789095916348,6.97634287670525,2.60607751521472,12.6235770172712
synthetic_canonical,degraded,left_turn__degraded,synthetic_canonical::left_turn__degraded,cv_ekf,prior,left_turn,120,329.231518329158,100.820572557795,855.238722226606,37.8612650693995,27.5799900648574,75.5877322604903
synthetic_canonical,degraded,left_turn__degraded,synthetic_canonical::left_turn__degraded,cv_ekf,posterior,constant_velocity,120,49.6068148027208,41.3402807757978,87.007972862523,6.59160971775756,2.60607751521472,12.0486249482478
synthetic_canonical,degraded,left_turn__degraded,synthetic_canonical::left_turn__degraded,cv_ekf,posterior,left_turn,120,312.421669414989,87.4046754806066,818.242880222312,36.4730125633469,25.8850893149644,73.9602241359256
synthetic_canonical,degraded,left_turn__degraded,synthetic_canonical::left_turn__degraded,ca_ekf,prior,constant_velocity,120,133.431501772562,61.2687131952978,305.683091588865,18.6928776732421,16.0405486143637,31.3540631918086
synthetic_canonical,degraded,left_turn__degraded,synthetic_canonical::left_turn__degraded,ca_ekf,prior,left_turn,120,113.464733411117,46.1784615099526,265.516010711846,13.1677288797765,12.2802657593942,23.8165702184791
synthetic_canonical,degraded,left_turn__degraded,synthetic_canonical::left_turn__degraded,ca_ekf,posterior,constant_velocity,120,125.212304717572,54.5075623901901,290.285095116846,17.9239763135361,15.2090961965501,30.5808915669728
synthetic_canonical,degraded,left_turn__degraded,synthetic_canonical::left_turn__degraded,ca_ekf,posterior,left_turn,120,108.835044236068,40.2561895788903,258.331280088455,12.6020878527247,11.9182188550331,22.4486695734387
synthetic_canonical,degraded,left_turn__degraded,synthetic_canonical::left_turn__degraded,ct_ekf,prior,constant_velocity,120,41.3329284256161,29.8021586855044,76.1216998968519,6.69394380203494,5.0076162215196,9.23986784443533
synthetic_canonical,degraded,left_turn__degraded,synthetic_canonical::left_turn__degraded,ct_ekf,prior,left_turn,120,309.27340642882,95.0129517044041,801.684096521906,35.5174226550271,25.7906987152167,70.5473185547582
synthetic_canonical,degraded,left_turn__degraded,synthetic_canonical::left_turn__degraded,ct_ekf,posterior,constant_velocity,120,38.545360648213,28.4908203157199,71.8190638594696,6.39168952088588,4.88730259094539,8.93912716849204
synthetic_canonical,degraded,left_turn__degraded,synthetic_canonical::left_turn__degraded,ct_ekf,posterior,left_turn,120,293.536390256382,82.3137710305456,767.204106487708,34.1994620135302,24.2365020368327,69.0319404570276
synthetic_canonical,degraded,left_turn__degraded,synthetic_canonical::left_turn__degraded,native_imm,prior,constant_velocity,120,61.0552266250612,46.7729217642681,119.342673037115,13.3835411301947,9.2041094056322,27.3180397059125
synthetic_canonical,degraded,left_turn__degraded,synthetic_canonical::left_turn__degraded,native_imm,prior,left_turn,120,103.961920857852,43.2579283365362,246.650586713811,14.8896666571576,11.1092956328658,26.7857947136581
synthetic_canonical,degraded,left_turn__degraded,synthetic_canonical::left_turn__degraded,native_imm,posterior,constant_velocity,120,56.985494537992,43.993233781439,112.656918123709,12.7503115119823,9.2041094056322,25.381934045513
synthetic_canonical,degraded,left_turn__degraded,synthetic_canonical::left_turn__degraded,native_imm,posterior,left_turn,120,98.368628592326,38.8198433409354,236.315723229863,13.9151791043767,10.0653836184217,25.2611360745757
synthetic_canonical,degraded,left_turn__degraded,synthetic_canonical::left_turn__degraded,warm_ukf,prior,constant_velocity,120,987.928913531495,70.9181255337881,2802.74913147744,32.1900903101157,39.2501228963816,47.1560504728007
synthetic_canonical,degraded,left_turn__degraded,synthetic_canonical::left_turn__degraded,warm_ukf,prior,left_turn,120,407.849269852583,82.466770495223,1026.5834221039,57.9884160082111,49.2091663277445,105.119661561234
synthetic_canonical,degraded,left_turn__degraded,synthetic_canonical::left_turn__degraded,warm_ukf,posterior,constant_velocity,120,948.29805704986,62.6044754424272,2789.91959116743,32.0124943676094,39.1557463290801,46.4151195907922
synthetic_canonical,degraded,left_turn__degraded,synthetic_canonical::left_turn__degraded,warm_ukf,posterior,left_turn,120,332.701359996467,67.6299917492374,890.941784074295,56.7049528315557,47.7631799713839,103.412525884465
synthetic_canonical,ideal,right_turn__ideal,synthetic_canonical::right_turn__ideal,cv_ekf,prior,constant_velocity,120,0.544732421417197,4.54747350886464e-13,0.179669177223239,0.721393970593546,6.25958286635452e-13,0.258784738060401
synthetic_canonical,ideal,right_turn__ideal,synthetic_canonical::right_turn__ideal,cv_ekf,prior,right_turn,120,4.10178362433225,4.15361075833821,4.16390327803886,6.49345652254189,6.55014188911815,6.56491662619087
synthetic_canonical,ideal,right_turn__ideal,synthetic_canonical::right_turn__ideal,cv_ekf,posterior,constant_velocity,120,0.200046389344914,0,0.0659811314716862,0.403103931568043,3.42488052890984e-13,0.199764565549892
synthetic_canonical,ideal,right_turn__ideal,synthetic_canonical::right_turn__ideal,cv_ekf,posterior,right_turn,120,1.50542177437828,1.52423106892156,1.52858673787371,3.9472366834313,3.96838600667259,3.98317405799302
synthetic_canonical,ideal,right_turn__ideal,synthetic_canonical::right_turn__ideal,ca_ekf,prior,constant_velocity,120,0.627420011673362,6.8118575365352e-07,1.44478130852138,1.0308200476528,9.42385654403336e-07,2.24901342092438
synthetic_canonical,ideal,right_turn__ideal,synthetic_canonical::right_turn__ideal,ca_ekf,prior,right_turn,120,0.667695978924697,0.219387220274425,1.4957533651028,1.09007289351829,0.347004167245569,2.27805800445013
synthetic_canonical,ideal,right_turn__ideal,synthetic_canonical::right_turn__ideal,ca_ekf,posterior,constant_velocity,120,0.229392702825376,2.49687003575231e-07,0.528129571623746,0.662095055112543,7.8164983499977e-07,1.17947547774575
synthetic_canonical,ideal,right_turn__ideal,synthetic_canonical::right_turn__ideal,ca_ekf,posterior,right_turn,120,0.245189859297169,0.080213583068106,0.549916907700741,0.697984835325379,0.209823388268539,1.23270561301332
synthetic_canonical,ideal,right_turn__ideal,synthetic_canonical::right_turn__ideal,ct_ekf,prior,constant_velocity,120,0.807544226178821,0.431346713363661,1.15289660733405,1.23926842800492,0.683548790626775,1.85320778314282
synthetic_canonical,ideal,right_turn__ideal,synthetic_canonical::right_turn__ideal,ct_ekf,prior,right_turn,120,3.56050669914049,3.54533069357888,4.09283956174712,5.6268260045952,5.58735071402877,6.45138134476466
synthetic_canonical,ideal,right_turn__ideal,synthetic_canonical::right_turn__ideal,ct_ekf,posterior,constant_velocity,120,0.297110283382605,0.158686247613948,0.424141980984752,0.754668780691421,0.68272942141818,1.09422373731092
synthetic_canonical,ideal,right_turn__ideal,synthetic_canonical::right_turn__ideal,ct_ekf,posterior,right_turn,120,1.30868854833394,1.3030823836228,1.50383072107017,3.4224204543384,3.39186362399623,3.92084212619947
synthetic_canonical,ideal,right_turn__ideal,synthetic_canonical::right_turn__ideal,native_imm,prior,constant_velocity,120,0.271416273486801,0.00637615793096497,0.121358942458925,0.602418946991505,3.94918631299733e-05,0.324489679855882
synthetic_canonical,ideal,right_turn__ideal,synthetic_canonical::right_turn__ideal,native_imm,prior,right_turn,120,0.479230523811245,0.115202483037057,0.357889366880807,0.933866268217929,0.269910250230234,0.667929146827496
synthetic_canonical,ideal,right_turn__ideal,synthetic_canonical::right_turn__ideal,native_imm,posterior,constant_velocity,120,0.0572100402442751,4.11760613585803e-12,0.0225446125044404,0.306803306912383,3.99680495826378e-12,0.11874011289635
synthetic_canonical,ideal,right_turn__ideal,synthetic_canonical::right_turn__ideal,native_imm,posterior,right_turn,120,0.131179063915973,0.0198472701191404,0.0490710171998608,0.508970807203136,0.111954423711357,0.271728796621863
synthetic_canonical,ideal,right_turn__ideal,synthetic_canonical::right_turn__ideal,warm_ukf,prior,constant_velocity,120,93.3031174330905,10.0225704027575,43.0808903694751,31.0646151969641,27.1592646656231,56.4308825029816
synthetic_canonical,ideal,right_turn__ideal,synthetic_canonical::right_turn__ideal,warm_ukf,prior,right_turn,120,150.810474986272,15.6164336004975,31.2087146773349,43.4569649041629,36.1846401404493,67.0470447543538
synthetic_canonical,ideal,right_turn__ideal,synthetic_canonical::right_turn__ideal,warm_ukf,posterior,constant_velocity,120,0.0592480664627747,0.050744713966791,0.113780800418744,30.5945146725279,27.073090855478,55.0198203354313
synthetic_canonical,ideal,right_turn__ideal,synthetic_canonical::right_turn__ideal,warm_ukf,posterior,right_turn,120,0.107439665921929,0.104781057830991,0.148102282797827,41.5307705318624,34.2406456876848,65.1599561056522
synthetic_canonical,empirical_timing,right_turn__empirical_timing,synthetic_canonical::right_turn__empirical_timing,cv_ekf,prior,constant_velocity,120,0.969422172899423,1.9607521965509e-09,0.428256548121936,1.03010847680548,2.96859793227956e-09,0.348929767948462
synthetic_canonical,empirical_timing,right_turn__empirical_timing,synthetic_canonical::right_turn__empirical_timing,cv_ekf,prior,right_turn,120,38.2248492188641,8.11431138619612,94.666420251486,13.8647967596187,9.15824817086818,31.2340846794933
synthetic_canonical,empirical_timing,right_turn__empirical_timing,synthetic_canonical::right_turn__empirical_timing,cv_ekf,posterior,constant_velocity,120,0.507086044699801,2.78928621717557e-10,0.165195171413283,0.753689728186981,2.0167684437885e-09,0.231184145915032
synthetic_canonical,empirical_timing,right_turn__empirical_timing,synthetic_canonical::right_turn__empirical_timing,cv_ekf,posterior,right_turn,120,32.6143549638965,4.12543963603649,79.6979290550293,11.8730295115592,6.57674359844099,28.6595222717195
synthetic_canonical,empirical_timing,right_turn__empirical_timing,synthetic_canonical::right_turn__empirical_timing,ca_ekf,prior,constant_velocity,120,0.983594111420172,1.74747521825328e-05,2.04601584212846,1.31817491486516,2.97355060996429e-05,3.28325700313522
synthetic_canonical,empirical_timing,right_turn__empirical_timing,synthetic_canonical::right_turn__empirical_timing,ca_ekf,prior,right_turn,120,3.85256797938097,0.450868911718492,8.08545572771448,2.04258110886247,0.547736600807648,5.23210068705781
synthetic_canonical,empirical_timing,right_turn__empirical_timing,synthetic_canonical::right_turn__empirical_timing,ca_ekf,posterior,constant_velocity,120,0.460762958485322,4.13710422318777e-06,0.779590201739267,0.912973234440524,1.34840318034134e-05,1.78836673207629
synthetic_canonical,empirical_timing,right_turn__empirical_timing,synthetic_canonical::right_turn__empirical_timing,ca_ekf,posterior,right_turn,120,3.10907260866764,0.22202881750075,6.49153262147832,1.60015427427941,0.37048702890381,4.19648585340303
synthetic_canonical,empirical_timing,right_turn__empirical_timing,synthetic_canonical::right_turn__empirical_timing,ct_ekf,prior,constant_velocity,120,2.65866152585526,0.762844746591682,6.72270866755735,2.01293353275678,0.336512052726358,4.40153128175472
synthetic_canonical,empirical_timing,right_turn__empirical_timing,synthetic_canonical::right_turn__empirical_timing,ct_ekf,prior,right_turn,120,34.0839388786619,6.35645277320389,84.7711179872093,12.1783582528675,7.38644866859252,27.9516266144779
synthetic_canonical,empirical_timing,right_turn__empirical_timing,synthetic_canonical::right_turn__empirical_timing,ct_ekf,posterior,constant_velocity,120,1.83293344573381,0.213812721861261,4.83020160116764,1.58160884198212,0.630419228029556,3.55948557648528
synthetic_canonical,empirical_timing,right_turn__empirical_timing,synthetic_canonical::right_turn__empirical_timing,ct_ekf,posterior,right_turn,120,29.1269372190392,3.20660097025019,71.376397592108,10.4564697799492,5.26975771149273,25.6487102377736
synthetic_canonical,empirical_timing,right_turn__empirical_timing,synthetic_canonical::right_turn__empirical_timing,native_imm,prior,constant_velocity,120,0.467278694456781,0.0180529926268979,0.279292786390733,0.772756672212437,0.000182262185074117,0.424362511039059
synthetic_canonical,empirical_timing,right_turn__empirical_timing,synthetic_canonical::right_turn__empirical_timing,native_imm,prior,right_turn,120,4.78646107535115,0.352942645371961,10.0765881386312,2.28975744847176,0.56161985711204,6.56449281814586
synthetic_canonical,empirical_timing,right_turn__empirical_timing,synthetic_canonical::right_turn__empirical_timing,native_imm,posterior,constant_velocity,120,0.178766472815514,0.00263361393309242,0.178214480443029,0.469710544016602,2.88819432057673e-05,0.263655273059074
synthetic_canonical,empirical_timing,right_turn__empirical_timing,synthetic_canonical::right_turn__empirical_timing,native_imm,posterior,right_turn,120,3.89831828358349,0.130046725180196,7.92960428295276,1.80461563605274,0.324801545133775,5.0477392734705
synthetic_canonical,empirical_timing,right_turn__empirical_timing,synthetic_canonical::right_turn__empirical_timing,warm_ukf,prior,constant_velocity,120,202.892973057772,13.8219413767257,54.7088237083042,29.2725113618239,29.1196528305048,44.7231182104719
synthetic_canonical,empirical_timing,right_turn__empirical_timing,synthetic_canonical::right_turn__empirical_timing,warm_ukf,prior,right_turn,120,186.893229585336,27.2826134813587,302.324213184159,49.429712076413,48.7457172536352,63.4597795328737
synthetic_canonical,empirical_timing,right_turn__empirical_timing,synthetic_canonical::right_turn__empirical_timing,warm_ukf,posterior,constant_velocity,120,133.83446524905,4.28474168210414,35.790740780951,28.858094004694,28.5293466663708,42.0511918449281
synthetic_canonical,empirical_timing,right_turn__empirical_timing,synthetic_canonical::right_turn__empirical_timing,warm_ukf,posterior,right_turn,120,69.9018615136424,9.07268022896869,192.726502523939,47.5278127976153,46.8908151899352,61.310306961276
synthetic_canonical,degraded,right_turn__degraded,synthetic_canonical::right_turn__degraded,cv_ekf,prior,constant_velocity,120,67.4118486224964,41.9033429627552,143.39044812885,11.0787166984119,5.26496815104536,25.7580154413277
synthetic_canonical,degraded,right_turn__degraded,synthetic_canonical::right_turn__degraded,cv_ekf,prior,right_turn,120,231.303354704447,122.928385453612,572.742762385338,43.4139326754799,38.6610717085449,76.8266951963083
synthetic_canonical,degraded,right_turn__degraded,synthetic_canonical::right_turn__degraded,cv_ekf,posterior,constant_velocity,120,58.3384747141835,40.6037176226339,121.672452429808,10.0268508599654,5.02270261375837,25.7580154413277
synthetic_canonical,degraded,right_turn__degraded,synthetic_canonical::right_turn__degraded,cv_ekf,posterior,right_turn,120,213.346315905126,106.849597592199,535.205530772029,41.2971424398507,36.1279721017953,74.3165915649657
synthetic_canonical,degraded,right_turn__degraded,synthetic_canonical::right_turn__degraded,ca_ekf,prior,constant_velocity,120,55.9152518970365,44.6695181283136,102.928542490719,12.891202840264,11.9096280488677,20.5272881538062
synthetic_canonical,degraded,right_turn__degraded,synthetic_canonical::right_turn__degraded,ca_ekf,prior,right_turn,120,46.6794994242939,40.050089219996,81.5265780557457,11.9667663510136,9.41555133991262,22.6959335807744
synthetic_canonical,degraded,right_turn__degraded,synthetic_canonical::right_turn__degraded,ca_ekf,posterior,constant_velocity,120,50.5695423711256,39.695612809384,93.4450057925576,12.0375892423039,10.8081375575118,19.4796456598085
synthetic_canonical,degraded,right_turn__degraded,synthetic_canonical::right_turn__degraded,ca_ekf,posterior,right_turn,120,42.5209279204149,37.2151776877354,72.5596610145811,11.2000536069308,8.98626209704034,21.0370590662014
synthetic_canonical,degraded,right_turn__degraded,synthetic_canonical::right_turn__degraded,ct_ekf,prior,constant_velocity,120,62.9460632875422,39.1226995131137,128.330378074331,11.2361437543929,6.7287789681718,20.6507581783881
synthetic_canonical,degraded,right_turn__degraded,synthetic_canonical::right_turn__degraded,ct_ekf,prior,right_turn,120,212.174828961688,109.119326075957,535.626052836248,39.0711577902142,34.0951341105188,71.5323384601045
synthetic_canonical,degraded,right_turn__degraded,synthetic_canonical::right_turn__degraded,ct_ekf,posterior,constant_velocity,120,55.9838136718016,38.6460577963065,115.340956208607,10.5003735126765,6.17589403155126,19.3791045201533
synthetic_canonical,degraded,right_turn__degraded,synthetic_canonical::right_turn__degraded,ct_ekf,posterior,right_turn,120,195.767530995301,93.8135755741681,500.697390860633,37.1399730974255,32.0008075087739,69.2072734173639
synthetic_canonical,degraded,right_turn__degraded,synthetic_canonical::right_turn__degraded,native_imm,prior,constant_velocity,120,57.407349484894,48.7743022290911,96.4861116080355,13.9570645817254,12.304462870918,23.32523464984
synthetic_canonical,degraded,right_turn__degraded,synthetic_canonical::right_turn__degraded,native_imm,prior,right_turn,120,57.3793415692856,42.6541199511727,114.640478321711,16.1686770608388,11.8650769191619,31.0128803852414
synthetic_canonical,degraded,right_turn__degraded,synthetic_canonical::right_turn__degraded,native_imm,posterior,constant_velocity,120,52.0191049156039,42.8142372463568,89.8637016636674,13.1314341447198,11.4914030293513,21.9219690592299
synthetic_canonical,degraded,right_turn__degraded,synthetic_canonical::right_turn__degraded,native_imm,posterior,right_turn,120,52.0881664461365,38.7036472892851,105.585930072271,14.8883626017809,11.1499102034908,28.0366357731312
synthetic_canonical,degraded,right_turn__degraded,synthetic_canonical::right_turn__degraded,warm_ukf,prior,constant_velocity,120,84.8120977562128,63.7754239276048,137.306271600471,32.2705747281077,29.3382009397314,58.2410156534404
synthetic_canonical,degraded,right_turn__degraded,synthetic_canonical::right_turn__degraded,warm_ukf,prior,right_turn,120,191.083422055499,93.395022405463,506.737634847776,57.9407439037868,56.7720136677058,81.2813330767298
synthetic_canonical,degraded,right_turn__degraded,synthetic_canonical::right_turn__degraded,warm_ukf,posterior,constant_velocity,120,72.9413245331912,54.5855519119682,126.229807147813,31.6858487698127,29.2810171881146,58.0590283846137
synthetic_canonical,degraded,right_turn__degraded,synthetic_canonical::right_turn__degraded,warm_ukf,posterior,right_turn,120,168.136401281384,72.5239514340636,425.744067627894,56.0849057588578,54.42871445737,79.1482153512796
synthetic_canonical,ideal,motion_transitions__ideal,synthetic_canonical::motion_transitions__ideal,cv_ekf,prior,constant_velocity,99,0.643766559424644,0.000480400794852286,0.673267045731753,0.851356651634896,0.000712936028296696,0.586565022015461
synthetic_canonical,ideal,motion_transitions__ideal,synthetic_canonical::motion_transitions__ideal,cv_ekf,prior,forward_acceleration,48,0.700787641497637,0.723892037086135,0.743949213495328,1.11644647253879,1.14149265327352,1.17843423708019
synthetic_canonical,ideal,motion_transitions__ideal,synthetic_canonical::motion_transitions__ideal,cv_ekf,prior,left_turn,60,4.28082739581575,4.3928647067426,4.49426413150691,6.80111821984043,6.92264105273596,7.1321336661187
synthetic_canonical,ideal,motion_transitions__ideal,synthetic_canonical::motion_transitions__ideal,cv_ekf,prior,vertical_acceleration,33,0.277482432808205,0.296825935293782,0.308852093633843,0.330343843612633,0.344576293001124,0.363302572311215
synthetic_canonical,ideal,motion_transitions__ideal,synthetic_canonical::motion_transitions__ideal,cv_ekf,posterior,constant_velocity,99,0.23700590379431,0.000230313108659175,0.247067950142547,0.475989076230947,0.000515250726385474,0.365846570468839
synthetic_canonical,ideal,motion_transitions__ideal,synthetic_canonical::motion_transitions__ideal,cv_ekf,posterior,forward_acceleration,48,0.257167139059664,0.265645731173574,0.27300609494686,0.682055552744586,0.691492680222381,0.728434253870609
synthetic_canonical,ideal,motion_transitions__ideal,synthetic_canonical::motion_transitions__ideal,cv_ekf,posterior,left_turn,60,1.57235194957426,1.61352130349478,1.65074062065336,4.15005453221498,4.19606759184659,4.40573371761297
synthetic_canonical,ideal,motion_transitions__ideal,synthetic_canonical::motion_transitions__ideal,cv_ekf,posterior,vertical_acceleration,33,0.139794381988325,0.149539551674934,0.155598275365527,0.23741117490586,0.244576293001124,0.263302572311463
synthetic_canonical,ideal,motion_transitions__ideal,synthetic_canonical::motion_transitions__ideal,ca_ekf,prior,constant_velocity,99,0.74564441257454,0.0183412597110207,2.00809549072961,1.21908876833962,0.0230814969330357,3.12345357552953
synthetic_canonical,ideal,motion_transitions__ideal,synthetic_canonical::motion_transitions__ideal,ca_ekf,prior,forward_acceleration,48,0.174546757805468,0.00168929985727731,0.526181641442466,0.285694514539699,0.0023285792188084,0.828099630544418
synthetic_canonical,ideal,motion_transitions__ideal,synthetic_canonical::motion_transitions__ideal,ca_ekf,prior,left_turn,60,0.970318167903873,0.282182660502818,2.95338748541423,1.59249892307135,0.444193728620364,4.86327676997456
synthetic_canonical,ideal,motion_transitions__ideal,synthetic_canonical::motion_transitions__ideal,ca_ekf,prior,vertical_acceleration,33,0.161069232586806,0.0425208302953125,0.335734450219369,0.165225731905428,0.0414823304599395,0.349876937075165
synthetic_canonical,ideal,motion_transitions__ideal,synthetic_canonical::motion_transitions__ideal,ca_ekf,posterior,constant_velocity,99,0.275645813408273,0.0104761338272063,0.734208880315869,0.784323824369499,0.0238764821286555,2.03305311168388
synthetic_canonical,ideal,motion_transitions__ideal,synthetic_canonical::motion_transitions__ideal,ca_ekf,posterior,forward_acceleration,48,0.0641668854554696,0.000621026007031962,0.193431973771658,0.183966674471804,0.00181468923070572,0.593204175204402
synthetic_canonical,ideal,motion_transitions__ideal,synthetic_canonical::motion_transitions__ideal,ca_ekf,posterior,left_turn,60,0.354461642380093,0.103803149131254,1.0782882794654,1.01917890295323,0.269443326165961,3.10943429580434
synthetic_canonical,ideal,motion_transitions__ideal,synthetic_canonical::motion_transitions__ideal,ca_ekf,posterior,vertical_acceleration,33,0.0917097584129504,0.0239662982125821,0.191719435807569,0.128366717293085,0.033556265748264,0.277850088156317
synthetic_canonical,ideal,motion_transitions__ideal,synthetic_canonical::motion_transitions__ideal,ct_ekf,prior,constant_velocity,99,0.640386347458048,0.00962428940712303,0.739382284241692,0.894521245478711,0.00489288731653132,1.1273080713374
synthetic_canonical,ideal,motion_transitions__ideal,synthetic_canonical::motion_transitions__ideal,ct_ekf,prior,forward_acceleration,48,0.705130770968405,0.728460180537819,0.748985282494984,1.1199001383106,1.14508873295131,1.18253540544848
synthetic_canonical,ideal,motion_transitions__ideal,synthetic_canonical::motion_transitions__ideal,ct_ekf,prior,left_turn,60,4.02408788693019,4.09330422599847,4.47631403121382,6.38201326743514,6.44624054359684,7.10125247965836
synthetic_canonical,ideal,motion_transitions__ideal,synthetic_canonical::motion_transitions__ideal,ct_ekf,prior,vertical_acceleration,33,0.607977848503306,0.612371340553557,0.630246754095788,0.904888176866871,0.903896076598772,0.930821393670246
synthetic_canonical,ideal,motion_transitions__ideal,synthetic_canonical::motion_transitions__ideal,ct_ekf,posterior,constant_velocity,99,0.236352094132112,0.00354628791995276,0.272210599921306,0.526104635314738,0.00292153502929073,0.753381223202028
synthetic_canonical,ideal,motion_transitions__ideal,synthetic_canonical::motion_transitions__ideal,ct_ekf,posterior,forward_acceleration,48,0.259819641987032,0.268415826816272,0.275978734485988,0.685562372106489,0.695088747925444,0.732535428310941
synthetic_canonical,ideal,motion_transitions__ideal,synthetic_canonical::motion_transitions__ideal,ct_ekf,posterior,left_turn,60,1.48029606440643,1.50585902819407,1.64633502283092,3.8965666489667,3.90577754310262,4.39505086488476
synthetic_canonical,ideal,motion_transitions__ideal,synthetic_canonical::motion_transitions__ideal,ct_ekf,posterior,vertical_acceleration,33,0.246626351191427,0.250999437674549,0.259207591449247,0.564653760301852,0.564888701359137,0.584952658906429
synthetic_canonical,ideal,motion_transitions__ideal,synthetic_canonical::motion_transitions__ideal,native_imm,prior,constant_velocity,99,0.350688617478756,0.00417924904834357,0.688986312538654,0.733531221706295,0.000990775802699519,1.14040750543841
synthetic_canonical,ideal,motion_transitions__ideal,synthetic_canonical::motion_transitions__ideal,native_imm,prior,forward_acceleration,48,0.702453368520668,0.725535309141426,0.746805056252597,1.1070446775805,1.13147583249417,1.17103630864019
synthetic_canonical,ideal,motion_transitions__ideal,synthetic_canonical::motion_transitions__ideal,native_imm,prior,left_turn,60,0.698253462769766,0.245031426566296,1.65072585316896,1.35221805275408,0.459631066286611,3.83581916970835
synthetic_canonical,ideal,motion_transitions__ideal,synthetic_canonical::motion_transitions__ideal,native_imm,prior,vertical_acceleration,33,0.309688069783435,0.33288600903139,0.346348692728215,0.343757121380766,0.358979731975819,0.379166512475537
synthetic_canonical,ideal,motion_transitions__ideal,synthetic_canonical::motion_transitions__ideal,native_imm,posterior,constant_velocity,99,0.0885795387134848,0.000204475793486294,0.207487762046987,0.379697757709454,0.000328207678985185,0.55199690292826
synthetic_canonical,ideal,motion_transitions__ideal,synthetic_canonical::motion_transitions__ideal,native_imm,posterior,forward_acceleration,48,0.262049652262878,0.270756981066619,0.278557693349487,0.681189135460475,0.690466829554794,0.728441179003625
synthetic_canonical,ideal,motion_transitions__ideal,synthetic_canonical::motion_transitions__ideal,native_imm,posterior,left_turn,60,0.195589597710182,0.0810006606150467,0.395188214551352,0.74230667001156,0.240586984222281,1.6913313268252
synthetic_canonical,ideal,motion_transitions__ideal,synthetic_canonical::motion_transitions__ideal,native_imm,posterior,vertical_acceleration,33,0.165965891559243,0.178429834962117,0.185625437549632,0.254728738913916,0.262830017640996,0.282846492908678
synthetic_canonical,ideal,motion_transitions__ideal,synthetic_canonical::motion_transitions__ideal,warm_ukf,prior,constant_velocity,99,39.0242490475688,12.1101853110853,24.9682657746429,23.8074270688152,13.9851410579283,50.7976176812414
synthetic_canonical,ideal,motion_transitions__ideal,synthetic_canonical::motion_transitions__ideal,warm_ukf,prior,forward_acceleration,48,13.3266995233852,11.7699082967956,23.6730705699008,12.3494255846924,11.8671307384061,15.6667112162619
synthetic_canonical,ideal,motion_transitions__ideal,synthetic_canonical::motion_transitions__ideal,warm_ukf,prior,left_turn,60,93.8530665383066,17.1575219920292,36.2411278591336,36.6059512128827,37.3029594449216,53.3933507185979
synthetic_canonical,ideal,motion_transitions__ideal,synthetic_canonical::motion_transitions__ideal,warm_ukf,prior,vertical_acceleration,33,14.1327712356282,12.1811843691345,22.0230479496435,28.6289561501546,28.7014537895986,35.916224866265
synthetic_canonical,ideal,motion_transitions__ideal,synthetic_canonical::motion_transitions__ideal,warm_ukf,posterior,constant_velocity,99,0.0588719094543312,0.0549353611761656,0.0906551078902995,23.2519017452327,13.6330878449064,49.4050725231033
synthetic_canonical,ideal,motion_transitions__ideal,synthetic_canonical::motion_transitions__ideal,warm_ukf,posterior,forward_acceleration,48,0.0530650834345537,0.0494082627888854,0.0796616691517129,12.0538328750726,11.5269297874475,15.165300570686
synthetic_canonical,ideal,motion_transitions__ideal,synthetic_canonical::motion_transitions__ideal,warm_ukf,posterior,left_turn,60,0.0878942308796642,0.085385554932237,0.123910660208373,35.2055846551284,36.1788268050382,51.3817733381528
synthetic_canonical,ideal,motion_transitions__ideal,synthetic_canonical::motion_transitions__ideal,warm_ukf,posterior,vertical_acceleration,33,0.0564779492216944,0.0551170808062658,0.0771168450988578,28.011564725665,27.3877699834708,34.0871531274925
synthetic_canonical,empirical_timing,motion_transitions__empirical_timing,synthetic_canonical::motion_transitions__empirical_timing,cv_ekf,prior,constant_velocity,99,8.42297738938545,0.160567598288254,21.4732686622557,1.84161918776613,0.0161682388137469,4.36577867499786
synthetic_canonical,empirical_timing,motion_transitions__empirical_timing,synthetic_canonical::motion_transitions__empirical_timing,cv_ekf,prior,forward_acceleration,48,1.33052068773003,0.759628738858179,2.5791461848609,1.44428664654628,1.22551449003001,2.20125983085158
synthetic_canonical,empirical_timing,motion_transitions__empirical_timing,synthetic_canonical::motion_transitions__empirical_timing,cv_ekf,prior,left_turn,60,227.185866555352,26.166229861551,570.792722651713,37.4160161591442,13.645935930168,78.476822836375
synthetic_canonical,empirical_timing,motion_transitions__empirical_timing,synthetic_canonical::motion_transitions__empirical_timing,cv_ekf,prior,vertical_acceleration,33,0.625503752820598,0.32906147597291,1.38419243918106,0.455240634278584,0.37747548927504,0.74999537123532
synthetic_canonical,empirical_timing,motion_transitions__empirical_timing,synthetic_canonical::motion_transitions__empirical_timing,cv_ekf,posterior,constant_velocity,99,8.20408488744599,0.136315240068143,21.4732686622557,1.55881276066968,0.0161682388137469,4.36577867499786
synthetic_canonical,empirical_timing,motion_transitions__empirical_timing,synthetic_canonical::motion_transitions__empirical_timing,cv_ekf,posterior,forward_acceleration,48,0.778076249038398,0.27635787963853,1.59101627694813,1.04915276376684,0.787785723771377,1.75125983548402
synthetic_canonical,empirical_timing,motion_transitions__empirical_timing,synthetic_canonical::motion_transitions__empirical_timing,cv_ekf,posterior,left_turn,60,209.833018255609,12.7352705222254,532.326425817021,35.4640383143561,10.9206429759485,75.818047786232
synthetic_canonical,empirical_timing,motion_transitions__empirical_timing,synthetic_canonical::motion_transitions__empirical_timing,cv_ekf,posterior,vertical_acceleration,33,0.434758065984944,0.173917240652392,1.03419475356308,0.366909128163608,0.285648794176735,0.649995371235326
synthetic_canonical,empirical_timing,motion_transitions__empirical_timing,synthetic_canonical::motion_transitions__empirical_timing,ca_ekf,prior,constant_velocity,99,14.3901510351005,0.545782068461145,38.7402894138203,4.47547578275124,0.500585732252274,10.1476473959733
synthetic_canonical,empirical_timing,motion_transitions__empirical_timing,synthetic_canonical::motion_transitions__empirical_timing,ca_ekf,prior,forward_acceleration,48,0.237226752846862,0.00818073793265642,0.557110081998621,0.343486538140013,0.00754398101794868,0.980132445184353
synthetic_canonical,empirical_timing,motion_transitions__empirical_timing,synthetic_canonical::motion_transitions__empirical_timing,ca_ekf,prior,left_turn,60,121.838069653608,12.5235235396787,303.391199619718,20.1547056413736,10.6024785575553,42.7295715375733
synthetic_canonical,empirical_timing,motion_transitions__empirical_timing,synthetic_canonical::motion_transitions__empirical_timing,ca_ekf,prior,vertical_acceleration,33,0.256924386802634,0.102172869174843,0.552061883026773,0.216649702836058,0.066344866104429,0.482113173446393
synthetic_canonical,empirical_timing,motion_transitions__empirical_timing,synthetic_canonical::motion_transitions__empirical_timing,ca_ekf,posterior,constant_velocity,99,13.9679522742689,0.192483133657276,38.7402894138203,4.02086468741056,0.417872772177323,9.69764304728336
synthetic_canonical,empirical_timing,motion_transitions__empirical_timing,synthetic_canonical::motion_transitions__empirical_timing,ca_ekf,posterior,forward_acceleration,48,0.100499436736527,0.00351272567061575,0.189662128291693,0.232204263138312,0.00633036736231289,0.6570381452646
synthetic_canonical,empirical_timing,motion_transitions__empirical_timing,synthetic_canonical::motion_transitions__empirical_timing,ca_ekf,posterior,left_turn,60,112.189412557357,5.83196202594676,282.613957389077,19.0875470168434,8.60408177836852,41.1780521159544
synthetic_canonical,empirical_timing,motion_transitions__empirical_timing,synthetic_canonical::motion_transitions__empirical_timing,ca_ekf,posterior,vertical_acceleration,33,0.16270616627492,0.061253855108943,0.336587733412576,0.174370982849639,0.0518724094945417,0.384234008339344
synthetic_canonical,empirical_timing,motion_transitions__empirical_timing,synthetic_canonical::motion_transitions__empirical_timing,ct_ekf,prior,constant_velocity,99,9.19542920156275,1.19697607663681,21.7555235880816,2.06349645325122,1.44364699743121,4.10055477936621
synthetic_canonical,empirical_timing,motion_transitions__empirical_timing,synthetic_canonical::motion_transitions__empirical_timing,ct_ekf,prior,forward_acceleration,48,1.33595151203517,0.764481403504145,2.58656961747182,1.44767737363407,1.23010942097752,2.20455238745823
synthetic_canonical,empirical_timing,motion_transitions__empirical_timing,synthetic_canonical::motion_transitions__empirical_timing,ct_ekf,prior,left_turn,60,224.671789751606,25.4451140718287,564.477438335791,36.9097980092311,12.8250223245298,77.6069696006751
synthetic_canonical,empirical_timing,motion_transitions__empirical_timing,synthetic_canonical::motion_transitions__empirical_timing,ct_ekf,prior,vertical_acceleration,33,1.64375621093369,0.663573793721179,3.61875432283376,1.33135354445873,1.03700661061538,2.20026280417164
synthetic_canonical,empirical_timing,motion_transitions__empirical_timing,synthetic_canonical::motion_transitions__empirical_timing,ct_ekf,posterior,constant_velocity,99,8.8304239299643,0.606339071588713,21.512613576937,1.80380085109353,1.13292252683464,3.74261236834679
synthetic_canonical,empirical_timing,motion_transitions__empirical_timing,synthetic_canonical::motion_transitions__empirical_timing,ct_ekf,posterior,forward_acceleration,48,0.78191180611485,0.27956838463548,1.59679342894183,1.05246753761628,0.791609928579038,1.75455238943253
synthetic_canonical,empirical_timing,motion_transitions__empirical_timing,synthetic_canonical::motion_transitions__empirical_timing,ct_ekf,posterior,left_turn,60,207.518653086649,12.3156344903765,526.440041354768,35.0115061179733,10.2256430107237,74.9770960320475
synthetic_canonical,empirical_timing,motion_transitions__empirical_timing,synthetic_canonical::motion_transitions__empirical_timing,ct_ekf,posterior,vertical_acceleration,33,1.0979142896523,0.278214139012525,2.60546439603661,1.0144416643575,0.707954103863184,1.86515505220101
synthetic_canonical,empirical_timing,motion_transitions__empirical_timing,synthetic_canonical::motion_transitions__empirical_timing,native_imm,prior,constant_velocity,99,8.37615362566665,0.221505415855919,21.3924023670164,2.98233318661331,0.0192765521915949,6.19275697635667
synthetic_canonical,empirical_timing,motion_transitions__empirical_timing,synthetic_canonical::motion_transitions__empirical_timing,native_imm,prior,forward_acceleration,48,1.31272446525414,0.748089465866817,2.48400943227781,1.42443470252226,1.20706375003637,2.13531233889923
synthetic_canonical,empirical_timing,motion_transitions__empirical_timing,synthetic_canonical::motion_transitions__empirical_timing,native_imm,prior,left_turn,60,93.7023630535663,7.15437658686499,240.994287202804,16.8150881527216,4.79956647197821,38.1026371202201
synthetic_canonical,empirical_timing,motion_transitions__empirical_timing,synthetic_canonical::motion_transitions__empirical_timing,native_imm,prior,vertical_acceleration,33,0.604948291014192,0.360820544090322,1.30668224502149,0.443417037544114,0.379584952713537,0.723734228365997
synthetic_canonical,empirical_timing,motion_transitions__empirical_timing,synthetic_canonical::motion_transitions__empirical_timing,native_imm,posterior,constant_velocity,99,7.84493441672345,0.143636760694284,20.825779453201,2.48405076190322,0.018488374827899,3.76436897985848
synthetic_canonical,empirical_timing,motion_transitions__empirical_timing,synthetic_canonical::motion_transitions__empirical_timing,native_imm,posterior,forward_acceleration,48,0.768893188655595,0.279221933246968,1.52901937469298,1.03569070291705,0.770893162543011,1.69494765241128
synthetic_canonical,empirical_timing,motion_transitions__empirical_timing,synthetic_canonical::motion_transitions__empirical_timing,native_imm,posterior,left_turn,60,85.7615449970796,2.84110870278635,222.459919499128,15.8175327105482,3.29537470803424,36.3766444600819
synthetic_canonical,empirical_timing,motion_transitions__empirical_timing,synthetic_canonical::motion_transitions__empirical_timing,native_imm,posterior,vertical_acceleration,33,0.42052502846263,0.19461006391778,0.976690258199723,0.355689738684063,0.282598444879553,0.626645879313677
synthetic_canonical,empirical_timing,motion_transitions__empirical_timing,synthetic_canonical::motion_transitions__empirical_timing,warm_ukf,prior,constant_velocity,99,463.614579554648,39.6358437883541,1432.47059335933,26.1369159573584,18.0161337437357,59.0872283624521
synthetic_canonical,empirical_timing,motion_transitions__empirical_timing,synthetic_canonical::motion_transitions__empirical_timing,warm_ukf,prior,forward_acceleration,48,103.418511453522,14.7467976082126,52.1835650529001,10.8622956978036,9.98043701304861,16.7741955459046
synthetic_canonical,empirical_timing,motion_transitions__empirical_timing,synthetic_canonical::motion_transitions__empirical_timing,warm_ukf,prior,left_turn,60,319.143971275668,70.9374537714198,739.173724282107,52.7028485326317,53.2918982450957,81.3758134727587
synthetic_canonical,empirical_timing,motion_transitions__empirical_timing,synthetic_canonical::motion_transitions__empirical_timing,warm_ukf,prior,vertical_acceleration,33,52.6134675629617,20.1403066833195,42.0960268038234,34.1580305876432,34.3151022699423,36.3238750962093
synthetic_canonical,empirical_timing,motion_transitions__empirical_timing,synthetic_canonical::motion_transitions__empirical_timing,warm_ukf,posterior,constant_velocity,99,439.009779962488,33.2379958003101,1430.36837506848,25.7535680395683,18.0161337437357,59.0711873790589
synthetic_canonical,empirical_timing,motion_transitions__empirical_timing,synthetic_canonical::motion_transitions__empirical_timing,warm_ukf,posterior,forward_acceleration,48,13.2681276042976,0.0798874218145756,28.9150824422403,10.7120748299263,9.74603450955066,16.9261891360426
synthetic_canonical,empirical_timing,motion_transitions__empirical_timing,synthetic_canonical::motion_transitions__empirical_timing,warm_ukf,posterior,left_turn,60,294.965270611882,42.093478070063,703.084488361243,50.9171951556703,51.3026757429401,78.9205243875108
synthetic_canonical,empirical_timing,motion_transitions__empirical_timing,synthetic_canonical::motion_transitions__empirical_timing,warm_ukf,posterior,vertical_acceleration,33,16.7517453213521,0.10164657322913,38.619716843907,34.1021338864724,34.3510821175009,36.231342368344
synthetic_canonical,degraded,motion_transitions__degraded,synthetic_canonical::motion_transitions__degraded,cv_ekf,prior,constant_velocity,99,79.8225789998521,52.9675175750815,172.008105171485,12.4067364534114,6.16077835349394,32.5968960859218
synthetic_canonical,degraded,motion_transitions__degraded,synthetic_canonical::motion_transitions__degraded,cv_ekf,prior,forward_acceleration,48,28.2776957196844,26.1284038403086,44.9453811683447,6.39638687950295,6.28561357133929,8.77572813849102
synthetic_canonical,degraded,motion_transitions__degraded,synthetic_canonical::motion_transitions__degraded,cv_ekf,prior,left_turn,60,328.961320153915,179.687409333527,751.198258707802,54.7578141913033,51.8333520434494,90.8933993728253
synthetic_canonical,degraded,motion_transitions__degraded,synthetic_canonical::motion_transitions__degraded,cv_ekf,prior,vertical_acceleration,33,32.1704538867233,30.5915189540141,45.6801176909281,3.78543401763576,3.14658898144656,5.28317177806764
synthetic_canonical,degraded,motion_transitions__degraded,synthetic_canonical::motion_transitions__degraded,cv_ekf,posterior,constant_velocity,99,73.9589270399365,51.1151214820755,155.846158242728,11.7784896528565,6.16077835349394,32.5968960859218
synthetic_canonical,degraded,motion_transitions__degraded,synthetic_canonical::motion_transitions__degraded,cv_ekf,posterior,forward_acceleration,48,26.0139595144737,23.128072839788,41.8447298109256,6.06074509163678,5.86020811377236,8.33178867238186
synthetic_canonical,degraded,motion_transitions__degraded,synthetic_canonical::motion_transitions__degraded,cv_ekf,posterior,left_turn,60,304.409256270354,154.83604051753,706.438539537832,52.545859358208,49.1410479419307,88.2421501227333
synthetic_canonical,degraded,motion_transitions__degraded,synthetic_canonical::motion_transitions__degraded,cv_ekf,posterior,vertical_acceleration,33,31.1943442669819,28.9258947944797,45.0519332193046,3.83007564083475,3.1894843645155,5.22302883163933
synthetic_canonical,degraded,motion_transitions__degraded,synthetic_canonical::motion_transitions__degraded,ca_ekf,prior,constant_velocity,99,91.7326827227247,61.7565797160706,170.583497843487,16.2963906163258,14.9136843374805,25.7754171157084
synthetic_canonical,degraded,motion_transitions__degraded,synthetic_canonical::motion_transitions__degraded,ca_ekf,prior,forward_acceleration,48,42.6992773917728,38.3613006371929,70.5554802375374,9.42898377560067,8.13092191451774,14.0237128950306
synthetic_canonical,degraded,motion_transitions__degraded,synthetic_canonical::motion_transitions__degraded,ca_ekf,prior,left_turn,60,366.426210113237,104.671077566828,866.807780733856,52.1028297020268,25.7017022514105,102.055678089957
synthetic_canonical,degraded,motion_transitions__degraded,synthetic_canonical::motion_transitions__degraded,ca_ekf,prior,vertical_acceleration,33,35.814271428527,34.8501680412775,50.7293641720935,7.31472710499669,6.70097538095308,12.4132475860655
synthetic_canonical,degraded,motion_transitions__degraded,synthetic_canonical::motion_transitions__degraded,ca_ekf,posterior,constant_velocity,99,87.3809505446415,56.7299336718067,163.044300521251,15.5786220991213,14.1829937235909,24.8974087676565
synthetic_canonical,degraded,motion_transitions__degraded,synthetic_canonical::motion_transitions__degraded,ca_ekf,posterior,forward_acceleration,48,38.5414214573637,34.2271759292113,64.8653893468421,8.89455909992586,7.22760033325195,13.1150110322948
synthetic_canonical,degraded,motion_transitions__degraded,synthetic_canonical::motion_transitions__degraded,ca_ekf,posterior,left_turn,60,341.189585423787,82.7719173675106,816.517404541436,50.0051980605317,23.6127864486804,99.170905815595
synthetic_canonical,degraded,motion_transitions__degraded,synthetic_canonical::motion_transitions__degraded,ca_ekf,posterior,vertical_acceleration,33,33.7734340690154,32.289259003744,46.3560197429396,6.62971756342976,6.4075518155565,11.0912813135396
synthetic_canonical,degraded,motion_transitions__degraded,synthetic_canonical::motion_transitions__degraded,ct_ekf,prior,constant_velocity,99,79.8417123476433,59.8773482971197,154.990220288092,11.5401196301038,6.82847697753518,27.9916400663928
synthetic_canonical,degraded,motion_transitions__degraded,synthetic_canonical::motion_transitions__degraded,ct_ekf,prior,forward_acceleration,48,28.3101898042376,26.3164917012616,44.5609291775379,6.42066539771695,6.3017217050717,8.78362319475357
synthetic_canonical,degraded,motion_transitions__degraded,synthetic_canonical::motion_transitions__degraded,ct_ekf,prior,left_turn,60,326.697186000599,171.340919502574,749.819317221254,53.7558870329723,50.0646726143542,90.7713881092255
synthetic_canonical,degraded,motion_transitions__degraded,synthetic_canonical::motion_transitions__degraded,ct_ekf,prior,vertical_acceleration,33,39.6520359080551,35.3734964771915,58.0791717080829,8.29647868467194,8.37864346962861,9.94833218562442
synthetic_canonical,degraded,motion_transitions__degraded,synthetic_canonical::motion_transitions__degraded,ct_ekf,posterior,constant_velocity,99,74.4676209116191,58.4935098215566,141.079804241529,11.0199913976141,6.58463693653037,27.9916400663928
synthetic_canonical,degraded,motion_transitions__degraded,synthetic_canonical::motion_transitions__degraded,ct_ekf,posterior,forward_acceleration,48,26.0376933706939,23.3047262940103,41.4818865254019,6.08502556371121,5.88927619153592,8.33927659013755
synthetic_canonical,degraded,motion_transitions__degraded,synthetic_canonical::motion_transitions__degraded,ct_ekf,posterior,left_turn,60,302.467869389636,148.297903481372,705.120180384225,51.5797262474982,47.5450756023616,88.1224957391254
synthetic_canonical,degraded,motion_transitions__degraded,synthetic_canonical::motion_transitions__degraded,ct_ekf,posterior,vertical_acceleration,33,37.4893223227271,33.9833773046514,53.5211178096138,8.00022856437707,8.0542922819466,9.60379851812928
synthetic_canonical,degraded,motion_transitions__degraded,synthetic_canonical::motion_transitions__degraded,native_imm,prior,constant_velocity,99,112.452303970912,61.174435904193,233.786778434266,21.6585114082034,19.13781980146,35.9766467087171
synthetic_canonical,degraded,motion_transitions__degraded,synthetic_canonical::motion_transitions__degraded,native_imm,prior,forward_acceleration,48,46.1239019029127,42.2820183825051,76.3567228623182,13.7403707667516,11.669755627098,25.0062812435475
synthetic_canonical,degraded,motion_transitions__degraded,synthetic_canonical::motion_transitions__degraded,native_imm,prior,left_turn,60,305.111366377709,105.223966969428,696.374114205064,46.1146588147878,35.3075792099699,84.769177374131
synthetic_canonical,degraded,motion_transitions__degraded,synthetic_canonical::motion_transitions__degraded,native_imm,prior,vertical_acceleration,33,36.3998057033472,31.3338784184815,53.8780199351571,8.32427913586185,6.74754043894247,14.5705276822735
synthetic_canonical,degraded,motion_transitions__degraded,synthetic_canonical::motion_transitions__degraded,native_imm,posterior,constant_velocity,99,107.60946260431,55.9185402371992,225.555547394099,21.1905048750585,18.1355725322139,35.9766467087171
synthetic_canonical,degraded,motion_transitions__degraded,synthetic_canonical::motion_transitions__degraded,native_imm,posterior,forward_acceleration,48,40.587590729377,38.4029286746678,69.6186304903009,12.6771944584844,10.84856537685,22.7036614795895
synthetic_canonical,degraded,motion_transitions__degraded,synthetic_canonical::motion_transitions__degraded,native_imm,posterior,left_turn,60,281.513577548831,84.6770958450288,654.66210538062,43.7102749156094,32.3496860020438,82.195610663127
synthetic_canonical,degraded,motion_transitions__degraded,synthetic_canonical::motion_transitions__degraded,native_imm,posterior,vertical_acceleration,33,34.261675919831,30.6518716216893,48.5824468665413,7.42225419502282,6.09863753708545,12.6440938099255
synthetic_canonical,degraded,motion_transitions__degraded,synthetic_canonical::motion_transitions__degraded,warm_ukf,prior,constant_velocity,99,264.91597244373,67.1213705920105,748.776609998694,31.4310648683584,28.2852582052729,49.9561694354306
synthetic_canonical,degraded,motion_transitions__degraded,synthetic_canonical::motion_transitions__degraded,warm_ukf,prior,forward_acceleration,48,202.326413742255,53.6486960719672,763.071813177067,30.6794942753595,29.9059677112156,36.6685598964325
synthetic_canonical,degraded,motion_transitions__degraded,synthetic_canonical::motion_transitions__degraded,warm_ukf,prior,left_turn,60,289.239513336258,140.69718586981,671.32847768666,36.6639938131447,35.8469545096885,55.7813565041563
synthetic_canonical,degraded,motion_transitions__degraded,synthetic_canonical::motion_transitions__degraded,warm_ukf,prior,vertical_acceleration,33,44.6327264288502,42.0535080394941,67.3200316745559,31.4556436468983,32.783400289136,34.1305089688932
synthetic_canonical,degraded,motion_transitions__degraded,synthetic_canonical::motion_transitions__degraded,warm_ukf,posterior,constant_velocity,99,233.320687512058,63.1294894629057,738.586144564262,31.239692192433,28.2529010760264,49.806525138753
synthetic_canonical,degraded,motion_transitions__degraded,synthetic_canonical::motion_transitions__degraded,warm_ukf,posterior,forward_acceleration,48,163.38225973944,46.9098330747981,138.171197686808,30.412671895095,29.6419994662156,36.0677156609737
synthetic_canonical,degraded,motion_transitions__degraded,synthetic_canonical::motion_transitions__degraded,warm_ukf,posterior,left_turn,60,265.637035367803,108.422221290138,621.894752460801,35.2226023033865,34.3721471307071,53.1438071685735
synthetic_canonical,degraded,motion_transitions__degraded,synthetic_canonical::motion_transitions__degraded,warm_ukf,posterior,vertical_acceleration,33,39.1826345373991,36.3473667086678,62.7652893476204,31.657494090303,32.783400289136,34.4672286478077
synthetic_in_distribution,ideal,in_distribution_001__ideal,synthetic_in_distribution::in_distribution_001__ideal,cv_ekf,prior,vertical_acceleration,312,0.288454846047588,0.258526826270105,0.369949115521123,0.346184594358179,0.310236114860718,0.432881647649104
synthetic_in_distribution,ideal,in_distribution_001__ideal,synthetic_in_distribution::in_distribution_001__ideal,cv_ekf,prior,combined_maneuver,134,3.65160612826203,3.97155280345216,4.93013152140216,5.81863557879687,6.25675285607993,7.7700253293902
synthetic_in_distribution,ideal,in_distribution_001__ideal,synthetic_in_distribution::in_distribution_001__ideal,cv_ekf,prior,forward_acceleration,362,0.808059106464562,0.859139174428137,0.945556757802109,1.22230640359005,1.35489035489316,1.49117311358875
synthetic_in_distribution,ideal,in_distribution_001__ideal,synthetic_in_distribution::in_distribution_001__ideal,cv_ekf,prior,constant_turn,292,3.00227366059474,2.96070448658277,4.12865296903734,4.74007617072661,4.69910464052558,6.50650432610388
synthetic_in_distribution,ideal,in_distribution_001__ideal,synthetic_in_distribution::in_distribution_001__ideal,cv_ekf,prior,constant_velocity,100,0.423732795991385,4.52229728842167e-11,0.16480403146006,0.561225944555948,6.72018837607618e-11,0.244157736854075
synthetic_in_distribution,ideal,in_distribution_001__ideal,synthetic_in_distribution::in_distribution_001__ideal,cv_ekf,posterior,vertical_acceleration,312,0.14061419922459,0.128218383102367,0.185175038442085,0.239729924942967,0.225707431971202,0.306081696176553
synthetic_in_distribution,ideal,in_distribution_001__ideal,synthetic_in_distribution::in_distribution_001__ideal,cv_ekf,posterior,combined_maneuver,134,1.34198253713161,1.45997113537113,1.81143672212807,3.5630906282792,3.7930037783627,4.71027824402725
synthetic_in_distribution,ideal,in_distribution_001__ideal,synthetic_in_distribution::in_distribution_001__ideal,cv_ekf,posterior,forward_acceleration,362,0.29672745237558,0.31523812533133,0.346946752480048,0.729422409249897,0.82071384074815,0.903265803591333
synthetic_in_distribution,ideal,in_distribution_001__ideal,synthetic_in_distribution::in_distribution_001__ideal,cv_ekf,posterior,constant_turn,292,1.102350501874,1.08754567560744,1.51656478191838,2.87898201799659,2.89386628261128,3.94440860286574
synthetic_in_distribution,ideal,in_distribution_001__ideal,synthetic_in_distribution::in_distribution_001__ideal,cv_ekf,posterior,constant_velocity,100,0.155583491487499,1.69510954773442e-11,0.0605104623025244,0.313566418229855,4.86856059007521e-11,0.183750186786425
synthetic_in_distribution,ideal,in_distribution_001__ideal,synthetic_in_distribution::in_distribution_001__ideal,ca_ekf,prior,vertical_acceleration,312,0.197273416539795,0.00749487745140971,0.515943565947236,0.256091149790835,0.00624312191800585,0.592223790339038
synthetic_in_distribution,ideal,in_distribution_001__ideal,synthetic_in_distribution::in_distribution_001__ideal,ca_ekf,prior,combined_maneuver,134,1.20480421057118,0.260928722304663,3.13450094547083,1.96004719868674,0.408399388043578,5.1240349996877
synthetic_in_distribution,ideal,in_distribution_001__ideal,synthetic_in_distribution::in_distribution_001__ideal,ca_ekf,prior,forward_acceleration,362,0.493549540014766,0.00018159165026794,0.409361774645852,0.8090556652741,0.000186784441238301,0.663158100362924
synthetic_in_distribution,ideal,in_distribution_001__ideal,synthetic_in_distribution::in_distribution_001__ideal,ca_ekf,prior,constant_turn,292,0.627665127432927,0.170000263022456,1.25565892375312,1.02064005509321,0.269244951429644,1.83659700910675
synthetic_in_distribution,ideal,in_distribution_001__ideal,synthetic_in_distribution::in_distribution_001__ideal,ca_ekf,prior,constant_velocity,100,0.489047977191024,1.95154144724754e-05,1.34861213130961,0.802925209135489,2.01755790880057e-05,2.07815889173704
synthetic_in_distribution,ideal,in_distribution_001__ideal,synthetic_in_distribution::in_distribution_001__ideal,ca_ekf,posterior,vertical_acceleration,312,0.0989944209746561,0.00407780645140991,0.27630997721093,0.178811988525764,0.00471562316162508,0.478053405630469
synthetic_in_distribution,ideal,in_distribution_001__ideal,synthetic_in_distribution::in_distribution_001__ideal,ca_ekf,posterior,combined_maneuver,134,0.4478980494395,0.0982050680024294,1.16770393388593,1.26116150145981,0.247922397228103,3.29993123673905
synthetic_in_distribution,ideal,in_distribution_001__ideal,synthetic_in_distribution::in_distribution_001__ideal,ca_ekf,posterior,forward_acceleration,362,0.181620687204968,6.88487981205076e-05,0.168313556724583,0.520282648349725,0.000111769141538148,0.446735929031936
synthetic_in_distribution,ideal,in_distribution_001__ideal,synthetic_in_distribution::in_distribution_001__ideal,ca_ekf,posterior,constant_turn,292,0.232891304387435,0.0620327178222796,0.464536486024429,0.654501841589664,0.16265393269202,1.16417148429205
synthetic_in_distribution,ideal,in_distribution_001__ideal,synthetic_in_distribution::in_distribution_001__ideal,ca_ekf,posterior,constant_velocity,100,0.178995545583187,7.15059261427891e-06,0.493543187218666,0.516025466942832,1.29331067842395e-05,1.34866383004426
synthetic_in_distribution,ideal,in_distribution_001__ideal,synthetic_in_distribution::in_distribution_001__ideal,ct_ekf,prior,vertical_acceleration,312,0.387517204924559,0.416127827689994,0.477446533319027,0.522197115034449,0.50898426123213,0.69875839848368
synthetic_in_distribution,ideal,in_distribution_001__ideal,synthetic_in_distribution::in_distribution_001__ideal,ct_ekf,prior,combined_maneuver,134,3.57070106904354,3.77673927988269,4.87825225965684,5.67450702864386,5.95274875582359,7.66620031209423
synthetic_in_distribution,ideal,in_distribution_001__ideal,synthetic_in_distribution::in_distribution_001__ideal,ct_ekf,prior,forward_acceleration,362,0.847639658700553,0.888708803800465,1.0381279112635,1.2923587357284,1.39715754935345,1.63241584294965
synthetic_in_distribution,ideal,in_distribution_001__ideal,synthetic_in_distribution::in_distribution_001__ideal,ct_ekf,prior,constant_turn,292,2.98785723356428,2.98132995747048,3.99833561986266,4.70495806936645,4.69274083536666,6.28190617083796
synthetic_in_distribution,ideal,in_distribution_001__ideal,synthetic_in_distribution::in_distribution_001__ideal,ct_ekf,prior,constant_velocity,100,0.433236249947905,0.0261559266309016,0.168682067742736,0.572377156840969,0.0411016256656222,0.203519427875923
synthetic_in_distribution,ideal,in_distribution_001__ideal,synthetic_in_distribution::in_distribution_001__ideal,ct_ekf,posterior,vertical_acceleration,312,0.174422379512571,0.18296483955735,0.212992816047738,0.339629875047701,0.349359957904979,0.434811788239819
synthetic_in_distribution,ideal,in_distribution_001__ideal,synthetic_in_distribution::in_distribution_001__ideal,ct_ekf,posterior,combined_maneuver,134,1.31652912101304,1.39197783449211,1.79828893793418,3.48013955838929,3.62337154216812,4.65261595622232
synthetic_in_distribution,ideal,in_distribution_001__ideal,synthetic_in_distribution::in_distribution_001__ideal,ct_ekf,posterior,forward_acceleration,362,0.3124017164982,0.327430406257477,0.382358763720701,0.777678725127616,0.84796026415615,0.990700534446503
synthetic_in_distribution,ideal,in_distribution_001__ideal,synthetic_in_distribution::in_distribution_001__ideal,ct_ekf,posterior,constant_turn,292,1.10084313972907,1.09777272498914,1.47322860335537,2.86264129863165,2.85050686749549,3.81254527694569
synthetic_in_distribution,ideal,in_distribution_001__ideal,synthetic_in_distribution::in_distribution_001__ideal,ct_ekf,posterior,constant_velocity,100,0.159576837834272,0.00963428492305047,0.0621309355744354,0.319801322363888,0.0249547699924983,0.160665243644174
synthetic_in_distribution,ideal,in_distribution_001__ideal,synthetic_in_distribution::in_distribution_001__ideal,native_imm,prior,vertical_acceleration,312,0.318901101502461,0.28800966813481,0.415775661073638,0.357191047729489,0.322259066459237,0.449956287965005
synthetic_in_distribution,ideal,in_distribution_001__ideal,synthetic_in_distribution::in_distribution_001__ideal,native_imm,prior,combined_maneuver,134,1.2416192612274,1.0173851511516,1.78975330411574,2.10537038219755,1.58263956898343,3.70764005184433
synthetic_in_distribution,ideal,in_distribution_001__ideal,synthetic_in_distribution::in_distribution_001__ideal,native_imm,prior,forward_acceleration,362,0.735061819234617,0.866381639737808,0.948542709990501,1.19722673749196,1.3425696725332,1.47766967602884
synthetic_in_distribution,ideal,in_distribution_001__ideal,synthetic_in_distribution::in_distribution_001__ideal,native_imm,prior,constant_turn,292,0.519248780823739,0.143458622232346,1.39812780643714,0.955054024172504,0.287746080943702,2.43482884341356
synthetic_in_distribution,ideal,in_distribution_001__ideal,synthetic_in_distribution::in_distribution_001__ideal,native_imm,prior,constant_velocity,100,0.221642153600591,0.0106191858549486,0.291376066530913,0.481493049738029,3.00705941665812e-05,0.642774621014138
synthetic_in_distribution,ideal,in_distribution_001__ideal,synthetic_in_distribution::in_distribution_001__ideal,native_imm,posterior,vertical_acceleration,312,0.165477957376896,0.151630510370524,0.221793789714049,0.255300849094471,0.24074364795808,0.332713362661174
synthetic_in_distribution,ideal,in_distribution_001__ideal,synthetic_in_distribution::in_distribution_001__ideal,native_imm,posterior,combined_maneuver,134,0.437826199425794,0.383756995056099,0.561153358722179,1.23268839552458,0.953512082960651,1.82228394608791
synthetic_in_distribution,ideal,in_distribution_001__ideal,synthetic_in_distribution::in_distribution_001__ideal,native_imm,posterior,forward_acceleration,362,0.263438170155709,0.321225142015655,0.353405329709199,0.713973767870781,0.819198699475845,0.901343273419527
synthetic_in_distribution,ideal,in_distribution_001__ideal,synthetic_in_distribution::in_distribution_001__ideal,native_imm,posterior,constant_turn,292,0.157097878973637,0.0377494829807441,0.386868760530148,0.524973093566687,0.133074946585638,1.25340490033103
synthetic_in_distribution,ideal,in_distribution_001__ideal,synthetic_in_distribution::in_distribution_001__ideal,native_imm,posterior,constant_velocity,100,0.0494751736554116,1.3792624840709e-11,0.0655261891579783,0.250916432684703,1.25151191835596e-11,0.158896716608642
synthetic_in_distribution,ideal,in_distribution_001__ideal,synthetic_in_distribution::in_distribution_001__ideal,warm_ukf,prior,vertical_acceleration,312,132.83096163611,16.4669803769384,38.1618585059312,73.6971153227177,77.1238807866649,91.8579979620126
synthetic_in_distribution,ideal,in_distribution_001__ideal,synthetic_in_distribution::in_distribution_001__ideal,warm_ukf,prior,combined_maneuver,134,86.7977853759718,17.3816311198175,37.3648925822464,77.1874168241979,75.1543443059653,107.087497995921
synthetic_in_distribution,ideal,in_distribution_001__ideal,synthetic_in_distribution::in_distribution_001__ideal,warm_ukf,prior,forward_acceleration,362,87.559185781727,17.5295994769796,40.3244758806157,79.0419007287264,80.4199277360229,103.955166685593
synthetic_in_distribution,ideal,in_distribution_001__ideal,synthetic_in_distribution::in_distribution_001__ideal,warm_ukf,prior,constant_turn,292,60.0482807279378,18.3994192233461,39.0962664351236,76.7580152455449,79.3770706303675,103.1402658989
synthetic_in_distribution,ideal,in_distribution_001__ideal,synthetic_in_distribution::in_distribution_001__ideal,warm_ukf,prior,constant_velocity,100,109.056548227363,13.7607074119775,30.1724744058095,59.3086836935671,59.007806945959,64.30672110668
synthetic_in_distribution,ideal,in_distribution_001__ideal,synthetic_in_distribution::in_distribution_001__ideal,warm_ukf,posterior,vertical_acceleration,312,0.0509978254133945,0.0478934258825647,0.0735577289359313,73.5021152565947,76.6343864717822,91.3885136718564
synthetic_in_distribution,ideal,in_distribution_001__ideal,synthetic_in_distribution::in_distribution_001__ideal,warm_ukf,posterior,combined_maneuver,134,0.0842990630600252,0.0681838679664628,0.144955671286796,76.1884660231698,74.2435068637057,105.479253122573
synthetic_in_distribution,ideal,in_distribution_001__ideal,synthetic_in_distribution::in_distribution_001__ideal,warm_ukf,posterior,forward_acceleration,362,0.0564481836469338,0.0511066688657661,0.0883989510860213,78.5555516612336,80.2707093718561,103.690805174457
synthetic_in_distribution,ideal,in_distribution_001__ideal,synthetic_in_distribution::in_distribution_001__ideal,warm_ukf,posterior,constant_turn,292,0.0856451024998169,0.0749493106786877,0.143500347928003,75.6133732872848,77.3745753294732,101.261089751637
synthetic_in_distribution,ideal,in_distribution_001__ideal,synthetic_in_distribution::in_distribution_001__ideal,warm_ukf,posterior,constant_velocity,100,0.0549500030240287,0.0491873010034667,0.0848989363999297,59.1795322028804,58.9164266764163,64.1337202555672
synthetic_in_distribution,empirical_timing,in_distribution_001__empirical_timing,synthetic_in_distribution::in_distribution_001__empirical_timing,cv_ekf,prior,vertical_acceleration,312,15.4226573854806,0.396598290419106,36.1943015547801,1.92935405929699,0.392353311242002,7.40906654413966
synthetic_in_distribution,empirical_timing,in_distribution_001__empirical_timing,synthetic_in_distribution::in_distribution_001__empirical_timing,cv_ekf,prior,combined_maneuver,134,36.5000646403639,8.55964560092682,92.5884668661241,11.9625201835741,9.25020669327852,21.1009162318098
synthetic_in_distribution,empirical_timing,in_distribution_001__empirical_timing,synthetic_in_distribution::in_distribution_001__empirical_timing,cv_ekf,prior,forward_acceleration,362,29.3778895503585,1.71462159560855,78.6890131544966,5.19474584702392,1.56886913530607,13.6131517514704
synthetic_in_distribution,empirical_timing,in_distribution_001__empirical_timing,synthetic_in_distribution::in_distribution_001__empirical_timing,cv_ekf,prior,constant_turn,292,69.0662491181,6.09837894754613,169.581147969972,15.3070393776205,7.24913736642183,34.1049373837643
synthetic_in_distribution,empirical_timing,in_distribution_001__empirical_timing,synthetic_in_distribution::in_distribution_001__empirical_timing,cv_ekf,prior,constant_velocity,100,0.72685080427541,5.77236639050778e-08,0.406960948486677,0.763452479489962,1.06910260547941e-08,0.219535839937867
synthetic_in_distribution,empirical_timing,in_distribution_001__empirical_timing,synthetic_in_distribution::in_distribution_001__empirical_timing,cv_ekf,posterior,vertical_acceleration,312,14.4902620304925,0.20828050138698,32.4932710143254,1.85843316697529,0.301521466056265,7.40427647813153
synthetic_in_distribution,empirical_timing,in_distribution_001__empirical_timing,synthetic_in_distribution::in_distribution_001__empirical_timing,cv_ekf,posterior,combined_maneuver,134,33.3789597259025,4.91179294248389,85.3223957768288,10.5788872020398,6.99634542429221,20.1813397045944
synthetic_in_distribution,empirical_timing,in_distribution_001__empirical_timing,synthetic_in_distribution::in_distribution_001__empirical_timing,cv_ekf,posterior,forward_acceleration,362,27.0732569951725,0.881646680710874,72.0294519401006,4.84583033384241,1.15675607119111,13.0252635473531
synthetic_in_distribution,empirical_timing,in_distribution_001__empirical_timing,synthetic_in_distribution::in_distribution_001__empirical_timing,cv_ekf,posterior,constant_turn,292,62.0658340620687,3.07598163366549,154.93336791961,13.8274502888265,5.25875717253708,32.222776840806
synthetic_in_distribution,empirical_timing,in_distribution_001__empirical_timing,synthetic_in_distribution::in_distribution_001__empirical_timing,cv_ekf,posterior,constant_velocity,100,0.22663941771358,4.37231430857698e-08,0.406960948486677,0.359575970282595,1.06910260547941e-08,0.157635344693965
synthetic_in_distribution,empirical_timing,in_distribution_001__empirical_timing,synthetic_in_distribution::in_distribution_001__empirical_timing,ca_ekf,prior,vertical_acceleration,312,5.1371464159411,0.0359041886653219,3.79868586932458,1.48688594855617,0.0263087346324796,2.70098881213474
synthetic_in_distribution,empirical_timing,in_distribution_001__empirical_timing,synthetic_in_distribution::in_distribution_001__empirical_timing,ca_ekf,prior,combined_maneuver,134,30.898976966755,1.37923813782084,83.4513870545694,7.42303604618994,1.57159514643436,18.7512140544559
synthetic_in_distribution,empirical_timing,in_distribution_001__empirical_timing,synthetic_in_distribution::in_distribution_001__empirical_timing,ca_ekf,prior,forward_acceleration,362,60.2199332952962,0.022205240455623,88.2133215136376,9.64502625881187,0.0136803930293883,24.5465131169597
synthetic_in_distribution,empirical_timing,in_distribution_001__empirical_timing,synthetic_in_distribution::in_distribution_001__empirical_timing,ca_ekf,prior,constant_turn,292,48.4312797368649,0.549062516567484,76.4537676994988,9.13236478275461,0.751665197385949,23.6855979212355
synthetic_in_distribution,empirical_timing,in_distribution_001__empirical_timing,synthetic_in_distribution::in_distribution_001__empirical_timing,ca_ekf,prior,constant_velocity,100,1.40330543634135,0.000432287948408078,1.81146252776209,1.30851550046369,0.000158759602354093,3.49850442328863
synthetic_in_distribution,empirical_timing,in_distribution_001__empirical_timing,synthetic_in_distribution::in_distribution_001__empirical_timing,ca_ekf,posterior,vertical_acceleration,312,4.46220909239702,0.0183358585193288,2.96401262593817,1.35839285712357,0.0199379633971196,2.15636857065922
synthetic_in_distribution,empirical_timing,in_distribution_001__empirical_timing,synthetic_in_distribution::in_distribution_001__empirical_timing,ca_ekf,posterior,combined_maneuver,134,27.8649080868545,0.822729049723379,74.8166834518182,6.72734983307149,1.09416604606714,17.7440717104503
synthetic_in_distribution,empirical_timing,in_distribution_001__empirical_timing,synthetic_in_distribution::in_distribution_001__empirical_timing,ca_ekf,posterior,forward_acceleration,362,55.6910804430823,0.0103196538249441,76.3620320008703,9.18149942365063,0.01114252296656,22.8587963789569
synthetic_in_distribution,empirical_timing,in_distribution_001__empirical_timing,synthetic_in_distribution::in_distribution_001__empirical_timing,ca_ekf,posterior,constant_turn,292,44.1724091697447,0.232945317665581,65.0729376258776,8.59619364574364,0.515391477780072,21.8530302152146
synthetic_in_distribution,empirical_timing,in_distribution_001__empirical_timing,synthetic_in_distribution::in_distribution_001__empirical_timing,ca_ekf,posterior,constant_velocity,100,0.86832550970683,0.000255859285166439,0.756899825079334,0.982113068537636,0.000151877058608476,2.01546771031509
synthetic_in_distribution,empirical_timing,in_distribution_001__empirical_timing,synthetic_in_distribution::in_distribution_001__empirical_timing,ct_ekf,prior,vertical_acceleration,312,16.1127802074833,0.53098779982065,37.2004842556727,2.14907338945103,0.668818414914043,7.67917891191841
synthetic_in_distribution,empirical_timing,in_distribution_001__empirical_timing,synthetic_in_distribution::in_distribution_001__empirical_timing,ct_ekf,prior,combined_maneuver,134,36.8718207651216,8.46327653237076,93.7921858673969,11.8448767834236,9.00954760987253,21.0694349586468
synthetic_in_distribution,empirical_timing,in_distribution_001__empirical_timing,synthetic_in_distribution::in_distribution_001__empirical_timing,ct_ekf,prior,forward_acceleration,362,32.1694297743707,1.83147838408747,86.048855662403,5.68135124313358,1.95860564977712,14.8978400398845
synthetic_in_distribution,empirical_timing,in_distribution_001__empirical_timing,synthetic_in_distribution::in_distribution_001__empirical_timing,ct_ekf,prior,constant_turn,292,71.9948121509243,5.98420797300405,177.784317632284,15.7113941079178,7.01849542906666,34.2893504512257
synthetic_in_distribution,empirical_timing,in_distribution_001__empirical_timing,synthetic_in_distribution::in_distribution_001__empirical_timing,ct_ekf,prior,constant_velocity,100,0.779767702067095,0.0519640902168964,1.06653352856588,0.782066229412044,0.0574928809505488,0.261572468522741
synthetic_in_distribution,empirical_timing,in_distribution_001__empirical_timing,synthetic_in_distribution::in_distribution_001__empirical_timing,ct_ekf,posterior,vertical_acceleration,312,15.1094530131926,0.266004757879616,33.3736356246522,2.04124153763631,0.468298856439309,7.64518279294873
synthetic_in_distribution,empirical_timing,in_distribution_001__empirical_timing,synthetic_in_distribution::in_distribution_001__empirical_timing,ct_ekf,posterior,combined_maneuver,134,33.7401138997228,4.83557394856648,86.5148994038154,10.5089412409102,6.98645208934405,20.2380057140551
synthetic_in_distribution,empirical_timing,in_distribution_001__empirical_timing,synthetic_in_distribution::in_distribution_001__empirical_timing,ct_ekf,posterior,forward_acceleration,362,29.63848470301,0.948706297986206,78.761388552778,5.31150089539556,1.45081831522553,14.2522881829942
synthetic_in_distribution,empirical_timing,in_distribution_001__empirical_timing,synthetic_in_distribution::in_distribution_001__empirical_timing,ct_ekf,posterior,constant_turn,292,64.7927198109515,2.99213990479939,159.794226482795,14.2477282746563,5.08954506352413,32.4092913686367
synthetic_in_distribution,empirical_timing,in_distribution_001__empirical_timing,synthetic_in_distribution::in_distribution_001__empirical_timing,ct_ekf,posterior,constant_velocity,100,0.308459169496393,0.0263378855359449,0.820895247023818,0.374201408690372,0.0418559413438599,0.229704107015517
synthetic_in_distribution,empirical_timing,in_distribution_001__empirical_timing,synthetic_in_distribution::in_distribution_001__empirical_timing,native_imm,prior,vertical_acceleration,312,15.6040292120883,0.394089128353595,36.6143713067694,1.88187384751111,0.377073028433967,7.25546578529503
synthetic_in_distribution,empirical_timing,in_distribution_001__empirical_timing,synthetic_in_distribution::in_distribution_001__empirical_timing,native_imm,prior,combined_maneuver,134,31.0644332419723,2.33309891088673,84.7426233073353,6.96308462651216,2.87114554640209,17.7472342680673
synthetic_in_distribution,empirical_timing,in_distribution_001__empirical_timing,synthetic_in_distribution::in_distribution_001__empirical_timing,native_imm,prior,forward_acceleration,362,41.5700490618547,1.70931970147342,104.405219918375,6.84614593646357,1.49844069191332,17.498037769079
synthetic_in_distribution,empirical_timing,in_distribution_001__empirical_timing,synthetic_in_distribution::in_distribution_001__empirical_timing,native_imm,prior,constant_turn,292,48.8942994325113,0.546575961787417,82.0230512022012,9.50512976631108,0.749922007465501,23.6382401030718
synthetic_in_distribution,empirical_timing,in_distribution_001__empirical_timing,synthetic_in_distribution::in_distribution_001__empirical_timing,native_imm,prior,constant_velocity,100,0.827154075683397,0.0437153698164951,1.90923648924138,0.77534045146732,0.000158670867096162,2.16318509016692
synthetic_in_distribution,empirical_timing,in_distribution_001__empirical_timing,synthetic_in_distribution::in_distribution_001__empirical_timing,native_imm,posterior,vertical_acceleration,312,14.6620501088829,0.206369347811453,32.8640350268543,1.81403339627388,0.291684766479936,7.25373394753246
synthetic_in_distribution,empirical_timing,in_distribution_001__empirical_timing,synthetic_in_distribution::in_distribution_001__empirical_timing,native_imm,posterior,combined_maneuver,134,28.142786423508,1.10400603652046,75.9936977106726,6.3474554213899,2.20025596410231,16.8041502517405
synthetic_in_distribution,empirical_timing,in_distribution_001__empirical_timing,synthetic_in_distribution::in_distribution_001__empirical_timing,native_imm,posterior,forward_acceleration,362,38.4723706903563,0.876500225975931,95.4150152878389,6.48124631755205,1.14278962060639,16.7004502845684
synthetic_in_distribution,empirical_timing,in_distribution_001__empirical_timing,synthetic_in_distribution::in_distribution_001__empirical_timing,native_imm,posterior,constant_turn,292,44.4788780274892,0.220910935392681,74.5856105367016,8.91485401243882,0.49134281603577,21.8099719454999
synthetic_in_distribution,empirical_timing,in_distribution_001__empirical_timing,synthetic_in_distribution::in_distribution_001__empirical_timing,native_imm,posterior,constant_velocity,100,0.546399490338938,0.00859478805859507,1.294352393906,0.539891179009496,7.9051331990506e-05,1.12397877994491
synthetic_in_distribution,empirical_timing,in_distribution_001__empirical_timing,synthetic_in_distribution::in_distribution_001__empirical_timing,warm_ukf,prior,vertical_acceleration,312,173.709801206095,26.2578092735934,195.216995492735,63.7520387749203,63.1809711610047,92.119763230706
synthetic_in_distribution,empirical_timing,in_distribution_001__empirical_timing,synthetic_in_distribution::in_distribution_001__empirical_timing,warm_ukf,prior,combined_maneuver,134,341.709959408287,34.6098942786181,1146.93446771559,80.990805540401,77.5923084543083,117.675325428195
synthetic_in_distribution,empirical_timing,in_distribution_001__empirical_timing,synthetic_in_distribution::in_distribution_001__empirical_timing,warm_ukf,prior,forward_acceleration,362,156.331503393441,34.0629104424699,338.597955473008,81.9081795844928,76.3138382410424,113.175581521008
synthetic_in_distribution,empirical_timing,in_distribution_001__empirical_timing,synthetic_in_distribution::in_distribution_001__empirical_timing,warm_ukf,prior,constant_turn,292,438.594051453524,34.6598092115314,508.433925771348,85.411502914389,82.6340097159527,120.961370204436
synthetic_in_distribution,empirical_timing,in_distribution_001__empirical_timing,synthetic_in_distribution::in_distribution_001__empirical_timing,warm_ukf,prior,constant_velocity,100,57.9710968674544,26.6157216422877,120.157377950833,64.3380370130403,64.0552134265814,68.6800950471688
synthetic_in_distribution,empirical_timing,in_distribution_001__empirical_timing,synthetic_in_distribution::in_distribution_001__empirical_timing,warm_ukf,posterior,vertical_acceleration,312,168.843461069366,8.29124642608288,168.774231910261,63.4644375390505,63.1637389304271,91.9998663874792
synthetic_in_distribution,empirical_timing,in_distribution_001__empirical_timing,synthetic_in_distribution::in_distribution_001__empirical_timing,warm_ukf,posterior,combined_maneuver,134,316.969650729994,21.2047186447649,1058.10872400549,80.6607998603945,76.8574082861057,116.434816373329
synthetic_in_distribution,empirical_timing,in_distribution_001__empirical_timing,synthetic_in_distribution::in_distribution_001__empirical_timing,warm_ukf,posterior,forward_acceleration,362,119.636516576142,22.7292920345954,317.287364796524,81.4570358800593,75.7371969058768,112.936590914435
synthetic_in_distribution,empirical_timing,in_distribution_001__empirical_timing,synthetic_in_distribution::in_distribution_001__empirical_timing,warm_ukf,posterior,constant_turn,292,373.009235610832,16.1694206376009,417.920876024309,84.0911598163499,80.589294706648,118.970567144357
synthetic_in_distribution,empirical_timing,in_distribution_001__empirical_timing,synthetic_in_distribution::in_distribution_001__empirical_timing,warm_ukf,posterior,constant_velocity,100,44.5833980062256,13.7435891310762,102.049632049956,64.0974384990605,63.9140201293791,68.5433342843005
synthetic_in_distribution,degraded,in_distribution_001__degraded,synthetic_in_distribution::in_distribution_001__degraded,cv_ekf,prior,vertical_acceleration,312,43.006140253437,31.4688550065965,79.5974133354614,5.09928971064321,3.72848994514641,10.2736155891557
synthetic_in_distribution,degraded,in_distribution_001__degraded,synthetic_in_distribution::in_distribution_001__degraded,cv_ekf,prior,combined_maneuver,134,114.282120323787,93.4389202189638,212.980943298397,31.245030055848,29.1666878672132,51.8476117907874
synthetic_in_distribution,degraded,in_distribution_001__degraded,synthetic_in_distribution::in_distribution_001__degraded,cv_ekf,prior,forward_acceleration,362,150.474958620651,47.4946359365051,399.938220617768,14.8915741448113,7.70356601558078,32.2465154250259
synthetic_in_distribution,degraded,in_distribution_001__degraded,synthetic_in_distribution::in_distribution_001__degraded,cv_ekf,prior,constant_turn,292,165.057023355534,112.559300815228,327.842278101033,33.0721221157312,31.6785456134549,51.4636642652559
synthetic_in_distribution,degraded,in_distribution_001__degraded,synthetic_in_distribution::in_distribution_001__degraded,cv_ekf,prior,constant_velocity,100,53.9834410868809,43.4273678278757,100.329000116446,8.47752329560778,3.89154873548313,21.2247777983421
synthetic_in_distribution,degraded,in_distribution_001__degraded,synthetic_in_distribution::in_distribution_001__degraded,cv_ekf,posterior,vertical_acceleration,312,40.9672543507574,29.3977407767018,75.3956617219247,5.01978980783888,3.6063919111233,10.2675190997502
synthetic_in_distribution,degraded,in_distribution_001__degraded,synthetic_in_distribution::in_distribution_001__degraded,cv_ekf,posterior,combined_maneuver,134,103.907044526451,80.342073091892,192.806487199601,29.8224915756838,27.0765113832059,51.0948784124628
synthetic_in_distribution,degraded,in_distribution_001__degraded,synthetic_in_distribution::in_distribution_001__degraded,cv_ekf,posterior,forward_acceleration,362,143.670288284077,44.5520284636097,384.646702942342,14.3629611169547,7.2176087698422,31.3530047586766
synthetic_in_distribution,degraded,in_distribution_001__degraded,synthetic_in_distribution::in_distribution_001__degraded,cv_ekf,posterior,constant_turn,292,149.493167454708,98.3497177249601,304.51043084252,31.2398495187367,29.4123678042041,48.9981158109456
synthetic_in_distribution,degraded,in_distribution_001__degraded,synthetic_in_distribution::in_distribution_001__degraded,cv_ekf,posterior,constant_velocity,100,49.9743353496925,40.8189199623218,91.6275870397268,8.01971868864215,3.89154873548313,21.2247777983421
synthetic_in_distribution,degraded,in_distribution_001__degraded,synthetic_in_distribution::in_distribution_001__degraded,ca_ekf,prior,vertical_acceleration,312,68.6864616646761,46.3322358568573,142.932144948606,12.361084050704,10.5665100441044,21.7963487721864
synthetic_in_distribution,degraded,in_distribution_001__degraded,synthetic_in_distribution::in_distribution_001__degraded,ca_ekf,prior,combined_maneuver,134,79.2706627101136,46.591341296703,184.101418339421,18.6363364543901,12.2432249040307,34.9851508268579
synthetic_in_distribution,degraded,in_distribution_001__degraded,synthetic_in_distribution::in_distribution_001__degraded,ca_ekf,prior,forward_acceleration,362,113.176351458682,56.7915387743364,199.419949189042,17.0630120483637,9.69077098134625,37.401320581463
synthetic_in_distribution,degraded,in_distribution_001__degraded,synthetic_in_distribution::in_distribution_001__degraded,ca_ekf,prior,constant_turn,292,150.604512723756,55.6129783566331,386.393512757592,23.7249625285245,13.4077952230226,56.824572296627
synthetic_in_distribution,degraded,in_distribution_001__degraded,synthetic_in_distribution::in_distribution_001__degraded,ca_ekf,prior,constant_velocity,100,57.6776567894727,50.9509447367643,95.4016881437882,12.1625378497269,9.79256191049326,18.7645648629254
synthetic_in_distribution,degraded,in_distribution_001__degraded,synthetic_in_distribution::in_distribution_001__degraded,ca_ekf,posterior,vertical_acceleration,312,63.6251970696486,41.947599570533,132.994964570885,11.750186475108,10.035255558946,20.6342670741367
synthetic_in_distribution,degraded,in_distribution_001__degraded,synthetic_in_distribution::in_distribution_001__degraded,ca_ekf,posterior,combined_maneuver,134,71.7761396878781,38.8266271920947,170.33144764466,17.1867894919841,11.4217272025549,32.5158998847796
synthetic_in_distribution,degraded,in_distribution_001__degraded,synthetic_in_distribution::in_distribution_001__degraded,ca_ekf,posterior,forward_acceleration,362,105.720679176221,51.907935349889,185.580179213923,16.2767212054392,9.37130987030075,35.5105792180427
synthetic_in_distribution,degraded,in_distribution_001__degraded,synthetic_in_distribution::in_distribution_001__degraded,ca_ekf,posterior,constant_turn,292,140.084332904382,50.361637653166,358.657942766817,22.5841928036757,12.6415855437912,54.7777502677863
synthetic_in_distribution,degraded,in_distribution_001__degraded,synthetic_in_distribution::in_distribution_001__degraded,ca_ekf,posterior,constant_velocity,100,53.0306039263782,48.5721780978813,86.8198327198033,11.4666618982943,9.28536325898065,18.0540427504312
synthetic_in_distribution,degraded,in_distribution_001__degraded,synthetic_in_distribution::in_distribution_001__degraded,ct_ekf,prior,vertical_acceleration,312,46.9389949587532,33.6183879189146,86.2175428462892,5.8127928484228,4.65904522594488,10.8996913927709
synthetic_in_distribution,degraded,in_distribution_001__degraded,synthetic_in_distribution::in_distribution_001__degraded,ct_ekf,prior,combined_maneuver,134,112.97572719209,90.7325261378025,210.413889395915,30.7388883433592,28.8825514425093,51.2649563930822
synthetic_in_distribution,degraded,in_distribution_001__degraded,synthetic_in_distribution::in_distribution_001__degraded,ct_ekf,prior,forward_acceleration,362,158.445764389212,50.3484067776522,402.442586183131,15.3231692678486,8.30303406360602,31.9248874260025
synthetic_in_distribution,degraded,in_distribution_001__degraded,synthetic_in_distribution::in_distribution_001__degraded,ct_ekf,prior,constant_turn,292,170.251204252578,112.734193487591,337.671482441168,33.4823306804517,31.353990032337,52.163790090903
synthetic_in_distribution,degraded,in_distribution_001__degraded,synthetic_in_distribution::in_distribution_001__degraded,ct_ekf,prior,constant_velocity,100,54.4867363579424,42.7387077318156,102.433460824703,8.68959718749571,3.65343781400186,21.9717146912154
synthetic_in_distribution,degraded,in_distribution_001__degraded,synthetic_in_distribution::in_distribution_001__degraded,ct_ekf,posterior,vertical_acceleration,312,44.5119247344633,31.3647922954792,81.2795162646639,5.67189704829966,4.5020524704475,10.8680682643848
synthetic_in_distribution,degraded,in_distribution_001__degraded,synthetic_in_distribution::in_distribution_001__degraded,ct_ekf,posterior,combined_maneuver,134,102.787254713031,79.9628970298519,188.512344503969,29.3407623987954,26.928540889029,50.5570716445188
synthetic_in_distribution,degraded,in_distribution_001__degraded,synthetic_in_distribution::in_distribution_001__degraded,ct_ekf,posterior,forward_acceleration,362,151.519580478543,46.6466366036993,387.70348972233,14.8042371191587,7.76751536852222,31.0598711850983
synthetic_in_distribution,degraded,in_distribution_001__degraded,synthetic_in_distribution::in_distribution_001__degraded,ct_ekf,posterior,constant_turn,292,154.515545457944,99.5903378382499,314.445206463402,31.6549956972731,29.2221603427924,50.0368325550452
synthetic_in_distribution,degraded,in_distribution_001__degraded,synthetic_in_distribution::in_distribution_001__degraded,ct_ekf,posterior,constant_velocity,100,50.3325585140399,40.387858060696,93.4334165849869,8.20617116115076,3.65343781400186,21.905314156871
synthetic_in_distribution,degraded,in_distribution_001__degraded,synthetic_in_distribution::in_distribution_001__degraded,native_imm,prior,vertical_acceleration,312,114.116667548106,48.7241042512775,221.521463724822,19.24255959141,11.9975706735994,45.5861519727649
synthetic_in_distribution,degraded,in_distribution_001__degraded,synthetic_in_distribution::in_distribution_001__degraded,native_imm,prior,combined_maneuver,134,74.8285844973616,51.2101134658432,155.020585584128,22.1687511915253,14.8505477793205,49.077431201415
synthetic_in_distribution,degraded,in_distribution_001__degraded,synthetic_in_distribution::in_distribution_001__degraded,native_imm,prior,forward_acceleration,362,106.407952113819,58.0748285279701,209.518567783825,18.1354401690705,13.2442542177258,32.174498671124
synthetic_in_distribution,degraded,in_distribution_001__degraded,synthetic_in_distribution::in_distribution_001__degraded,native_imm,prior,constant_turn,292,244.178559780647,65.5748603387501,525.407463334167,36.474240238886,20.8132156056322,87.4400909772191
synthetic_in_distribution,degraded,in_distribution_001__degraded,synthetic_in_distribution::in_distribution_001__degraded,native_imm,prior,constant_velocity,100,67.6593878874159,57.2844236200371,116.163959261897,17.5034515205366,15.7167451686507,27.8682782545271
synthetic_in_distribution,degraded,in_distribution_001__degraded,synthetic_in_distribution::in_distribution_001__degraded,native_imm,posterior,vertical_acceleration,312,106.046322045851,42.5064592373026,206.824069847427,18.2513360940742,11.5251224203978,41.5935841479672
synthetic_in_distribution,degraded,in_distribution_001__degraded,synthetic_in_distribution::in_distribution_001__degraded,native_imm,posterior,combined_maneuver,134,66.2381153343026,42.9863585813825,139.252849769949,20.4104655408484,13.8134667470264,44.8613256648557
synthetic_in_distribution,degraded,in_distribution_001__degraded,synthetic_in_distribution::in_distribution_001__degraded,native_imm,posterior,forward_acceleration,362,99.8843470772006,52.349169913904,199.63632440778,17.3108296158662,12.6886953409918,31.4687146996587
synthetic_in_distribution,degraded,in_distribution_001__degraded,synthetic_in_distribution::in_distribution_001__degraded,native_imm,posterior,constant_turn,292,228.001296612011,56.6496804093433,483.375016452231,35.0037460781419,19.6184031281324,84.0492994737659
synthetic_in_distribution,degraded,in_distribution_001__degraded,synthetic_in_distribution::in_distribution_001__degraded,native_imm,posterior,constant_velocity,100,60.9014131980625,52.2541631385102,104.314686774886,16.4233770675651,14.7590198080857,26.1200731946095
synthetic_in_distribution,degraded,in_distribution_001__degraded,synthetic_in_distribution::in_distribution_001__degraded,warm_ukf,prior,vertical_acceleration,312,743.093180013193,67.5390614714927,542.77046241327,70.2001740542309,71.9943549244589,97.3926020550648
synthetic_in_distribution,degraded,in_distribution_001__degraded,synthetic_in_distribution::in_distribution_001__degraded,warm_ukf,prior,combined_maneuver,134,488.482356265358,82.7351144764107,1039.67622401097,78.9100441124435,80.3573302508383,102.380584384723
synthetic_in_distribution,degraded,in_distribution_001__degraded,synthetic_in_distribution::in_distribution_001__degraded,warm_ukf,prior,forward_acceleration,362,294.364975702955,83.4821023098818,737.65048240032,85.5234929474375,82.4277304896933,116.574599045151
synthetic_in_distribution,degraded,in_distribution_001__degraded,synthetic_in_distribution::in_distribution_001__degraded,warm_ukf,prior,constant_turn,292,295.788104300578,101.966297470403,723.658230809912,79.8954253902881,69.3428954526279,126.993574504274
synthetic_in_distribution,degraded,in_distribution_001__degraded,synthetic_in_distribution::in_distribution_001__degraded,warm_ukf,prior,constant_velocity,100,148.942998858951,66.343065601495,433.999996229496,65.1929817487726,62.4986660223002,82.6106897270917
synthetic_in_distribution,degraded,in_distribution_001__degraded,synthetic_in_distribution::in_distribution_001__degraded,warm_ukf,posterior,vertical_acceleration,312,656.154869430681,55.0039577415858,389.539104276633,69.9509646405109,71.9264071486874,96.9678689264564
synthetic_in_distribution,degraded,in_distribution_001__degraded,synthetic_in_distribution::in_distribution_001__degraded,warm_ukf,posterior,combined_maneuver,134,378.441509999955,69.6167587924506,926.868332333244,78.2737294481522,79.3502145247072,102.807846079102
synthetic_in_distribution,degraded,in_distribution_001__degraded,synthetic_in_distribution::in_distribution_001__degraded,warm_ukf,posterior,forward_acceleration,362,266.708184694094,70.3095305486954,640.549230567675,85.1203517481032,81.6703988923801,116.23682884599
synthetic_in_distribution,degraded,in_distribution_001__degraded,synthetic_in_distribution::in_distribution_001__degraded,warm_ukf,posterior,constant_turn,292,276.298156864811,80.8815658042663,594.790145223556,78.5090332527868,68.5493427669836,125.020042971629
synthetic_in_distribution,degraded,in_distribution_001__degraded,synthetic_in_distribution::in_distribution_001__degraded,warm_ukf,posterior,constant_velocity,100,118.014648936922,54.7430832110268,149.827006756638,64.8419541786378,62.4555940850701,82.4130943843906
synthetic_in_distribution,ideal,in_distribution_002__ideal,synthetic_in_distribution::in_distribution_002__ideal,cv_ekf,prior,combined_maneuver,235,3.83711813503173,4.14181039920855,4.53995901978901,6.09332134294443,6.52632091373186,7.14643540521579
synthetic_in_distribution,ideal,in_distribution_002__ideal,synthetic_in_distribution::in_distribution_002__ideal,cv_ekf,prior,forward_acceleration,271,0.806658297552088,0.65064104453204,0.949090420826757,1.21197896190989,1.025829526963,1.49057560483841
synthetic_in_distribution,ideal,in_distribution_002__ideal,synthetic_in_distribution::in_distribution_002__ideal,cv_ekf,prior,constant_velocity,320,0.557179339816178,3.91505568054002e-08,0.289980152490967,0.737223976894166,5.02403509535641e-08,0.352085742067181
synthetic_in_distribution,ideal,in_distribution_002__ideal,synthetic_in_distribution::in_distribution_002__ideal,cv_ekf,prior,constant_turn,292,3.17505267380259,3.4206215560745,4.0229785530841,5.03209689083923,5.39373176714355,6.33942791586157
synthetic_in_distribution,ideal,in_distribution_002__ideal,synthetic_in_distribution::in_distribution_002__ideal,cv_ekf,prior,vertical_acceleration,82,0.506692368988833,0.221368724327476,0.485117382827093,0.653470563929147,0.260426364688334,0.449054442804037
synthetic_in_distribution,ideal,in_distribution_002__ideal,synthetic_in_distribution::in_distribution_002__ideal,cv_ekf,posterior,combined_maneuver,235,1.40999441260353,1.52592854908718,1.671143574309,3.71140856480399,3.95865844742788,4.33370833687787
synthetic_in_distribution,ideal,in_distribution_002__ideal,synthetic_in_distribution::in_distribution_002__ideal,cv_ekf,posterior,forward_acceleration,271,0.296421243417674,0.238780512908918,0.348484410322926,0.723046990571893,0.621344897717872,0.903174276730181
synthetic_in_distribution,ideal,in_distribution_002__ideal,synthetic_in_distribution::in_distribution_002__ideal,cv_ekf,posterior,constant_velocity,320,0.204957966040106,1.94421609135632e-08,0.108884320314798,0.412067857608857,3.47612649116958e-08,0.267788052219187
synthetic_in_distribution,ideal,in_distribution_002__ideal,synthetic_in_distribution::in_distribution_002__ideal,cv_ekf,posterior,constant_turn,292,1.16573998243491,1.25541175399489,1.47767656144316,3.06253675735372,3.26792477027002,3.84228529083778
synthetic_in_distribution,ideal,in_distribution_002__ideal,synthetic_in_distribution::in_distribution_002__ideal,cv_ekf,posterior,vertical_acceleration,82,0.206437295367256,0.111524553129129,0.207573919023994,0.39031556157521,0.188916413504346,0.344052025986818
synthetic_in_distribution,ideal,in_distribution_002__ideal,synthetic_in_distribution::in_distribution_002__ideal,ca_ekf,prior,combined_maneuver,235,0.725131933995399,0.233133190116458,2.06197145441334,1.26701000327079,0.367743021983463,3.60795312338455
synthetic_in_distribution,ideal,in_distribution_002__ideal,synthetic_in_distribution::in_distribution_002__ideal,ca_ekf,prior,forward_acceleration,271,0.55944528034299,0.000794776669340727,0.868421043563332,0.916152819615078,0.000979582874276984,1.56787383587309
synthetic_in_distribution,ideal,in_distribution_002__ideal,synthetic_in_distribution::in_distribution_002__ideal,ca_ekf,prior,constant_velocity,320,0.646296011861932,0.00077314295610808,1.66424948103049,1.05688961133019,0.000746219547027664,2.54835916376797
synthetic_in_distribution,ideal,in_distribution_002__ideal,synthetic_in_distribution::in_distribution_002__ideal,ca_ekf,prior,constant_turn,292,0.547860455827592,0.154431929220886,1.28626829193616,0.893629326063618,0.243459398503575,2.16222793476607
synthetic_in_distribution,ideal,in_distribution_002__ideal,synthetic_in_distribution::in_distribution_002__ideal,ca_ekf,prior,vertical_acceleration,82,0.524999975123278,0.0275363225882757,1.50564309675247,0.84156728903534,0.0272472569690702,2.56607496957891
synthetic_in_distribution,ideal,in_distribution_002__ideal,synthetic_in_distribution::in_distribution_002__ideal,ca_ekf,posterior,combined_maneuver,235,0.252009061708514,0.0855001995476636,0.562042808578584,0.772045460731971,0.222729436022378,2.25502169339813
synthetic_in_distribution,ideal,in_distribution_002__ideal,synthetic_in_distribution::in_distribution_002__ideal,ca_ekf,posterior,forward_acceleration,271,0.206167220609796,0.000290430755839128,0.317029279908956,0.588822542823753,0.000588329793268075,0.810653081447695
synthetic_in_distribution,ideal,in_distribution_002__ideal,synthetic_in_distribution::in_distribution_002__ideal,ca_ekf,posterior,constant_velocity,320,0.238607226196079,0.0003792785249618,0.611667552958166,0.680099932828889,0.000472325339512299,1.64165089092744
synthetic_in_distribution,ideal,in_distribution_002__ideal,synthetic_in_distribution::in_distribution_002__ideal,ca_ekf,posterior,constant_turn,292,0.202899574545234,0.0566336152157989,0.474525122085255,0.573681337613734,0.147460451053581,1.30298640282295
synthetic_in_distribution,ideal,in_distribution_002__ideal,synthetic_in_distribution::in_distribution_002__ideal,ca_ekf,posterior,vertical_acceleration,82,0.201775895496446,0.0153266327233723,0.577383609807657,0.54540062408349,0.0211722557706708,1.56596583472196
synthetic_in_distribution,ideal,in_distribution_002__ideal,synthetic_in_distribution::in_distribution_002__ideal,ct_ekf,prior,combined_maneuver,235,3.28140404072811,3.15934742029805,4.1251028016911,5.20076902661039,5.01371189528463,6.47658277386467
synthetic_in_distribution,ideal,in_distribution_002__ideal,synthetic_in_distribution::in_distribution_002__ideal,ct_ekf,prior,forward_acceleration,271,0.903065672783594,0.81858047664814,1.02473987597598,1.37384762988436,1.28745069888165,1.61035897289711
synthetic_in_distribution,ideal,in_distribution_002__ideal,synthetic_in_distribution::in_distribution_002__ideal,ct_ekf,prior,constant_velocity,320,0.936899003733442,0.69758307038381,1.48288078936665,1.42353032280231,1.05311855498433,2.33187397717078
synthetic_in_distribution,ideal,in_distribution_002__ideal,synthetic_in_distribution::in_distribution_002__ideal,ct_ekf,prior,constant_turn,292,3.53614362480234,3.25039474650543,5.15998587585369,5.58857903073707,5.11480006433171,8.12343638887283
synthetic_in_distribution,ideal,in_distribution_002__ideal,synthetic_in_distribution::in_distribution_002__ideal,ct_ekf,prior,vertical_acceleration,82,0.546460649982083,0.335663008080068,0.500910848860781,0.716277359930121,0.44823134455389,0.468485455892649
synthetic_in_distribution,ideal,in_distribution_002__ideal,synthetic_in_distribution::in_distribution_002__ideal,ct_ekf,posterior,combined_maneuver,235,1.2097769614447,1.16844611871043,1.52484491369939,3.17263632240222,3.05985268886279,3.93544173659539
synthetic_in_distribution,ideal,in_distribution_002__ideal,synthetic_in_distribution::in_distribution_002__ideal,ct_ekf,posterior,forward_acceleration,271,0.332928969282444,0.301434248872931,0.377558300325786,0.826875021274785,0.781261570908996,0.977315020836352
synthetic_in_distribution,ideal,in_distribution_002__ideal,synthetic_in_distribution::in_distribution_002__ideal,ct_ekf,posterior,constant_velocity,320,0.344943687232838,0.25660792279617,0.545493620262297,0.857509584100605,0.642128918634677,1.41145597561724
synthetic_in_distribution,ideal,in_distribution_002__ideal,synthetic_in_distribution::in_distribution_002__ideal,ct_ekf,posterior,constant_turn,292,1.30158920499618,1.19743384692354,1.89877199051435,3.40300102352748,3.10570819246016,4.93324119216173
synthetic_in_distribution,ideal,in_distribution_002__ideal,synthetic_in_distribution::in_distribution_002__ideal,ct_ekf,posterior,vertical_acceleration,82,0.223433329800409,0.148414484030366,0.217992855314752,0.430462826178069,0.290751783744636,0.354588926283222
synthetic_in_distribution,ideal,in_distribution_002__ideal,synthetic_in_distribution::in_distribution_002__ideal,native_imm,prior,combined_maneuver,235,1.05815511748946,0.977268334934065,1.46321190749794,1.7573463841232,1.50049483622773,2.85825924167424
synthetic_in_distribution,ideal,in_distribution_002__ideal,synthetic_in_distribution::in_distribution_002__ideal,native_imm,prior,forward_acceleration,271,0.714537709557016,0.655343479523518,0.959000737247858,1.17274763519503,1.0170111715308,1.49645516022189
synthetic_in_distribution,ideal,in_distribution_002__ideal,synthetic_in_distribution::in_distribution_002__ideal,native_imm,prior,constant_velocity,320,0.277097585034103,0.0087040011312992,0.573466628792491,0.58752026116585,5.08641267585625e-05,0.891006910616267
synthetic_in_distribution,ideal,in_distribution_002__ideal,synthetic_in_distribution::in_distribution_002__ideal,native_imm,prior,constant_turn,292,0.764560521562974,0.236666330941629,1.62841807365439,1.29036130378774,0.424466095017801,2.99304958918581
synthetic_in_distribution,ideal,in_distribution_002__ideal,synthetic_in_distribution::in_distribution_002__ideal,native_imm,prior,vertical_acceleration,82,0.342451762340083,0.2530730774644,0.397177173731979,0.522117279911911,0.271828942024586,0.832386413638685
synthetic_in_distribution,ideal,in_distribution_002__ideal,synthetic_in_distribution::in_distribution_002__ideal,native_imm,posterior,combined_maneuver,235,0.386443366903039,0.377484913157943,0.408344551111913,1.03484162040074,0.917010078940698,1.47051567107956
synthetic_in_distribution,ideal,in_distribution_002__ideal,synthetic_in_distribution::in_distribution_002__ideal,native_imm,posterior,forward_acceleration,271,0.254066516185238,0.243398995516392,0.353095338146545,0.69806350501073,0.620640853320545,0.900502983572544
synthetic_in_distribution,ideal,in_distribution_002__ideal,synthetic_in_distribution::in_distribution_002__ideal,native_imm,posterior,constant_velocity,320,0.0693229290144512,2.96713653019787e-08,0.156620161710674,0.294739431607078,5.89753045981196e-08,0.309989713321924
synthetic_in_distribution,ideal,in_distribution_002__ideal,synthetic_in_distribution::in_distribution_002__ideal,native_imm,posterior,constant_turn,292,0.257566711338148,0.0769419901264375,0.512659440559902,0.750526007098795,0.227525461095853,1.4202328213109
synthetic_in_distribution,ideal,in_distribution_002__ideal,synthetic_in_distribution::in_distribution_002__ideal,native_imm,posterior,vertical_acceleration,82,0.158812199914495,0.132243459247547,0.202531009376494,0.309922484526356,0.202146554379901,0.362479878657858
synthetic_in_distribution,ideal,in_distribution_002__ideal,synthetic_in_distribution::in_distribution_002__ideal,warm_ukf,prior,combined_maneuver,235,134.348239594119,17.0853460703918,51.5316592976566,71.6931413182398,56.6782302654527,106.657578741426
synthetic_in_distribution,ideal,in_distribution_002__ideal,synthetic_in_distribution::in_distribution_002__ideal,warm_ukf,prior,forward_acceleration,271,70.9999315704592,16.3554131783784,50.4308432259413,71.5357064064721,75.1408040632799,86.6674984321252
synthetic_in_distribution,ideal,in_distribution_002__ideal,synthetic_in_distribution::in_distribution_002__ideal,warm_ukf,prior,constant_velocity,320,109.804910344543,19.4978180192942,41.7935507739187,73.4478773884432,68.2183063427815,93.1051204723932
synthetic_in_distribution,ideal,in_distribution_002__ideal,synthetic_in_distribution::in_distribution_002__ideal,warm_ukf,prior,constant_turn,292,160.06837559967,22.0973035420582,54.5353201966624,93.4780434981278,92.1715020007537,120.199706334536
synthetic_in_distribution,ideal,in_distribution_002__ideal,synthetic_in_distribution::in_distribution_002__ideal,warm_ukf,prior,vertical_acceleration,82,134.118215390875,18.2124835675039,53.1391384062306,94.9595885359977,68.7576657320861,121.29830074604
synthetic_in_distribution,ideal,in_distribution_002__ideal,synthetic_in_distribution::in_distribution_002__ideal,warm_ukf,posterior,combined_maneuver,235,0.0953170463404193,0.0806149108622237,0.159498280195889,70.053839737672,54.7052446717344,104.095401083395
synthetic_in_distribution,ideal,in_distribution_002__ideal,synthetic_in_distribution::in_distribution_002__ideal,warm_ukf,posterior,forward_acceleration,271,0.0590665747779817,0.0544732742706056,0.088507778020383,71.5293245841887,76.2023496775584,86.6075614571774
synthetic_in_distribution,ideal,in_distribution_002__ideal,synthetic_in_distribution::in_distribution_002__ideal,warm_ukf,posterior,constant_velocity,320,0.0649475076967156,0.0549908240745228,0.107240115288461,73.1955935036188,68.1398065139066,92.8730127490489
synthetic_in_distribution,ideal,in_distribution_002__ideal,synthetic_in_distribution::in_distribution_002__ideal,warm_ukf,posterior,constant_turn,292,0.0830858530979495,0.072439268087526,0.1361039709048,93.592192562428,92.0274241175806,120.021224066779
synthetic_in_distribution,ideal,in_distribution_002__ideal,synthetic_in_distribution::in_distribution_002__ideal,warm_ukf,posterior,vertical_acceleration,82,0.0642921206596009,0.0592915896747608,0.0912125734000623,94.9948995296393,68.8105630250494,121.42745488859
synthetic_in_distribution,empirical_timing,in_distribution_002__empirical_timing,synthetic_in_distribution::in_distribution_002__empirical_timing,cv_ekf,prior,combined_maneuver,235,88.6651399213952,8.23075041790076,187.384424715519,19.7329585958594,9.34683966925427,45.85412711907
synthetic_in_distribution,empirical_timing,in_distribution_002__empirical_timing,synthetic_in_distribution::in_distribution_002__empirical_timing,cv_ekf,prior,forward_acceleration,271,20.4743911809865,1.09376570601207,52.3974171634776,4.67048635172552,1.52290080018905,9.0711738424663
synthetic_in_distribution,empirical_timing,in_distribution_002__empirical_timing,synthetic_in_distribution::in_distribution_002__empirical_timing,cv_ekf,prior,constant_velocity,320,2.28090189590261,3.25577583789931e-05,1.02920469248896,1.47004208040981,1.85535809336801e-05,0.51790746701356
synthetic_in_distribution,empirical_timing,in_distribution_002__empirical_timing,synthetic_in_distribution::in_distribution_002__empirical_timing,cv_ekf,prior,constant_turn,292,93.7626223469137,7.81406434063091,254.60113415097,19.0465122704125,7.99387553363552,48.0416579074181
synthetic_in_distribution,empirical_timing,in_distribution_002__empirical_timing,synthetic_in_distribution::in_distribution_002__empirical_timing,cv_ekf,prior,vertical_acceleration,82,1.82368985923308,0.35704428870145,1.30265456617781,1.29650907995823,0.390583049997033,0.734794352163047
synthetic_in_distribution,empirical_timing,in_distribution_002__empirical_timing,synthetic_in_distribution::in_distribution_002__empirical_timing,cv_ekf,posterior,combined_maneuver,235,80.279008459008,4.23445672421426,165.169846300514,17.9770544394485,7.07437548696366,43.0547209288277
synthetic_in_distribution,empirical_timing,in_distribution_002__empirical_timing,synthetic_in_distribution::in_distribution_002__empirical_timing,cv_ekf,posterior,forward_acceleration,271,17.6179811019482,0.485768577048751,45.257711482969,4.07450496362108,1.01464267646608,8.47717274582338
synthetic_in_distribution,empirical_timing,in_distribution_002__empirical_timing,synthetic_in_distribution::in_distribution_002__empirical_timing,cv_ekf,posterior,constant_velocity,320,1.54253880052682,1.95176696420629e-05,0.392083711903566,1.13611470888734,1.06009648879927e-05,0.429423286530688
synthetic_in_distribution,empirical_timing,in_distribution_002__empirical_timing,synthetic_in_distribution::in_distribution_002__empirical_timing,cv_ekf,posterior,constant_turn,292,85.496303005852,3.98350984482334,231.960541784052,17.6662535217678,6.15683704530633,45.8940565380039
synthetic_in_distribution,empirical_timing,in_distribution_002__empirical_timing,synthetic_in_distribution::in_distribution_002__empirical_timing,cv_ekf,posterior,vertical_acceleration,82,1.19690364694319,0.189244645777198,0.951192770669157,1.0566182105498,0.281342418322495,0.57265509077864
synthetic_in_distribution,empirical_timing,in_distribution_002__empirical_timing,synthetic_in_distribution::in_distribution_002__empirical_timing,ca_ekf,prior,combined_maneuver,235,18.1937577243917,0.828699352659608,43.73608597286,5.852678954255,1.01481413175503,13.3628344946366
synthetic_in_distribution,empirical_timing,in_distribution_002__empirical_timing,synthetic_in_distribution::in_distribution_002__empirical_timing,ca_ekf,prior,forward_acceleration,271,1.28756609648736,0.0125086972850585,2.33950835124793,1.10626587851204,0.0105468601020837,2.60111171186878
synthetic_in_distribution,empirical_timing,in_distribution_002__empirical_timing,synthetic_in_distribution::in_distribution_002__empirical_timing,ca_ekf,prior,constant_velocity,320,5.34845972719807,0.0132199613388411,10.0154665700779,1.51987815790709,0.010180858887634,4.02276904521257
synthetic_in_distribution,empirical_timing,in_distribution_002__empirical_timing,synthetic_in_distribution::in_distribution_002__empirical_timing,ca_ekf,prior,constant_turn,292,28.1599182884204,0.573392678546629,51.5629280757688,5.93110802872498,0.555076488050315,13.7443075996338
synthetic_in_distribution,empirical_timing,in_distribution_002__empirical_timing,synthetic_in_distribution::in_distribution_002__empirical_timing,ca_ekf,prior,vertical_acceleration,82,0.972782464308007,0.0382388885918833,2.33853302474893,1.10856139294058,0.0372636456843,3.50679520790935
synthetic_in_distribution,empirical_timing,in_distribution_002__empirical_timing,synthetic_in_distribution::in_distribution_002__empirical_timing,ca_ekf,posterior,combined_maneuver,235,15.6270426877749,0.394078731643551,38.0915162981987,5.21297893794618,0.676058293234241,12.1544567133053
synthetic_in_distribution,empirical_timing,in_distribution_002__empirical_timing,synthetic_in_distribution::in_distribution_002__empirical_timing,ca_ekf,posterior,forward_acceleration,271,0.898882430048462,0.00675223160515098,1.42840834949659,0.747891210437486,0.00803547024709263,1.69704633634109
synthetic_in_distribution,empirical_timing,in_distribution_002__empirical_timing,synthetic_in_distribution::in_distribution_002__empirical_timing,ca_ekf,posterior,constant_velocity,320,4.90363089539051,0.00624532499915975,8.90517049731042,1.17133403719453,0.00781254424859398,3.20175864146634
synthetic_in_distribution,empirical_timing,in_distribution_002__empirical_timing,synthetic_in_distribution::in_distribution_002__empirical_timing,ca_ekf,posterior,constant_turn,292,25.4301209533958,0.307069702059599,45.0706366483887,5.52446329563259,0.414999035744524,12.478936019413
synthetic_in_distribution,empirical_timing,in_distribution_002__empirical_timing,synthetic_in_distribution::in_distribution_002__empirical_timing,ca_ekf,posterior,vertical_acceleration,82,0.573662601383407,0.0237867131250783,1.0653223346922,0.789039591970946,0.0311749109329842,2.22311913966892
synthetic_in_distribution,empirical_timing,in_distribution_002__empirical_timing,synthetic_in_distribution::in_distribution_002__empirical_timing,ct_ekf,prior,combined_maneuver,235,67.3932861889291,6.91226195153423,142.101293528567,15.5881410136767,7.90650233895675,34.6891686061642
synthetic_in_distribution,empirical_timing,in_distribution_002__empirical_timing,synthetic_in_distribution::in_distribution_002__empirical_timing,ct_ekf,prior,forward_acceleration,271,26.2416512718574,1.45452714959192,72.142410467068,5.396138508142,1.70121751346241,12.7519469903002
synthetic_in_distribution,empirical_timing,in_distribution_002__empirical_timing,synthetic_in_distribution::in_distribution_002__empirical_timing,ct_ekf,prior,constant_velocity,320,19.0952153961598,1.45171041255699,34.4820395319941,3.84322612640286,1.66439417139063,8.74013280818364
synthetic_in_distribution,empirical_timing,in_distribution_002__empirical_timing,synthetic_in_distribution::in_distribution_002__empirical_timing,ct_ekf,prior,constant_turn,292,108.704186135324,8.2791195711221,281.859392460122,21.8113887416384,8.56827930749142,53.5407208913664
synthetic_in_distribution,empirical_timing,in_distribution_002__empirical_timing,synthetic_in_distribution::in_distribution_002__empirical_timing,ct_ekf,prior,vertical_acceleration,82,1.92875795426182,0.386191851543744,2.51314287799579,1.38013074898577,0.50439127845907,1.28196619313814
synthetic_in_distribution,empirical_timing,in_distribution_002__empirical_timing,synthetic_in_distribution::in_distribution_002__empirical_timing,ct_ekf,posterior,combined_maneuver,235,60.9214533705263,3.5729270183092,125.297782790923,14.0790230738321,5.99865493289575,32.5837146649343
synthetic_in_distribution,empirical_timing,in_distribution_002__empirical_timing,synthetic_in_distribution::in_distribution_002__empirical_timing,ct_ekf,posterior,forward_acceleration,271,23.3113541796759,0.694770749727112,64.5913040715093,4.82752138773884,1.25135386806877,12.0247520806068
synthetic_in_distribution,empirical_timing,in_distribution_002__empirical_timing,synthetic_in_distribution::in_distribution_002__empirical_timing,ct_ekf,posterior,constant_velocity,320,17.5067147211017,0.572825378130488,31.086270212114,3.45068602542894,1.29865096719172,8.27035730594263
synthetic_in_distribution,empirical_timing,in_distribution_002__empirical_timing,synthetic_in_distribution::in_distribution_002__empirical_timing,ct_ekf,posterior,constant_turn,292,99.121086058741,4.43369425303823,253.215698395574,20.2532741597571,6.48525058130189,50.4720878310979
synthetic_in_distribution,empirical_timing,in_distribution_002__empirical_timing,synthetic_in_distribution::in_distribution_002__empirical_timing,ct_ekf,posterior,vertical_acceleration,82,1.27069777228941,0.206822743572034,1.61557862018657,1.1194302635811,0.374829519507529,1.02828729969879
synthetic_in_distribution,empirical_timing,in_distribution_002__empirical_timing,synthetic_in_distribution::in_distribution_002__empirical_timing,native_imm,prior,combined_maneuver,235,26.9915200883167,2.0963463231451,70.9549972766802,7.27585301976404,2.4566254336137,19.1264768534919
synthetic_in_distribution,empirical_timing,in_distribution_002__empirical_timing,synthetic_in_distribution::in_distribution_002__empirical_timing,native_imm,prior,forward_acceleration,271,16.8303206059658,0.980756310611295,47.0069824596343,3.49908917896788,1.50365159196446,8.35208287675249
synthetic_in_distribution,empirical_timing,in_distribution_002__empirical_timing,synthetic_in_distribution::in_distribution_002__empirical_timing,native_imm,prior,constant_velocity,320,1.01689113752351,0.0457319223004631,2.73528048217397,0.730960295646254,0.000927355517281646,0.882614893408884
synthetic_in_distribution,empirical_timing,in_distribution_002__empirical_timing,synthetic_in_distribution::in_distribution_002__empirical_timing,native_imm,prior,constant_turn,292,62.1904127435543,1.52254887246445,132.087371574459,11.4408115739272,2.01250808213566,27.8295376336139
synthetic_in_distribution,empirical_timing,in_distribution_002__empirical_timing,synthetic_in_distribution::in_distribution_002__empirical_timing,native_imm,prior,vertical_acceleration,82,0.591043818423419,0.370997302838211,1.27127849052884,0.544384071175043,0.397867910459344,0.892713747511541
synthetic_in_distribution,empirical_timing,in_distribution_002__empirical_timing,synthetic_in_distribution::in_distribution_002__empirical_timing,native_imm,posterior,combined_maneuver,235,23.9036141107877,1.04069700326631,60.7085874740761,6.53974012812957,1.8025799220914,17.6711512085753
synthetic_in_distribution,empirical_timing,in_distribution_002__empirical_timing,synthetic_in_distribution::in_distribution_002__empirical_timing,native_imm,posterior,forward_acceleration,271,15.2519697602251,0.475638237101113,41.8899669581139,3.18090704504744,0.96996779999938,7.89091806721321
synthetic_in_distribution,empirical_timing,in_distribution_002__empirical_timing,synthetic_in_distribution::in_distribution_002__empirical_timing,native_imm,posterior,constant_velocity,320,0.821495109773502,0.0101058603051249,2.20801969549511,0.478555090483521,0.000525386215162668,0.41582084783619
synthetic_in_distribution,empirical_timing,in_distribution_002__empirical_timing,synthetic_in_distribution::in_distribution_002__empirical_timing,native_imm,posterior,constant_turn,292,56.7878262596617,0.650826757433105,117.163028218865,10.7461049669233,1.32358323530033,25.806222564236
synthetic_in_distribution,empirical_timing,in_distribution_002__empirical_timing,synthetic_in_distribution::in_distribution_002__empirical_timing,native_imm,posterior,vertical_acceleration,82,0.398234227031321,0.19016700081206,0.969926411442821,0.387333387233194,0.29570937233561,0.650665685860027
synthetic_in_distribution,empirical_timing,in_distribution_002__empirical_timing,synthetic_in_distribution::in_distribution_002__empirical_timing,warm_ukf,prior,combined_maneuver,235,193.388639356033,35.5080989810258,468.947723219284,85.6973262771085,74.6745801364636,134.117925497947
synthetic_in_distribution,empirical_timing,in_distribution_002__empirical_timing,synthetic_in_distribution::in_distribution_002__empirical_timing,warm_ukf,prior,forward_acceleration,271,443.360436619805,28.1583309714719,353.8778356369,67.055749487423,69.2257573365981,84.3831823178582
synthetic_in_distribution,empirical_timing,in_distribution_002__empirical_timing,synthetic_in_distribution::in_distribution_002__empirical_timing,warm_ukf,prior,constant_velocity,320,216.254689991353,35.3423435895955,390.246108759711,75.0170004711612,72.2676058800209,98.9416375790129
synthetic_in_distribution,empirical_timing,in_distribution_002__empirical_timing,synthetic_in_distribution::in_distribution_002__empirical_timing,warm_ukf,prior,constant_turn,292,395.892958980279,41.4919322766901,360.961006650055,101.498877578023,99.888536469621,132.422384013163
synthetic_in_distribution,empirical_timing,in_distribution_002__empirical_timing,synthetic_in_distribution::in_distribution_002__empirical_timing,warm_ukf,prior,vertical_acceleration,82,295.82812236189,22.8810003186484,67.3600483379107,102.534256385461,81.9718835646902,137.159524025049
synthetic_in_distribution,empirical_timing,in_distribution_002__empirical_timing,synthetic_in_distribution::in_distribution_002__empirical_timing,warm_ukf,posterior,combined_maneuver,235,164.911893125364,17.1777638773171,374.876956922815,83.969637476987,74.0665594192501,131.569777165876
synthetic_in_distribution,empirical_timing,in_distribution_002__empirical_timing,synthetic_in_distribution::in_distribution_002__empirical_timing,warm_ukf,posterior,forward_acceleration,271,381.861483036118,12.6128629082312,306.771528523735,67.2366420919003,69.2910613142189,84.2196088460612
synthetic_in_distribution,empirical_timing,in_distribution_002__empirical_timing,synthetic_in_distribution::in_distribution_002__empirical_timing,warm_ukf,posterior,constant_velocity,320,177.02432512023,15.9530399036785,311.327975225436,74.7013607314525,72.1548808022529,98.8337989934283
synthetic_in_distribution,empirical_timing,in_distribution_002__empirical_timing,synthetic_in_distribution::in_distribution_002__empirical_timing,warm_ukf,posterior,constant_turn,292,355.016930765106,26.2932457049494,306.015480403687,101.621668564283,100.167668669814,133.096018168074
synthetic_in_distribution,empirical_timing,in_distribution_002__empirical_timing,synthetic_in_distribution::in_distribution_002__empirical_timing,warm_ukf,posterior,vertical_acceleration,82,209.365972452698,0.102532063964994,47.3550054440705,102.10438979509,82.0269158129284,135.340237673018
synthetic_in_distribution,degraded,in_distribution_002__degraded,synthetic_in_distribution::in_distribution_002__degraded,cv_ekf,prior,combined_maneuver,235,240.763106264502,99.7055207575952,581.900142550125,41.7572255786767,32.1121802986272,82.6432921977951
synthetic_in_distribution,degraded,in_distribution_002__degraded,synthetic_in_distribution::in_distribution_002__degraded,cv_ekf,prior,forward_acceleration,271,76.5307431809916,48.1170684604841,131.713673661775,11.7271927122294,7.57783332775188,20.2237321283222
synthetic_in_distribution,degraded,in_distribution_002__degraded,synthetic_in_distribution::in_distribution_002__degraded,cv_ekf,prior,constant_velocity,320,64.028203744859,34.0971819122548,133.912418308648,10.2259734820973,3.37510814879167,27.408779252521
synthetic_in_distribution,degraded,in_distribution_002__degraded,synthetic_in_distribution::in_distribution_002__degraded,cv_ekf,prior,constant_turn,292,201.763712045632,115.084829109118,447.03643675382,36.3560613394173,32.1331464393724,63.4347276138502
synthetic_in_distribution,degraded,in_distribution_002__degraded,synthetic_in_distribution::in_distribution_002__degraded,cv_ekf,prior,vertical_acceleration,82,68.3076251679251,37.191751246227,154.567638843063,9.82016328360042,4.82831033398552,25.6863811136624
synthetic_in_distribution,degraded,in_distribution_002__degraded,synthetic_in_distribution::in_distribution_002__degraded,cv_ekf,posterior,combined_maneuver,235,223.397090132926,87.3166754456379,541.390945502367,39.8574012276395,30.2251032817997,79.8844944308763
synthetic_in_distribution,degraded,in_distribution_002__degraded,synthetic_in_distribution::in_distribution_002__degraded,cv_ekf,posterior,forward_acceleration,271,68.4256269776933,44.974290619153,115.983292300608,10.7601042304344,7.0856267825285,18.7708718409
synthetic_in_distribution,degraded,in_distribution_002__degraded,synthetic_in_distribution::in_distribution_002__degraded,cv_ekf,posterior,constant_velocity,320,58.6348175459222,32.2416612820063,120.889330868295,9.48198658879823,3.34819608533112,26.4270721019907
synthetic_in_distribution,degraded,in_distribution_002__degraded,synthetic_in_distribution::in_distribution_002__degraded,cv_ekf,posterior,constant_turn,292,186.735992329735,100.861658782201,417.115620973051,34.7432660131549,30.1396536669515,61.2842451948828
synthetic_in_distribution,degraded,in_distribution_002__degraded,synthetic_in_distribution::in_distribution_002__degraded,cv_ekf,posterior,vertical_acceleration,82,60.3258448929208,35.5921933057946,94.8783401760702,8.95675912150037,4.70929872889832,15.6373022521665
synthetic_in_distribution,degraded,in_distribution_002__degraded,synthetic_in_distribution::in_distribution_002__degraded,ca_ekf,prior,combined_maneuver,235,97.6962459669124,45.072410624754,228.67216482631,18.9128410059718,10.4871277725164,37.8639467518837
synthetic_in_distribution,degraded,in_distribution_002__degraded,synthetic_in_distribution::in_distribution_002__degraded,ca_ekf,prior,forward_acceleration,271,63.3863931955072,46.5373985243103,118.965909547223,13.095042039375,10.7900896008249,21.4069104587102
synthetic_in_distribution,degraded,in_distribution_002__degraded,synthetic_in_distribution::in_distribution_002__degraded,ca_ekf,prior,constant_velocity,320,153.04174087909,43.8517909676929,339.14901993261,20.4187578878405,11.2354727133257,49.79436737177
synthetic_in_distribution,degraded,in_distribution_002__degraded,synthetic_in_distribution::in_distribution_002__degraded,ca_ekf,prior,constant_turn,292,106.522234888284,57.086457495013,258.936762463872,16.7131466063283,12.1787800048671,33.6123408652566
synthetic_in_distribution,degraded,in_distribution_002__degraded,synthetic_in_distribution::in_distribution_002__degraded,ca_ekf,prior,vertical_acceleration,82,53.4652240182258,43.7206400537206,91.6315928569135,13.2181243874017,12.3144740499706,19.9848565342835
synthetic_in_distribution,degraded,in_distribution_002__degraded,synthetic_in_distribution::in_distribution_002__degraded,ca_ekf,posterior,combined_maneuver,235,89.4756375455606,40.7599669662055,212.1540774763,17.6176397328928,9.8026965268748,35.7652967864429
synthetic_in_distribution,degraded,in_distribution_002__degraded,synthetic_in_distribution::in_distribution_002__degraded,ca_ekf,posterior,forward_acceleration,271,58.6418432867393,42.2948913292852,109.51219630553,12.366116218485,9.91749844417266,20.9835480727564
synthetic_in_distribution,degraded,in_distribution_002__degraded,synthetic_in_distribution::in_distribution_002__degraded,ca_ekf,posterior,constant_velocity,320,143.98554503418,40.321513555678,314.828032111853,19.5724530305956,10.5922357274027,48.0248565423397
synthetic_in_distribution,degraded,in_distribution_002__degraded,synthetic_in_distribution::in_distribution_002__degraded,ca_ekf,posterior,constant_turn,292,99.8032273336434,53.4824569048355,244.113080944619,15.8777771054621,11.3590487066214,31.9585624474885
synthetic_in_distribution,degraded,in_distribution_002__degraded,synthetic_in_distribution::in_distribution_002__degraded,ca_ekf,posterior,vertical_acceleration,82,47.9947661275272,37.977691865827,83.2007406410636,12.3106909079196,11.2345566180066,18.6323377312585
synthetic_in_distribution,degraded,in_distribution_002__degraded,synthetic_in_distribution::in_distribution_002__degraded,ct_ekf,prior,combined_maneuver,235,199.392138987437,89.0798294189888,476.414625460967,35.6057315635056,29.5976067866793,66.9651380759297
synthetic_in_distribution,degraded,in_distribution_002__degraded,synthetic_in_distribution::in_distribution_002__degraded,ct_ekf,prior,forward_acceleration,271,85.0745701008303,53.6615982805737,174.572037049716,12.7771593128374,9.11433464941897,21.0915490236496
synthetic_in_distribution,degraded,in_distribution_002__degraded,synthetic_in_distribution::in_distribution_002__degraded,ct_ekf,prior,constant_velocity,320,65.4115031285249,43.9120221174685,134.05343328339,11.7286021133761,8.21126057833233,23.2274829340081
synthetic_in_distribution,degraded,in_distribution_002__degraded,synthetic_in_distribution::in_distribution_002__degraded,ct_ekf,prior,constant_turn,292,238.475018845348,127.629546852954,507.336233103627,41.5163743217424,33.6232675111235,74.8004715370214
synthetic_in_distribution,degraded,in_distribution_002__degraded,synthetic_in_distribution::in_distribution_002__degraded,ct_ekf,prior,vertical_acceleration,82,68.2672262157007,36.4972655644505,156.451167274962,9.9688334955005,4.66112116983323,26.0359837100408
synthetic_in_distribution,degraded,in_distribution_002__degraded,synthetic_in_distribution::in_distribution_002__degraded,ct_ekf,posterior,combined_maneuver,235,184.882919631333,77.3283520656671,443.607495069339,33.9378240639291,27.8716400648177,64.7784256690473
synthetic_in_distribution,degraded,in_distribution_002__degraded,synthetic_in_distribution::in_distribution_002__degraded,ct_ekf,posterior,forward_acceleration,271,77.0530969365303,49.6898121442661,157.118233323638,11.8420426118759,8.54532634151789,20.4588453301921
synthetic_in_distribution,degraded,in_distribution_002__degraded,synthetic_in_distribution::in_distribution_002__degraded,ct_ekf,posterior,constant_velocity,320,59.5969975309348,40.4434806770809,119.087562943717,10.9914678103968,7.67558859870882,20.6495040554118
synthetic_in_distribution,degraded,in_distribution_002__degraded,synthetic_in_distribution::in_distribution_002__degraded,ct_ekf,posterior,constant_turn,292,220.852667062716,112.745050067613,468.47861842148,39.6541896445475,31.7722108806311,71.6169134492639
synthetic_in_distribution,degraded,in_distribution_002__degraded,synthetic_in_distribution::in_distribution_002__degraded,ct_ekf,posterior,vertical_acceleration,82,60.1755507801645,34.9174710383423,95.7728159673154,9.0898209944015,4.53301582817727,15.8211226220539
synthetic_in_distribution,degraded,in_distribution_002__degraded,synthetic_in_distribution::in_distribution_002__degraded,native_imm,prior,combined_maneuver,235,70.8495686021163,48.0683273214053,140.312307964415,18.8613378874176,14.0579129378698,33.3539657602207
synthetic_in_distribution,degraded,in_distribution_002__degraded,synthetic_in_distribution::in_distribution_002__degraded,native_imm,prior,forward_acceleration,271,64.8708724257945,48.4038627637671,124.785883384479,16.8354086639054,11.8925194558509,32.2061883476815
synthetic_in_distribution,degraded,in_distribution_002__degraded,synthetic_in_distribution::in_distribution_002__degraded,native_imm,prior,constant_velocity,320,150.925052950069,51.8614070807376,328.533218964145,23.8417430667289,14.0116020481155,54.4710546451484
synthetic_in_distribution,degraded,in_distribution_002__degraded,synthetic_in_distribution::in_distribution_002__degraded,native_imm,prior,constant_turn,292,130.19926140905,61.0242171685052,291.699146019171,25.3997407147374,13.3964034298182,52.2849104802266
synthetic_in_distribution,degraded,in_distribution_002__degraded,synthetic_in_distribution::in_distribution_002__degraded,native_imm,prior,vertical_acceleration,82,64.9253415426735,43.7776060051164,125.786247495988,18.0166913376578,10.9888090218924,38.5870676508925
synthetic_in_distribution,degraded,in_distribution_002__degraded,synthetic_in_distribution::in_distribution_002__degraded,native_imm,posterior,combined_maneuver,235,63.8990317563853,42.5033371899966,132.821111825385,17.4216025048984,12.9039419277989,29.7679103267697
synthetic_in_distribution,degraded,in_distribution_002__degraded,synthetic_in_distribution::in_distribution_002__degraded,native_imm,posterior,forward_acceleration,271,59.2866590905262,43.3220859996563,113.807047765996,15.4204529580188,11.5224629244518,28.3281619145201
synthetic_in_distribution,degraded,in_distribution_002__degraded,synthetic_in_distribution::in_distribution_002__degraded,native_imm,posterior,constant_velocity,320,141.438044020601,44.8694217224574,305.53910654063,22.6799364038753,13.1928816475903,52.7541157143117
synthetic_in_distribution,degraded,in_distribution_002__degraded,synthetic_in_distribution::in_distribution_002__degraded,native_imm,posterior,constant_turn,292,119.73864795536,55.3135414045244,265.01328448951,23.8998641182925,12.6567782230194,48.8305166197941
synthetic_in_distribution,degraded,in_distribution_002__degraded,synthetic_in_distribution::in_distribution_002__degraded,native_imm,posterior,vertical_acceleration,82,57.2819846838537,39.0899264924342,110.049821533579,16.6771378157737,10.1838369075491,35.5832925926855
synthetic_in_distribution,degraded,in_distribution_002__degraded,synthetic_in_distribution::in_distribution_002__degraded,warm_ukf,prior,combined_maneuver,235,767.574677683398,75.4832109420474,2372.63181096219,105.758208040652,112.713039058492,150.156618199999
synthetic_in_distribution,degraded,in_distribution_002__degraded,synthetic_in_distribution::in_distribution_002__degraded,warm_ukf,prior,forward_acceleration,271,501.253967653348,76.5550355341387,536.511056969317,74.1344598729703,67.0756929157881,99.3833861370671
synthetic_in_distribution,degraded,in_distribution_002__degraded,synthetic_in_distribution::in_distribution_002__degraded,warm_ukf,prior,constant_velocity,320,532.068362497522,97.3000563800905,1202.3942362152,86.5769088980419,84.8379931399638,106.458815679861
synthetic_in_distribution,degraded,in_distribution_002__degraded,synthetic_in_distribution::in_distribution_002__degraded,warm_ukf,prior,constant_turn,292,455.702519496737,103.696083479095,1419.66905440816,110.228780158442,107.264759193705,155.72118002576
synthetic_in_distribution,degraded,in_distribution_002__degraded,synthetic_in_distribution::in_distribution_002__degraded,warm_ukf,prior,vertical_acceleration,82,103.273629691039,63.190737164393,224.869918533221,104.820911533169,87.0531241602019,143.864687371523
synthetic_in_distribution,degraded,in_distribution_002__degraded,synthetic_in_distribution::in_distribution_002__degraded,warm_ukf,posterior,combined_maneuver,235,714.77839538538,58.3422721305221,2246.9673617376,104.230654438158,110.407559534916,146.612745977199
synthetic_in_distribution,degraded,in_distribution_002__degraded,synthetic_in_distribution::in_distribution_002__degraded,warm_ukf,posterior,forward_acceleration,271,395.099214513342,63.2103232722402,476.086219387786,74.3165148067227,67.6767301510276,98.9849053539314
synthetic_in_distribution,degraded,in_distribution_002__degraded,synthetic_in_distribution::in_distribution_002__degraded,warm_ukf,posterior,constant_velocity,320,498.777275156407,77.2787681219084,1187.42294218587,86.1125828809246,84.8925128495675,106.200194680694
synthetic_in_distribution,degraded,in_distribution_002__degraded,synthetic_in_distribution::in_distribution_002__degraded,warm_ukf,posterior,constant_turn,292,406.829400967673,87.3961947426631,956.788262206584,110.003458062985,107.680514532622,153.824938065926
synthetic_in_distribution,degraded,in_distribution_002__degraded,synthetic_in_distribution::in_distribution_002__degraded,warm_ukf,posterior,vertical_acceleration,82,88.0361494930433,56.8492945355566,145.01681039199,104.71613163492,87.014644924422,143.73863015244
synthetic_in_distribution,ideal,in_distribution_003__ideal,synthetic_in_distribution::in_distribution_003__ideal,cv_ekf,prior,constant_turn,334,4.2592725269121,4.85860280168962,5.09623671248854,6.75173773336454,7.65846788448632,8.03155581240803
synthetic_in_distribution,ideal,in_distribution_003__ideal,synthetic_in_distribution::in_distribution_003__ideal,cv_ekf,prior,combined_maneuver,370,4.25702249791626,4.52559900087764,5.42650468183475,6.74624186514531,7.13372256042171,8.54924006603911
synthetic_in_distribution,ideal,in_distribution_003__ideal,synthetic_in_distribution::in_distribution_003__ideal,cv_ekf,prior,forward_acceleration,122,1.17208860106368,1.15661200577367,1.20872569791038,1.76487683682131,1.82246372583052,1.90018249234452
synthetic_in_distribution,ideal,in_distribution_003__ideal,synthetic_in_distribution::in_distribution_003__ideal,cv_ekf,prior,vertical_acceleration,196,0.550819493796952,0.173330911895998,0.32423869399681,0.715413310728842,0.204715126117384,0.384078956763594
synthetic_in_distribution,ideal,in_distribution_003__ideal,synthetic_in_distribution::in_distribution_003__ideal,cv_ekf,prior,constant_velocity,178,0.937078855982259,7.57429606343246e-06,1.96037244609831,1.2407972660231,4.04738842963528e-06,1.39733508653649
synthetic_in_distribution,ideal,in_distribution_003__ideal,synthetic_in_distribution::in_distribution_003__ideal,cv_ekf,posterior,constant_turn,334,1.56324459149495,1.7841459930292,1.87196712240793,4.10930841142021,4.64190499475717,4.86911660101905
synthetic_in_distribution,ideal,in_distribution_003__ideal,synthetic_in_distribution::in_distribution_003__ideal,cv_ekf,posterior,combined_maneuver,370,1.56473225908122,1.66211687484496,1.99472433256136,4.10999126391221,4.32365909352982,5.183523905294
synthetic_in_distribution,ideal,in_distribution_003__ideal,synthetic_in_distribution::in_distribution_003__ideal,cv_ekf,posterior,forward_acceleration,122,0.431065623481362,0.424857684594843,0.444013583453811,1.05527383609657,1.10455356535794,1.15797198963389
synthetic_in_distribution,ideal,in_distribution_003__ideal,synthetic_in_distribution::in_distribution_003__ideal,cv_ekf,posterior,vertical_acceleration,196,0.21732008168547,0.0873101563250022,0.15525503571482,0.417194823721916,0.148715158641046,0.25688556058476
synthetic_in_distribution,ideal,in_distribution_003__ideal,synthetic_in_distribution::in_distribution_003__ideal,cv_ekf,posterior,constant_velocity,178,0.344299008465844,3.50389974004029e-06,0.720771834754517,0.693478368915681,2.13226571905974e-06,0.478355397446054
synthetic_in_distribution,ideal,in_distribution_003__ideal,synthetic_in_distribution::in_distribution_003__ideal,ca_ekf,prior,constant_turn,334,0.889421447228444,0.395406693559848,1.56836849620731,1.4691411153923,0.622389851000016,3.01002265877881
synthetic_in_distribution,ideal,in_distribution_003__ideal,synthetic_in_distribution::in_distribution_003__ideal,ca_ekf,prior,combined_maneuver,370,0.93892096283502,0.458138390159234,2.5137276592188,1.52950827843119,0.710805324431919,3.77281533835796
synthetic_in_distribution,ideal,in_distribution_003__ideal,synthetic_in_distribution::in_distribution_003__ideal,ca_ekf,prior,forward_acceleration,122,0.815860302085335,0.00772490060481979,1.76341553108296,1.33297963020641,0.00757964211759446,2.68658199850631
synthetic_in_distribution,ideal,in_distribution_003__ideal,synthetic_in_distribution::in_distribution_003__ideal,ca_ekf,prior,vertical_acceleration,196,0.582525300185063,0.000475275315775579,0.484193869506075,0.951538113042577,0.000467665197447332,0.723600015907
synthetic_in_distribution,ideal,in_distribution_003__ideal,synthetic_in_distribution::in_distribution_003__ideal,ca_ekf,prior,constant_velocity,178,1.0858764936865,0.00662806127188269,3.35724499569826,1.77929744205176,0.00691785548882167,5.66732187365853
synthetic_in_distribution,ideal,in_distribution_003__ideal,synthetic_in_distribution::in_distribution_003__ideal,ca_ekf,posterior,constant_turn,334,0.323349335895557,0.145418123041872,0.571591333913312,0.929384898808379,0.377570828474337,1.62320349144126
synthetic_in_distribution,ideal,in_distribution_003__ideal,synthetic_in_distribution::in_distribution_003__ideal,ca_ekf,posterior,combined_maneuver,370,0.346195577105675,0.168800995490394,0.924717569994253,0.977148540000439,0.4274539883077,2.69413212346091
synthetic_in_distribution,ideal,in_distribution_003__ideal,synthetic_in_distribution::in_distribution_003__ideal,ca_ekf,posterior,forward_acceleration,122,0.30233729822194,0.00428872795854832,0.655318572160249,0.857619902379589,0.00578551282646215,1.73750777902585
synthetic_in_distribution,ideal,in_distribution_003__ideal,synthetic_in_distribution::in_distribution_003__ideal,ca_ekf,posterior,vertical_acceleration,196,0.215599752289269,0.000271294941500441,0.198930070521384,0.612268969149922,0.000315001843220427,0.460250737498162
synthetic_in_distribution,ideal,in_distribution_003__ideal,synthetic_in_distribution::in_distribution_003__ideal,ca_ekf,posterior,constant_velocity,178,0.398643824010994,0.00309278763297834,1.23290147433956,1.14375350213461,0.00560676475893683,3.55104927642038
synthetic_in_distribution,ideal,in_distribution_003__ideal,synthetic_in_distribution::in_distribution_003__ideal,ct_ekf,prior,constant_turn,334,4.35521929361668,4.3786810251106,5.74387947958053,6.88153979870239,6.89432993083439,9.03674724445571
synthetic_in_distribution,ideal,in_distribution_003__ideal,synthetic_in_distribution::in_distribution_003__ideal,ct_ekf,prior,combined_maneuver,370,4.13746203496154,4.44180019265659,5.05765294223944,6.53893348575782,6.9887454238113,7.96992152134266
synthetic_in_distribution,ideal,in_distribution_003__ideal,synthetic_in_distribution::in_distribution_003__ideal,ct_ekf,prior,forward_acceleration,122,1.16983607197599,1.16513880387195,1.20114916963409,1.76328871069316,1.83042652571635,1.89964679843346
synthetic_in_distribution,ideal,in_distribution_003__ideal,synthetic_in_distribution::in_distribution_003__ideal,ct_ekf,prior,vertical_acceleration,196,0.677946685395645,0.284016117781963,0.755025440181017,0.973872723790482,0.402691483554049,1.13206684754939
synthetic_in_distribution,ideal,in_distribution_003__ideal,synthetic_in_distribution::in_distribution_003__ideal,ct_ekf,prior,constant_velocity,178,1.18899585603053,0.375436026963937,1.61106942997886,1.72358254434036,0.500524531552844,2.33609819266708
synthetic_in_distribution,ideal,in_distribution_003__ideal,synthetic_in_distribution::in_distribution_003__ideal,ct_ekf,posterior,constant_turn,334,1.60354796399115,1.61248957688864,2.11490262278269,4.1927157480211,4.19607376010169,5.48693937936629
synthetic_in_distribution,ideal,in_distribution_003__ideal,synthetic_in_distribution::in_distribution_003__ideal,ct_ekf,posterior,combined_maneuver,370,1.52583121768708,1.63684520274188,1.86435922182822,3.98943156685436,4.24461387148822,4.85287639504941
synthetic_in_distribution,ideal,in_distribution_003__ideal,synthetic_in_distribution::in_distribution_003__ideal,ct_ekf,posterior,forward_acceleration,122,0.43191071456209,0.429658642656413,0.443314374075839,1.05965794693289,1.11155763515199,1.16369225087549
synthetic_in_distribution,ideal,in_distribution_003__ideal,synthetic_in_distribution::in_distribution_003__ideal,ct_ekf,posterior,vertical_acceleration,196,0.264148905805824,0.123105696477975,0.300007621773124,0.592985639439785,0.258107222155775,0.699967604128574
synthetic_in_distribution,ideal,in_distribution_003__ideal,synthetic_in_distribution::in_distribution_003__ideal,ct_ekf,posterior,constant_velocity,178,0.438133360583699,0.138152614737502,0.595869749266785,1.01920353992572,0.350156357396333,1.40525516588972
synthetic_in_distribution,ideal,in_distribution_003__ideal,synthetic_in_distribution::in_distribution_003__ideal,native_imm,prior,constant_turn,334,0.557420321122386,0.145359951694941,1.24072112449441,1.10941846201087,0.301310141251287,2.66111204240208
synthetic_in_distribution,ideal,in_distribution_003__ideal,synthetic_in_distribution::in_distribution_003__ideal,native_imm,prior,combined_maneuver,370,0.845055763614778,0.697601668681557,1.1666768430197,1.46156910613751,1.08354489520263,2.811986591136
synthetic_in_distribution,ideal,in_distribution_003__ideal,synthetic_in_distribution::in_distribution_003__ideal,native_imm,prior,forward_acceleration,122,1.04527594881666,1.15268998009643,1.20658505470539,1.73148410236297,1.80230977766825,1.91736709708611
synthetic_in_distribution,ideal,in_distribution_003__ideal,synthetic_in_distribution::in_distribution_003__ideal,native_imm,prior,vertical_acceleration,196,0.386970229288379,0.19482888170777,0.344809235710297,0.670697011135226,0.213595365966375,0.374739594316591
synthetic_in_distribution,ideal,in_distribution_003__ideal,synthetic_in_distribution::in_distribution_003__ideal,native_imm,prior,constant_velocity,178,0.529121317013871,0.00720418842567229,1.51978427663712,1.12926753030827,3.31641666794035e-05,3.21411203436928
synthetic_in_distribution,ideal,in_distribution_003__ideal,synthetic_in_distribution::in_distribution_003__ideal,native_imm,posterior,constant_turn,334,0.149903911979039,0.0355425827097091,0.274944608807762,0.592997243914674,0.137783342398615,1.28296425927571
synthetic_in_distribution,ideal,in_distribution_003__ideal,synthetic_in_distribution::in_distribution_003__ideal,native_imm,posterior,combined_maneuver,370,0.296754781853521,0.265208455141314,0.346027819078229,0.841692141087004,0.653796251586223,1.09968655899709
synthetic_in_distribution,ideal,in_distribution_003__ideal,synthetic_in_distribution::in_distribution_003__ideal,native_imm,posterior,forward_acceleration,122,0.374861191795517,0.431245884436078,0.445768635226898,1.03287403347501,1.09973446219715,1.19970676953656
synthetic_in_distribution,ideal,in_distribution_003__ideal,synthetic_in_distribution::in_distribution_003__ideal,native_imm,posterior,vertical_acceleration,196,0.153745078168374,0.103538791782756,0.179314064752561,0.381347534460753,0.157967497930304,0.274011775680739
synthetic_in_distribution,ideal,in_distribution_003__ideal,synthetic_in_distribution::in_distribution_003__ideal,native_imm,posterior,constant_velocity,178,0.121855093307525,5.39959161466003e-06,0.337066572232557,0.590532521894373,3.60759961539797e-06,1.65349490617735
synthetic_in_distribution,ideal,in_distribution_003__ideal,synthetic_in_distribution::in_distribution_003__ideal,warm_ukf,prior,constant_turn,334,110.582539976759,23.7386228802309,53.1457688119499,42.0908054906382,41.097717823997,68.3606454041991
synthetic_in_distribution,ideal,in_distribution_003__ideal,synthetic_in_distribution::in_distribution_003__ideal,warm_ukf,prior,combined_maneuver,370,107.822558327567,21.9405442436445,52.8726268693494,70.9314968634461,47.8911989512209,133.688424138182
synthetic_in_distribution,ideal,in_distribution_003__ideal,synthetic_in_distribution::in_distribution_003__ideal,warm_ukf,prior,forward_acceleration,122,75.8621045549008,14.2919328586051,43.1313215731885,55.6478070640928,58.9768625682537,76.6464031098841
synthetic_in_distribution,ideal,in_distribution_003__ideal,synthetic_in_distribution::in_distribution_003__ideal,warm_ukf,prior,vertical_acceleration,196,191.172426089592,18.2332261325991,47.3087323920535,31.1495256476733,28.8578916897168,41.6826155356855
synthetic_in_distribution,ideal,in_distribution_003__ideal,synthetic_in_distribution::in_distribution_003__ideal,warm_ukf,prior,constant_velocity,178,34.2568105227187,21.7544962198474,48.211499452462,77.6765068812022,51.443568300226,125.125001431933
synthetic_in_distribution,ideal,in_distribution_003__ideal,synthetic_in_distribution::in_distribution_003__ideal,warm_ukf,posterior,constant_turn,334,0.0972567760404792,0.074502057782452,0.169421534859855,41.2874433790229,40.3482798098145,67.9404427508712
synthetic_in_distribution,ideal,in_distribution_003__ideal,synthetic_in_distribution::in_distribution_003__ideal,warm_ukf,posterior,combined_maneuver,370,0.0994174922831077,0.0829219805309224,0.175282717043106,70.1127955507565,47.4625477637087,132.761950804523
synthetic_in_distribution,ideal,in_distribution_003__ideal,synthetic_in_distribution::in_distribution_003__ideal,warm_ukf,posterior,forward_acceleration,122,0.0531713567060395,0.0518377352543124,0.0773933044320649,55.405896918117,58.967350139714,76.8029928571647
synthetic_in_distribution,ideal,in_distribution_003__ideal,synthetic_in_distribution::in_distribution_003__ideal,warm_ukf,posterior,vertical_acceleration,196,0.0693657345526975,0.0579785893663582,0.119711921550589,31.1493398961549,28.8482120507221,41.7459205335213
synthetic_in_distribution,ideal,in_distribution_003__ideal,synthetic_in_distribution::in_distribution_003__ideal,warm_ukf,posterior,constant_velocity,178,0.0621623675739267,0.0504051063542976,0.110129828992302,77.323691931864,51.3923299457667,125.523995361258
synthetic_in_distribution,empirical_timing,in_distribution_003__empirical_timing,synthetic_in_distribution::in_distribution_003__empirical_timing,cv_ekf,prior,constant_turn,334,75.3116023855675,5.708952203781,181.596237142446,19.2908939352443,8.74132710051898,46.9376626406932
synthetic_in_distribution,empirical_timing,in_distribution_003__empirical_timing,synthetic_in_distribution::in_distribution_003__empirical_timing,cv_ekf,prior,combined_maneuver,370,123.211069562723,7.46296567298381,230.505599799841,23.859853944763,9.77140597474578,51.9405065937699
synthetic_in_distribution,empirical_timing,in_distribution_003__empirical_timing,synthetic_in_distribution::in_distribution_003__empirical_timing,cv_ekf,prior,forward_acceleration,122,39.9694275637724,1.95974234944892,112.998217585734,9.25132354976401,2.11481642342515,36.463819915123
synthetic_in_distribution,empirical_timing,in_distribution_003__empirical_timing,synthetic_in_distribution::in_distribution_003__empirical_timing,cv_ekf,prior,vertical_acceleration,196,44.3128205957704,0.335498142637475,9.38472175064862,7.36537799681878,0.369436438531804,2.1063804105367
synthetic_in_distribution,empirical_timing,in_distribution_003__empirical_timing,synthetic_in_distribution::in_distribution_003__empirical_timing,cv_ekf,prior,constant_velocity,178,106.621173735627,0.00198160963401521,39.2048024737529,14.3616841909408,0.00279879148758093,8.88215622264487
synthetic_in_distribution,empirical_timing,in_distribution_003__empirical_timing,synthetic_in_distribution::in_distribution_003__empirical_timing,cv_ekf,posterior,constant_turn,334,74.3336023375672,2.65166362424861,181.596237142446,18.1822830194481,5.89551354888646,46.9376626406932
synthetic_in_distribution,empirical_timing,in_distribution_003__empirical_timing,synthetic_in_distribution::in_distribution_003__empirical_timing,cv_ekf,posterior,combined_maneuver,370,112.958617512582,3.87534148789462,203.614830396507,22.0925630243269,7.0996647978904,48.8878588857347
synthetic_in_distribution,empirical_timing,in_distribution_003__empirical_timing,synthetic_in_distribution::in_distribution_003__empirical_timing,cv_ekf,posterior,forward_acceleration,122,34.8170446987321,1.12906920064021,62.2607751452559,8.52531435686911,1.49548132388124,20.455029006738
synthetic_in_distribution,empirical_timing,in_distribution_003__empirical_timing,synthetic_in_distribution::in_distribution_003__empirical_timing,cv_ekf,posterior,vertical_acceleration,196,30.0830369309551,0.182817973892732,7.32692845748549,5.35098910764851,0.286901406595128,2.08335118178849
synthetic_in_distribution,empirical_timing,in_distribution_003__empirical_timing,synthetic_in_distribution::in_distribution_003__empirical_timing,cv_ekf,posterior,constant_velocity,178,93.9357382472294,0.00111399869852143,34.351419908631,13.1073047982252,0.00230317598390525,7.27065110176164
synthetic_in_distribution,empirical_timing,in_distribution_003__empirical_timing,synthetic_in_distribution::in_distribution_003__empirical_timing,ca_ekf,prior,constant_turn,334,16.2176662153407,0.826523351192811,38.3247767851671,5.16863367760766,1.14884183772017,12.8932945887319
synthetic_in_distribution,empirical_timing,in_distribution_003__empirical_timing,synthetic_in_distribution::in_distribution_003__empirical_timing,ca_ekf,prior,combined_maneuver,370,36.106903392771,1.01035998268604,78.4412154778316,8.71756383313965,1.2618040371565,22.9731108976907
synthetic_in_distribution,empirical_timing,in_distribution_003__empirical_timing,synthetic_in_distribution::in_distribution_003__empirical_timing,ca_ekf,prior,forward_acceleration,122,7.78382318008382,0.0459557946831165,18.3129201406575,3.61847175242676,0.0372865411613848,8.79394369211728
synthetic_in_distribution,empirical_timing,in_distribution_003__empirical_timing,synthetic_in_distribution::in_distribution_003__empirical_timing,ca_ekf,prior,vertical_acceleration,196,9.31808006144818,0.00367261905559803,4.37824953982252,2.46901516621305,0.0031893225598972,3.36110335489314
synthetic_in_distribution,empirical_timing,in_distribution_003__empirical_timing,synthetic_in_distribution::in_distribution_003__empirical_timing,ca_ekf,prior,constant_velocity,178,38.7316077569618,0.0692520494552754,116.538272029541,8.98059128547665,0.077468936461276,26.6496652108853
synthetic_in_distribution,empirical_timing,in_distribution_003__empirical_timing,synthetic_in_distribution::in_distribution_003__empirical_timing,ca_ekf,posterior,constant_turn,334,15.7249459733541,0.401899622017453,36.1940914684399,4.83036591864181,0.771584359471021,12.4486158188342
synthetic_in_distribution,empirical_timing,in_distribution_003__empirical_timing,synthetic_in_distribution::in_distribution_003__empirical_timing,ca_ekf,posterior,combined_maneuver,370,32.1860356131454,0.466080673190731,68.9176490586012,7.96777009964825,0.855307823037619,20.8881082756848
synthetic_in_distribution,empirical_timing,in_distribution_003__empirical_timing,synthetic_in_distribution::in_distribution_003__empirical_timing,ca_ekf,posterior,forward_acceleration,122,6.37879689768566,0.0219688854320174,8.01330049546075,2.9753975132293,0.0295870081626203,7.70535115337319
synthetic_in_distribution,empirical_timing,in_distribution_003__empirical_timing,synthetic_in_distribution::in_distribution_003__empirical_timing,ca_ekf,posterior,vertical_acceleration,196,6.22778448871931,0.00210591140903617,1.97434028872458,1.74036794302401,0.00162700245003156,2.61270236321141
synthetic_in_distribution,empirical_timing,in_distribution_003__empirical_timing,synthetic_in_distribution::in_distribution_003__empirical_timing,ca_ekf,posterior,constant_velocity,178,33.7840849223988,0.0279530630380465,92.5540441471722,8.0747993283275,0.0452522364411396,24.2529279756596
synthetic_in_distribution,empirical_timing,in_distribution_003__empirical_timing,synthetic_in_distribution::in_distribution_003__empirical_timing,ct_ekf,prior,constant_turn,334,75.3209955445187,6.15028378349778,179.405874893597,19.3872893814471,9.3925067123533,46.03003173918
synthetic_in_distribution,empirical_timing,in_distribution_003__empirical_timing,synthetic_in_distribution::in_distribution_003__empirical_timing,ct_ekf,prior,combined_maneuver,370,117.297455457171,8.51086301964137,274.511365653847,23.3674813037643,9.76716996226773,54.7007416146755
synthetic_in_distribution,empirical_timing,in_distribution_003__empirical_timing,synthetic_in_distribution::in_distribution_003__empirical_timing,ct_ekf,prior,forward_acceleration,122,38.7713321862783,2.06400500286466,109.685325898523,8.95968532432414,2.15157378631723,34.9120494727877
synthetic_in_distribution,empirical_timing,in_distribution_003__empirical_timing,synthetic_in_distribution::in_distribution_003__empirical_timing,ct_ekf,prior,vertical_acceleration,196,39.1490986983407,0.784016929602253,11.0508340548316,6.60284423564034,1.13560181435814,3.36973156986165
synthetic_in_distribution,empirical_timing,in_distribution_003__empirical_timing,synthetic_in_distribution::in_distribution_003__empirical_timing,ct_ekf,prior,constant_velocity,178,115.172901727889,1.66896451566947,58.4950929492815,15.7919845075914,2.05526663504841,9.58924133742125
synthetic_in_distribution,empirical_timing,in_distribution_003__empirical_timing,synthetic_in_distribution::in_distribution_003__empirical_timing,ct_ekf,posterior,constant_turn,334,74.283619255139,2.87570025228621,179.405874893597,18.2193125136784,6.30021947319634,46.03003173918
synthetic_in_distribution,empirical_timing,in_distribution_003__empirical_timing,synthetic_in_distribution::in_distribution_003__empirical_timing,ct_ekf,posterior,combined_maneuver,370,107.175040075511,4.44078059771414,247.315750638934,21.6197356710259,7.13996340116396,51.9423379727339
synthetic_in_distribution,empirical_timing,in_distribution_003__empirical_timing,synthetic_in_distribution::in_distribution_003__empirical_timing,ct_ekf,posterior,forward_acceleration,122,33.7975347293643,1.1578637803327,61.092814769662,8.2632545203244,1.51727041907767,19.8710187035914
synthetic_in_distribution,empirical_timing,in_distribution_003__empirical_timing,synthetic_in_distribution::in_distribution_003__empirical_timing,ct_ekf,posterior,vertical_acceleration,196,26.6208826959513,0.314549246415394,8.32741411604277,4.83623509381937,0.753676129922022,3.02625639111983
synthetic_in_distribution,empirical_timing,in_distribution_003__empirical_timing,synthetic_in_distribution::in_distribution_003__empirical_timing,ct_ekf,posterior,constant_velocity,178,101.454218678145,0.707139348751546,49.9134889907387,14.3943330808698,1.35152866924795,8.77685195339871
synthetic_in_distribution,empirical_timing,in_distribution_003__empirical_timing,synthetic_in_distribution::in_distribution_003__empirical_timing,native_imm,prior,constant_turn,334,12.6223173440303,0.460511344910438,31.6433185368828,4.36332559393261,0.713657144204024,11.1110154897728
synthetic_in_distribution,empirical_timing,in_distribution_003__empirical_timing,synthetic_in_distribution::in_distribution_003__empirical_timing,native_imm,prior,combined_maneuver,370,33.8591271989626,1.52515196546799,72.4013302421125,8.29310166389367,1.72700833098397,20.4982017033715
synthetic_in_distribution,empirical_timing,in_distribution_003__empirical_timing,synthetic_in_distribution::in_distribution_003__empirical_timing,native_imm,prior,forward_acceleration,122,8.65784493966703,2.1572022735126,24.4077522558294,3.49849785680403,1.98808848351359,7.32478073001749
synthetic_in_distribution,empirical_timing,in_distribution_003__empirical_timing,synthetic_in_distribution::in_distribution_003__empirical_timing,native_imm,prior,vertical_acceleration,196,8.21153315309304,0.344459849916731,7.5688326224225,2.01251692835064,0.370257729080574,2.00548374437736
synthetic_in_distribution,empirical_timing,in_distribution_003__empirical_timing,synthetic_in_distribution::in_distribution_003__empirical_timing,native_imm,prior,constant_velocity,178,22.5852053889457,0.0632646030428767,59.2325195531019,4.70057162714596,0.0027926261622835,12.9392336764102
synthetic_in_distribution,empirical_timing,in_distribution_003__empirical_timing,synthetic_in_distribution::in_distribution_003__empirical_timing,native_imm,posterior,constant_turn,334,11.9969031730491,0.184054792799035,30.1509456255956,4.0030479261645,0.442135995161442,10.5760426762485
synthetic_in_distribution,empirical_timing,in_distribution_003__empirical_timing,synthetic_in_distribution::in_distribution_003__empirical_timing,native_imm,posterior,combined_maneuver,370,30.1006905515944,0.767604562495461,64.0765024055336,7.57156022170575,1.21909939596555,18.8041651414723
synthetic_in_distribution,empirical_timing,in_distribution_003__empirical_timing,synthetic_in_distribution::in_distribution_003__empirical_timing,native_imm,posterior,forward_acceleration,122,7.99878276635388,1.05719848607149,23.6784997760082,3.06041100668147,1.38185762914283,6.9872619343138
synthetic_in_distribution,empirical_timing,in_distribution_003__empirical_timing,synthetic_in_distribution::in_distribution_003__empirical_timing,native_imm,posterior,vertical_acceleration,196,5.68332531391944,0.193665384601962,5.71361893127841,1.49059839976924,0.28066482437322,1.9731405581391
synthetic_in_distribution,empirical_timing,in_distribution_003__empirical_timing,synthetic_in_distribution::in_distribution_003__empirical_timing,native_imm,posterior,constant_velocity,178,19.8506125934208,0.0157620244297617,46.2342554286926,4.26237272710856,0.00212914933300297,12.1975128017116
synthetic_in_distribution,empirical_timing,in_distribution_003__empirical_timing,synthetic_in_distribution::in_distribution_003__empirical_timing,warm_ukf,prior,constant_turn,334,284.526095391688,35.9273884854233,338.381239579118,51.7156568173864,44.70131919723,83.1467873513099
synthetic_in_distribution,empirical_timing,in_distribution_003__empirical_timing,synthetic_in_distribution::in_distribution_003__empirical_timing,warm_ukf,prior,combined_maneuver,370,1775.3735845376,42.0258682477747,1379.49510067024,75.9008484918973,53.6605345272894,147.474575808929
synthetic_in_distribution,empirical_timing,in_distribution_003__empirical_timing,synthetic_in_distribution::in_distribution_003__empirical_timing,warm_ukf,prior,forward_acceleration,122,81.1305326982462,26.3894696653789,251.583836020614,56.2405440516682,60.9125243912827,74.5930025417276
synthetic_in_distribution,empirical_timing,in_distribution_003__empirical_timing,synthetic_in_distribution::in_distribution_003__empirical_timing,warm_ukf,prior,vertical_acceleration,196,183.395342886971,28.44985018964,631.061371996541,31.5146571390612,30.3581775203292,41.4345846481443
synthetic_in_distribution,empirical_timing,in_distribution_003__empirical_timing,synthetic_in_distribution::in_distribution_003__empirical_timing,warm_ukf,prior,constant_velocity,178,185.410493075977,30.180053633013,427.264451543497,60.7168313640679,50.5145279539504,111.216689368422
synthetic_in_distribution,empirical_timing,in_distribution_003__empirical_timing,synthetic_in_distribution::in_distribution_003__empirical_timing,warm_ukf,posterior,constant_turn,334,152.797441567704,14.0031361808062,283.057914982312,51.1911913863234,44.2966927891688,82.8392446102352
synthetic_in_distribution,empirical_timing,in_distribution_003__empirical_timing,synthetic_in_distribution::in_distribution_003__empirical_timing,warm_ukf,posterior,combined_maneuver,370,1716.4716771661,20.3281717590023,1376.29723000276,74.7984601321032,52.8431449058191,146.643535761352
synthetic_in_distribution,empirical_timing,in_distribution_003__empirical_timing,synthetic_in_distribution::in_distribution_003__empirical_timing,warm_ukf,posterior,forward_acceleration,122,72.883528329846,14.6155290674117,197.680040747935,55.8804880120272,60.4893659626109,74.0417000405193
synthetic_in_distribution,empirical_timing,in_distribution_003__empirical_timing,synthetic_in_distribution::in_distribution_003__empirical_timing,warm_ukf,posterior,vertical_acceleration,196,165.063092538166,11.3294589150673,505.256082960342,30.9166902800605,30.1710052144058,41.0949593408266
synthetic_in_distribution,empirical_timing,in_distribution_003__empirical_timing,synthetic_in_distribution::in_distribution_003__empirical_timing,warm_ukf,posterior,constant_velocity,178,133.933949181788,15.0654696294852,385.092219921379,60.077958565162,50.626338510103,111.645606436677
synthetic_in_distribution,degraded,in_distribution_003__degraded,synthetic_in_distribution::in_distribution_003__degraded,cv_ekf,prior,constant_turn,334,221.349751447701,123.669648146165,510.652810194036,44.7492235530156,40.2297499294302,80.7089698345116
synthetic_in_distribution,degraded,in_distribution_003__degraded,synthetic_in_distribution::in_distribution_003__degraded,cv_ekf,prior,combined_maneuver,370,292.166246321021,118.976774458063,603.028005312668,49.0781170234353,40.8816244056787,88.5831829250697
synthetic_in_distribution,degraded,in_distribution_003__degraded,synthetic_in_distribution::in_distribution_003__degraded,cv_ekf,prior,forward_acceleration,122,132.458725612935,47.2162777412966,407.278306725957,19.7749958021537,9.72564954948504,70.4321128036535
synthetic_in_distribution,degraded,in_distribution_003__degraded,synthetic_in_distribution::in_distribution_003__degraded,cv_ekf,prior,vertical_acceleration,196,133.806799531413,31.8231035660805,126.902188784523,16.0555531023921,4.00197428575425,20.105013333121
synthetic_in_distribution,degraded,in_distribution_003__degraded,synthetic_in_distribution::in_distribution_003__degraded,cv_ekf,prior,constant_velocity,178,236.625496219738,46.7413272523523,455.407887960427,26.5354574371544,5.10028744301044,46.5242318124357
synthetic_in_distribution,degraded,in_distribution_003__degraded,synthetic_in_distribution::in_distribution_003__degraded,cv_ekf,posterior,constant_turn,334,210.208333777693,105.480112216035,498.886482571431,43.0486027715298,37.3778331656473,79.7665155267176
synthetic_in_distribution,degraded,in_distribution_003__degraded,synthetic_in_distribution::in_distribution_003__degraded,cv_ekf,posterior,combined_maneuver,370,271.664111523182,101.128371022857,558.877220743443,46.9877933781425,38.7570016107413,85.9204424311105
synthetic_in_distribution,degraded,in_distribution_003__degraded,synthetic_in_distribution::in_distribution_003__degraded,cv_ekf,posterior,forward_acceleration,122,118.954901775494,43.340768245346,278.152725561531,18.491088840348,9.13147876934608,46.4595572853491
synthetic_in_distribution,degraded,in_distribution_003__degraded,synthetic_in_distribution::in_distribution_003__degraded,cv_ekf,posterior,vertical_acceleration,196,114.47702787466,30.4960299504651,114.384191349069,14.438076177584,3.96699557193051,19.4213462529829
synthetic_in_distribution,degraded,in_distribution_003__degraded,synthetic_in_distribution::in_distribution_003__degraded,cv_ekf,posterior,constant_velocity,178,214.953100157991,42.9355011005399,421.906580915338,24.8513949877964,5.07926541492913,41.8972934770509
synthetic_in_distribution,degraded,in_distribution_003__degraded,synthetic_in_distribution::in_distribution_003__degraded,ca_ekf,prior,constant_turn,334,88.2690313185136,49.3212184882336,186.670263009726,20.0676210155059,12.6283355230383,40.4558452661298
synthetic_in_distribution,degraded,in_distribution_003__degraded,synthetic_in_distribution::in_distribution_003__degraded,ca_ekf,prior,combined_maneuver,370,114.317329179922,48.3514459150186,268.85752131106,22.8390411724709,14.5420183230042,49.0147431447727
synthetic_in_distribution,degraded,in_distribution_003__degraded,synthetic_in_distribution::in_distribution_003__degraded,ca_ekf,prior,forward_acceleration,122,71.1817021149099,52.691857486376,137.833320197209,16.8584363188355,12.4637873762551,30.7675626097696
synthetic_in_distribution,degraded,in_distribution_003__degraded,synthetic_in_distribution::in_distribution_003__degraded,ca_ekf,prior,vertical_acceleration,196,73.241935865534,43.800442417238,108.547963994219,13.3975766647075,10.3183666979413,19.1781192919932
synthetic_in_distribution,degraded,in_distribution_003__degraded,synthetic_in_distribution::in_distribution_003__degraded,ca_ekf,prior,constant_velocity,178,98.6051038264077,46.9920969257622,258.304951398868,22.8512355669871,14.5425976549312,48.2751274871779
synthetic_in_distribution,degraded,in_distribution_003__degraded,synthetic_in_distribution::in_distribution_003__degraded,ca_ekf,posterior,constant_turn,334,82.2126983742962,44.037853514665,183.864329355938,18.9345386007573,11.7884271646516,38.1337726335746
synthetic_in_distribution,degraded,in_distribution_003__degraded,synthetic_in_distribution::in_distribution_003__degraded,ca_ekf,posterior,combined_maneuver,370,104.401349332479,44.6188902126394,246.227373203011,21.3783072487107,13.4234625213302,46.3798237323609
synthetic_in_distribution,degraded,in_distribution_003__degraded,synthetic_in_distribution::in_distribution_003__degraded,ca_ekf,posterior,forward_acceleration,122,64.4636426997617,45.6741267023287,124.053566410967,15.7385725676409,11.6828799803887,28.7922374203193
synthetic_in_distribution,degraded,in_distribution_003__degraded,synthetic_in_distribution::in_distribution_003__degraded,ca_ekf,posterior,vertical_acceleration,196,64.5183853248571,38.8683414900305,98.758554633218,12.2765033451851,9.78895608797695,17.6531503266607
synthetic_in_distribution,degraded,in_distribution_003__degraded,synthetic_in_distribution::in_distribution_003__degraded,ca_ekf,posterior,constant_velocity,178,87.1001586656149,41.2274680811609,228.707081502128,21.1830045232666,12.5427298849953,45.9147405541332
synthetic_in_distribution,degraded,in_distribution_003__degraded,synthetic_in_distribution::in_distribution_003__degraded,ct_ekf,prior,constant_turn,334,224.164413731658,126.887902639031,499.781085991263,45.7121316083078,41.8449638227139,78.3379011110307
synthetic_in_distribution,degraded,in_distribution_003__degraded,synthetic_in_distribution::in_distribution_003__degraded,ct_ekf,prior,combined_maneuver,370,285.578658033859,125.920662646296,628.177522637353,48.2265847503448,42.096315684257,84.6566914721428
synthetic_in_distribution,degraded,in_distribution_003__degraded,synthetic_in_distribution::in_distribution_003__degraded,ct_ekf,prior,forward_acceleration,122,129.769558371194,44.5161935902846,400.987105215764,19.3829835412329,9.79849201894235,69.2280571682439
synthetic_in_distribution,degraded,in_distribution_003__degraded,synthetic_in_distribution::in_distribution_003__degraded,ct_ekf,prior,vertical_acceleration,196,119.577140040052,38.552984341397,76.9035903294616,14.6227684351507,5.73128469144473,14.4810433195781
synthetic_in_distribution,degraded,in_distribution_003__degraded,synthetic_in_distribution::in_distribution_003__degraded,ct_ekf,prior,constant_velocity,178,255.867072438979,64.1675762361716,508.545251576786,28.6908611729898,13.4445816439871,41.4567577208816
synthetic_in_distribution,degraded,in_distribution_003__degraded,synthetic_in_distribution::in_distribution_003__degraded,ct_ekf,posterior,constant_turn,334,212.528572113826,110.469241602811,480.474312748146,43.9117669026515,38.6070948466891,77.6078784805797
synthetic_in_distribution,degraded,in_distribution_003__degraded,synthetic_in_distribution::in_distribution_003__degraded,ct_ekf,posterior,combined_maneuver,370,265.270362832554,108.234739573376,590.039433533848,46.1426763590902,39.300280103348,82.1558314146817
synthetic_in_distribution,degraded,in_distribution_003__degraded,synthetic_in_distribution::in_distribution_003__degraded,ct_ekf,posterior,forward_acceleration,122,116.509292221304,41.5357358112215,273.234140886358,18.1289049301902,9.04651805679952,45.2805024626768
synthetic_in_distribution,degraded,in_distribution_003__degraded,synthetic_in_distribution::in_distribution_003__degraded,ct_ekf,posterior,vertical_acceleration,196,102.34399796318,35.4290423474147,74.3451466744341,13.1863009787421,5.59219160803604,13.9645104898552
synthetic_in_distribution,degraded,in_distribution_003__degraded,synthetic_in_distribution::in_distribution_003__degraded,ct_ekf,posterior,constant_velocity,178,232.542260793607,58.7876931517342,468.713145404075,26.9238051698741,12.60872702682,41.134937570643
synthetic_in_distribution,degraded,in_distribution_003__degraded,synthetic_in_distribution::in_distribution_003__degraded,native_imm,prior,constant_turn,334,66.7562259406371,43.8681871778357,124.14126742976,18.3480454549335,13.9508767781696,35.5956608645549
synthetic_in_distribution,degraded,in_distribution_003__degraded,synthetic_in_distribution::in_distribution_003__degraded,native_imm,prior,combined_maneuver,370,228.527906464489,58.7888839596473,556.095781228227,35.3617195359955,18.275824035292,82.4566961312747
synthetic_in_distribution,degraded,in_distribution_003__degraded,synthetic_in_distribution::in_distribution_003__degraded,native_imm,prior,forward_acceleration,122,58.1047518209903,46.6243258281554,102.788408314853,14.2097389316695,12.8375180536137,22.7935827268015
synthetic_in_distribution,degraded,in_distribution_003__degraded,synthetic_in_distribution::in_distribution_003__degraded,native_imm,prior,vertical_acceleration,196,67.6640073475728,40.7609883103783,121.219398561485,14.6635309111645,10.0749536689112,27.8653595880163
synthetic_in_distribution,degraded,in_distribution_003__degraded,synthetic_in_distribution::in_distribution_003__degraded,native_imm,prior,constant_velocity,178,92.0818776632278,50.9231101328885,194.614856608293,22.6529066952543,17.0229842016924,43.4811723743262
synthetic_in_distribution,degraded,in_distribution_003__degraded,synthetic_in_distribution::in_distribution_003__degraded,native_imm,posterior,constant_turn,334,60.8514537566132,39.1132368656893,111.353087890632,17.0843966808751,12.7203256227828,33.5328843385274
synthetic_in_distribution,degraded,in_distribution_003__degraded,synthetic_in_distribution::in_distribution_003__degraded,native_imm,posterior,combined_maneuver,370,212.67662670741,52.1384687087508,518.83696251445,33.7434458036855,17.155635153316,79.150190834352
synthetic_in_distribution,degraded,in_distribution_003__degraded,synthetic_in_distribution::in_distribution_003__degraded,native_imm,posterior,forward_acceleration,122,53.0463816108056,42.4184348015793,97.2646732957365,13.2910931022645,11.9756799859084,21.6517486735917
synthetic_in_distribution,degraded,in_distribution_003__degraded,synthetic_in_distribution::in_distribution_003__degraded,native_imm,posterior,vertical_acceleration,196,60.2112949371865,38.0638895570567,106.4854687699,13.6783088936142,9.48676915796094,25.8093736858888
synthetic_in_distribution,degraded,in_distribution_003__degraded,synthetic_in_distribution::in_distribution_003__degraded,native_imm,posterior,constant_velocity,178,82.8430241591906,45.8938176403667,174.854365798771,21.3632702604922,16.0485676151325,41.7319855542689
synthetic_in_distribution,degraded,in_distribution_003__degraded,synthetic_in_distribution::in_distribution_003__degraded,warm_ukf,prior,constant_turn,334,375.633932538781,88.6439039464679,521.402368888962,48.4858976799394,42.374554298316,80.2718045048839
synthetic_in_distribution,degraded,in_distribution_003__degraded,synthetic_in_distribution::in_distribution_003__degraded,warm_ukf,prior,combined_maneuver,370,749.150768766899,98.6885826095063,1370.3281750177,82.0880610811122,66.1457735169331,146.955041195228
synthetic_in_distribution,degraded,in_distribution_003__degraded,synthetic_in_distribution::in_distribution_003__degraded,warm_ukf,prior,forward_acceleration,122,114.570268199962,56.0629853737765,270.148159126864,55.4626356782353,59.2435127196089,80.1920087702664
synthetic_in_distribution,degraded,in_distribution_003__degraded,synthetic_in_distribution::in_distribution_003__degraded,warm_ukf,prior,vertical_acceleration,196,369.888552496633,90.6714521260056,1063.30088580146,36.6643568000988,33.2781679953967,53.706172961569
synthetic_in_distribution,degraded,in_distribution_003__degraded,synthetic_in_distribution::in_distribution_003__degraded,warm_ukf,prior,constant_velocity,178,328.375263134427,84.4163761802356,355.619325490633,76.9571194126082,46.2506730618441,138.885262106378
synthetic_in_distribution,degraded,in_distribution_003__degraded,synthetic_in_distribution::in_distribution_003__degraded,warm_ukf,posterior,constant_turn,334,269.6556842201,71.7458683941279,465.64001114102,47.8984963417545,41.9409033578533,80.271013225978
synthetic_in_distribution,degraded,in_distribution_003__degraded,synthetic_in_distribution::in_distribution_003__degraded,warm_ukf,posterior,combined_maneuver,370,649.176617277162,78.9174845014246,1313.28756978105,81.0443458756747,65.796814395275,144.029092954305
synthetic_in_distribution,degraded,in_distribution_003__degraded,synthetic_in_distribution::in_distribution_003__degraded,warm_ukf,posterior,forward_acceleration,122,89.5432285863537,49.0609007080533,192.068645850995,55.1225102893477,58.7689745474716,79.4925498659323
synthetic_in_distribution,degraded,in_distribution_003__degraded,synthetic_in_distribution::in_distribution_003__degraded,warm_ukf,posterior,vertical_acceleration,196,346.17078322746,75.4470920273947,1001.28509882742,36.0327429411518,33.2551859633982,52.4200731737506
synthetic_in_distribution,degraded,in_distribution_003__degraded,synthetic_in_distribution::in_distribution_003__degraded,warm_ukf,posterior,constant_velocity,178,237.747464576863,66.6075054006503,319.781869695073,76.1775385551103,43.6904124998035,138.885262106378
synthetic_in_distribution,ideal,in_distribution_004__ideal,synthetic_in_distribution::in_distribution_004__ideal,cv_ekf,prior,forward_acceleration,253,1.00909182731948,0.308904087856119,0.684388701972725,1.39516672221112,0.487145101693985,1.078632774194
synthetic_in_distribution,ideal,in_distribution_004__ideal,synthetic_in_distribution::in_distribution_004__ideal,cv_ekf,prior,combined_maneuver,349,7.64976629939629,7.62883373061879,9.95430989012492,12.1281599996824,12.0201530915215,15.6859493391493
synthetic_in_distribution,ideal,in_distribution_004__ideal,synthetic_in_distribution::in_distribution_004__ideal,cv_ekf,prior,constant_velocity,340,0.867442369214486,2.43585221756894e-08,0.307862038328199,1.14924690336641,2.80701315745976e-08,0.363641168473101
synthetic_in_distribution,ideal,in_distribution_004__ideal,synthetic_in_distribution::in_distribution_004__ideal,cv_ekf,prior,vertical_acceleration,156,0.291332129506515,0.361413554135142,0.363571980080142,0.341484393848956,0.419605113741778,0.420995732793127
synthetic_in_distribution,ideal,in_distribution_004__ideal,synthetic_in_distribution::in_distribution_004__ideal,cv_ekf,prior,constant_turn,102,3.10494641997547,3.15165121658217,3.17612719863141,4.91939685943666,4.97024227364227,5.01152176340883
synthetic_in_distribution,ideal,in_distribution_004__ideal,synthetic_in_distribution::in_distribution_004__ideal,cv_ekf,posterior,forward_acceleration,253,0.370885692228814,0.113346109429616,0.251316881117529,0.799484641377791,0.295086819870904,0.653716752281455
synthetic_in_distribution,ideal,in_distribution_004__ideal,synthetic_in_distribution::in_distribution_004__ideal,cv_ekf,posterior,combined_maneuver,349,2.80967058993241,2.80369994134057,3.65776325438759,7.38686537265158,7.28792240134977,9.50981378018263
synthetic_in_distribution,ideal,in_distribution_004__ideal,synthetic_in_distribution::in_distribution_004__ideal,cv_ekf,posterior,constant_velocity,340,0.318460650894113,1.15546872969854e-08,0.112987012913572,0.642066262363757,2.51717951197599e-08,0.303955203762429
synthetic_in_distribution,ideal,in_distribution_004__ideal,synthetic_in_distribution::in_distribution_004__ideal,cv_ekf,posterior,vertical_acceleration,156,0.146585199271221,0.182078499032831,0.183152772081882,0.243151320113451,0.297859083890069,0.299205716155204
synthetic_in_distribution,ideal,in_distribution_004__ideal,synthetic_in_distribution::in_distribution_004__ideal,cv_ekf,posterior,constant_turn,102,1.13936099725016,1.15644322647237,1.16566588056432,2.99171883952086,3.01081241870653,3.05210264167781
synthetic_in_distribution,ideal,in_distribution_004__ideal,synthetic_in_distribution::in_distribution_004__ideal,ca_ekf,prior,forward_acceleration,253,1.04270480743917,0.00131718837354644,0.772233690875096,1.71045472349736,0.00142479087870704,1.11633345103181
synthetic_in_distribution,ideal,in_distribution_004__ideal,synthetic_in_distribution::in_distribution_004__ideal,ca_ekf,prior,combined_maneuver,349,1.61836274026523,0.68121489953937,4.56017274049807,2.63676272648002,1.05905190339375,6.26708676264693
synthetic_in_distribution,ideal,in_distribution_004__ideal,synthetic_in_distribution::in_distribution_004__ideal,ca_ekf,prior,constant_velocity,340,1.01213737277802,0.000543388515941502,1.98841416626255,1.65516368916244,0.000603345214414521,3.49184873538956
synthetic_in_distribution,ideal,in_distribution_004__ideal,synthetic_in_distribution::in_distribution_004__ideal,ca_ekf,prior,vertical_acceleration,156,0.102041084471228,0.00140077083870763,0.288123057734273,0.109159727578878,0.00131675710750079,0.303609669076776
synthetic_in_distribution,ideal,in_distribution_004__ideal,synthetic_in_distribution::in_distribution_004__ideal,ca_ekf,prior,constant_turn,102,0.5283408860817,0.0947015330529992,1.44631982264048,0.864725225281844,0.149982357661013,2.17617272169658
synthetic_in_distribution,ideal,in_distribution_004__ideal,synthetic_in_distribution::in_distribution_004__ideal,ca_ekf,posterior,forward_acceleration,253,0.382885955219853,0.000678716976839656,0.308158531140349,1.09771171792926,0.0010697220789723,0.598252780804985
synthetic_in_distribution,ideal,in_distribution_004__ideal,synthetic_in_distribution::in_distribution_004__ideal,ca_ekf,posterior,combined_maneuver,349,0.595106736776184,0.249735632422658,1.68541813907082,1.6835750854064,0.621185333073268,4.0479508168589
synthetic_in_distribution,ideal,in_distribution_004__ideal,synthetic_in_distribution::in_distribution_004__ideal,ca_ekf,posterior,constant_velocity,340,0.372453866965519,0.000266742942345287,0.733205636533812,1.06553852992634,0.000424108042662884,1.56407473680733
synthetic_in_distribution,ideal,in_distribution_004__ideal,synthetic_in_distribution::in_distribution_004__ideal,ca_ekf,posterior,vertical_acceleration,156,0.0572509662639781,0.000800090257145729,0.16118511843745,0.0832560517164061,0.00105022912036746,0.226881597896715
synthetic_in_distribution,ideal,in_distribution_004__ideal,synthetic_in_distribution::in_distribution_004__ideal,ca_ekf,posterior,constant_turn,102,0.193990467435154,0.0345581320442457,0.53121349305654,0.555680578419711,0.0905989162921254,1.41013695906122
synthetic_in_distribution,ideal,in_distribution_004__ideal,synthetic_in_distribution::in_distribution_004__ideal,ct_ekf,prior,forward_acceleration,253,1.01238417565567,0.503664320634421,0.700138221903369,1.41875178332642,0.789974128732774,1.08801571164634
synthetic_in_distribution,ideal,in_distribution_004__ideal,synthetic_in_distribution::in_distribution_004__ideal,ct_ekf,prior,combined_maneuver,349,7.39509186365418,7.31915425917403,9.98569029723322,11.6960598262601,11.5125554074516,15.7135510899397
synthetic_in_distribution,ideal,in_distribution_004__ideal,synthetic_in_distribution::in_distribution_004__ideal,ct_ekf,prior,constant_velocity,340,1.06308633502336,0.281319015749451,1.50128017981791,1.54013152283727,0.441543271699778,2.34666304418584
synthetic_in_distribution,ideal,in_distribution_004__ideal,synthetic_in_distribution::in_distribution_004__ideal,ct_ekf,prior,vertical_acceleration,156,0.917919929727909,0.578932299426654,1.33755491892576,1.40486566953344,0.812759065863728,2.09440376230049
synthetic_in_distribution,ideal,in_distribution_004__ideal,synthetic_in_distribution::in_distribution_004__ideal,ct_ekf,prior,constant_turn,102,3.78867415248335,3.80427284935376,4.17192890614741,5.98516339342614,5.99156244646305,6.57434131135932
synthetic_in_distribution,ideal,in_distribution_004__ideal,synthetic_in_distribution::in_distribution_004__ideal,ct_ekf,posterior,forward_acceleration,253,0.373212263571326,0.185472311442588,0.257566849489234,0.825384101625781,0.479717986818568,0.663054612991043
synthetic_in_distribution,ideal,in_distribution_004__ideal,synthetic_in_distribution::in_distribution_004__ideal,ct_ekf,posterior,combined_maneuver,349,2.72388174186881,2.69988667422569,3.67755798567137,7.1327765130947,6.99375384313845,9.54349550265822
synthetic_in_distribution,ideal,in_distribution_004__ideal,synthetic_in_distribution::in_distribution_004__ideal,ct_ekf,posterior,constant_velocity,340,0.391084899623512,0.103490941658969,0.551646603014583,0.910896182564789,0.267185459213959,1.41845278458961
synthetic_in_distribution,ideal,in_distribution_004__ideal,synthetic_in_distribution::in_distribution_004__ideal,ct_ekf,posterior,vertical_acceleration,156,0.354669797745249,0.252442767002181,0.494650496054615,0.861603308615475,0.519600803295523,1.27107150115829
synthetic_in_distribution,ideal,in_distribution_004__ideal,synthetic_in_distribution::in_distribution_004__ideal,ct_ekf,posterior,constant_turn,102,1.39336456189765,1.39906397282928,1.53430180040326,3.64009278738177,3.63695708509459,4.00768481810497
synthetic_in_distribution,ideal,in_distribution_004__ideal,synthetic_in_distribution::in_distribution_004__ideal,native_imm,prior,forward_acceleration,253,0.594259354747497,0.314102488069942,0.689408811197395,1.14290222455124,0.483341253829312,1.06869140811109
synthetic_in_distribution,ideal,in_distribution_004__ideal,synthetic_in_distribution::in_distribution_004__ideal,native_imm,prior,combined_maneuver,349,0.967091924773177,0.733871630059529,1.11687293374683,1.80947452605606,1.16489586915592,1.78025101591347
synthetic_in_distribution,ideal,in_distribution_004__ideal,synthetic_in_distribution::in_distribution_004__ideal,native_imm,prior,constant_velocity,340,0.39812263667232,0.0115877623281806,0.194793050108466,0.912044138371257,5.23652663122286e-05,0.284539354358393
synthetic_in_distribution,ideal,in_distribution_004__ideal,synthetic_in_distribution::in_distribution_004__ideal,native_imm,prior,vertical_acceleration,156,0.329526877460712,0.40914535596886,0.412134510092541,0.355370000258552,0.436878437320991,0.440593157812524
synthetic_in_distribution,ideal,in_distribution_004__ideal,synthetic_in_distribution::in_distribution_004__ideal,native_imm,prior,constant_turn,102,0.592724871850302,0.152849921188092,1.58506061243663,1.05788336262153,0.328170476832811,3.02802388617411
synthetic_in_distribution,ideal,in_distribution_004__ideal,synthetic_in_distribution::in_distribution_004__ideal,native_imm,posterior,forward_acceleration,253,0.18306246724186,0.11565698851321,0.255782179033074,0.603724685625327,0.294926898924455,0.652206418097736
synthetic_in_distribution,ideal,in_distribution_004__ideal,synthetic_in_distribution::in_distribution_004__ideal,native_imm,posterior,combined_maneuver,349,0.320637713772791,0.273344518492807,0.442321987417134,0.967973883739685,0.68305685004782,1.03525061370035
synthetic_in_distribution,ideal,in_distribution_004__ideal,synthetic_in_distribution::in_distribution_004__ideal,native_imm,posterior,constant_velocity,340,0.0782972930163363,2.30178047334019e-08,0.0675296164626606,0.445811526225858,3.74679510533211e-08,0.152245045249012
synthetic_in_distribution,ideal,in_distribution_004__ideal,synthetic_in_distribution::in_distribution_004__ideal,native_imm,posterior,vertical_acceleration,156,0.174486063161451,0.217062325465223,0.218667973896767,0.260979039128698,0.31990504802401,0.3236886008482
synthetic_in_distribution,ideal,in_distribution_004__ideal,synthetic_in_distribution::in_distribution_004__ideal,native_imm,posterior,constant_turn,102,0.18606703679877,0.0306124603145797,0.483380198030916,0.605533222854563,0.155634969291311,1.61717385735966
synthetic_in_distribution,ideal,in_distribution_004__ideal,synthetic_in_distribution::in_distribution_004__ideal,warm_ukf,prior,forward_acceleration,253,100.900911702879,14.5673458460281,37.4142291493723,43.4961248722017,44.0393969730443,55.9380669542722
synthetic_in_distribution,ideal,in_distribution_004__ideal,synthetic_in_distribution::in_distribution_004__ideal,warm_ukf,prior,combined_maneuver,349,133.838498461391,26.9541769854408,51.7377056315628,83.7188117097103,80.6283128800303,116.739114633877
synthetic_in_distribution,ideal,in_distribution_004__ideal,synthetic_in_distribution::in_distribution_004__ideal,warm_ukf,prior,constant_velocity,340,172.49737740008,13.6712164533164,57.556206118779,41.4599946705217,37.7653203408903,62.7491599018104
synthetic_in_distribution,ideal,in_distribution_004__ideal,synthetic_in_distribution::in_distribution_004__ideal,warm_ukf,prior,vertical_acceleration,156,146.088147448159,14.0605108506186,31.9151530425188,43.687421647613,50.5798791660708,53.3507497297534
synthetic_in_distribution,ideal,in_distribution_004__ideal,synthetic_in_distribution::in_distribution_004__ideal,warm_ukf,prior,constant_turn,102,84.5277839460363,15.2874626337119,30.1598306616316,41.8818954358608,45.2049726708316,50.1879396906174
synthetic_in_distribution,ideal,in_distribution_004__ideal,synthetic_in_distribution::in_distribution_004__ideal,warm_ukf,posterior,forward_acceleration,253,0.0687213854304153,0.0510142753414168,0.131556852106651,43.3309571511088,43.9791129563656,55.3050554186353
synthetic_in_distribution,ideal,in_distribution_004__ideal,synthetic_in_distribution::in_distribution_004__ideal,warm_ukf,posterior,combined_maneuver,349,0.160923919540767,0.150948985509049,0.236815777865976,80.6647764756081,77.2116392088564,113.115401042818
synthetic_in_distribution,ideal,in_distribution_004__ideal,synthetic_in_distribution::in_distribution_004__ideal,warm_ukf,posterior,constant_velocity,340,0.0668847423475469,0.0507961233076008,0.103332912147671,40.7733797330911,37.6311784026695,60.9721457877282
synthetic_in_distribution,ideal,in_distribution_004__ideal,synthetic_in_distribution::in_distribution_004__ideal,warm_ukf,posterior,vertical_acceleration,156,0.0501660264277935,0.0487183142744188,0.0724532717498597,43.6203048134087,50.5750410354932,53.2930998722255
synthetic_in_distribution,ideal,in_distribution_004__ideal,synthetic_in_distribution::in_distribution_004__ideal,warm_ukf,posterior,constant_turn,102,0.0706560386477935,0.0655063157713961,0.104872088094446,41.0798221849036,44.2606470427943,49.0022843767751
synthetic_in_distribution,empirical_timing,in_distribution_004__empirical_timing,synthetic_in_distribution::in_distribution_004__empirical_timing,cv_ekf,prior,forward_acceleration,253,29.0743649496322,0.725153714070683,18.5625616273318,8.31155878097486,1.11995633521638,4.0494375555786
synthetic_in_distribution,empirical_timing,in_distribution_004__empirical_timing,synthetic_in_distribution::in_distribution_004__empirical_timing,cv_ekf,prior,combined_maneuver,349,228.320193174428,15.5833573325913,585.432749703582,44.3505764114105,18.3953451595259,103.658055935199
synthetic_in_distribution,empirical_timing,in_distribution_004__empirical_timing,synthetic_in_distribution::in_distribution_004__empirical_timing,cv_ekf,prior,constant_velocity,340,6.22945608654325,1.45156317343346e-06,2.85863217974872,3.09229110545774,1.50716757264699e-06,1.92506151702836
synthetic_in_distribution,empirical_timing,in_distribution_004__empirical_timing,synthetic_in_distribution::in_distribution_004__empirical_timing,cv_ekf,prior,vertical_acceleration,156,6.99729585184427,0.413080082845796,19.4486773146587,1.20165514422398,0.444684334444395,3.0792027124258
synthetic_in_distribution,empirical_timing,in_distribution_004__empirical_timing,synthetic_in_distribution::in_distribution_004__empirical_timing,cv_ekf,prior,constant_turn,102,126.998400843032,6.23826893330267,355.230297104713,21.8534116266564,7.15799469350325,52.6959203857877
synthetic_in_distribution,empirical_timing,in_distribution_004__empirical_timing,synthetic_in_distribution::in_distribution_004__empirical_timing,cv_ekf,posterior,forward_acceleration,253,24.4880491572518,0.293873543242481,14.972290435,7.57482800482606,0.725383381509752,3.63060547927559
synthetic_in_distribution,empirical_timing,in_distribution_004__empirical_timing,synthetic_in_distribution::in_distribution_004__empirical_timing,cv_ekf,posterior,combined_maneuver,349,208.986871322026,7.91930758526632,534.839652926943,41.1140055924077,14.0666095611849,99.112522694204
synthetic_in_distribution,empirical_timing,in_distribution_004__empirical_timing,synthetic_in_distribution::in_distribution_004__empirical_timing,cv_ekf,posterior,constant_velocity,340,4.77577848533408,9.52027923840526e-07,1.12076606986499,2.28519364601117,1.25090750813784e-06,1.57883670718517
synthetic_in_distribution,empirical_timing,in_distribution_004__empirical_timing,synthetic_in_distribution::in_distribution_004__empirical_timing,cv_ekf,posterior,vertical_acceleration,156,6.45693967719468,0.217387795945797,17.9395234811916,1.1306735792697,0.331713024834954,2.95741262144025
synthetic_in_distribution,empirical_timing,in_distribution_004__empirical_timing,synthetic_in_distribution::in_distribution_004__empirical_timing,cv_ekf,posterior,constant_turn,102,117.085606473119,3.20930315221592,329.383963422647,20.5364796074359,5.35138939498411,50.7460090634175
synthetic_in_distribution,empirical_timing,in_distribution_004__empirical_timing,synthetic_in_distribution::in_distribution_004__empirical_timing,ca_ekf,prior,forward_acceleration,253,6.67941887907977,0.0158002009578506,15.3206160716297,3.9890319098511,0.025985180596259,3.45122791460306
synthetic_in_distribution,empirical_timing,in_distribution_004__empirical_timing,synthetic_in_distribution::in_distribution_004__empirical_timing,ca_ekf,prior,combined_maneuver,349,73.4114031430705,2.29345189768161,174.873854298893,17.7093321737357,2.68841491868501,42.4758375692295
synthetic_in_distribution,empirical_timing,in_distribution_004__empirical_timing,synthetic_in_distribution::in_distribution_004__empirical_timing,ca_ekf,prior,constant_velocity,340,2.80386376610466,0.00379781245287491,4.63905519663,2.78253761376832,0.00333003565973861,6.08138300270172
synthetic_in_distribution,empirical_timing,in_distribution_004__empirical_timing,synthetic_in_distribution::in_distribution_004__empirical_timing,ca_ekf,prior,vertical_acceleration,156,0.171800653053017,0.0105078594870806,0.379599353286896,0.138450217212993,0.0048913014892314,0.384373414640531
synthetic_in_distribution,empirical_timing,in_distribution_004__empirical_timing,synthetic_in_distribution::in_distribution_004__empirical_timing,ca_ekf,prior,constant_turn,102,10.567092756701,0.515800577783232,29.5893763993048,2.45526276646756,0.549088255930268,6.1309948094466
synthetic_in_distribution,empirical_timing,in_distribution_004__empirical_timing,synthetic_in_distribution::in_distribution_004__empirical_timing,ca_ekf,posterior,forward_acceleration,253,5.32160061556624,0.00486881886296959,12.3936500107839,3.14887373210385,0.0111864248847439,3.1543584099319
synthetic_in_distribution,empirical_timing,in_distribution_004__empirical_timing,synthetic_in_distribution::in_distribution_004__empirical_timing,ca_ekf,posterior,combined_maneuver,349,65.3115978385404,1.17235993149928,156.149251691488,16.2837035647318,1.8598864894376,39.2276415214285
synthetic_in_distribution,empirical_timing,in_distribution_004__empirical_timing,synthetic_in_distribution::in_distribution_004__empirical_timing,ca_ekf,posterior,constant_velocity,340,1.68234860824364,0.00198969776463792,1.72759530147754,2.07334779738116,0.00239851667224242,4.59308081082139
synthetic_in_distribution,empirical_timing,in_distribution_004__empirical_timing,synthetic_in_distribution::in_distribution_004__empirical_timing,ca_ekf,posterior,vertical_acceleration,156,0.114977666780308,0.00795230028210341,0.230128269997409,0.110537462771657,0.00333048608095047,0.305678257234547
synthetic_in_distribution,empirical_timing,in_distribution_004__empirical_timing,synthetic_in_distribution::in_distribution_004__empirical_timing,ca_ekf,posterior,constant_turn,102,9.49392649134085,0.261132740438541,26.6283939696014,2.18396984115229,0.446794453383187,5.71521475969735
synthetic_in_distribution,empirical_timing,in_distribution_004__empirical_timing,synthetic_in_distribution::in_distribution_004__empirical_timing,ct_ekf,prior,forward_acceleration,253,28.6934902926792,0.983112055559429,30.0114627257247,8.07548276792104,1.16893658038767,6.12705738530291
synthetic_in_distribution,empirical_timing,in_distribution_004__empirical_timing,synthetic_in_distribution::in_distribution_004__empirical_timing,ct_ekf,prior,combined_maneuver,349,212.127943907123,15.4786957883961,523.844375188042,41.7699920506874,18.1825601971861,94.9444337721294
synthetic_in_distribution,empirical_timing,in_distribution_004__empirical_timing,synthetic_in_distribution::in_distribution_004__empirical_timing,ct_ekf,prior,constant_velocity,340,9.02961704251981,1.05668531399744,23.3218635970682,3.56561899448475,0.94020420848129,5.29971263081874
synthetic_in_distribution,empirical_timing,in_distribution_004__empirical_timing,synthetic_in_distribution::in_distribution_004__empirical_timing,ct_ekf,prior,vertical_acceleration,156,15.6667802046608,1.72138772710886,42.8124018639548,3.3448626719837,2.18235331037492,6.98448351269688
synthetic_in_distribution,empirical_timing,in_distribution_004__empirical_timing,synthetic_in_distribution::in_distribution_004__empirical_timing,ct_ekf,prior,constant_turn,102,156.812141872294,7.9724763880657,439.181037325877,26.8300076505321,9.12735843963258,65.0932165701707
synthetic_in_distribution,empirical_timing,in_distribution_004__empirical_timing,synthetic_in_distribution::in_distribution_004__empirical_timing,ct_ekf,posterior,forward_acceleration,253,24.2787404003849,0.506706318962874,24.1960442490458,7.37360251064188,0.824194484027402,5.5044033081731
synthetic_in_distribution,empirical_timing,in_distribution_004__empirical_timing,synthetic_in_distribution::in_distribution_004__empirical_timing,ct_ekf,posterior,combined_maneuver,349,194.031525889394,7.94187028523745,476.933239252457,38.6307506950881,13.499180702688,90.921886648241
synthetic_in_distribution,empirical_timing,in_distribution_004__empirical_timing,synthetic_in_distribution::in_distribution_004__empirical_timing,ct_ekf,posterior,constant_velocity,340,7.599188322289,0.412911703646359,17.0628927405328,2.81701526871194,0.773819107178786,4.615600864371
synthetic_in_distribution,empirical_timing,in_distribution_004__empirical_timing,synthetic_in_distribution::in_distribution_004__empirical_timing,ct_ekf,posterior,vertical_acceleration,156,14.3434237064072,1.08007547815176,39.3919216385534,2.96077737859341,1.54334697066191,6.69955159771834
synthetic_in_distribution,empirical_timing,in_distribution_004__empirical_timing,synthetic_in_distribution::in_distribution_004__empirical_timing,ct_ekf,posterior,constant_turn,102,144.612344742022,4.1116434581358,407.245630064152,25.2213441343077,6.84932101373736,62.689298425134
synthetic_in_distribution,empirical_timing,in_distribution_004__empirical_timing,synthetic_in_distribution::in_distribution_004__empirical_timing,native_imm,prior,forward_acceleration,253,5.65614325038884,0.703885882624051,10.7370777819006,2.60576160222332,1.09449143356614,3.99231985827595
synthetic_in_distribution,empirical_timing,in_distribution_004__empirical_timing,synthetic_in_distribution::in_distribution_004__empirical_timing,native_imm,prior,combined_maneuver,349,71.0781075833742,2.05286980622972,175.207552203836,17.0325163880583,2.32974118514545,38.6218189165045
synthetic_in_distribution,empirical_timing,in_distribution_004__empirical_timing,synthetic_in_distribution::in_distribution_004__empirical_timing,native_imm,prior,constant_velocity,340,2.28585492396339,0.0470420000968493,4.11569533289088,2.0206575214929,0.000553350104000272,2.76435459768359
synthetic_in_distribution,empirical_timing,in_distribution_004__empirical_timing,synthetic_in_distribution::in_distribution_004__empirical_timing,native_imm,prior,vertical_acceleration,156,7.55814687468803,0.406748155162233,21.2464467557305,1.16805379034106,0.446102571575498,3.05637048259028
synthetic_in_distribution,empirical_timing,in_distribution_004__empirical_timing,synthetic_in_distribution::in_distribution_004__empirical_timing,native_imm,prior,constant_turn,102,29.0895944205323,1.43308867283719,81.9726108723259,6.10079312423082,1.97117548048984,15.9976984135946
synthetic_in_distribution,empirical_timing,in_distribution_004__empirical_timing,synthetic_in_distribution::in_distribution_004__empirical_timing,native_imm,posterior,forward_acceleration,253,4.95565674786772,0.272033498836691,9.92741725376572,2.04479829263255,0.6977021166015,3.59760841673951
synthetic_in_distribution,empirical_timing,in_distribution_004__empirical_timing,synthetic_in_distribution::in_distribution_004__empirical_timing,native_imm,posterior,combined_maneuver,349,63.208426279187,0.944627749909725,150.11309304766,15.6919070926587,1.68399869480168,36.2944325952274
synthetic_in_distribution,empirical_timing,in_distribution_004__empirical_timing,synthetic_in_distribution::in_distribution_004__empirical_timing,native_imm,posterior,constant_velocity,340,1.57282115960232,0.0085842788689815,3.20851163918697,1.46929507864733,0.00024446881379687,0.811301862543628
synthetic_in_distribution,empirical_timing,in_distribution_004__empirical_timing,synthetic_in_distribution::in_distribution_004__empirical_timing,native_imm,posterior,vertical_acceleration,156,6.99122412980976,0.21491991129235,19.6409172807891,1.09736251096067,0.333608401765165,2.93687345979112
synthetic_in_distribution,empirical_timing,in_distribution_004__empirical_timing,synthetic_in_distribution::in_distribution_004__empirical_timing,native_imm,posterior,constant_turn,102,26.2842480019566,0.509824512701805,74.1666340904902,5.57160420583315,1.26893862608259,15.0250217064071
synthetic_in_distribution,empirical_timing,in_distribution_004__empirical_timing,synthetic_in_distribution::in_distribution_004__empirical_timing,warm_ukf,prior,forward_acceleration,253,193.265560463241,28.6149137860358,569.16266860012,56.8699228352476,47.6425887305564,94.67106245081
synthetic_in_distribution,empirical_timing,in_distribution_004__empirical_timing,synthetic_in_distribution::in_distribution_004__empirical_timing,warm_ukf,prior,combined_maneuver,349,391.402394660179,54.9396207778858,1124.62757866744,93.0246972802781,80.4473590570227,156.507431340108
synthetic_in_distribution,empirical_timing,in_distribution_004__empirical_timing,synthetic_in_distribution::in_distribution_004__empirical_timing,warm_ukf,prior,constant_velocity,340,145.57634384822,22.1589666088942,372.456024501943,39.930224725142,36.4385774738026,60.9901030017717
synthetic_in_distribution,empirical_timing,in_distribution_004__empirical_timing,synthetic_in_distribution::in_distribution_004__empirical_timing,warm_ukf,prior,vertical_acceleration,156,139.122963235084,42.1854395608714,376.902024327013,65.7150856354775,78.3984271933629,87.5181017651573
synthetic_in_distribution,empirical_timing,in_distribution_004__empirical_timing,synthetic_in_distribution::in_distribution_004__empirical_timing,warm_ukf,prior,constant_turn,102,179.867571052496,31.6935023039073,479.364150064677,49.6264199895379,45.8181643744106,78.0478999353049
synthetic_in_distribution,empirical_timing,in_distribution_004__empirical_timing,synthetic_in_distribution::in_distribution_004__empirical_timing,warm_ukf,posterior,forward_acceleration,253,169.406552621921,12.0347457437757,397.18496626217,56.7850562894758,47.5887404828951,94.2675502865035
synthetic_in_distribution,empirical_timing,in_distribution_004__empirical_timing,synthetic_in_distribution::in_distribution_004__empirical_timing,warm_ukf,posterior,combined_maneuver,349,357.776676162707,28.6661413526587,1036.93766722848,89.9034315444044,77.2867799600583,152.414039479187
synthetic_in_distribution,empirical_timing,in_distribution_004__empirical_timing,synthetic_in_distribution::in_distribution_004__empirical_timing,warm_ukf,posterior,constant_velocity,340,105.484626330552,9.55232998343087,357.534971768344,39.1194300986564,36.2556629755387,59.6607918774924
synthetic_in_distribution,empirical_timing,in_distribution_004__empirical_timing,synthetic_in_distribution::in_distribution_004__empirical_timing,warm_ukf,posterior,vertical_acceleration,156,128.117027016064,22.9234001361657,367.687255318223,65.2833856093046,77.9825812081594,87.3103172012219
synthetic_in_distribution,empirical_timing,in_distribution_004__empirical_timing,synthetic_in_distribution::in_distribution_004__empirical_timing,warm_ukf,posterior,constant_turn,102,163.19522364685,14.3460189743888,439.747063203441,48.663221907451,45.0870747734925,76.331586908529
synthetic_in_distribution,degraded,in_distribution_004__degraded,synthetic_in_distribution::in_distribution_004__degraded,cv_ekf,prior,forward_acceleration,253,135.727148253163,33.532218100725,129.857662658965,21.5066100523384,5.08019055170087,18.3972572695218
synthetic_in_distribution,degraded,in_distribution_004__degraded,synthetic_in_distribution::in_distribution_004__degraded,cv_ekf,prior,combined_maneuver,349,533.129070795504,233.589604001953,1286.62451043908,87.4545991367405,74.9983398660754,154.508806361662
synthetic_in_distribution,degraded,in_distribution_004__degraded,synthetic_in_distribution::in_distribution_004__degraded,cv_ekf,prior,constant_velocity,340,100.635819637719,37.5372722163603,248.522001040104,17.0682228481252,3.71473320215865,42.9032581331804
synthetic_in_distribution,degraded,in_distribution_004__degraded,synthetic_in_distribution::in_distribution_004__degraded,cv_ekf,prior,vertical_acceleration,156,42.100652968944,36.2725090402512,74.3977523876592,4.18359913525338,3.97686306819864,6.25672828504951
synthetic_in_distribution,degraded,in_distribution_004__degraded,synthetic_in_distribution::in_distribution_004__degraded,cv_ekf,prior,constant_turn,102,266.791836905385,103.260745697984,672.431311189258,38.509229314653,30.2745398271232,72.4305619869495
synthetic_in_distribution,degraded,in_distribution_004__degraded,synthetic_in_distribution::in_distribution_004__degraded,cv_ekf,posterior,forward_acceleration,253,120.028663213197,31.4982307527929,122.301335895095,19.8837119274282,4.88975714267321,18.0515939524319
synthetic_in_distribution,degraded,in_distribution_004__degraded,synthetic_in_distribution::in_distribution_004__degraded,cv_ekf,posterior,combined_maneuver,349,496.569151917092,203.523947828798,1210.980898121,83.7301031353501,70.5311050561978,150.099437814001
synthetic_in_distribution,degraded,in_distribution_004__degraded,synthetic_in_distribution::in_distribution_004__degraded,cv_ekf,posterior,constant_velocity,340,89.589103226488,36.3095802200903,210.833876991955,15.7823819496104,3.69302624931113,40.1121428729268
synthetic_in_distribution,degraded,in_distribution_004__degraded,synthetic_in_distribution::in_distribution_004__degraded,cv_ekf,posterior,vertical_acceleration,156,40.5417637216741,34.2958579529312,71.5531915087937,4.12673551408706,3.91384570336262,6.13601167189077
synthetic_in_distribution,degraded,in_distribution_004__degraded,synthetic_in_distribution::in_distribution_004__degraded,cv_ekf,posterior,constant_turn,102,250.31715778712,90.4427598232036,636.763964105188,36.9575731511114,28.497547783111,70.494433409082
synthetic_in_distribution,degraded,in_distribution_004__degraded,synthetic_in_distribution::in_distribution_004__degraded,ca_ekf,prior,forward_acceleration,253,86.1010303387918,44.5287746688767,212.176337940464,17.4605551991423,10.5639728103156,32.2581584371985
synthetic_in_distribution,degraded,in_distribution_004__degraded,synthetic_in_distribution::in_distribution_004__degraded,ca_ekf,prior,combined_maneuver,349,164.149186551687,63.4483745606123,389.33684394608,33.9474832530548,21.4482546203204,71.8401209721702
synthetic_in_distribution,degraded,in_distribution_004__degraded,synthetic_in_distribution::in_distribution_004__degraded,ca_ekf,prior,constant_velocity,340,134.77441293566,51.8143870089104,315.067158146457,22.2885618396773,13.4343625291201,47.2963388350816
synthetic_in_distribution,degraded,in_distribution_004__degraded,synthetic_in_distribution::in_distribution_004__degraded,ca_ekf,prior,vertical_acceleration,156,56.1913912848773,42.9104519035012,104.472821119611,10.3562916982763,8.7464583777176,18.4953889142836
synthetic_in_distribution,degraded,in_distribution_004__degraded,synthetic_in_distribution::in_distribution_004__degraded,ca_ekf,prior,constant_turn,102,62.4226911171609,45.801201527561,120.084262007616,11.3113928466233,10.2260185689963,17.4858773320549
synthetic_in_distribution,degraded,in_distribution_004__degraded,synthetic_in_distribution::in_distribution_004__degraded,ca_ekf,posterior,forward_acceleration,253,77.4618815579693,39.1931600701048,187.536698526027,16.0093826877669,9.88661852055648,29.0494166611972
synthetic_in_distribution,degraded,in_distribution_004__degraded,synthetic_in_distribution::in_distribution_004__degraded,ca_ekf,posterior,combined_maneuver,349,149.991676873537,55.0635017873837,355.823626955295,31.625624939406,19.6817926898779,67.486572861981
synthetic_in_distribution,degraded,in_distribution_004__degraded,synthetic_in_distribution::in_distribution_004__degraded,ca_ekf,posterior,constant_velocity,340,125.618458397625,46.4769003257712,291.269430778621,20.9903232434145,12.7007626494178,45.7354664042874
synthetic_in_distribution,degraded,in_distribution_004__degraded,synthetic_in_distribution::in_distribution_004__degraded,ca_ekf,posterior,vertical_acceleration,156,52.0926151830297,38.9598825811654,96.8805692046271,9.86327212194657,8.27500272023003,18.0015731052241
synthetic_in_distribution,degraded,in_distribution_004__degraded,synthetic_in_distribution::in_distribution_004__degraded,ca_ekf,posterior,constant_turn,102,58.4476131230586,41.1859197646585,114.508451331028,10.6354678184502,9.62042192577666,16.6569926682212
synthetic_in_distribution,degraded,in_distribution_004__degraded,synthetic_in_distribution::in_distribution_004__degraded,ct_ekf,prior,forward_acceleration,253,135.412445848093,34.8844561953737,163.831213983979,21.2795975975018,6.13333284519967,15.2122269381081
synthetic_in_distribution,degraded,in_distribution_004__degraded,synthetic_in_distribution::in_distribution_004__degraded,ct_ekf,prior,combined_maneuver,349,511.348076768908,232.073910491034,1260.20296070907,84.9112875553571,73.082180024446,150.957518290486
synthetic_in_distribution,degraded,in_distribution_004__degraded,synthetic_in_distribution::in_distribution_004__degraded,ct_ekf,prior,constant_velocity,340,94.4332210534614,42.5333965273428,226.429886450539,16.4017434023624,6.70808601260526,45.2022792625448
synthetic_in_distribution,degraded,in_distribution_004__degraded,synthetic_in_distribution::in_distribution_004__degraded,ct_ekf,prior,vertical_acceleration,156,60.1077538308411,47.2169698511319,116.657666957542,9.99547996389622,8.45077135595449,16.2420405790127
synthetic_in_distribution,degraded,in_distribution_004__degraded,synthetic_in_distribution::in_distribution_004__degraded,ct_ekf,prior,constant_turn,102,332.149022413905,126.562786066518,841.656949140467,47.7759389729477,36.0809464656432,90.6340836314809
synthetic_in_distribution,degraded,in_distribution_004__degraded,synthetic_in_distribution::in_distribution_004__degraded,ct_ekf,posterior,forward_acceleration,253,120.00953453951,32.2933135734716,150.205304435804,19.6960616350653,5.87051429456962,14.9356049713184
synthetic_in_distribution,degraded,in_distribution_004__degraded,synthetic_in_distribution::in_distribution_004__degraded,ct_ekf,posterior,combined_maneuver,349,475.923316129115,199.096252669442,1187.83051363982,81.227002201413,68.8463023046954,146.787272329542
synthetic_in_distribution,degraded,in_distribution_004__degraded,synthetic_in_distribution::in_distribution_004__degraded,ct_ekf,posterior,constant_velocity,340,84.0981971350703,40.2677208960793,183.550227042043,15.1711061121651,6.32379822462913,42.2565202366242
synthetic_in_distribution,degraded,in_distribution_004__degraded,synthetic_in_distribution::in_distribution_004__degraded,ct_ekf,posterior,vertical_acceleration,156,56.1987068387043,43.1506210777488,111.306852787298,9.44656430795164,8.06019353962386,15.4556387139653
synthetic_in_distribution,degraded,in_distribution_004__degraded,synthetic_in_distribution::in_distribution_004__degraded,ct_ekf,posterior,constant_turn,102,311.418680409849,111.045981846738,796.991380741198,45.7874653731024,33.7337446548396,88.2202406197888
synthetic_in_distribution,degraded,in_distribution_004__degraded,synthetic_in_distribution::in_distribution_004__degraded,native_imm,prior,forward_acceleration,253,224.944745939279,47.0614996756685,562.661563787593,34.3984875459587,12.884466314258,88.5437924552382
synthetic_in_distribution,degraded,in_distribution_004__degraded,synthetic_in_distribution::in_distribution_004__degraded,native_imm,prior,combined_maneuver,349,187.284075090314,69.3426270811405,456.354646577437,36.2576639111735,26.099826283668,71.1279185451949
synthetic_in_distribution,degraded,in_distribution_004__degraded,synthetic_in_distribution::in_distribution_004__degraded,native_imm,prior,constant_velocity,340,111.663710276276,42.1637691216549,265.754927155251,22.1901503936244,10.5052874306694,48.437977562612
synthetic_in_distribution,degraded,in_distribution_004__degraded,synthetic_in_distribution::in_distribution_004__degraded,native_imm,prior,vertical_acceleration,156,72.419351748125,44.9011284909545,160.85977855873,14.2618329230486,9.94983443953608,27.9420592890175
synthetic_in_distribution,degraded,in_distribution_004__degraded,synthetic_in_distribution::in_distribution_004__degraded,native_imm,prior,constant_turn,102,113.199688100691,59.8297174269317,255.047193766474,30.8988436209705,19.7241236731505,55.3476344279966
synthetic_in_distribution,degraded,in_distribution_004__degraded,synthetic_in_distribution::in_distribution_004__degraded,native_imm,posterior,forward_acceleration,253,209.690836334489,40.0949096277382,519.45930694093,33.0907646655348,11.9502397034146,86.464702861041
synthetic_in_distribution,degraded,in_distribution_004__degraded,synthetic_in_distribution::in_distribution_004__degraded,native_imm,posterior,combined_maneuver,349,172.737685959784,60.0297357035391,421.776775606221,34.0090749242612,23.4338949934897,67.7128852344305
synthetic_in_distribution,degraded,in_distribution_004__degraded,synthetic_in_distribution::in_distribution_004__degraded,native_imm,posterior,constant_velocity,340,103.236878743141,38.6252417718874,244.969095209182,20.7650167060751,9.81985992437043,46.6412540386771
synthetic_in_distribution,degraded,in_distribution_004__degraded,synthetic_in_distribution::in_distribution_004__degraded,native_imm,posterior,vertical_acceleration,156,67.4546096544625,40.940950030785,151.512803153941,13.2968776387036,9.72477980314082,25.4317638488743
synthetic_in_distribution,degraded,in_distribution_004__degraded,synthetic_in_distribution::in_distribution_004__degraded,native_imm,posterior,constant_turn,102,101.992578204331,51.2512477712223,234.050627122485,29.2305445278147,18.3886047426505,53.5742078276154
synthetic_in_distribution,degraded,in_distribution_004__degraded,synthetic_in_distribution::in_distribution_004__degraded,warm_ukf,prior,forward_acceleration,253,346.672614637421,61.0629453387617,791.086378756679,56.7619739551151,50.7805974826256,83.2915558420307
synthetic_in_distribution,degraded,in_distribution_004__degraded,synthetic_in_distribution::in_distribution_004__degraded,warm_ukf,prior,combined_maneuver,349,840.435630910962,140.968882301395,1349.23026938297,102.438532280938,92.7090602382055,162.285811645011
synthetic_in_distribution,degraded,in_distribution_004__degraded,synthetic_in_distribution::in_distribution_004__degraded,warm_ukf,prior,constant_velocity,340,444.977857338481,62.9593468968326,324.11214053564,46.909327520581,44.4392262883461,72.9201685430576
synthetic_in_distribution,degraded,in_distribution_004__degraded,synthetic_in_distribution::in_distribution_004__degraded,warm_ukf,prior,vertical_acceleration,156,1708.86125031489,67.4395601335865,3364.91417480592,50.0596660766644,45.4858326450881,59.4612759883335
synthetic_in_distribution,degraded,in_distribution_004__degraded,synthetic_in_distribution::in_distribution_004__degraded,warm_ukf,prior,constant_turn,102,471.967760015395,88.6343517343978,1347.76670854091,53.4199449083029,49.6472727961579,87.1244100643813
synthetic_in_distribution,degraded,in_distribution_004__degraded,synthetic_in_distribution::in_distribution_004__degraded,warm_ukf,posterior,forward_acceleration,253,325.012603729223,49.7914250989879,756.14022909321,56.7016320889999,50.7751823569061,83.2568812696173
synthetic_in_distribution,degraded,in_distribution_004__degraded,synthetic_in_distribution::in_distribution_004__degraded,warm_ukf,posterior,combined_maneuver,349,760.14226065796,109.324519909712,1264.98917161831,99.2032640993191,89.9497162253019,158.128736418567
synthetic_in_distribution,degraded,in_distribution_004__degraded,synthetic_in_distribution::in_distribution_004__degraded,warm_ukf,posterior,constant_velocity,340,320.412253440487,53.644222371013,209.085771042132,46.0838904822941,44.3167316059246,72.7063852782738
synthetic_in_distribution,degraded,in_distribution_004__degraded,synthetic_in_distribution::in_distribution_004__degraded,warm_ukf,posterior,vertical_acceleration,156,1590.24708318546,54.4475178784079,2714.72982279436,49.2107012374267,45.4858326450881,59.2230753328693
synthetic_in_distribution,degraded,in_distribution_004__degraded,synthetic_in_distribution::in_distribution_004__degraded,warm_ukf,posterior,constant_turn,102,422.294628464606,77.6857569625213,1227.1169338213,52.306354420435,48.3154292563018,85.4550301431036
synthetic_in_distribution,ideal,in_distribution_005__ideal,synthetic_in_distribution::in_distribution_005__ideal,cv_ekf,prior,vertical_acceleration,219,0.32496172222721,0.30905938835167,0.332610033653236,0.388434947499658,0.359413144774731,0.387402375178748
synthetic_in_distribution,ideal,in_distribution_005__ideal,synthetic_in_distribution::in_distribution_005__ideal,cv_ekf,prior,constant_turn,270,2.01872575089855,2.04388517770578,2.32413906087132,3.19336538538889,3.22197539003907,3.66512604576852
synthetic_in_distribution,ideal,in_distribution_005__ideal,synthetic_in_distribution::in_distribution_005__ideal,cv_ekf,prior,forward_acceleration,291,0.813044932712295,0.863590123888631,1.17466365336753,1.27276923515029,1.3610962523385,1.85118031154747
synthetic_in_distribution,ideal,in_distribution_005__ideal,synthetic_in_distribution::in_distribution_005__ideal,cv_ekf,prior,constant_velocity,360,0.231719296460417,2.05923144736522e-10,0.0957225914439809,0.307014750716477,9.95734488269479e-11,0.111830510557732
synthetic_in_distribution,ideal,in_distribution_005__ideal,synthetic_in_distribution::in_distribution_005__ideal,cv_ekf,prior,combined_maneuver,60,4.25082369294269,4.3613956751133,4.46304988367003,6.75652438561261,6.8767879931322,7.0848461173034
synthetic_in_distribution,ideal,in_distribution_005__ideal,synthetic_in_distribution::in_distribution_005__ideal,cv_ekf,posterior,vertical_acceleration,219,0.158750615701965,0.15530674880938,0.167562250454011,0.268740313218982,0.257948401482953,0.274510754354463
synthetic_in_distribution,ideal,in_distribution_005__ideal,synthetic_in_distribution::in_distribution_005__ideal,cv_ekf,posterior,constant_turn,270,0.741130530440992,0.750400989136722,0.852928043107524,1.94748787387206,1.95244873417981,2.22065095779659
synthetic_in_distribution,ideal,in_distribution_005__ideal,synthetic_in_distribution::in_distribution_005__ideal,cv_ekf,posterior,forward_acceleration,291,0.298736964679182,0.317117776691082,0.431403726158795,0.772503555513164,0.82479341297857,1.12181362381617
synthetic_in_distribution,ideal,in_distribution_005__ideal,synthetic_in_distribution::in_distribution_005__ideal,cv_ekf,posterior,constant_velocity,360,0.0850506332934028,7.53181487805936e-11,0.0351405466281975,0.171510028519598,7.67945091006348e-11,0.0828573050243891
synthetic_in_distribution,ideal,in_distribution_005__ideal,synthetic_in_distribution::in_distribution_005__ideal,cv_ekf,posterior,combined_maneuver,60,1.56094737326907,1.60142777677412,1.63905695548589,4.12243249044096,4.167645995768,4.37617040383202
synthetic_in_distribution,ideal,in_distribution_005__ideal,synthetic_in_distribution::in_distribution_005__ideal,ca_ekf,prior,vertical_acceleration,219,0.158370018853763,0.000811951160377047,0.329569312410058,0.235308246052226,0.000814574768986276,0.346124115463074
synthetic_in_distribution,ideal,in_distribution_005__ideal,synthetic_in_distribution::in_distribution_005__ideal,ca_ekf,prior,constant_turn,270,0.757731749677728,0.0945332877704878,1.47469523624005,1.2372379925448,0.149256189637266,2.33978701268231
synthetic_in_distribution,ideal,in_distribution_005__ideal,synthetic_in_distribution::in_distribution_005__ideal,ca_ekf,prior,forward_acceleration,291,0.346314525943187,0.000463650064953823,0.64107737331136,0.563689253210262,0.000588138468262809,1.13523282640096
synthetic_in_distribution,ideal,in_distribution_005__ideal,synthetic_in_distribution::in_distribution_005__ideal,ca_ekf,prior,constant_velocity,360,0.269392383777959,1.67920459212262e-05,0.456711350733495,0.441223764881871,2.10125544217799e-05,0.789974241622815
synthetic_in_distribution,ideal,in_distribution_005__ideal,synthetic_in_distribution::in_distribution_005__ideal,ca_ekf,prior,combined_maneuver,60,1.02439564803998,0.434867940864434,2.96560385339741,1.67040462003428,0.688063411743656,4.8603470337424
synthetic_in_distribution,ideal,in_distribution_005__ideal,synthetic_in_distribution::in_distribution_005__ideal,ca_ekf,posterior,vertical_acceleration,219,0.0694440357432226,0.000444474587536906,0.185199688856732,0.155941662964789,0.000596164128772614,0.258181626094974
synthetic_in_distribution,ideal,in_distribution_005__ideal,synthetic_in_distribution::in_distribution_005__ideal,ca_ekf,posterior,constant_turn,270,0.280316287811126,0.0346632334317054,0.54429547271715,0.795968785129613,0.0903052636092593,1.4729982546792
synthetic_in_distribution,ideal,in_distribution_005__ideal,synthetic_in_distribution::in_distribution_005__ideal,ca_ekf,posterior,forward_acceleration,291,0.1290803677602,0.00018472352757235,0.275228171659985,0.362667684347917,0.000327796914796625,0.731141762770757
synthetic_in_distribution,ideal,in_distribution_005__ideal,synthetic_in_distribution::in_distribution_005__ideal,ca_ekf,posterior,constant_velocity,360,0.0988980215036843,6.16619955565499e-06,0.167263952935459,0.283898915606657,1.30020850037339e-05,0.410883981493005
synthetic_in_distribution,ideal,in_distribution_005__ideal,synthetic_in_distribution::in_distribution_005__ideal,ca_ekf,posterior,combined_maneuver,60,0.376677867951834,0.158919774309845,1.08988706486932,1.06666458864496,0.416000204771091,3.13219105199915
synthetic_in_distribution,ideal,in_distribution_005__ideal,synthetic_in_distribution::in_distribution_005__ideal,ct_ekf,prior,vertical_acceleration,219,0.354442136999407,0.346467743876019,0.361835240639868,0.429176023667488,0.411904562976639,0.433337542331687
synthetic_in_distribution,ideal,in_distribution_005__ideal,synthetic_in_distribution::in_distribution_005__ideal,ct_ekf,prior,constant_turn,270,2.07723354306293,1.99799262889057,2.52617208389324,3.28084414383265,3.1460441656507,3.97299645577101
synthetic_in_distribution,ideal,in_distribution_005__ideal,synthetic_in_distribution::in_distribution_005__ideal,ct_ekf,prior,forward_acceleration,291,0.833981705993373,0.878709053582659,1.20127596676144,1.30067025268775,1.38084060278182,1.8873309762436
synthetic_in_distribution,ideal,in_distribution_005__ideal,synthetic_in_distribution::in_distribution_005__ideal,ct_ekf,prior,constant_velocity,360,0.256151006434598,0.0949698255954121,0.183876737029028,0.35119180797317,0.149197393810005,0.238519471499425
synthetic_in_distribution,ideal,in_distribution_005__ideal,synthetic_in_distribution::in_distribution_005__ideal,ct_ekf,prior,combined_maneuver,60,4.08421773422992,4.18385230423892,4.39195972927226,6.47271434095249,6.58139123994354,6.95574657254534
synthetic_in_distribution,ideal,in_distribution_005__ideal,synthetic_in_distribution::in_distribution_005__ideal,ct_ekf,posterior,vertical_acceleration,219,0.173039491230468,0.173549888148809,0.180187576871066,0.294273559028503,0.281594567612634,0.305297594022466
synthetic_in_distribution,ideal,in_distribution_005__ideal,synthetic_in_distribution::in_distribution_005__ideal,ct_ekf,posterior,constant_turn,270,0.765103009077944,0.735782462911019,0.930156191927313,2.00489482674584,1.91216761532821,2.41210752305112
synthetic_in_distribution,ideal,in_distribution_005__ideal,synthetic_in_distribution::in_distribution_005__ideal,ct_ekf,posterior,forward_acceleration,291,0.307612107812929,0.323915574609442,0.442841558500416,0.790398237660067,0.838479613722125,1.14582623236624
synthetic_in_distribution,ideal,in_distribution_005__ideal,synthetic_in_distribution::in_distribution_005__ideal,ct_ekf,posterior,constant_velocity,360,0.0943534185546571,0.0349769281066577,0.0677275798794816,0.200958806264029,0.0905684210884304,0.139909476973195
synthetic_in_distribution,ideal,in_distribution_005__ideal,synthetic_in_distribution::in_distribution_005__ideal,ct_ekf,posterior,combined_maneuver,60,1.50501629319961,1.54152251735281,1.61881980791442,3.95562510981211,3.99746681841929,4.30646923627697
synthetic_in_distribution,ideal,in_distribution_005__ideal,synthetic_in_distribution::in_distribution_005__ideal,native_imm,prior,vertical_acceleration,219,0.359847499501818,0.350031919429346,0.374333639878415,0.400881764678783,0.374447430672303,0.405194199770676
synthetic_in_distribution,ideal,in_distribution_005__ideal,synthetic_in_distribution::in_distribution_005__ideal,native_imm,prior,constant_turn,270,0.761536237972058,0.195815808354665,1.63661850349846,1.33405481668713,0.360071733546134,2.65966365662466
synthetic_in_distribution,ideal,in_distribution_005__ideal,synthetic_in_distribution::in_distribution_005__ideal,native_imm,prior,forward_acceleration,291,0.788412729659543,0.874692062957411,1.1783792248443,1.24729970331457,1.34827804287798,1.83133155929698
synthetic_in_distribution,ideal,in_distribution_005__ideal,synthetic_in_distribution::in_distribution_005__ideal,native_imm,prior,constant_velocity,360,0.146572753014618,0.00498801967889997,0.174949100295617,0.27952010494662,1.99795100063218e-05,0.205668654512934
synthetic_in_distribution,ideal,in_distribution_005__ideal,synthetic_in_distribution::in_distribution_005__ideal,native_imm,prior,combined_maneuver,60,1.37758771021084,1.3228412058877,1.7101834592552,2.28163605515505,2.07210769062993,3.80805417983482
synthetic_in_distribution,ideal,in_distribution_005__ideal,synthetic_in_distribution::in_distribution_005__ideal,native_imm,posterior,vertical_acceleration,219,0.187049689704189,0.18534793919207,0.200103490278343,0.286287883138669,0.277589234545492,0.295976766585566
synthetic_in_distribution,ideal,in_distribution_005__ideal,synthetic_in_distribution::in_distribution_005__ideal,native_imm,posterior,constant_turn,270,0.251956528111526,0.0547904448914917,0.58208204471304,0.765913331766806,0.191439992771987,1.63009516379149
synthetic_in_distribution,ideal,in_distribution_005__ideal,synthetic_in_distribution::in_distribution_005__ideal,native_imm,posterior,forward_acceleration,291,0.290550829898607,0.322623282265903,0.438030330749203,0.761513624970843,0.822731455056633,1.11721073944771
synthetic_in_distribution,ideal,in_distribution_005__ideal,synthetic_in_distribution::in_distribution_005__ideal,native_imm,posterior,constant_velocity,360,0.0419510267204063,4.61945883283316e-11,0.0476146671049415,0.151874074338817,9.50238219249336e-11,0.0842914576967247
synthetic_in_distribution,ideal,in_distribution_005__ideal,synthetic_in_distribution::in_distribution_005__ideal,native_imm,posterior,combined_maneuver,60,0.492467125489349,0.495654405436032,0.523102671738201,1.35807957929389,1.26040070992315,1.78589199008302
synthetic_in_distribution,ideal,in_distribution_005__ideal,synthetic_in_distribution::in_distribution_005__ideal,warm_ukf,prior,vertical_acceleration,219,110.50168874482,9.9919477594603,32.3721860504386,67.8465458878274,55.1012837335718,115.025624611654
synthetic_in_distribution,ideal,in_distribution_005__ideal,synthetic_in_distribution::in_distribution_005__ideal,warm_ukf,prior,constant_turn,270,60.5910987744978,12.9352011418661,31.8241464480573,84.6747480495427,78.4946394410577,115.737876340357
synthetic_in_distribution,ideal,in_distribution_005__ideal,synthetic_in_distribution::in_distribution_005__ideal,warm_ukf,prior,forward_acceleration,291,58.0657078072425,13.8416586524878,35.756835341953,85.322639751815,85.250993694515,106.332007931956
synthetic_in_distribution,ideal,in_distribution_005__ideal,synthetic_in_distribution::in_distribution_005__ideal,warm_ukf,prior,constant_velocity,360,29.8731588548218,11.4788312723881,31.9662327251945,89.0559570557856,77.1095649303764,120.355354263533
synthetic_in_distribution,ideal,in_distribution_005__ideal,synthetic_in_distribution::in_distribution_005__ideal,warm_ukf,prior,combined_maneuver,60,18.2352997557841,17.0588589826227,29.5994376839218,84.0390049556028,85.2889094100635,96.5763525514846
synthetic_in_distribution,ideal,in_distribution_005__ideal,synthetic_in_distribution::in_distribution_005__ideal,warm_ukf,posterior,vertical_acceleration,219,0.0487517762450944,0.0483014680072401,0.0696646068693146,67.750009897416,55.209534812846,114.866551981248
synthetic_in_distribution,ideal,in_distribution_005__ideal,synthetic_in_distribution::in_distribution_005__ideal,warm_ukf,posterior,constant_turn,270,0.0635079804061992,0.0596882958802069,0.096708548211543,84.311365535223,78.4181516778648,114.851241454914
synthetic_in_distribution,ideal,in_distribution_005__ideal,synthetic_in_distribution::in_distribution_005__ideal,warm_ukf,posterior,forward_acceleration,291,0.0528421180532739,0.0497276036581916,0.0801063554548238,85.312254045706,85.2056814287481,106.154732243502
synthetic_in_distribution,ideal,in_distribution_005__ideal,synthetic_in_distribution::in_distribution_005__ideal,warm_ukf,posterior,constant_velocity,360,0.0517253108781792,0.0478943878701567,0.0742504056790566,88.9899730939381,77.0065345151426,120.112366154344
synthetic_in_distribution,ideal,in_distribution_005__ideal,synthetic_in_distribution::in_distribution_005__ideal,warm_ukf,posterior,combined_maneuver,60,0.0949443712961619,0.0910810064070727,0.137225245950708,82.595175179186,83.8320482579111,95.0924480299278
synthetic_in_distribution,empirical_timing,in_distribution_005__empirical_timing,synthetic_in_distribution::in_distribution_005__empirical_timing,cv_ekf,prior,vertical_acceleration,219,9.16411712250393,0.505100571857842,9.17617248579739,1.91351770324868,0.472326802016916,2.02262449138769
synthetic_in_distribution,empirical_timing,in_distribution_005__empirical_timing,synthetic_in_distribution::in_distribution_005__empirical_timing,cv_ekf,prior,constant_turn,270,13.9394742610035,3.40910790455397,32.1722422815722,6.47765321560496,4.3245415527833,12.8195373074008
synthetic_in_distribution,empirical_timing,in_distribution_005__empirical_timing,synthetic_in_distribution::in_distribution_005__empirical_timing,cv_ekf,prior,forward_acceleration,291,7.77918629575287,1.50258157785707,17.9625930305732,3.01685412384848,1.67259930052079,6.74051809662049
synthetic_in_distribution,empirical_timing,in_distribution_005__empirical_timing,synthetic_in_distribution::in_distribution_005__empirical_timing,cv_ekf,prior,constant_velocity,360,0.873775335204417,3.02717934975076e-06,2.31953969771719,0.431754312905082,1.80829018365277e-06,0.293972828798773
synthetic_in_distribution,empirical_timing,in_distribution_005__empirical_timing,synthetic_in_distribution::in_distribution_005__empirical_timing,cv_ekf,prior,combined_maneuver,60,69.2540057893307,10.9499444551975,176.633546366855,21.2216020672418,12.528972165927,43.6293041372412
synthetic_in_distribution,empirical_timing,in_distribution_005__empirical_timing,synthetic_in_distribution::in_distribution_005__empirical_timing,cv_ekf,posterior,vertical_acceleration,219,7.92091744005746,0.300795743603888,7.2649905649583,1.73840639559698,0.36847925035967,1.79973935029283
synthetic_in_distribution,empirical_timing,in_distribution_005__empirical_timing,synthetic_in_distribution::in_distribution_005__empirical_timing,cv_ekf,posterior,constant_turn,270,11.3276897214613,1.74538405073828,25.903071439857,5.43274267458156,3.22455340082624,11.5514936179457
synthetic_in_distribution,empirical_timing,in_distribution_005__empirical_timing,synthetic_in_distribution::in_distribution_005__empirical_timing,cv_ekf,posterior,forward_acceleration,291,6.80359636714925,0.793407793864499,16.0656210645056,2.67041696594431,1.21757855294483,6.33922083994773
synthetic_in_distribution,empirical_timing,in_distribution_005__empirical_timing,synthetic_in_distribution::in_distribution_005__empirical_timing,cv_ekf,posterior,constant_velocity,360,0.753416630630595,1.63080440365724e-06,1.87858045491362,0.257378604073377,1.65338064653892e-06,0.293972828798773
synthetic_in_distribution,empirical_timing,in_distribution_005__empirical_timing,synthetic_in_distribution::in_distribution_005__empirical_timing,cv_ekf,posterior,combined_maneuver,60,59.9154248805349,5.60055120847236,155.52768107194,19.0898932926394,9.82218527672891,40.969770239743
synthetic_in_distribution,empirical_timing,in_distribution_005__empirical_timing,synthetic_in_distribution::in_distribution_005__empirical_timing,ca_ekf,prior,vertical_acceleration,219,0.506960100458805,0.00253261049393301,0.918945085030909,0.483650658268194,0.00196120412784273,0.51811029284306
synthetic_in_distribution,empirical_timing,in_distribution_005__empirical_timing,synthetic_in_distribution::in_distribution_005__empirical_timing,ca_ekf,prior,constant_turn,270,3.45892374719639,0.294242611136751,7.25846423252881,2.58971545439434,0.333129882675696,6.42354331537164
synthetic_in_distribution,empirical_timing,in_distribution_005__empirical_timing,synthetic_in_distribution::in_distribution_005__empirical_timing,ca_ekf,prior,forward_acceleration,291,1.44374069602914,0.0197646564853009,3.64849149146655,0.837110550323271,0.0175385201132399,1.7380734861832
synthetic_in_distribution,empirical_timing,in_distribution_005__empirical_timing,synthetic_in_distribution::in_distribution_005__empirical_timing,ca_ekf,prior,constant_velocity,360,3.36139804555929,0.00220821336163811,6.4588038798653,1.0017908090989,0.00212664944575185,2.62216454821948
synthetic_in_distribution,empirical_timing,in_distribution_005__empirical_timing,synthetic_in_distribution::in_distribution_005__empirical_timing,ca_ekf,prior,combined_maneuver,60,13.7416478914704,2.66235930763681,35.8425878860116,5.58242372420588,2.67170639475703,12.1260753364274
synthetic_in_distribution,empirical_timing,in_distribution_005__empirical_timing,synthetic_in_distribution::in_distribution_005__empirical_timing,ca_ekf,posterior,vertical_acceleration,219,0.32593032720972,0.00143523564429085,0.690080648126917,0.370856475775294,0.00170688754156373,0.414577529668559
synthetic_in_distribution,empirical_timing,in_distribution_005__empirical_timing,synthetic_in_distribution::in_distribution_005__empirical_timing,ca_ekf,posterior,constant_turn,270,2.41800771126515,0.116392750161972,4.72590372850663,2.04537869494952,0.242617152122764,5.0305218631727
synthetic_in_distribution,empirical_timing,in_distribution_005__empirical_timing,synthetic_in_distribution::in_distribution_005__empirical_timing,ca_ekf,posterior,forward_acceleration,291,1.18350211415299,0.0067466063791619,2.93848374319603,0.631120617275128,0.0142607420114045,1.46588264518465
synthetic_in_distribution,empirical_timing,in_distribution_005__empirical_timing,synthetic_in_distribution::in_distribution_005__empirical_timing,ca_ekf,posterior,constant_velocity,360,3.0117246076593,0.00103786250944755,4.97584735581922,0.838714518700987,0.00132966032522274,2.21129576763203
synthetic_in_distribution,empirical_timing,in_distribution_005__empirical_timing,synthetic_in_distribution::in_distribution_005__empirical_timing,ca_ekf,posterior,combined_maneuver,60,11.4330451293173,1.17321097606373,30.3408377619356,4.70727299375424,2.02254957802274,10.3986079355349
synthetic_in_distribution,empirical_timing,in_distribution_005__empirical_timing,synthetic_in_distribution::in_distribution_005__empirical_timing,ct_ekf,prior,vertical_acceleration,219,9.2943257672408,0.58610962054865,9.2658995143511,1.95867527921338,0.540741865607094,2.03212263830905
synthetic_in_distribution,empirical_timing,in_distribution_005__empirical_timing,synthetic_in_distribution::in_distribution_005__empirical_timing,ct_ekf,prior,constant_turn,270,14.3644938400302,3.23972363897001,33.11380692043,6.68183462006243,4.33872998051633,13.4089463826093
synthetic_in_distribution,empirical_timing,in_distribution_005__empirical_timing,synthetic_in_distribution::in_distribution_005__empirical_timing,ct_ekf,prior,forward_acceleration,291,8.06554507858649,1.66765612180713,18.2411203223529,3.09068377968275,1.78073891391845,6.83741153651314
synthetic_in_distribution,empirical_timing,in_distribution_005__empirical_timing,synthetic_in_distribution::in_distribution_005__empirical_timing,ct_ekf,prior,constant_velocity,360,3.32305248692877,0.273680410533636,5.15062246532445,0.755345258470292,0.293174736779878,1.7056005097645
synthetic_in_distribution,empirical_timing,in_distribution_005__empirical_timing,synthetic_in_distribution::in_distribution_005__empirical_timing,ct_ekf,prior,combined_maneuver,60,66.9257688547518,10.4087656160002,171.454225730212,20.4270015971248,12.0458546709839,42.3167101578071
synthetic_in_distribution,empirical_timing,in_distribution_005__empirical_timing,synthetic_in_distribution::in_distribution_005__empirical_timing,ct_ekf,posterior,vertical_acceleration,219,8.03030062380554,0.347600720315313,7.34521944658916,1.77447781090614,0.417268020947852,1.80923749721419
synthetic_in_distribution,empirical_timing,in_distribution_005__empirical_timing,synthetic_in_distribution::in_distribution_005__empirical_timing,ct_ekf,posterior,constant_turn,270,11.6805628954041,1.66818160849403,27.6321440006791,5.60832779416633,3.10015415406893,11.9766116049445
synthetic_in_distribution,empirical_timing,in_distribution_005__empirical_timing,synthetic_in_distribution::in_distribution_005__empirical_timing,ct_ekf,posterior,forward_acceleration,291,7.05682167550166,0.862134870711855,16.3090944420124,2.73600589945395,1.2958148522961,6.42389777605484
synthetic_in_distribution,empirical_timing,in_distribution_005__empirical_timing,synthetic_in_distribution::in_distribution_005__empirical_timing,ct_ekf,posterior,constant_velocity,360,3.0400933719031,0.14077051814542,4.56814555803652,0.628065673102228,0.217422857389339,1.53139950275826
synthetic_in_distribution,empirical_timing,in_distribution_005__empirical_timing,synthetic_in_distribution::in_distribution_005__empirical_timing,ct_ekf,posterior,combined_maneuver,60,57.932455941382,4.97285014831405,150.985003972176,18.3864600271113,9.44972402596783,39.7410375070755
synthetic_in_distribution,empirical_timing,in_distribution_005__empirical_timing,synthetic_in_distribution::in_distribution_005__empirical_timing,native_imm,prior,vertical_acceleration,219,9.11135653796177,0.434667082973438,8.56815700061366,1.87384932017445,0.442279065404163,1.96385976136653
synthetic_in_distribution,empirical_timing,in_distribution_005__empirical_timing,synthetic_in_distribution::in_distribution_005__empirical_timing,native_imm,prior,constant_turn,270,7.16548674026497,0.604241868518263,15.9942703844031,3.45064682197388,0.831804234485762,8.56301027697873
synthetic_in_distribution,empirical_timing,in_distribution_005__empirical_timing,synthetic_in_distribution::in_distribution_005__empirical_timing,native_imm,prior,forward_acceleration,291,7.59890577814632,1.1440246978463,18.1490577264773,2.91763834617841,1.60468955446528,6.635735429428
synthetic_in_distribution,empirical_timing,in_distribution_005__empirical_timing,synthetic_in_distribution::in_distribution_005__empirical_timing,native_imm,prior,constant_velocity,360,0.818435069178652,0.0256766906915208,1.53383512002488,0.555052462224079,0.000373461735135017,0.662819120870462
synthetic_in_distribution,empirical_timing,in_distribution_005__empirical_timing,synthetic_in_distribution::in_distribution_005__empirical_timing,native_imm,prior,combined_maneuver,60,22.4111598279195,4.34795378376998,57.9379084008733,7.5800944906899,4.76813462987788,15.212532631039
synthetic_in_distribution,empirical_timing,in_distribution_005__empirical_timing,synthetic_in_distribution::in_distribution_005__empirical_timing,native_imm,posterior,vertical_acceleration,219,7.87567255822989,0.231549125168385,6.76095593381161,1.70366470345035,0.335307075603864,1.74254488935167
synthetic_in_distribution,empirical_timing,in_distribution_005__empirical_timing,synthetic_in_distribution::in_distribution_005__empirical_timing,native_imm,posterior,constant_turn,270,5.79440172415864,0.249859610850852,12.6171057656806,2.86250615255935,0.521470992263481,7.35125570579699
synthetic_in_distribution,empirical_timing,in_distribution_005__empirical_timing,synthetic_in_distribution::in_distribution_005__empirical_timing,native_imm,posterior,forward_acceleration,291,6.64988275962112,0.578154499194971,15.512059502903,2.58690876559037,1.063230716644,6.12506841069592
synthetic_in_distribution,empirical_timing,in_distribution_005__empirical_timing,synthetic_in_distribution::in_distribution_005__empirical_timing,native_imm,posterior,constant_velocity,360,0.622898104241105,0.00797607945174431,1.39654105505613,0.426252186557064,0.00022878884630586,0.292360527620069
synthetic_in_distribution,empirical_timing,in_distribution_005__empirical_timing,synthetic_in_distribution::in_distribution_005__empirical_timing,native_imm,posterior,combined_maneuver,60,19.2779111209939,2.61744338401505,50.7530025083249,6.64415071534954,3.7233462703634,14.1507905447387
synthetic_in_distribution,empirical_timing,in_distribution_005__empirical_timing,synthetic_in_distribution::in_distribution_005__empirical_timing,warm_ukf,prior,vertical_acceleration,219,113.46830335498,15.0064994286141,96.8711861257563,55.0952524856045,66.2112928188862,83.8903929007437
synthetic_in_distribution,empirical_timing,in_distribution_005__empirical_timing,synthetic_in_distribution::in_distribution_005__empirical_timing,warm_ukf,prior,constant_turn,270,126.809394380809,22.9356150923917,323.122473372107,89.0026096545243,83.3589752385909,129.68192124778
synthetic_in_distribution,empirical_timing,in_distribution_005__empirical_timing,synthetic_in_distribution::in_distribution_005__empirical_timing,warm_ukf,prior,forward_acceleration,291,182.315420948529,22.2431419697063,586.349747533491,70.5097278868944,69.0988302188315,93.265233451659
synthetic_in_distribution,empirical_timing,in_distribution_005__empirical_timing,synthetic_in_distribution::in_distribution_005__empirical_timing,warm_ukf,prior,constant_velocity,360,99.0348336056292,24.8403881481898,199.689625525427,88.696760450684,74.376438539433,156.295352590571
synthetic_in_distribution,empirical_timing,in_distribution_005__empirical_timing,synthetic_in_distribution::in_distribution_005__empirical_timing,warm_ukf,prior,combined_maneuver,60,125.754380797596,34.5939192943435,324.283017141978,72.2112788728117,68.4582803287452,97.9883891163916
synthetic_in_distribution,empirical_timing,in_distribution_005__empirical_timing,synthetic_in_distribution::in_distribution_005__empirical_timing,warm_ukf,posterior,vertical_acceleration,219,75.9942942106801,5.04292241437911,91.2111327692799,55.1105595320137,66.0863078906387,84.0090000211371
synthetic_in_distribution,empirical_timing,in_distribution_005__empirical_timing,synthetic_in_distribution::in_distribution_005__empirical_timing,warm_ukf,posterior,constant_turn,270,101.015765500311,8.06640370330682,240.407304379566,88.6179053073512,83.1964879964632,129.68192124778
synthetic_in_distribution,empirical_timing,in_distribution_005__empirical_timing,synthetic_in_distribution::in_distribution_005__empirical_timing,warm_ukf,posterior,forward_acceleration,291,164.608078074697,11.5123286897641,437.32737345532,70.3936772412247,69.0258728238671,93.0295985758153
synthetic_in_distribution,empirical_timing,in_distribution_005__empirical_timing,synthetic_in_distribution::in_distribution_005__empirical_timing,warm_ukf,posterior,constant_velocity,360,75.964486654548,11.2834486008913,182.056495643508,88.6649277645632,74.3066575370553,156.11054997839
synthetic_in_distribution,empirical_timing,in_distribution_005__empirical_timing,synthetic_in_distribution::in_distribution_005__empirical_timing,warm_ukf,posterior,combined_maneuver,60,111.447760799377,18.4933035391618,292.771432732776,70.7262412979677,66.4654209445247,95.9187988681328
synthetic_in_distribution,degraded,in_distribution_005__degraded,synthetic_in_distribution::in_distribution_005__degraded,cv_ekf,prior,vertical_acceleration,219,62.6980967470206,38.4413823303698,70.8822742833034,6.65711426837197,4.09190402084332,9.95450346344174
synthetic_in_distribution,degraded,in_distribution_005__degraded,synthetic_in_distribution::in_distribution_005__degraded,cv_ekf,prior,constant_turn,270,77.1883203083588,66.0058735430614,132.627133083768,19.0367531181306,17.9345728907506,27.9985246694485
synthetic_in_distribution,degraded,in_distribution_005__degraded,synthetic_in_distribution::in_distribution_005__degraded,cv_ekf,prior,forward_acceleration,291,61.468660560214,39.9993144399845,114.416309739953,9.99481750702932,7.64232973919339,18.581783935753
synthetic_in_distribution,degraded,in_distribution_005__degraded,synthetic_in_distribution::in_distribution_005__degraded,cv_ekf,prior,constant_velocity,360,39.6742979359995,32.1150787522902,61.1888412486279,4.75643962349839,2.57584564713577,10.2042431792079
synthetic_in_distribution,degraded,in_distribution_005__degraded,synthetic_in_distribution::in_distribution_005__degraded,cv_ekf,prior,combined_maneuver,60,213.112118724819,145.189083815389,424.453952603414,45.5459554356461,43.164522826692,69.6142658620918
synthetic_in_distribution,degraded,in_distribution_005__degraded,synthetic_in_distribution::in_distribution_005__degraded,cv_ekf,posterior,vertical_acceleration,219,57.9645309017309,36.3544527652599,67.5820039780238,6.38173869407792,4.02397078550245,9.95450346344174
synthetic_in_distribution,degraded,in_distribution_005__degraded,synthetic_in_distribution::in_distribution_005__degraded,cv_ekf,posterior,constant_turn,270,69.182063435847,58.2248078013572,118.558957090322,17.9827022425846,16.6817528805031,26.5727909848575
synthetic_in_distribution,degraded,in_distribution_005__degraded,synthetic_in_distribution::in_distribution_005__degraded,cv_ekf,posterior,forward_acceleration,291,58.2574886349519,37.036986848785,108.112771003596,9.59382502661496,7.11472770727089,18.4860657992407
synthetic_in_distribution,degraded,in_distribution_005__degraded,synthetic_in_distribution::in_distribution_005__degraded,cv_ekf,posterior,constant_velocity,360,37.3702124233427,31.0484043553451,58.6383178526849,4.49003401406997,2.57584564713577,7.77633874628755
synthetic_in_distribution,degraded,in_distribution_005__degraded,synthetic_in_distribution::in_distribution_005__degraded,cv_ekf,posterior,combined_maneuver,60,192.565330304145,123.759556553232,390.607900758462,43.4235932542718,40.5044958844484,67.0626273629997
synthetic_in_distribution,degraded,in_distribution_005__degraded,synthetic_in_distribution::in_distribution_005__degraded,ca_ekf,prior,vertical_acceleration,219,58.1944079607573,45.5737314457979,101.320560549665,11.9970128184108,10.477966456778,20.0247669133982
synthetic_in_distribution,degraded,in_distribution_005__degraded,synthetic_in_distribution::in_distribution_005__degraded,ca_ekf,prior,constant_turn,270,53.7400713681621,40.4324669276356,95.0355495625451,13.5533436105596,9.28239042093568,22.7949918451371
synthetic_in_distribution,degraded,in_distribution_005__degraded,synthetic_in_distribution::in_distribution_005__degraded,ca_ekf,prior,forward_acceleration,291,76.1801474294428,43.6665586549501,181.008860893048,13.1659309889974,8.3913573851923,25.6330813540113
synthetic_in_distribution,degraded,in_distribution_005__degraded,synthetic_in_distribution::in_distribution_005__degraded,ca_ekf,prior,constant_velocity,360,80.0224342090876,44.0247907783742,171.603266233068,11.8220044202541,8.62102199780763,22.9710424179736
synthetic_in_distribution,degraded,in_distribution_005__degraded,synthetic_in_distribution::in_distribution_005__degraded,ca_ekf,prior,combined_maneuver,60,69.6253607275153,41.497447293611,166.866673300297,18.0661827710734,14.161085904818,34.9907793919019
synthetic_in_distribution,degraded,in_distribution_005__degraded,synthetic_in_distribution::in_distribution_005__degraded,ca_ekf,posterior,vertical_acceleration,219,53.2203579237084,41.7665394029534,92.7447648026822,11.407705607195,9.91788151847578,19.0483836016276
synthetic_in_distribution,degraded,in_distribution_005__degraded,synthetic_in_distribution::in_distribution_005__degraded,ca_ekf,posterior,constant_turn,270,48.3621359677829,36.1562711520661,81.0922675939291,12.5707680006556,8.60782069412154,19.9990770474857
synthetic_in_distribution,degraded,in_distribution_005__degraded,synthetic_in_distribution::in_distribution_005__degraded,ca_ekf,posterior,forward_acceleration,291,70.5144912991026,41.2394074469157,166.544022363742,12.4811906635329,8.03365486771433,24.347443195409
synthetic_in_distribution,degraded,in_distribution_005__degraded,synthetic_in_distribution::in_distribution_005__degraded,ca_ekf,posterior,constant_velocity,360,74.9749072480152,39.9595965419643,160.357620064311,11.2905214962108,8.08564621432403,22.2212079043651
synthetic_in_distribution,degraded,in_distribution_005__degraded,synthetic_in_distribution::in_distribution_005__degraded,ca_ekf,posterior,combined_maneuver,60,62.0662908676626,35.5694862986023,150.013104862103,16.7820376686424,13.0103517778332,33.1021810676599
synthetic_in_distribution,degraded,in_distribution_005__degraded,synthetic_in_distribution::in_distribution_005__degraded,ct_ekf,prior,vertical_acceleration,219,63.2892980420871,39.5306098113161,71.3205887002215,6.72312570612359,4.14648427948326,9.95274297670487
synthetic_in_distribution,degraded,in_distribution_005__degraded,synthetic_in_distribution::in_distribution_005__degraded,ct_ekf,prior,constant_turn,270,77.131654103935,64.5880085876971,133.03531960861,19.4264594057842,17.4588422582156,29.057411859636
synthetic_in_distribution,degraded,in_distribution_005__degraded,synthetic_in_distribution::in_distribution_005__degraded,ct_ekf,prior,forward_acceleration,291,63.6575084073725,42.7127743792388,124.046060923899,10.3064656165448,7.73907747554216,19.9646304468041
synthetic_in_distribution,degraded,in_distribution_005__degraded,synthetic_in_distribution::in_distribution_005__degraded,ct_ekf,prior,constant_velocity,360,41.3051013292359,33.236941487188,69.3748462740247,4.90985191111943,2.88570944822537,10.37111597158
synthetic_in_distribution,degraded,in_distribution_005__degraded,synthetic_in_distribution::in_distribution_005__degraded,ct_ekf,prior,combined_maneuver,60,206.261741230886,140.975980973502,410.955644958416,44.0384143182125,41.772256667437,67.3892168280546
synthetic_in_distribution,degraded,in_distribution_005__degraded,synthetic_in_distribution::in_distribution_005__degraded,ct_ekf,posterior,vertical_acceleration,219,58.520106675244,37.2374479355192,67.5820011045905,6.44483551844714,4.06641804716276,9.95274297670487
synthetic_in_distribution,degraded,in_distribution_005__degraded,synthetic_in_distribution::in_distribution_005__degraded,ct_ekf,posterior,constant_turn,270,68.9776728821221,57.6116034664035,119.341406611822,18.3522268936724,16.4464740510996,27.9895354203838
synthetic_in_distribution,degraded,in_distribution_005__degraded,synthetic_in_distribution::in_distribution_005__degraded,ct_ekf,posterior,forward_acceleration,291,60.2416482482853,40.1467405590318,116.275207678154,9.88516378301221,7.22778311728332,18.9379381492269
synthetic_in_distribution,degraded,in_distribution_005__degraded,synthetic_in_distribution::in_distribution_005__degraded,ct_ekf,posterior,constant_velocity,360,38.8711526571486,31.5883130252146,64.1163957556797,4.62826371101682,2.86654860063854,8.0654772854775
synthetic_in_distribution,degraded,in_distribution_005__degraded,synthetic_in_distribution::in_distribution_005__degraded,ct_ekf,posterior,combined_maneuver,60,186.411676445698,120.237944374898,378.20425375136,41.9882790260902,39.2323966079592,64.9247790551737
synthetic_in_distribution,degraded,in_distribution_005__degraded,synthetic_in_distribution::in_distribution_005__degraded,native_imm,prior,vertical_acceleration,219,101.741226706152,51.9590753289832,237.056153240037,19.5406933589082,12.7959994729022,40.2665323054708
synthetic_in_distribution,degraded,in_distribution_005__degraded,synthetic_in_distribution::in_distribution_005__degraded,native_imm,prior,constant_turn,270,56.3613023968114,39.2569471247763,100.195172797273,15.7585020642129,9.76763447256447,29.7697921464299
synthetic_in_distribution,degraded,in_distribution_005__degraded,synthetic_in_distribution::in_distribution_005__degraded,native_imm,prior,forward_acceleration,291,110.770532620635,50.0585904403339,185.06345436071,20.0025686165698,13.3659310412204,44.1898459808868
synthetic_in_distribution,degraded,in_distribution_005__degraded,synthetic_in_distribution::in_distribution_005__degraded,native_imm,prior,constant_velocity,360,59.1708184905015,46.2353661702134,107.200844179344,12.6559971052619,8.75881681388861,24.3010064464318
synthetic_in_distribution,degraded,in_distribution_005__degraded,synthetic_in_distribution::in_distribution_005__degraded,native_imm,prior,combined_maneuver,60,64.4595687040291,53.6691135906519,114.650643037703,17.4629259531291,15.6141524176549,28.6840570729604
synthetic_in_distribution,degraded,in_distribution_005__degraded,synthetic_in_distribution::in_distribution_005__degraded,native_imm,posterior,vertical_acceleration,219,92.7115088752157,46.5454719680012,220.998052815882,18.6121819526973,12.0446476164911,38.551147584783
synthetic_in_distribution,degraded,in_distribution_005__degraded,synthetic_in_distribution::in_distribution_005__degraded,native_imm,posterior,constant_turn,270,50.5193227359034,34.7470967415501,94.0475859251594,14.6667532343997,9.38673705528156,28.9290759625939
synthetic_in_distribution,degraded,in_distribution_005__degraded,synthetic_in_distribution::in_distribution_005__degraded,native_imm,posterior,forward_acceleration,291,102.581660539526,43.8087501549591,177.653045962629,19.0440541618993,12.7051483692653,41.756547336673
synthetic_in_distribution,degraded,in_distribution_005__degraded,synthetic_in_distribution::in_distribution_005__degraded,native_imm,posterior,constant_velocity,360,54.5558033630946,41.208628905544,98.717419888058,11.9083928701243,8.35588835145263,22.5583340888626
synthetic_in_distribution,degraded,in_distribution_005__degraded,synthetic_in_distribution::in_distribution_005__degraded,native_imm,posterior,combined_maneuver,60,57.7849577404736,47.5189610711851,104.304322824055,16.5105661256234,14.9535583718562,27.0588228065994
synthetic_in_distribution,degraded,in_distribution_005__degraded,synthetic_in_distribution::in_distribution_005__degraded,warm_ukf,prior,vertical_acceleration,219,535.238890552888,53.021023374011,1592.57589990899,31.3528185356583,24.9371783487981,51.7110970720472
synthetic_in_distribution,degraded,in_distribution_005__degraded,synthetic_in_distribution::in_distribution_005__degraded,warm_ukf,prior,constant_turn,270,161.71342961125,54.3911816012691,406.823754689599,62.5012200173231,45.2913743698766,100.841888551001
synthetic_in_distribution,degraded,in_distribution_005__degraded,synthetic_in_distribution::in_distribution_005__degraded,warm_ukf,prior,forward_acceleration,291,94.9883792102931,59.5005860314431,176.511580675062,52.9017805884798,46.2737725067841,77.4461424463515
synthetic_in_distribution,degraded,in_distribution_005__degraded,synthetic_in_distribution::in_distribution_005__degraded,warm_ukf,prior,constant_velocity,360,380.434962579004,50.4752202325467,227.474881445115,59.4974426436694,56.0167939894564,82.0486771111976
synthetic_in_distribution,degraded,in_distribution_005__degraded,synthetic_in_distribution::in_distribution_005__degraded,warm_ukf,prior,combined_maneuver,60,291.744536419511,111.845862342459,643.050378183881,80.4130430895703,75.568410704755,106.611642373866
synthetic_in_distribution,degraded,in_distribution_005__degraded,synthetic_in_distribution::in_distribution_005__degraded,warm_ukf,posterior,vertical_acceleration,219,475.465954520467,45.588621168866,1581.90182613054,31.3153909768387,24.8218190518691,51.6093764778459
synthetic_in_distribution,degraded,in_distribution_005__degraded,synthetic_in_distribution::in_distribution_005__degraded,warm_ukf,posterior,constant_turn,270,139.463413065766,43.9349694262073,396.512722828648,61.9619746715333,45.2066947551477,99.7997002100273
synthetic_in_distribution,degraded,in_distribution_005__degraded,synthetic_in_distribution::in_distribution_005__degraded,warm_ukf,posterior,forward_acceleration,291,86.3166586803294,52.3044768253698,151.531435641474,52.9777669060525,46.6707887221509,77.3047204640728
synthetic_in_distribution,degraded,in_distribution_005__degraded,synthetic_in_distribution::in_distribution_005__degraded,warm_ukf,posterior,constant_velocity,360,355.09878456185,45.5595478452885,164.079685359177,59.4033863754072,56.0571246230896,81.8238118749598
synthetic_in_distribution,degraded,in_distribution_005__degraded,synthetic_in_distribution::in_distribution_005__degraded,warm_ukf,posterior,combined_maneuver,60,256.556632896452,88.2326848205937,627.930884522032,78.5358198035843,73.2565817428007,105.334328097486
synthetic_in_distribution,ideal,in_distribution_006__ideal,synthetic_in_distribution::in_distribution_006__ideal,cv_ekf,prior,combined_maneuver,135,9.69566011997134,9.79388142752211,10.2123605349629,15.4480602831317,15.4338262744987,16.1571210256863
synthetic_in_distribution,ideal,in_distribution_006__ideal,synthetic_in_distribution::in_distribution_006__ideal,cv_ekf,prior,vertical_acceleration,204,1.26743211150562,0.258890721636006,0.501268861083706,1.67249505496334,0.300534477980894,0.683591787836658
synthetic_in_distribution,ideal,in_distribution_006__ideal,synthetic_in_distribution::in_distribution_006__ideal,cv_ekf,prior,constant_turn,559,6.32203272106622,5.83873404652121,8.3369020318547,9.99380329038331,9.20517505842161,13.1448200246159
synthetic_in_distribution,ideal,in_distribution_006__ideal,synthetic_in_distribution::in_distribution_006__ideal,cv_ekf,prior,constant_velocity,248,0.510490411763469,1.06494965267933e-08,0.145984051704158,0.675893617237004,1.50506687535465e-08,0.133175739071982
synthetic_in_distribution,ideal,in_distribution_006__ideal,synthetic_in_distribution::in_distribution_006__ideal,cv_ekf,prior,forward_acceleration,54,1.01279379957253,1.04232725219769,1.06851222547186,1.61079025336252,1.64280395229442,1.69287725935164
synthetic_in_distribution,ideal,in_distribution_006__ideal,synthetic_in_distribution::in_distribution_006__ideal,cv_ekf,posterior,combined_maneuver,135,3.55185697747216,3.5978795561213,3.74866083110473,9.40772427221003,9.35667454793291,9.99133208056312
synthetic_in_distribution,ideal,in_distribution_006__ideal,synthetic_in_distribution::in_distribution_006__ideal,cv_ekf,posterior,vertical_acceleration,204,0.472601597396892,0.130427963769658,0.204563681984282,0.942558610294392,0.213314910791527,0.542590643722665
synthetic_in_distribution,ideal,in_distribution_006__ideal,synthetic_in_distribution::in_distribution_006__ideal,cv_ekf,posterior,constant_turn,559,2.3203156570413,2.14344572857133,3.06055656863451,6.07923393262142,5.57834035632614,7.96616456204422
synthetic_in_distribution,ideal,in_distribution_006__ideal,synthetic_in_distribution::in_distribution_006__ideal,cv_ekf,posterior,constant_velocity,248,0.187550561874163,4.60386218037456e-09,0.0722993324730851,0.377714949246597,8.9554290605806e-09,0.0943203995247889
synthetic_in_distribution,ideal,in_distribution_006__ideal,synthetic_in_distribution::in_distribution_006__ideal,cv_ekf,posterior,forward_acceleration,54,0.371906125780851,0.382751054758262,0.392366398823232,0.983425795395256,0.995501172039661,1.04557449240241
synthetic_in_distribution,ideal,in_distribution_006__ideal,synthetic_in_distribution::in_distribution_006__ideal,ca_ekf,prior,combined_maneuver,135,1.96485450652142,1.01321556683077,4.97114305457748,3.52759189428161,1.59842858489921,10.6187552763427
synthetic_in_distribution,ideal,in_distribution_006__ideal,synthetic_in_distribution::in_distribution_006__ideal,ca_ekf,prior,vertical_acceleration,204,1.45260004808275,0.001026613250815,3.69488626447596,2.376034204556,0.00104757660422584,5.85414155526195
synthetic_in_distribution,ideal,in_distribution_006__ideal,synthetic_in_distribution::in_distribution_006__ideal,ca_ekf,prior,constant_turn,559,1.7718287577803,0.442391089412557,2.97400066771299,2.89867246432299,0.700686071089516,5.10230298704741
synthetic_in_distribution,ideal,in_distribution_006__ideal,synthetic_in_distribution::in_distribution_006__ideal,ca_ekf,prior,constant_velocity,248,0.588818071026209,0.00031700168267807,0.547447617986339,0.966416869402498,0.00034922834691918,0.898703619246593
synthetic_in_distribution,ideal,in_distribution_006__ideal,synthetic_in_distribution::in_distribution_006__ideal,ca_ekf,prior,forward_acceleration,54,0.234365835363243,0.00158417417030218,0.729663065019452,0.385051564563369,0.00153335369088863,1.16377220876498
synthetic_in_distribution,ideal,in_distribution_006__ideal,synthetic_in_distribution::in_distribution_006__ideal,ca_ekf,posterior,combined_maneuver,135,0.658365788888157,0.351851980341272,1.44910211156348,2.09815262132953,0.962501449817679,5.9674851745536
synthetic_in_distribution,ideal,in_distribution_006__ideal,synthetic_in_distribution::in_distribution_006__ideal,ca_ekf,posterior,vertical_acceleration,204,0.533859188193342,0.000585474665240508,1.35763922918126,1.52904901702868,0.000668647437418591,3.81778108058168
synthetic_in_distribution,ideal,in_distribution_006__ideal,synthetic_in_distribution::in_distribution_006__ideal,ca_ekf,posterior,constant_turn,559,0.649889060803204,0.161426123455594,1.09341839151289,1.85887471190605,0.423284975125804,2.6635719250898
synthetic_in_distribution,ideal,in_distribution_006__ideal,synthetic_in_distribution::in_distribution_006__ideal,ca_ekf,posterior,constant_velocity,248,0.215744250543451,0.000123191302043441,0.200150507781658,0.620935396085656,0.000218705733998676,0.619917619365197
synthetic_in_distribution,ideal,in_distribution_006__ideal,synthetic_in_distribution::in_distribution_006__ideal,ca_ekf,posterior,forward_acceleration,54,0.0857289051618459,0.000579389651900155,0.266897527442915,0.247411371114055,0.00125989106403774,0.802527605654902
synthetic_in_distribution,ideal,in_distribution_006__ideal,synthetic_in_distribution::in_distribution_006__ideal,ct_ekf,prior,combined_maneuver,135,7.97032879207519,7.92358938210338,9.80629168158151,12.7085987496969,12.5382978391687,15.4820142446021
synthetic_in_distribution,ideal,in_distribution_006__ideal,synthetic_in_distribution::in_distribution_006__ideal,ct_ekf,prior,vertical_acceleration,204,2.3809119588872,2.01323071272083,2.75279509077997,3.59343956616488,3.15054543603067,4.13411723084641
synthetic_in_distribution,ideal,in_distribution_006__ideal,synthetic_in_distribution::in_distribution_006__ideal,ct_ekf,prior,constant_turn,559,6.55011644828417,4.32150595369786,10.3938388343263,10.344784069032,6.80912531234923,16.4007761724243
synthetic_in_distribution,ideal,in_distribution_006__ideal,synthetic_in_distribution::in_distribution_006__ideal,ct_ekf,prior,constant_velocity,248,1.83864404972377,1.69991150902496,2.28291554525355,2.88156850708912,2.66873627949721,3.58161115732277
synthetic_in_distribution,ideal,in_distribution_006__ideal,synthetic_in_distribution::in_distribution_006__ideal,ct_ekf,prior,forward_acceleration,54,2.10321545142119,2.09667550419559,2.25372139901698,3.30801629892281,3.29860693603111,3.55240090895277
synthetic_in_distribution,ideal,in_distribution_006__ideal,synthetic_in_distribution::in_distribution_006__ideal,ct_ekf,posterior,combined_maneuver,135,2.91734171807051,2.91299777074257,3.59772860635678,7.73671767306445,7.58435417446334,9.39600186729812
synthetic_in_distribution,ideal,in_distribution_006__ideal,synthetic_in_distribution::in_distribution_006__ideal,ct_ekf,posterior,vertical_acceleration,204,0.87945106130975,0.745450016599761,1.01443704238552,2.14980537092884,1.9017320513908,2.41328901946073
synthetic_in_distribution,ideal,in_distribution_006__ideal,synthetic_in_distribution::in_distribution_006__ideal,ct_ekf,posterior,constant_turn,559,2.41070353268706,1.58858939566303,3.82297202199231,6.30562517165463,4.16379171088151,9.97964624760228
synthetic_in_distribution,ideal,in_distribution_006__ideal,synthetic_in_distribution::in_distribution_006__ideal,ct_ekf,posterior,constant_velocity,248,0.67678271100142,0.626216208153197,0.839861560421304,1.7497362402436,1.61910909268149,2.17044898582125
synthetic_in_distribution,ideal,in_distribution_006__ideal,synthetic_in_distribution::in_distribution_006__ideal,ct_ekf,posterior,forward_acceleration,54,0.774641097991029,0.772289808611298,0.829984974939366,2.00879410405199,1.99914253408966,2.17102086266117
synthetic_in_distribution,ideal,in_distribution_006__ideal,synthetic_in_distribution::in_distribution_006__ideal,native_imm,prior,combined_maneuver,135,0.982310922475027,0.552247302105099,1.40604769450519,2.20265139238326,0.892166291390454,4.40651335464687
synthetic_in_distribution,ideal,in_distribution_006__ideal,synthetic_in_distribution::in_distribution_006__ideal,native_imm,prior,vertical_acceleration,204,0.591606073286382,0.289808149304428,0.32782294554738,1.28244017455851,0.313085253256533,0.648600025036222
synthetic_in_distribution,ideal,in_distribution_006__ideal,synthetic_in_distribution::in_distribution_006__ideal,native_imm,prior,constant_turn,559,0.867222365228357,0.270331335676793,1.4855461819168,1.8175261597146,0.489804040109743,2.28096282400836
synthetic_in_distribution,ideal,in_distribution_006__ideal,synthetic_in_distribution::in_distribution_006__ideal,native_imm,prior,constant_velocity,248,0.257809368634831,0.0144158888162285,0.136499293641675,0.555505892459356,5.7159363434062e-05,0.140756971805778
synthetic_in_distribution,ideal,in_distribution_006__ideal,synthetic_in_distribution::in_distribution_006__ideal,native_imm,prior,forward_acceleration,54,1.02581885602328,1.05585439962658,1.08171631669019,1.59439540689269,1.62549930354772,1.67989625893995
synthetic_in_distribution,ideal,in_distribution_006__ideal,synthetic_in_distribution::in_distribution_006__ideal,native_imm,posterior,combined_maneuver,135,0.263362868734502,0.212329385610663,0.341633380820448,1.06365672300313,0.527523122771911,0.946830969313422
synthetic_in_distribution,ideal,in_distribution_006__ideal,synthetic_in_distribution::in_distribution_006__ideal,native_imm,posterior,vertical_acceleration,204,0.171133086588644,0.155668798585793,0.164221185632596,0.624995226061018,0.229235324331203,0.25815754757244
synthetic_in_distribution,ideal,in_distribution_006__ideal,synthetic_in_distribution::in_distribution_006__ideal,native_imm,posterior,constant_turn,559,0.230702490158559,0.0856485357980264,0.553585832957911,0.916766770962992,0.245234274121947,1.39462810074202
synthetic_in_distribution,ideal,in_distribution_006__ideal,synthetic_in_distribution::in_distribution_006__ideal,native_imm,posterior,constant_velocity,248,0.0604891605895483,8.00169900770749e-09,0.052957895118925,0.279408422330903,1.04852392452242e-08,0.0897642022799597
synthetic_in_distribution,ideal,in_distribution_006__ideal,synthetic_in_distribution::in_distribution_006__ideal,native_imm,posterior,forward_acceleration,54,0.377884661845748,0.388976455740705,0.398870410054026,0.980027277458222,0.991835717706264,1.04379915679274
synthetic_in_distribution,ideal,in_distribution_006__ideal,synthetic_in_distribution::in_distribution_006__ideal,warm_ukf,prior,combined_maneuver,135,37.7420839704547,32.582925117311,61.2831526519642,106.755680547148,91.1966640668867,156.060988412757
synthetic_in_distribution,ideal,in_distribution_006__ideal,synthetic_in_distribution::in_distribution_006__ideal,warm_ukf,prior,vertical_acceleration,204,38.3301049005166,18.0877357651499,46.7989875678062,77.4727991542314,52.408888301977,124.795650833688
synthetic_in_distribution,ideal,in_distribution_006__ideal,synthetic_in_distribution::in_distribution_006__ideal,warm_ukf,prior,constant_turn,559,53.8272078658165,27.3256205219218,55.7364767537879,106.220081816127,98.9470512630493,171.697605662858
synthetic_in_distribution,ideal,in_distribution_006__ideal,synthetic_in_distribution::in_distribution_006__ideal,warm_ukf,prior,constant_velocity,248,26.3797233418431,20.7455498334991,44.4717948391218,100.592594074921,99.5421852238805,120.647615798951
synthetic_in_distribution,ideal,in_distribution_006__ideal,synthetic_in_distribution::in_distribution_006__ideal,warm_ukf,prior,forward_acceleration,54,101.540299050289,16.6134163514548,42.4959700830839,104.422599634739,104.622535387841,106.579680178135
synthetic_in_distribution,ideal,in_distribution_006__ideal,synthetic_in_distribution::in_distribution_006__ideal,warm_ukf,posterior,combined_maneuver,135,0.1933978199789,0.172896643842848,0.340568262091078,102.681899312664,88.8077760316297,150.268771299808
synthetic_in_distribution,ideal,in_distribution_006__ideal,synthetic_in_distribution::in_distribution_006__ideal,warm_ukf,posterior,vertical_acceleration,204,0.0755810750067574,0.0551951139678466,0.146915140637858,77.1138869501393,52.4519215815445,124.450950390824
synthetic_in_distribution,ideal,in_distribution_006__ideal,synthetic_in_distribution::in_distribution_006__ideal,warm_ukf,posterior,constant_turn,559,0.152471164908428,0.116607261265034,0.276012444637756,104.254034654977,98.4940492659941,168.893738975636
synthetic_in_distribution,ideal,in_distribution_006__ideal,synthetic_in_distribution::in_distribution_006__ideal,warm_ukf,posterior,constant_velocity,248,0.0595803239972949,0.0495988326708731,0.0839986518603846,100.122643740682,99.3174549707712,120.386736758056
synthetic_in_distribution,ideal,in_distribution_006__ideal,synthetic_in_distribution::in_distribution_006__ideal,warm_ukf,posterior,forward_acceleration,54,0.0508588227219907,0.0470511556099543,0.076976519244912,104.093362927588,104.318938952345,106.343465855189
synthetic_in_distribution,empirical_timing,in_distribution_006__empirical_timing,synthetic_in_distribution::in_distribution_006__empirical_timing,cv_ekf,prior,combined_maneuver,135,340.372346900789,21.0844414908468,969.658333774144,59.7185225334719,23.693183043914,152.289192505467
synthetic_in_distribution,empirical_timing,in_distribution_006__empirical_timing,synthetic_in_distribution::in_distribution_006__empirical_timing,cv_ekf,prior,vertical_acceleration,204,2.23918779971743,0.410762638894083,3.74031739173851,2.18245161132502,0.365855939369274,1.16421232718233
synthetic_in_distribution,empirical_timing,in_distribution_006__empirical_timing,synthetic_in_distribution::in_distribution_006__empirical_timing,cv_ekf,prior,constant_turn,559,192.744492404128,12.075061155716,441.436188373049,35.0211721722031,13.9098896603436,88.2764528498906
synthetic_in_distribution,empirical_timing,in_distribution_006__empirical_timing,synthetic_in_distribution::in_distribution_006__empirical_timing,cv_ekf,prior,constant_velocity,248,92.1976685637258,5.65980310530653e-06,261.848316595591,10.8452380074373,4.41689547870537e-06,36.336423447494
synthetic_in_distribution,empirical_timing,in_distribution_006__empirical_timing,synthetic_in_distribution::in_distribution_006__empirical_timing,cv_ekf,prior,forward_acceleration,54,37.7297315664774,3.42438296849304,96.432176092192,7.43701722928171,3.31912546224508,15.8023143819963
synthetic_in_distribution,empirical_timing,in_distribution_006__empirical_timing,synthetic_in_distribution::in_distribution_006__empirical_timing,cv_ekf,posterior,combined_maneuver,135,314.307485253885,10.4635468914153,895.302052870223,55.8875651080589,18.2132541731963,146.448146269063
synthetic_in_distribution,empirical_timing,in_distribution_006__empirical_timing,synthetic_in_distribution::in_distribution_006__empirical_timing,cv_ekf,posterior,vertical_acceleration,204,1.3357495116356,0.223149707772077,2.57565615304876,1.60929942866447,0.28965661477348,0.93856312336982
synthetic_in_distribution,empirical_timing,in_distribution_006__empirical_timing,synthetic_in_distribution::in_distribution_006__empirical_timing,cv_ekf,posterior,constant_turn,559,177.393748852989,5.9374547116188,398.908483415698,32.3369070658054,10.1501594435238,84.1533501042058
synthetic_in_distribution,empirical_timing,in_distribution_006__empirical_timing,synthetic_in_distribution::in_distribution_006__empirical_timing,cv_ekf,posterior,constant_velocity,248,87.0549476767723,2.01308557734592e-06,243.680901834436,10.5942069791494,4.41689547870537e-06,36.336423447494
synthetic_in_distribution,empirical_timing,in_distribution_006__empirical_timing,synthetic_in_distribution::in_distribution_006__empirical_timing,cv_ekf,posterior,forward_acceleration,54,34.3168881147291,2.36615397843685,88.6928446238738,6.96853864108489,2.86239666758562,15.1550115202009
synthetic_in_distribution,empirical_timing,in_distribution_006__empirical_timing,synthetic_in_distribution::in_distribution_006__empirical_timing,ca_ekf,prior,combined_maneuver,135,242.976449883377,3.20850490099641,695.545638093517,39.7236631545892,3.44312815465514,108.968587264606
synthetic_in_distribution,empirical_timing,in_distribution_006__empirical_timing,synthetic_in_distribution::in_distribution_006__empirical_timing,ca_ekf,prior,vertical_acceleration,204,2.18463690994036,0.00628470026474435,5.42871542211772,2.80545801455344,0.00843240618111321,7.02760984068399
synthetic_in_distribution,empirical_timing,in_distribution_006__empirical_timing,synthetic_in_distribution::in_distribution_006__empirical_timing,ca_ekf,prior,constant_turn,559,53.7089607793414,1.08953625326423,101.750598516567,12.1749954089559,1.28830189937003,26.275324596647
synthetic_in_distribution,empirical_timing,in_distribution_006__empirical_timing,synthetic_in_distribution::in_distribution_006__empirical_timing,ca_ekf,prior,constant_velocity,248,53.9411595948682,0.00264457831324267,79.4582410949617,12.72853306808,0.0033505193159246,31.8238643055483
synthetic_in_distribution,empirical_timing,in_distribution_006__empirical_timing,synthetic_in_distribution::in_distribution_006__empirical_timing,ca_ekf,prior,forward_acceleration,54,1.63730040328069,0.419196994815449,4.01230736429032,0.525697373469363,0.234992759828074,1.36620748847974
synthetic_in_distribution,empirical_timing,in_distribution_006__empirical_timing,synthetic_in_distribution::in_distribution_006__empirical_timing,ca_ekf,posterior,combined_maneuver,135,224.660039091069,1.28658935057111,642.619933171666,37.7143289972749,2.39860363882613,104.704406828824
synthetic_in_distribution,empirical_timing,in_distribution_006__empirical_timing,synthetic_in_distribution::in_distribution_006__empirical_timing,ca_ekf,posterior,vertical_acceleration,204,1.20374668393187,0.00234973445751891,2.30813622880365,1.91020824696098,0.00508252063954758,4.08322827527439
synthetic_in_distribution,empirical_timing,in_distribution_006__empirical_timing,synthetic_in_distribution::in_distribution_006__empirical_timing,ca_ekf,posterior,constant_turn,559,48.2536826122823,0.508244282485709,89.986120950453,11.1015062436085,0.86199067578177,24.0073854239111
synthetic_in_distribution,empirical_timing,in_distribution_006__empirical_timing,synthetic_in_distribution::in_distribution_006__empirical_timing,ca_ekf,posterior,constant_velocity,248,48.0448221715191,0.00111551376048912,64.9523284188503,11.8594771072554,0.00209507486999929,28.4435134801029
synthetic_in_distribution,empirical_timing,in_distribution_006__empirical_timing,synthetic_in_distribution::in_distribution_006__empirical_timing,ca_ekf,posterior,forward_acceleration,54,1.48203971862084,0.19998804822628,3.72168692153592,0.40251948692101,0.215882424722234,0.905334232130571
synthetic_in_distribution,empirical_timing,in_distribution_006__empirical_timing,synthetic_in_distribution::in_distribution_006__empirical_timing,ct_ekf,prior,combined_maneuver,135,289.776633606499,18.6227128645409,826.533159241577,50.3849773188443,20.7533460335484,130.046620325838
synthetic_in_distribution,empirical_timing,in_distribution_006__empirical_timing,synthetic_in_distribution::in_distribution_006__empirical_timing,ct_ekf,prior,vertical_acceleration,204,17.838276878601,2.99352361520601,36.7182388710469,6.93569198214222,3.86186305859804,15.8933559677238
synthetic_in_distribution,empirical_timing,in_distribution_006__empirical_timing,synthetic_in_distribution::in_distribution_006__empirical_timing,ct_ekf,prior,constant_turn,559,144.15450004269,10.3517009123119,359.986472183607,29.4809991445599,15.2596163711361,69.9422934722361
synthetic_in_distribution,empirical_timing,in_distribution_006__empirical_timing,synthetic_in_distribution::in_distribution_006__empirical_timing,ct_ekf,prior,constant_velocity,248,52.6275423318177,3.21357116280928,161.074610415695,7.54647279393904,3.94744142625249,18.0851686330591
synthetic_in_distribution,empirical_timing,in_distribution_006__empirical_timing,synthetic_in_distribution::in_distribution_006__empirical_timing,ct_ekf,prior,forward_acceleration,54,76.9341258079583,6.74583141591642,196.426144979499,15.0663467817386,6.39644366636294,31.9382848953675
synthetic_in_distribution,empirical_timing,in_distribution_006__empirical_timing,synthetic_in_distribution::in_distribution_006__empirical_timing,ct_ekf,posterior,combined_maneuver,135,267.589034251167,9.5997155749945,763.130846246541,47.1536437103466,15.2965415272342,125.035537152995
synthetic_in_distribution,empirical_timing,in_distribution_006__empirical_timing,synthetic_in_distribution::in_distribution_006__empirical_timing,ct_ekf,posterior,vertical_acceleration,204,17.0469983917903,1.50467117989637,34.2213530326146,6.10179905599872,2.60471706511982,14.8576959820569
synthetic_in_distribution,empirical_timing,in_distribution_006__empirical_timing,synthetic_in_distribution::in_distribution_006__empirical_timing,ct_ekf,posterior,constant_turn,559,131.847331533596,4.29490384231774,324.609136603399,26.6523553460359,9.85978790222034,66.4934886721436
synthetic_in_distribution,empirical_timing,in_distribution_006__empirical_timing,synthetic_in_distribution::in_distribution_006__empirical_timing,ct_ekf,posterior,constant_velocity,248,49.554331859442,1.58880948819932,152.870261164186,6.72251646149623,2.71433777866904,16.8473735087615
synthetic_in_distribution,empirical_timing,in_distribution_006__empirical_timing,synthetic_in_distribution::in_distribution_006__empirical_timing,ct_ekf,posterior,forward_acceleration,54,70.0161187545144,4.68906167751281,180.777972437872,14.1219850485114,5.43605281307839,30.6587792610212
synthetic_in_distribution,empirical_timing,in_distribution_006__empirical_timing,synthetic_in_distribution::in_distribution_006__empirical_timing,native_imm,prior,combined_maneuver,135,141.410206540078,1.7231340714301,415.029442041545,20.3096945074565,2.1025762818294,51.2459512771283
synthetic_in_distribution,empirical_timing,in_distribution_006__empirical_timing,synthetic_in_distribution::in_distribution_006__empirical_timing,native_imm,prior,vertical_acceleration,204,1.35280822322089,0.331377790454082,2.52819635986962,1.71795711152867,0.349533413185413,0.990802912554181
synthetic_in_distribution,empirical_timing,in_distribution_006__empirical_timing,synthetic_in_distribution::in_distribution_006__empirical_timing,native_imm,prior,constant_turn,559,31.6110386421906,0.828435878042985,77.7585716906421,6.76254352244823,1.13447633900154,17.6795134204433
synthetic_in_distribution,empirical_timing,in_distribution_006__empirical_timing,synthetic_in_distribution::in_distribution_006__empirical_timing,native_imm,prior,constant_velocity,248,21.5098436179156,0.0537899056501639,14.7208733973681,6.42795174952342,0.000374400211172165,15.3909677646267
synthetic_in_distribution,empirical_timing,in_distribution_006__empirical_timing,synthetic_in_distribution::in_distribution_006__empirical_timing,native_imm,prior,forward_acceleration,54,38.8774345778854,3.2071880450304,99.3524526320959,7.27005514519171,2.82936516494597,15.5950883126474
synthetic_in_distribution,empirical_timing,in_distribution_006__empirical_timing,synthetic_in_distribution::in_distribution_006__empirical_timing,native_imm,posterior,combined_maneuver,135,132.86309488773,0.886779089747384,390.95971175762,19.5971092713408,1.41629112127276,51.2120758296473
synthetic_in_distribution,empirical_timing,in_distribution_006__empirical_timing,synthetic_in_distribution::in_distribution_006__empirical_timing,native_imm,posterior,vertical_acceleration,204,0.950941567668789,0.183416281549312,2.10812057351786,1.01898006121687,0.260659298254659,0.890236998748369
synthetic_in_distribution,empirical_timing,in_distribution_006__empirical_timing,synthetic_in_distribution::in_distribution_006__empirical_timing,native_imm,posterior,constant_turn,559,28.6194690470643,0.35095779874703,69.1077230538603,6.05831492194561,0.699767929512717,15.69843720837
synthetic_in_distribution,empirical_timing,in_distribution_006__empirical_timing,synthetic_in_distribution::in_distribution_006__empirical_timing,native_imm,posterior,constant_velocity,248,18.6961166913519,0.0107780627504746,13.97251583881,5.98302875292187,0.000240382021618544,13.3195345709629
synthetic_in_distribution,empirical_timing,in_distribution_006__empirical_timing,synthetic_in_distribution::in_distribution_006__empirical_timing,native_imm,posterior,forward_acceleration,54,35.3842115974438,2.13811924563047,91.4260589677732,6.81712224188422,2.33498192817977,14.9534348975463
synthetic_in_distribution,empirical_timing,in_distribution_006__empirical_timing,synthetic_in_distribution::in_distribution_006__empirical_timing,warm_ukf,prior,combined_maneuver,135,394.657407864847,70.1438654262837,1052.792548724,127.233552084072,111.88383998342,199.51221827999
synthetic_in_distribution,empirical_timing,in_distribution_006__empirical_timing,synthetic_in_distribution::in_distribution_006__empirical_timing,warm_ukf,prior,vertical_acceleration,204,794.878944959615,22.9717857684887,483.808506698096,47.5499562131673,43.2407930189744,80.2867509509348
synthetic_in_distribution,empirical_timing,in_distribution_006__empirical_timing,synthetic_in_distribution::in_distribution_006__empirical_timing,warm_ukf,prior,constant_turn,559,817.740931012713,48.8630391775602,1149.15836974479,123.956647071914,84.1146571225839,221.978701455036
synthetic_in_distribution,empirical_timing,in_distribution_006__empirical_timing,synthetic_in_distribution::in_distribution_006__empirical_timing,warm_ukf,prior,constant_velocity,248,565.942375334321,28.7243263270658,1237.50351712708,81.6877104125786,68.9466983478047,169.981080686688
synthetic_in_distribution,empirical_timing,in_distribution_006__empirical_timing,synthetic_in_distribution::in_distribution_006__empirical_timing,warm_ukf,prior,forward_acceleration,54,122.264697155762,42.6477691775378,282.692083694335,52.4753042872194,50.0342973290478,67.8885287399451
synthetic_in_distribution,empirical_timing,in_distribution_006__empirical_timing,synthetic_in_distribution::in_distribution_006__empirical_timing,warm_ukf,posterior,combined_maneuver,135,361.555510201219,35.2627695244852,964.716003720209,123.366552475997,111.109408061247,194.03385042083
synthetic_in_distribution,empirical_timing,in_distribution_006__empirical_timing,synthetic_in_distribution::in_distribution_006__empirical_timing,warm_ukf,posterior,vertical_acceleration,204,791.837172975927,0.254826336740286,482.488427551012,47.0144210198392,42.8544574268874,80.0573687078652
synthetic_in_distribution,empirical_timing,in_distribution_006__empirical_timing,synthetic_in_distribution::in_distribution_006__empirical_timing,warm_ukf,posterior,constant_turn,559,728.12259007569,22.0906400893755,963.418346008717,122.090938480967,80.5324051923745,219.153833730631
synthetic_in_distribution,empirical_timing,in_distribution_006__empirical_timing,synthetic_in_distribution::in_distribution_006__empirical_timing,warm_ukf,posterior,constant_velocity,248,465.764239360171,12.5258167996011,1211.78036828969,81.191324742225,68.879964280912,169.981080686688
synthetic_in_distribution,empirical_timing,in_distribution_006__empirical_timing,synthetic_in_distribution::in_distribution_006__empirical_timing,warm_ukf,posterior,forward_acceleration,54,112.9720990183,23.3209213281225,269.10884543984,52.8307173311566,50.0342973290478,67.7386335668636
synthetic_in_distribution,degraded,in_distribution_006__degraded,synthetic_in_distribution::in_distribution_006__degraded,cv_ekf,prior,combined_maneuver,135,502.111097223783,328.761104804918,1066.8169227377,105.058754146063,100.595784496774,163.327928888204
synthetic_in_distribution,degraded,in_distribution_006__degraded,synthetic_in_distribution::in_distribution_006__degraded,cv_ekf,prior,vertical_acceleration,204,80.1269539606966,32.345582416966,185.857034882254,17.4941017459942,4.6203471385735,44.141308178436
synthetic_in_distribution,degraded,in_distribution_006__degraded,synthetic_in_distribution::in_distribution_006__degraded,cv_ekf,prior,constant_turn,559,535.59221499871,219.658014829435,1125.81378513326,76.8240610982376,62.3031470692993,140.721543014861
synthetic_in_distribution,degraded,in_distribution_006__degraded,synthetic_in_distribution::in_distribution_006__degraded,cv_ekf,prior,constant_velocity,248,254.751162153323,30.8915875172147,751.226722927055,24.1622229432584,2.97380160314169,79.9896011349664
synthetic_in_distribution,degraded,in_distribution_006__degraded,synthetic_in_distribution::in_distribution_006__degraded,cv_ekf,prior,forward_acceleration,54,71.7590939575165,38.3483904532095,157.791121223943,11.5871579694322,10.5284478007609,19.8754342828818
synthetic_in_distribution,degraded,in_distribution_006__degraded,synthetic_in_distribution::in_distribution_006__degraded,cv_ekf,posterior,combined_maneuver,135,459.64983227628,285.067702181668,989.007495617742,100.529648379553,95.0431320120568,157.609443572727
synthetic_in_distribution,degraded,in_distribution_006__degraded,synthetic_in_distribution::in_distribution_006__degraded,cv_ekf,posterior,vertical_acceleration,204,69.7146203951779,30.1690636949883,157.111727948502,15.9822341146457,4.56814694925092,42.2098965842341
synthetic_in_distribution,degraded,in_distribution_006__degraded,synthetic_in_distribution::in_distribution_006__degraded,cv_ekf,posterior,constant_turn,559,502.259983337759,191.870423383854,1054.48726695564,73.408525749309,58.758931879111,135.692924816317
synthetic_in_distribution,degraded,in_distribution_006__degraded,synthetic_in_distribution::in_distribution_006__degraded,cv_ekf,posterior,constant_velocity,248,242.306509966417,29.3432904836536,711.283011955221,23.6050041357661,2.96865065187225,79.9896011349664
synthetic_in_distribution,degraded,in_distribution_006__degraded,synthetic_in_distribution::in_distribution_006__degraded,cv_ekf,posterior,forward_acceleration,54,66.8453453827435,35.1267610687123,148.046305840366,11.1791863134758,10.059875695974,19.23148351444
synthetic_in_distribution,degraded,in_distribution_006__degraded,synthetic_in_distribution::in_distribution_006__degraded,ca_ekf,prior,combined_maneuver,135,349.693725145335,71.7569081333344,981.489471550593,59.5137695438788,29.0289495083311,150.531330234794
synthetic_in_distribution,degraded,in_distribution_006__degraded,synthetic_in_distribution::in_distribution_006__degraded,ca_ekf,prior,vertical_acceleration,204,57.8184800340365,42.0869359283224,98.3571133895678,18.4211902141752,10.7640467852466,41.9136525713456
synthetic_in_distribution,degraded,in_distribution_006__degraded,synthetic_in_distribution::in_distribution_006__degraded,ca_ekf,prior,constant_turn,559,158.810202005808,55.6297049130038,370.857090529303,33.4156066575017,16.8869112367019,79.5393792417414
synthetic_in_distribution,degraded,in_distribution_006__degraded,synthetic_in_distribution::in_distribution_006__degraded,ca_ekf,prior,constant_velocity,248,112.376239262853,45.6192196950907,287.66273605114,17.4215856355902,8.10874865551019,43.2257560011143
synthetic_in_distribution,degraded,in_distribution_006__degraded,synthetic_in_distribution::in_distribution_006__degraded,ca_ekf,prior,forward_acceleration,54,67.0941310262974,37.8861375269488,146.715519340261,10.4130921976788,8.58842477388098,17.9895983180399
synthetic_in_distribution,degraded,in_distribution_006__degraded,synthetic_in_distribution::in_distribution_006__degraded,ca_ekf,posterior,combined_maneuver,135,322.917596732072,61.2680707156899,907.875593582583,56.3482014160006,26.5598188386998,144.849318533179
synthetic_in_distribution,degraded,in_distribution_006__degraded,synthetic_in_distribution::in_distribution_006__degraded,ca_ekf,posterior,vertical_acceleration,204,50.7468372023995,37.194582229324,84.2316475521733,16.7806274009494,10.0816040263534,37.0992191623001
synthetic_in_distribution,degraded,in_distribution_006__degraded,synthetic_in_distribution::in_distribution_006__degraded,ca_ekf,posterior,constant_turn,559,144.786654135512,48.3709411322044,339.701624935804,31.0669297415525,15.217000710636,74.8005052320241
synthetic_in_distribution,degraded,in_distribution_006__degraded,synthetic_in_distribution::in_distribution_006__degraded,ca_ekf,posterior,constant_velocity,248,105.329602039236,42.1318832631265,271.460760100444,16.5784092854243,7.73754736725965,40.6685316559465
synthetic_in_distribution,degraded,in_distribution_006__degraded,synthetic_in_distribution::in_distribution_006__degraded,ca_ekf,posterior,forward_acceleration,54,62.3227312220636,34.5367197007097,137.890356483249,10.0038687959241,8.14365765516598,17.4656762874949
synthetic_in_distribution,degraded,in_distribution_006__degraded,synthetic_in_distribution::in_distribution_006__degraded,ct_ekf,prior,combined_maneuver,135,403.422623282492,269.627816376747,833.160825342268,90.3614122306905,87.2653504576749,135.436949285721
synthetic_in_distribution,degraded,in_distribution_006__degraded,synthetic_in_distribution::in_distribution_006__degraded,ct_ekf,prior,vertical_acceleration,204,106.032013238789,58.5409269288676,234.127198709548,24.4863932145722,14.9275757852097,50.2476985038922
synthetic_in_distribution,degraded,in_distribution_006__degraded,synthetic_in_distribution::in_distribution_006__degraded,ct_ekf,prior,constant_turn,559,440.444561508852,203.290566503824,912.568456488253,72.4356864792916,54.1048404847075,131.455865539935
synthetic_in_distribution,degraded,in_distribution_006__degraded,synthetic_in_distribution::in_distribution_006__degraded,ct_ekf,prior,constant_velocity,248,185.457047490821,61.3420776089537,523.637829556642,22.3565308288068,17.2385392387431,46.5103823876803
synthetic_in_distribution,degraded,in_distribution_006__degraded,synthetic_in_distribution::in_distribution_006__degraded,ct_ekf,prior,forward_acceleration,54,161.783821620579,73.5389194141502,363.37314856537,25.2665369269103,20.2264157776644,42.549878902275
synthetic_in_distribution,degraded,in_distribution_006__degraded,synthetic_in_distribution::in_distribution_006__degraded,ct_ekf,posterior,combined_maneuver,135,366.648685646037,234.770808093836,767.245856323973,86.2094442915461,82.1393873997933,130.659755145
synthetic_in_distribution,degraded,in_distribution_006__degraded,synthetic_in_distribution::in_distribution_006__degraded,ct_ekf,posterior,vertical_acceleration,204,93.9476779248357,51.8665047662207,205.483081069852,22.7006931806262,13.9433529295476,45.9618284019959
synthetic_in_distribution,degraded,in_distribution_006__degraded,synthetic_in_distribution::in_distribution_006__degraded,ct_ekf,posterior,constant_turn,559,409.665930196008,177.093964830394,851.443748277719,68.8685731020953,51.4749114972714,126.683284984021
synthetic_in_distribution,degraded,in_distribution_006__degraded,synthetic_in_distribution::in_distribution_006__degraded,ct_ekf,posterior,constant_velocity,248,175.200811925989,53.9026266501978,498.890343585018,21.4060494052758,16.0033725586726,46.5103823876803
synthetic_in_distribution,degraded,in_distribution_006__degraded,synthetic_in_distribution::in_distribution_006__degraded,ct_ekf,posterior,forward_acceleration,54,151.000503844198,67.7367745874738,342.410283653866,24.3364763266922,19.6471792394654,41.3503497310476
synthetic_in_distribution,degraded,in_distribution_006__degraded,synthetic_in_distribution::in_distribution_006__degraded,native_imm,prior,combined_maneuver,135,292.907321508219,58.2275888483463,821.512085044051,51.1839577365137,21.9834954331607,130.351425474672
synthetic_in_distribution,degraded,in_distribution_006__degraded,synthetic_in_distribution::in_distribution_006__degraded,native_imm,prior,vertical_acceleration,204,48.2638317240841,34.7310840333624,83.9568327956971,18.3808970722752,8.41416734226399,44.2054362203375
synthetic_in_distribution,degraded,in_distribution_006__degraded,synthetic_in_distribution::in_distribution_006__degraded,native_imm,prior,constant_turn,559,199.187378556907,54.8212351274399,441.585702970705,37.0137817005839,21.6860372089707,82.5057305656739
synthetic_in_distribution,degraded,in_distribution_006__degraded,synthetic_in_distribution::in_distribution_006__degraded,native_imm,prior,constant_velocity,248,286.738295022584,47.2972683761621,812.987124951705,35.8961944215941,12.1940613721872,100.369418555282
synthetic_in_distribution,degraded,in_distribution_006__degraded,synthetic_in_distribution::in_distribution_006__degraded,native_imm,prior,forward_acceleration,54,114.09875525293,54.2549260807288,254.030056730403,18.8982507962087,16.6948403546242,28.6374171914306
synthetic_in_distribution,degraded,in_distribution_006__degraded,synthetic_in_distribution::in_distribution_006__degraded,native_imm,posterior,combined_maneuver,135,270.408069017872,52.4051488098676,757.872457887465,48.5345713239954,20.0334686971396,125.115691736436
synthetic_in_distribution,degraded,in_distribution_006__degraded,synthetic_in_distribution::in_distribution_006__degraded,native_imm,posterior,vertical_acceleration,204,41.6154899186718,30.7607720865642,73.1938195774902,16.4688234925939,7.77321005912883,39.1244963049423
synthetic_in_distribution,degraded,in_distribution_006__degraded,synthetic_in_distribution::in_distribution_006__degraded,native_imm,posterior,constant_turn,559,184.668485966642,47.736094338676,406.195065024372,34.7244191918464,19.5300829708261,78.3836115966689
synthetic_in_distribution,degraded,in_distribution_006__degraded,synthetic_in_distribution::in_distribution_006__degraded,native_imm,posterior,constant_velocity,248,270.751362745454,42.8481583217107,763.394345035333,34.332200001076,11.5114766971364,99.1497672153502
synthetic_in_distribution,degraded,in_distribution_006__degraded,synthetic_in_distribution::in_distribution_006__degraded,native_imm,posterior,forward_acceleration,54,106.429352002184,47.6451295387124,240.203451567969,18.0017380387388,15.9748905174979,27.4307219793359
synthetic_in_distribution,degraded,in_distribution_006__degraded,synthetic_in_distribution::in_distribution_006__degraded,warm_ukf,prior,combined_maneuver,135,480.412615247756,222.026916307842,1227.35556857549,102.351643667962,89.8264559970217,158.697883476921
synthetic_in_distribution,degraded,in_distribution_006__degraded,synthetic_in_distribution::in_distribution_006__degraded,warm_ukf,prior,vertical_acceleration,204,184.151161451016,106.607607493836,219.023770034404,95.1632752962765,95.5716287985192,138.001501327724
synthetic_in_distribution,degraded,in_distribution_006__degraded,synthetic_in_distribution::in_distribution_006__degraded,warm_ukf,prior,constant_turn,559,511.536449189059,142.072627507489,1191.64312010551,118.975233415496,87.1444072124258,205.337508204768
synthetic_in_distribution,degraded,in_distribution_006__degraded,synthetic_in_distribution::in_distribution_006__degraded,warm_ukf,prior,constant_velocity,248,460.077166176408,65.0634904982017,1348.48002393687,123.977630803114,113.398349960584,221.220678061785
synthetic_in_distribution,degraded,in_distribution_006__degraded,synthetic_in_distribution::in_distribution_006__degraded,warm_ukf,prior,forward_acceleration,54,697.516894732281,61.752873015636,1121.73417925353,101.255382822881,100.960173467241,105.842137606996
synthetic_in_distribution,degraded,in_distribution_006__degraded,synthetic_in_distribution::in_distribution_006__degraded,warm_ukf,posterior,combined_maneuver,135,434.791565777749,181.641851414471,1184.33207336079,99.1721802118964,87.605104192928,153.789180081721
synthetic_in_distribution,degraded,in_distribution_006__degraded,synthetic_in_distribution::in_distribution_006__degraded,warm_ukf,posterior,vertical_acceleration,204,145.891822748835,84.4269257059179,197.26879953841,94.4326027466348,95.2238863487998,136.107906032209
synthetic_in_distribution,degraded,in_distribution_006__degraded,synthetic_in_distribution::in_distribution_006__degraded,warm_ukf,posterior,constant_turn,559,444.501486105717,107.178541959192,1051.33706643629,117.213186270261,86.3142031695876,202.612980559157
synthetic_in_distribution,degraded,in_distribution_006__degraded,synthetic_in_distribution::in_distribution_006__degraded,warm_ukf,posterior,constant_velocity,248,436.237564570283,54.2661007591891,1266.00828171484,123.06444751069,113.140118573747,221.220678061785
synthetic_in_distribution,degraded,in_distribution_006__degraded,synthetic_in_distribution::in_distribution_006__degraded,warm_ukf,posterior,forward_acceleration,54,680.040468229375,57.6448490918753,1118.79702061653,101.25410373499,100.766314291526,105.606330366143
synthetic_out_of_distribution,ideal,out_of_distribution_001__ideal,synthetic_out_of_distribution::out_of_distribution_001__ideal,cv_ekf,prior,constant_velocity,251,2.71593348581953,1.5451564170113e-07,2.06221950292434,3.60339723496639,2.0480120229397e-07,1.8651951297822
synthetic_out_of_distribution,ideal,out_of_distribution_001__ideal,synthetic_out_of_distribution::out_of_distribution_001__ideal,cv_ekf,prior,combined_maneuver,218,24.3851083190596,21.2079321584059,39.9668630044216,38.8866303777584,35.9537044625695,63.0838460119415
synthetic_out_of_distribution,ideal,out_of_distribution_001__ideal,synthetic_out_of_distribution::out_of_distribution_001__ideal,cv_ekf,prior,forward_acceleration,160,6.61693742549834,4.1346412836257,9.99895477730275,9.37432921298954,6.51367464010284,9.34022838542334
synthetic_out_of_distribution,ideal,out_of_distribution_001__ideal,synthetic_out_of_distribution::out_of_distribution_001__ideal,cv_ekf,prior,constant_turn,324,22.4575525745301,22.1075307274524,34.6731341425937,35.7950375368775,35.9923086658272,54.7613368221864
synthetic_out_of_distribution,ideal,out_of_distribution_001__ideal,synthetic_out_of_distribution::out_of_distribution_001__ideal,cv_ekf,prior,vertical_acceleration,247,3.42036353901969,1.83502225138896,2.53953563222301,4.42652586129741,2.1514029845206,2.67425294887633
synthetic_out_of_distribution,ideal,out_of_distribution_001__ideal,synthetic_out_of_distribution::out_of_distribution_001__ideal,cv_ekf,posterior,constant_velocity,251,0.997100420624447,5.67280541701033e-08,0.757352577584035,2.01920788657271,8.7791755019715e-08,1.26732615037001
synthetic_out_of_distribution,ideal,out_of_distribution_001__ideal,synthetic_out_of_distribution::out_of_distribution_001__ideal,cv_ekf,posterior,combined_maneuver,218,8.96423042868712,7.78977526197807,14.6802538775483,23.8928882235263,21.7601612988122,38.3376215143763
synthetic_out_of_distribution,ideal,out_of_distribution_001__ideal,synthetic_out_of_distribution::out_of_distribution_001__ideal,cv_ekf,posterior,forward_acceleration,160,2.43141527290347,1.51788361905815,3.70512874130603,5.45897209189263,3.954768053072,4.86762780339295
synthetic_out_of_distribution,ideal,out_of_distribution_001__ideal,synthetic_out_of_distribution::out_of_distribution_001__ideal,cv_ekf,posterior,constant_turn,324,8.24576853092304,8.11719990190569,12.7311262996033,21.9912591789549,23.1244653365168,33.311529147311
synthetic_out_of_distribution,ideal,out_of_distribution_001__ideal,synthetic_out_of_distribution::out_of_distribution_001__ideal,cv_ekf,posterior,vertical_acceleration,247,1.3786115254464,0.923989313867402,1.13257749403701,2.62961918239405,1.53589054598957,1.95012053668664
synthetic_out_of_distribution,ideal,out_of_distribution_001__ideal,synthetic_out_of_distribution::out_of_distribution_001__ideal,ca_ekf,prior,constant_velocity,251,3.27228174448379,0.00154945002620824,7.97218345089398,5.31539152559762,0.00254999006519928,11.4733423442437
synthetic_out_of_distribution,ideal,out_of_distribution_001__ideal,synthetic_out_of_distribution::out_of_distribution_001__ideal,ca_ekf,prior,combined_maneuver,218,11.4401292885491,6.19025081434243,24.007779304387,18.5557481388441,9.48287860705197,39.9623223243528
synthetic_out_of_distribution,ideal,out_of_distribution_001__ideal,synthetic_out_of_distribution::out_of_distribution_001__ideal,ca_ekf,prior,forward_acceleration,160,6.77594985750203,0.455150684485123,18.0307365099643,10.980265163998,0.655119911821685,28.2848209625726
synthetic_out_of_distribution,ideal,out_of_distribution_001__ideal,synthetic_out_of_distribution::out_of_distribution_001__ideal,ca_ekf,prior,constant_turn,324,11.178374744071,7.66897323857062,21.9903913245179,18.1988306810727,12.5142077751494,37.5614581157798
synthetic_out_of_distribution,ideal,out_of_distribution_001__ideal,synthetic_out_of_distribution::out_of_distribution_001__ideal,ca_ekf,prior,vertical_acceleration,247,3.76204184379084,0.30901498732419,6.89178787917567,5.90788062942702,0.329595703426721,11.8468005400413
synthetic_out_of_distribution,ideal,out_of_distribution_001__ideal,synthetic_out_of_distribution::out_of_distribution_001__ideal,ca_ekf,posterior,constant_velocity,251,1.19958206732071,0.000568629896246716,2.92791377450595,3.40774564901394,0.0016226155206425,6.61660733000609
synthetic_out_of_distribution,ideal,out_of_distribution_001__ideal,synthetic_out_of_distribution::out_of_distribution_001__ideal,ca_ekf,posterior,combined_maneuver,218,4.22872283359581,2.55206546861621,8.77717131544052,11.777124764105,5.92860703622918,25.9045211948414
synthetic_out_of_distribution,ideal,out_of_distribution_001__ideal,synthetic_out_of_distribution::out_of_distribution_001__ideal,ca_ekf,posterior,forward_acceleration,160,2.50502695033962,0.171364204176408,6.63652081828833,7.05623568695664,0.394607671611245,18.2380594156852
synthetic_out_of_distribution,ideal,out_of_distribution_001__ideal,synthetic_out_of_distribution::out_of_distribution_001__ideal,ca_ekf,posterior,constant_turn,324,4.1004386129057,2.82823201373564,8.06359896322121,11.5480628214733,7.61445685318678,24.2601026942122
synthetic_out_of_distribution,ideal,out_of_distribution_001__ideal,synthetic_out_of_distribution::out_of_distribution_001__ideal,ca_ekf,posterior,vertical_acceleration,247,1.49602201272115,0.159070650204619,2.72790796955109,3.83676325569506,0.235630512107723,6.47915616881356
synthetic_out_of_distribution,ideal,out_of_distribution_001__ideal,synthetic_out_of_distribution::out_of_distribution_001__ideal,ct_ekf,prior,constant_velocity,251,4.56233977148345,2.90894429893822,5.97103637565531,6.84204687572967,4.57159894517341,8.8397941424374
synthetic_out_of_distribution,ideal,out_of_distribution_001__ideal,synthetic_out_of_distribution::out_of_distribution_001__ideal,ct_ekf,prior,combined_maneuver,218,23.5486014366805,17.4729420668604,37.952518103649,37.6089373772296,29.0355931928335,59.9266117216319
synthetic_out_of_distribution,ideal,out_of_distribution_001__ideal,synthetic_out_of_distribution::out_of_distribution_001__ideal,ct_ekf,prior,forward_acceleration,160,7.01666650836489,5.61355683649872,7.75806178700218,10.4661880558712,8.86956598152645,12.3590861974169
synthetic_out_of_distribution,ideal,out_of_distribution_001__ideal,synthetic_out_of_distribution::out_of_distribution_001__ideal,ct_ekf,prior,constant_turn,324,19.8917822263449,19.6710269520858,28.0025346546733,31.5957728817098,31.7442132944389,44.1945438075969
synthetic_out_of_distribution,ideal,out_of_distribution_001__ideal,synthetic_out_of_distribution::out_of_distribution_001__ideal,ct_ekf,prior,vertical_acceleration,247,5.65801748007076,3.98357444694425,7.82739655036128,8.38722039553039,5.83608070746465,12.041663643016
synthetic_out_of_distribution,ideal,out_of_distribution_001__ideal,synthetic_out_of_distribution::out_of_distribution_001__ideal,ct_ekf,posterior,constant_velocity,251,1.68015861053188,1.07197201574374,2.19983571590473,4.08886504382908,2.77493647145335,5.35559965935593
synthetic_out_of_distribution,ideal,out_of_distribution_001__ideal,synthetic_out_of_distribution::out_of_distribution_001__ideal,ct_ekf,posterior,combined_maneuver,218,8.67122062399773,6.43905231063631,13.9570960069994,23.1708470970114,17.7773650179707,36.701676061718
synthetic_out_of_distribution,ideal,out_of_distribution_001__ideal,synthetic_out_of_distribution::out_of_distribution_001__ideal,ct_ekf,posterior,forward_acceleration,160,2.58522269561109,2.06316995460946,2.85397826517472,6.32054011851093,5.36019403214923,7.97764367458353
synthetic_out_of_distribution,ideal,out_of_distribution_001__ideal,synthetic_out_of_distribution::out_of_distribution_001__ideal,ct_ekf,posterior,constant_turn,324,7.32175601060368,7.24474161278506,10.299489456718,19.4405961299067,20.3169700936551,26.9142678369544
synthetic_out_of_distribution,ideal,out_of_distribution_001__ideal,synthetic_out_of_distribution::out_of_distribution_001__ideal,ct_ekf,posterior,vertical_acceleration,247,2.17287043292174,1.65083198946333,2.9431753170891,5.09506394917171,3.65614043473221,7.33560728277526
synthetic_out_of_distribution,ideal,out_of_distribution_001__ideal,synthetic_out_of_distribution::out_of_distribution_001__ideal,native_imm,prior,constant_velocity,251,0.837675494767461,0.00804261309972832,0.692867503519408,2.16589367389562,7.36533923928119e-05,0.944386756150031
synthetic_out_of_distribution,ideal,out_of_distribution_001__ideal,synthetic_out_of_distribution::out_of_distribution_001__ideal,native_imm,prior,combined_maneuver,218,4.39290825544413,4.20147713534113,6.07791621019852,8.65710920337823,6.65033220769035,14.2063097972371
synthetic_out_of_distribution,ideal,out_of_distribution_001__ideal,synthetic_out_of_distribution::out_of_distribution_001__ideal,native_imm,prior,forward_acceleration,160,2.37202715494669,1.09605928448613,4.27195072066299,5.00221128289495,0.961825322091461,7.36947824828436
synthetic_out_of_distribution,ideal,out_of_distribution_001__ideal,synthetic_out_of_distribution::out_of_distribution_001__ideal,native_imm,prior,constant_turn,324,2.80567222784502,1.35560107190839,5.02863877789803,6.42888766153264,2.11666070117673,11.8953168857113
synthetic_out_of_distribution,ideal,out_of_distribution_001__ideal,synthetic_out_of_distribution::out_of_distribution_001__ideal,native_imm,prior,vertical_acceleration,247,1.98755890018648,1.89625947252798,2.19448786721493,3.10176940797904,2.11701337941117,2.63351976535664
synthetic_out_of_distribution,ideal,out_of_distribution_001__ideal,synthetic_out_of_distribution::out_of_distribution_001__ideal,native_imm,posterior,constant_velocity,251,0.134594999150654,8.20983814265994e-09,0.164308144474537,0.856537319731566,1.60339930265102e-08,0.216742554184339
synthetic_out_of_distribution,ideal,out_of_distribution_001__ideal,synthetic_out_of_distribution::out_of_distribution_001__ideal,native_imm,posterior,combined_maneuver,218,1.29116925565984,1.24639205466574,1.92829547981359,4.34113344979359,3.92439058874224,6.62776137012563
synthetic_out_of_distribution,ideal,out_of_distribution_001__ideal,synthetic_out_of_distribution::out_of_distribution_001__ideal,native_imm,posterior,forward_acceleration,160,0.587504543917169,0.111558712053992,1.1685092838162,2.36077339846472,0.439876545762894,4.00118622930897
synthetic_out_of_distribution,ideal,out_of_distribution_001__ideal,synthetic_out_of_distribution::out_of_distribution_001__ideal,native_imm,posterior,constant_turn,324,0.762212556916263,0.426349465407159,1.38220453013792,2.76642063425353,1.22423273648204,4.82912795086618
synthetic_out_of_distribution,ideal,out_of_distribution_001__ideal,synthetic_out_of_distribution::out_of_distribution_001__ideal,native_imm,posterior,vertical_acceleration,247,0.919603310120989,0.968874827645095,1.12656235850392,1.73657776031813,1.54754327578697,1.92411966375938
synthetic_out_of_distribution,ideal,out_of_distribution_001__ideal,synthetic_out_of_distribution::out_of_distribution_001__ideal,warm_ukf,prior,constant_velocity,251,37.6709089793744,30.5004259806811,68.9675437930444,82.7668474786034,58.0830578816632,159.220456165958
synthetic_out_of_distribution,ideal,out_of_distribution_001__ideal,synthetic_out_of_distribution::out_of_distribution_001__ideal,warm_ukf,prior,combined_maneuver,218,74.2339421518701,50.8628196915361,134.979066553829,163.151885569027,135.800542543764,342.317832837113
synthetic_out_of_distribution,ideal,out_of_distribution_001__ideal,synthetic_out_of_distribution::out_of_distribution_001__ideal,warm_ukf,prior,forward_acceleration,160,74.9830052834637,32.4784321465386,77.6300472658828,102.295296463874,78.1325753649598,190.014713834277
synthetic_out_of_distribution,ideal,out_of_distribution_001__ideal,synthetic_out_of_distribution::out_of_distribution_001__ideal,warm_ukf,prior,constant_turn,324,70.4541923176724,53.687050800317,117.43196395006,136.36678153278,109.181273530232,233.115527337061
synthetic_out_of_distribution,ideal,out_of_distribution_001__ideal,synthetic_out_of_distribution::out_of_distribution_001__ideal,warm_ukf,prior,vertical_acceleration,247,77.2645901767207,22.8015024952078,59.8519065277475,36.9750076527466,33.0510572473704,53.2338302122448
synthetic_out_of_distribution,ideal,out_of_distribution_001__ideal,synthetic_out_of_distribution::out_of_distribution_001__ideal,warm_ukf,posterior,constant_velocity,251,0.0865803503133321,0.05336352366148,0.166240228281839,82.1086066282029,58.4396998685265,154.821567392355
synthetic_out_of_distribution,ideal,out_of_distribution_001__ideal,synthetic_out_of_distribution::out_of_distribution_001__ideal,warm_ukf,posterior,combined_maneuver,218,0.364824078790274,0.242526788625314,0.690299556319284,155.715238454444,129.752353990533,321.744736301809
synthetic_out_of_distribution,ideal,out_of_distribution_001__ideal,synthetic_out_of_distribution::out_of_distribution_001__ideal,warm_ukf,posterior,forward_acceleration,160,0.200890907306845,0.0939480027910206,0.407562589139879,98.7459147379388,77.0885321011561,182.530003423547
synthetic_out_of_distribution,ideal,out_of_distribution_001__ideal,synthetic_out_of_distribution::out_of_distribution_001__ideal,warm_ukf,posterior,constant_turn,324,0.324130876769359,0.194138067442928,0.638105607484303,130.61949076691,102.436479152064,224.260505770286
synthetic_out_of_distribution,ideal,out_of_distribution_001__ideal,synthetic_out_of_distribution::out_of_distribution_001__ideal,warm_ukf,posterior,vertical_acceleration,247,0.098920836019083,0.0616452582928406,0.191704550932417,36.5354908333252,32.9764460698576,53.5112162891024
synthetic_out_of_distribution,empirical_timing,out_of_distribution_001__empirical_timing,synthetic_out_of_distribution::out_of_distribution_001__empirical_timing,cv_ekf,prior,constant_velocity,251,10.0236314641005,3.70148042628048e-05,15.9174958852312,5.80021497179926,3.40252728285769e-05,5.06098469049091
synthetic_out_of_distribution,empirical_timing,out_of_distribution_001__empirical_timing,synthetic_out_of_distribution::out_of_distribution_001__empirical_timing,cv_ekf,prior,combined_maneuver,218,214.16664566524,34.8125636348317,569.662264232363,87.6337478980321,42.937203760595,193.374381490603
synthetic_out_of_distribution,empirical_timing,out_of_distribution_001__empirical_timing,synthetic_out_of_distribution::out_of_distribution_001__empirical_timing,cv_ekf,prior,forward_acceleration,160,73.1918889361451,6.2129679325168,198.214548099208,27.0761437217763,7.98666677956518,58.8927822947033
synthetic_out_of_distribution,empirical_timing,out_of_distribution_001__empirical_timing,synthetic_out_of_distribution::out_of_distribution_001__empirical_timing,cv_ekf,prior,constant_turn,324,542.425654679288,35.3014880234378,907.598603577682,108.590408310682,48.5610992339741,249.82384967053
synthetic_out_of_distribution,empirical_timing,out_of_distribution_001__empirical_timing,synthetic_out_of_distribution::out_of_distribution_001__empirical_timing,cv_ekf,prior,vertical_acceleration,247,57.8564944622289,3.2757241805441,72.9102995903368,16.7014933878263,2.99380642519517,15.6662517207801
synthetic_out_of_distribution,empirical_timing,out_of_distribution_001__empirical_timing,synthetic_out_of_distribution::out_of_distribution_001__empirical_timing,cv_ekf,posterior,constant_velocity,251,7.68978814581223,1.85891761950314e-05,12.8265237164907,4.87168600822839,1.54797570893941e-05,5.06098469049091
synthetic_out_of_distribution,empirical_timing,out_of_distribution_001__empirical_timing,synthetic_out_of_distribution::out_of_distribution_001__empirical_timing,cv_ekf,posterior,combined_maneuver,218,175.219620023807,13.7049370361109,463.275300312942,75.6721703039766,31.140809451009,186.364826642861
synthetic_out_of_distribution,empirical_timing,out_of_distribution_001__empirical_timing,synthetic_out_of_distribution::out_of_distribution_001__empirical_timing,cv_ekf,posterior,forward_acceleration,160,61.0341179011598,2.59039485290103,158.743170401814,24.1982931371245,5.31144398672998,58.4065259478118
synthetic_out_of_distribution,empirical_timing,out_of_distribution_001__empirical_timing,synthetic_out_of_distribution::out_of_distribution_001__empirical_timing,cv_ekf,posterior,constant_turn,324,499.912439530849,16.2600569653482,788.404771050661,100.363151497675,33.1893692376989,233.782549134945
synthetic_out_of_distribution,empirical_timing,out_of_distribution_001__empirical_timing,synthetic_out_of_distribution::out_of_distribution_001__empirical_timing,cv_ekf,posterior,vertical_acceleration,247,41.7610416255309,1.82683461675878,60.7936489892377,12.4821141326001,2.37455214139949,14.3960079189159
synthetic_out_of_distribution,empirical_timing,out_of_distribution_001__empirical_timing,synthetic_out_of_distribution::out_of_distribution_001__empirical_timing,ca_ekf,prior,constant_velocity,251,39.0329422008224,0.0226129416317633,44.5524739828026,19.4743591808806,0.023132241739229,39.0174152142637
synthetic_out_of_distribution,empirical_timing,out_of_distribution_001__empirical_timing,synthetic_out_of_distribution::out_of_distribution_001__empirical_timing,ca_ekf,prior,combined_maneuver,218,114.347943890524,13.5304493466823,285.258968683187,55.2024731530455,19.6046465542085,127.275148192286
synthetic_out_of_distribution,empirical_timing,out_of_distribution_001__empirical_timing,synthetic_out_of_distribution::out_of_distribution_001__empirical_timing,ca_ekf,prior,forward_acceleration,160,46.4561083643322,1.56318611808553,123.79406326394,27.3246784482623,1.59876678935264,66.1578275987305
synthetic_out_of_distribution,empirical_timing,out_of_distribution_001__empirical_timing,synthetic_out_of_distribution::out_of_distribution_001__empirical_timing,ca_ekf,prior,constant_turn,324,535.726601856999,16.8160453602487,908.551530757358,98.9172859673901,20.8190670839072,259.926928694472
synthetic_out_of_distribution,empirical_timing,out_of_distribution_001__empirical_timing,synthetic_out_of_distribution::out_of_distribution_001__empirical_timing,ca_ekf,prior,vertical_acceleration,247,52.8999980577779,1.84854218543702,91.6633746066311,17.3940652834794,1.6492042599108,44.2403235173658
synthetic_out_of_distribution,empirical_timing,out_of_distribution_001__empirical_timing,synthetic_out_of_distribution::out_of_distribution_001__empirical_timing,ca_ekf,posterior,constant_velocity,251,30.4456165006055,0.0137218616109217,26.9914709749235,16.6999781133481,0.0163427401757895,31.6637093574812
synthetic_out_of_distribution,empirical_timing,out_of_distribution_001__empirical_timing,synthetic_out_of_distribution::out_of_distribution_001__empirical_timing,ca_ekf,posterior,combined_maneuver,218,90.3391520727851,5.27574963294776,222.029766691454,45.9932114191783,13.2127481368196,106.536007504674
synthetic_out_of_distribution,empirical_timing,out_of_distribution_001__empirical_timing,synthetic_out_of_distribution::out_of_distribution_001__empirical_timing,ca_ekf,posterior,forward_acceleration,160,35.8009295259669,0.76235326661488,101.270858937486,22.2888075262825,1.07456442001535,54.337783217691
synthetic_out_of_distribution,empirical_timing,out_of_distribution_001__empirical_timing,synthetic_out_of_distribution::out_of_distribution_001__empirical_timing,ca_ekf,posterior,constant_turn,324,494.492434587439,6.85203913674899,789.185265451118,92.3304968356653,14.0695642156397,234.860393855387
synthetic_out_of_distribution,empirical_timing,out_of_distribution_001__empirical_timing,synthetic_out_of_distribution::out_of_distribution_001__empirical_timing,ca_ekf,posterior,vertical_acceleration,247,43.6780583411384,0.92015798585231,61.7942074514594,14.0300243130469,1.10901517583639,32.9245554144556
synthetic_out_of_distribution,empirical_timing,out_of_distribution_001__empirical_timing,synthetic_out_of_distribution::out_of_distribution_001__empirical_timing,ct_ekf,prior,constant_velocity,251,23.2769509728956,5.03461112714672,55.3890439344323,12.2322225281486,7.34360371503515,25.8736852753026
synthetic_out_of_distribution,empirical_timing,out_of_distribution_001__empirical_timing,synthetic_out_of_distribution::out_of_distribution_001__empirical_timing,ct_ekf,prior,combined_maneuver,218,209.658158287702,29.8589459318255,540.81621060595,85.82607372948,42.5783880130722,201.490911039289
synthetic_out_of_distribution,empirical_timing,out_of_distribution_001__empirical_timing,synthetic_out_of_distribution::out_of_distribution_001__empirical_timing,ct_ekf,prior,forward_acceleration,160,67.6341981958865,8.58415768376976,186.611755333077,25.4830709379301,11.2855383166062,52.462923121191
synthetic_out_of_distribution,empirical_timing,out_of_distribution_001__empirical_timing,synthetic_out_of_distribution::out_of_distribution_001__empirical_timing,ct_ekf,prior,constant_turn,324,460.816781206801,31.6050517680591,753.659822875417,95.3303215241309,43.7933367393784,213.010214859874
synthetic_out_of_distribution,empirical_timing,out_of_distribution_001__empirical_timing,synthetic_out_of_distribution::out_of_distribution_001__empirical_timing,ct_ekf,prior,vertical_acceleration,247,106.378829520055,9.30588302600301,253.814282745004,26.3360363734996,11.4226859776359,43.8334531589135
synthetic_out_of_distribution,empirical_timing,out_of_distribution_001__empirical_timing,synthetic_out_of_distribution::out_of_distribution_001__empirical_timing,ct_ekf,posterior,constant_velocity,251,19.7600144494545,1.8352334260404,50.1208705428808,10.506099508006,4.74095592939286,23.0453561465194
synthetic_out_of_distribution,empirical_timing,out_of_distribution_001__empirical_timing,synthetic_out_of_distribution::out_of_distribution_001__empirical_timing,ct_ekf,posterior,combined_maneuver,218,172.207252903429,12.9333437441055,439.161914024915,74.4313229068387,30.5550340518312,179.141848431725
synthetic_out_of_distribution,empirical_timing,out_of_distribution_001__empirical_timing,synthetic_out_of_distribution::out_of_distribution_001__empirical_timing,ct_ekf,posterior,forward_acceleration,160,56.5572983387082,4.36984219738232,161.195265950889,22.6455682542064,7.67022924650885,50.6636866362274
synthetic_out_of_distribution,empirical_timing,out_of_distribution_001__empirical_timing,synthetic_out_of_distribution::out_of_distribution_001__empirical_timing,ct_ekf,posterior,constant_turn,324,424.404632629126,15.4616452239256,652.53905788748,87.874562707596,29.6179725447801,198.820589135044
synthetic_out_of_distribution,empirical_timing,out_of_distribution_001__empirical_timing,synthetic_out_of_distribution::out_of_distribution_001__empirical_timing,ct_ekf,posterior,vertical_acceleration,247,88.5950479989801,4.79660342671322,220.325893155696,21.5851433360762,7.61036342287187,41.0335103289813
synthetic_out_of_distribution,empirical_timing,out_of_distribution_001__empirical_timing,synthetic_out_of_distribution::out_of_distribution_001__empirical_timing,native_imm,prior,constant_velocity,251,5.27557266194456,0.0917712647672683,8.18110766527766,4.9210705510601,0.00131175702702862,3.97085818641562
synthetic_out_of_distribution,empirical_timing,out_of_distribution_001__empirical_timing,synthetic_out_of_distribution::out_of_distribution_001__empirical_timing,native_imm,prior,combined_maneuver,218,45.3663639767977,6.90711842634428,105.193819841069,27.2876891949963,9.69819297136786,61.2185371541742
synthetic_out_of_distribution,empirical_timing,out_of_distribution_001__empirical_timing,synthetic_out_of_distribution::out_of_distribution_001__empirical_timing,native_imm,prior,forward_acceleration,160,25.8104323328374,2.80664846743166,70.9967982810558,16.2377754756111,3.70386353158584,32.3423431637039
synthetic_out_of_distribution,empirical_timing,out_of_distribution_001__empirical_timing,synthetic_out_of_distribution::out_of_distribution_001__empirical_timing,native_imm,prior,constant_turn,324,531.63288134521,4.31562581472773,908.433964955317,92.3668628995599,5.62503380512651,249.823652239946
synthetic_out_of_distribution,empirical_timing,out_of_distribution_001__empirical_timing,synthetic_out_of_distribution::out_of_distribution_001__empirical_timing,native_imm,prior,vertical_acceleration,247,26.3434102047819,2.67907682610182,54.2543514438211,9.24708262313058,2.55710557413783,24.0131482006259
synthetic_out_of_distribution,empirical_timing,out_of_distribution_001__empirical_timing,synthetic_out_of_distribution::out_of_distribution_001__empirical_timing,native_imm,posterior,constant_velocity,251,3.40810528277642,0.0253646989395306,3.52646495050098,3.52849768028618,0.000656677861528209,3.75734558619298
synthetic_out_of_distribution,empirical_timing,out_of_distribution_001__empirical_timing,synthetic_out_of_distribution::out_of_distribution_001__empirical_timing,native_imm,posterior,combined_maneuver,218,34.7680528004995,2.29782990698129,85.839887348305,21.8181727076598,6.43609892366634,50.1371646393934
synthetic_out_of_distribution,empirical_timing,out_of_distribution_001__empirical_timing,synthetic_out_of_distribution::out_of_distribution_001__empirical_timing,native_imm,posterior,forward_acceleration,160,19.9987479967188,1.01268442004293,48.9953403206121,12.8585740303236,2.28316003209497,27.8483999041135
synthetic_out_of_distribution,empirical_timing,out_of_distribution_001__empirical_timing,synthetic_out_of_distribution::out_of_distribution_001__empirical_timing,native_imm,posterior,constant_turn,324,491.511673137133,1.42540561543884,789.127656244367,87.2475320044957,3.46840883202131,233.78193703985
synthetic_out_of_distribution,empirical_timing,out_of_distribution_001__empirical_timing,synthetic_out_of_distribution::out_of_distribution_001__empirical_timing,native_imm,posterior,vertical_acceleration,247,22.6960820941405,1.41935674214769,45.9225317201892,7.75460367579182,1.97327453821825,20.9989197625443
synthetic_out_of_distribution,empirical_timing,out_of_distribution_001__empirical_timing,synthetic_out_of_distribution::out_of_distribution_001__empirical_timing,warm_ukf,prior,constant_velocity,251,442.304097609762,71.4570771230374,1269.19825051791,120.55967136593,71.5205081080946,318.517359227611
synthetic_out_of_distribution,empirical_timing,out_of_distribution_001__empirical_timing,synthetic_out_of_distribution::out_of_distribution_001__empirical_timing,warm_ukf,prior,combined_maneuver,218,370.856577935213,93.5305661137168,810.712713563943,186.741812711093,152.112536857471,299.659148806502
synthetic_out_of_distribution,empirical_timing,out_of_distribution_001__empirical_timing,synthetic_out_of_distribution::out_of_distribution_001__empirical_timing,warm_ukf,prior,forward_acceleration,160,193.174605962613,64.0315259347596,460.691974254421,127.254722088348,89.1045548848261,281.106213699612
synthetic_out_of_distribution,empirical_timing,out_of_distribution_001__empirical_timing,synthetic_out_of_distribution::out_of_distribution_001__empirical_timing,warm_ukf,prior,constant_turn,324,637.733933415921,95.6889119895374,1315.20862101012,184.970685486531,105.324850590792,379.433143753662
synthetic_out_of_distribution,empirical_timing,out_of_distribution_001__empirical_timing,synthetic_out_of_distribution::out_of_distribution_001__empirical_timing,warm_ukf,prior,vertical_acceleration,247,362.375269767419,43.2367947439697,1357.68314513556,40.1882216424677,33.3134072207992,71.1077494299774
synthetic_out_of_distribution,empirical_timing,out_of_distribution_001__empirical_timing,synthetic_out_of_distribution::out_of_distribution_001__empirical_timing,warm_ukf,posterior,constant_velocity,251,401.76279018956,35.5387631539864,1262.16608925751,118.383346196724,71.5205081080946,312.308699673449
synthetic_out_of_distribution,empirical_timing,out_of_distribution_001__empirical_timing,synthetic_out_of_distribution::out_of_distribution_001__empirical_timing,warm_ukf,posterior,combined_maneuver,218,308.769800745708,32.0191546218223,703.310286721581,180.669805131652,141.270019235152,294.801641896358
synthetic_out_of_distribution,empirical_timing,out_of_distribution_001__empirical_timing,synthetic_out_of_distribution::out_of_distribution_001__empirical_timing,warm_ukf,posterior,forward_acceleration,160,162.849277847596,9.3678822921113,368.635965706766,124.532649176539,87.2599585728346,262.070239133028
synthetic_out_of_distribution,empirical_timing,out_of_distribution_001__empirical_timing,synthetic_out_of_distribution::out_of_distribution_001__empirical_timing,warm_ukf,posterior,constant_turn,324,585.09872543416,37.2373264758275,1096.96101995932,181.893403777893,103.303091910569,379.433143753662
synthetic_out_of_distribution,empirical_timing,out_of_distribution_001__empirical_timing,synthetic_out_of_distribution::out_of_distribution_001__empirical_timing,warm_ukf,posterior,vertical_acceleration,247,340.36434391811,22.1956978875594,1335.37342463692,39.1563487873578,33.1005933426952,67.0191451549143
synthetic_out_of_distribution,degraded,out_of_distribution_001__degraded,synthetic_out_of_distribution::out_of_distribution_001__degraded,cv_ekf,prior,constant_velocity,251,269.923283094642,42.4392921206582,675.495636406567,48.8055928912581,5.71832869877304,151.863145629893
synthetic_out_of_distribution,degraded,out_of_distribution_001__degraded,synthetic_out_of_distribution::out_of_distribution_001__degraded,cv_ekf,prior,combined_maneuver,218,830.106119592829,457.845570357728,2033.10080243225,200.821818313081,156.490769222147,378.911349263774
synthetic_out_of_distribution,degraded,out_of_distribution_001__degraded,synthetic_out_of_distribution::out_of_distribution_001__degraded,cv_ekf,prior,forward_acceleration,160,524.201465356647,167.298659764904,1073.47870821441,106.105527927116,39.5991245995075,236.822290900318
synthetic_out_of_distribution,degraded,out_of_distribution_001__degraded,synthetic_out_of_distribution::out_of_distribution_001__degraded,cv_ekf,prior,constant_turn,324,796.715803271445,402.796974945295,1514.19150440131,187.385309761473,132.568468845565,343.58640687101
synthetic_out_of_distribution,degraded,out_of_distribution_001__degraded,synthetic_out_of_distribution::out_of_distribution_001__degraded,cv_ekf,prior,vertical_acceleration,247,301.761609418895,109.697369246472,637.986290521957,55.4499646550214,16.6832695880314,129.069640628566
synthetic_out_of_distribution,degraded,out_of_distribution_001__degraded,synthetic_out_of_distribution::out_of_distribution_001__degraded,cv_ekf,posterior,constant_velocity,251,244.854564402856,40.7301521700935,612.544386828696,46.2504418183924,5.4788997639896,151.863145629893
synthetic_out_of_distribution,degraded,out_of_distribution_001__degraded,synthetic_out_of_distribution::out_of_distribution_001__degraded,cv_ekf,posterior,combined_maneuver,218,755.23142523508,401.833701826303,1926.14244684631,193.132166622558,147.171557763557,372.231670195009
synthetic_out_of_distribution,degraded,out_of_distribution_001__degraded,synthetic_out_of_distribution::out_of_distribution_001__degraded,cv_ekf,posterior,forward_acceleration,160,461.281894103736,146.959080585828,840.96411402701,99.1032678801102,37.1039469760672,192.587386934968
synthetic_out_of_distribution,degraded,out_of_distribution_001__degraded,synthetic_out_of_distribution::out_of_distribution_001__degraded,cv_ekf,posterior,constant_turn,324,722.685240973316,351.907788128126,1432.62712707813,180.098899664689,130.541566339222,329.236375072531
synthetic_out_of_distribution,degraded,out_of_distribution_001__degraded,synthetic_out_of_distribution::out_of_distribution_001__degraded,cv_ekf,posterior,vertical_acceleration,247,255.375951142382,98.5212312503362,553.664926447398,50.4330387932004,16.0424235704605,127.708070037748
synthetic_out_of_distribution,degraded,out_of_distribution_001__degraded,synthetic_out_of_distribution::out_of_distribution_001__degraded,ca_ekf,prior,constant_velocity,251,141.609379847906,56.8604717901259,235.30300998001,46.754066176412,13.9528669340047,103.196391013736
synthetic_out_of_distribution,degraded,out_of_distribution_001__degraded,synthetic_out_of_distribution::out_of_distribution_001__degraded,ca_ekf,prior,combined_maneuver,218,541.780266113956,200.074421205923,1394.07379681212,164.405955092895,103.394767584545,341.679892145961
synthetic_out_of_distribution,degraded,out_of_distribution_001__degraded,synthetic_out_of_distribution::out_of_distribution_001__degraded,ca_ekf,prior,forward_acceleration,160,253.782700260953,82.853767520591,514.864945058042,91.6751171057374,28.0762659051762,193.414051198724
synthetic_out_of_distribution,degraded,out_of_distribution_001__degraded,synthetic_out_of_distribution::out_of_distribution_001__degraded,ca_ekf,prior,constant_turn,324,708.977624538503,213.404717088778,1477.07140020131,168.999357019186,110.983207064304,330.614197338028
synthetic_out_of_distribution,degraded,out_of_distribution_001__degraded,synthetic_out_of_distribution::out_of_distribution_001__degraded,ca_ekf,prior,vertical_acceleration,247,167.090502164314,102.211598020105,302.453560714938,53.885626366294,22.7454118280694,116.96519862627
synthetic_out_of_distribution,degraded,out_of_distribution_001__degraded,synthetic_out_of_distribution::out_of_distribution_001__degraded,ca_ekf,posterior,constant_velocity,251,122.5642265774,48.797840572819,193.268045618449,42.7079699416254,12.4893483844448,92.112736182463
synthetic_out_of_distribution,degraded,out_of_distribution_001__degraded,synthetic_out_of_distribution::out_of_distribution_001__degraded,ca_ekf,posterior,combined_maneuver,218,481.915028991594,157.912663928193,1296.57717414822,152.636341046704,94.8287002084188,334.833443340558
synthetic_out_of_distribution,degraded,out_of_distribution_001__degraded,synthetic_out_of_distribution::out_of_distribution_001__degraded,ca_ekf,posterior,forward_acceleration,160,212.708674295151,70.2208104825924,444.259547474549,82.9834020644455,24.9935344161769,168.721894164636
synthetic_out_of_distribution,degraded,out_of_distribution_001__degraded,synthetic_out_of_distribution::out_of_distribution_001__degraded,ca_ekf,posterior,constant_turn,324,642.262903917126,167.353693542074,1273.17743770436,156.93008188834,103.332256909467,307.743700161973
synthetic_out_of_distribution,degraded,out_of_distribution_001__degraded,synthetic_out_of_distribution::out_of_distribution_001__degraded,ca_ekf,posterior,vertical_acceleration,247,142.610939230512,81.7607422362792,271.842460571947,47.985338714111,21.3479155963728,105.633497878666
synthetic_out_of_distribution,degraded,out_of_distribution_001__degraded,synthetic_out_of_distribution::out_of_distribution_001__degraded,ct_ekf,prior,constant_velocity,251,275.276170765154,86.9615295327609,737.393472774925,51.6790958587436,20.6730446052182,131.275753083387
synthetic_out_of_distribution,degraded,out_of_distribution_001__degraded,synthetic_out_of_distribution::out_of_distribution_001__degraded,ct_ekf,prior,combined_maneuver,218,796.7035712803,398.118907152527,2023.58629284612,194.601664742436,141.887171558311,383.903431165228
synthetic_out_of_distribution,degraded,out_of_distribution_001__degraded,synthetic_out_of_distribution::out_of_distribution_001__degraded,ct_ekf,prior,forward_acceleration,160,495.863236011047,167.023888819836,1027.20804391431,99.7760381256208,40.9315981964814,216.054705139742
synthetic_out_of_distribution,degraded,out_of_distribution_001__degraded,synthetic_out_of_distribution::out_of_distribution_001__degraded,ct_ekf,prior,constant_turn,324,705.481741541654,393.405537107666,1394.48584506536,174.277450371022,129.664505272412,310.135140409997
synthetic_out_of_distribution,degraded,out_of_distribution_001__degraded,synthetic_out_of_distribution::out_of_distribution_001__degraded,ct_ekf,prior,vertical_acceleration,247,333.231171822669,185.005945483828,603.548191882662,59.323771228912,33.8095257592618,145.187694973651
synthetic_out_of_distribution,degraded,out_of_distribution_001__degraded,synthetic_out_of_distribution::out_of_distribution_001__degraded,ct_ekf,posterior,constant_velocity,251,249.828026004479,76.4255911427577,661.140285693911,49.0040062650916,19.2276598703622,129.871532706775
synthetic_out_of_distribution,degraded,out_of_distribution_001__degraded,synthetic_out_of_distribution::out_of_distribution_001__degraded,ct_ekf,posterior,combined_maneuver,218,728.744698330023,372.708500899196,1892.96246961203,187.655255862637,131.993796843404,374.931956664899
synthetic_out_of_distribution,degraded,out_of_distribution_001__degraded,synthetic_out_of_distribution::out_of_distribution_001__degraded,ct_ekf,posterior,forward_acceleration,160,437.141392140569,141.422715491023,771.152958337709,93.4144001446116,38.5958643637389,170.059197519825
synthetic_out_of_distribution,degraded,out_of_distribution_001__degraded,synthetic_out_of_distribution::out_of_distribution_001__degraded,ct_ekf,posterior,constant_turn,324,634.548184894007,349.404918679231,1298.87224410993,167.130348695861,129.155692659365,297.204182495552
synthetic_out_of_distribution,degraded,out_of_distribution_001__degraded,synthetic_out_of_distribution::out_of_distribution_001__degraded,ct_ekf,posterior,vertical_acceleration,247,286.185031170315,169.747478719439,547.456709423792,54.6295767035783,32.4059072862389,141.562763415996
synthetic_out_of_distribution,degraded,out_of_distribution_001__degraded,synthetic_out_of_distribution::out_of_distribution_001__degraded,native_imm,prior,constant_velocity,251,83.1235571489147,45.5187651788002,149.696862866454,27.5405561884898,11.3548713312831,57.795978960652
synthetic_out_of_distribution,degraded,out_of_distribution_001__degraded,synthetic_out_of_distribution::out_of_distribution_001__degraded,native_imm,prior,combined_maneuver,218,165.563425437411,88.0800783593584,362.911421416414,69.4238859314358,52.4259020072333,132.513209677326
synthetic_out_of_distribution,degraded,out_of_distribution_001__degraded,synthetic_out_of_distribution::out_of_distribution_001__degraded,native_imm,prior,forward_acceleration,160,124.302853645531,58.3137312338984,316.395750657141,49.6823835091443,26.5925583823471,90.3413101276327
synthetic_out_of_distribution,degraded,out_of_distribution_001__degraded,synthetic_out_of_distribution::out_of_distribution_001__degraded,native_imm,prior,constant_turn,324,572.248700318332,82.5809778113523,967.386816035543,116.556165856359,44.5030845450338,283.322439487937
synthetic_out_of_distribution,degraded,out_of_distribution_001__degraded,synthetic_out_of_distribution::out_of_distribution_001__degraded,native_imm,prior,vertical_acceleration,247,169.640464352257,56.292789187898,382.518688582043,38.9189190733874,21.4929942026406,60.5890657625168
synthetic_out_of_distribution,degraded,out_of_distribution_001__degraded,synthetic_out_of_distribution::out_of_distribution_001__degraded,native_imm,posterior,constant_velocity,251,72.7733818782602,40.8394713803556,134.423606295461,25.1235602465255,10.7300480248054,48.5590621000171
synthetic_out_of_distribution,degraded,out_of_distribution_001__degraded,synthetic_out_of_distribution::out_of_distribution_001__degraded,native_imm,posterior,combined_maneuver,218,145.220757113121,72.5766517035235,339.303208132891,61.8575508326542,46.8245879126935,111.989062305061
synthetic_out_of_distribution,degraded,out_of_distribution_001__degraded,synthetic_out_of_distribution::out_of_distribution_001__degraded,native_imm,posterior,forward_acceleration,160,104.627454825211,47.2052946986518,257.446769872273,43.128359663465,23.9866327463973,86.6117055450646
synthetic_out_of_distribution,degraded,out_of_distribution_001__degraded,synthetic_out_of_distribution::out_of_distribution_001__degraded,native_imm,posterior,constant_turn,324,525.441769152352,66.9833002188662,847.451169636368,108.905876266943,36.9960529262202,263.18464165581
synthetic_out_of_distribution,degraded,out_of_distribution_001__degraded,synthetic_out_of_distribution::out_of_distribution_001__degraded,native_imm,posterior,vertical_acceleration,247,151.799638146198,48.4885925738794,349.881194389814,34.5939414812867,20.4213148013951,56.1270502660285
synthetic_out_of_distribution,degraded,out_of_distribution_001__degraded,synthetic_out_of_distribution::out_of_distribution_001__degraded,warm_ukf,prior,constant_velocity,251,527.583280740836,109.618952153698,662.576681903357,87.0833430225324,41.2876681073464,256.148444331104
synthetic_out_of_distribution,degraded,out_of_distribution_001__degraded,synthetic_out_of_distribution::out_of_distribution_001__degraded,warm_ukf,prior,combined_maneuver,218,749.405917242379,243.806465843201,1516.22827500112,219.941081765995,160.811835212841,437.528941530013
synthetic_out_of_distribution,degraded,out_of_distribution_001__degraded,synthetic_out_of_distribution::out_of_distribution_001__degraded,warm_ukf,prior,forward_acceleration,160,243.715951555126,100.608025701762,596.966139046338,86.9639503475728,68.7830942797672,143.090258014435
synthetic_out_of_distribution,degraded,out_of_distribution_001__degraded,synthetic_out_of_distribution::out_of_distribution_001__degraded,warm_ukf,prior,constant_turn,324,697.592504551168,211.47365451946,1461.60616079229,168.735541995377,125.83899187725,313.727646745509
synthetic_out_of_distribution,degraded,out_of_distribution_001__degraded,synthetic_out_of_distribution::out_of_distribution_001__degraded,warm_ukf,prior,vertical_acceleration,247,288.205698211581,111.733373944243,704.185523599764,97.7833016646923,33.1654280372275,263.124175859787
synthetic_out_of_distribution,degraded,out_of_distribution_001__degraded,synthetic_out_of_distribution::out_of_distribution_001__degraded,warm_ukf,posterior,constant_velocity,251,472.618176193684,85.4802584560294,552.342577832333,85.698746312033,40.6653358567446,256.148444331104
synthetic_out_of_distribution,degraded,out_of_distribution_001__degraded,synthetic_out_of_distribution::out_of_distribution_001__degraded,warm_ukf,posterior,combined_maneuver,218,677.416223366316,187.36600099623,1405.33394790358,213.747350049105,159.152560796935,419.552302127632
synthetic_out_of_distribution,degraded,out_of_distribution_001__degraded,synthetic_out_of_distribution::out_of_distribution_001__degraded,warm_ukf,posterior,forward_acceleration,160,213.866980231608,79.2285257663881,548.17783218359,84.5300775984513,68.07876746387,138.170734938222
synthetic_out_of_distribution,degraded,out_of_distribution_001__degraded,synthetic_out_of_distribution::out_of_distribution_001__degraded,warm_ukf,posterior,constant_turn,324,619.274886103833,146.653619993539,1174.06681242236,163.877433276663,120.76075498831,310.429203982448
synthetic_out_of_distribution,degraded,out_of_distribution_001__degraded,synthetic_out_of_distribution::out_of_distribution_001__degraded,warm_ukf,posterior,vertical_acceleration,247,241.779392741757,98.8909351603779,648.7914123466,98.496302323493,33.2124093238325,266.503287481678
synthetic_out_of_distribution,ideal,out_of_distribution_002__ideal,synthetic_out_of_distribution::out_of_distribution_002__ideal,cv_ekf,prior,constant_turn,95,36.1606313025941,26.7925467809693,52.5497156919403,58.8371065930714,42.2626627336731,83.1874402986996
synthetic_out_of_distribution,ideal,out_of_distribution_002__ideal,synthetic_out_of_distribution::out_of_distribution_002__ideal,cv_ekf,prior,vertical_acceleration,346,6.98989760328868,1.60256613800402,3.65216150287139,9.23700243228527,1.87940423149314,5.11568417025834
synthetic_out_of_distribution,ideal,out_of_distribution_002__ideal,synthetic_out_of_distribution::out_of_distribution_002__ideal,cv_ekf,prior,forward_acceleration,142,3.13179692865199,3.13129990257372,3.70329543425235,4.9911208832467,5.06189664426969,5.83600920535393
synthetic_out_of_distribution,ideal,out_of_distribution_002__ideal,synthetic_out_of_distribution::out_of_distribution_002__ideal,cv_ekf,prior,combined_maneuver,413,31.5235294915447,31.4950186534485,50.4130198625288,50.2982872812659,49.9458410681198,79.5779917823935
synthetic_out_of_distribution,ideal,out_of_distribution_002__ideal,synthetic_out_of_distribution::out_of_distribution_002__ideal,cv_ekf,prior,constant_velocity,204,5.90113845794168,0.00171238326444737,11.518390924879,7.8229516690242,0.00100329719144783,12.3626884745736
synthetic_out_of_distribution,ideal,out_of_distribution_002__ideal,synthetic_out_of_distribution::out_of_distribution_002__ideal,cv_ekf,posterior,constant_turn,95,13.1949785362136,9.84052645785334,19.2654030554315,36.3433977654025,25.9262241597575,51.4103741626968
synthetic_out_of_distribution,ideal,out_of_distribution_002__ideal,synthetic_out_of_distribution::out_of_distribution_002__ideal,cv_ekf,posterior,vertical_acceleration,346,2.61271704177638,0.768069675477818,1.37887736961849,5.23236098786184,1.34315440221851,3.62037425814252
synthetic_out_of_distribution,ideal,out_of_distribution_002__ideal,synthetic_out_of_distribution::out_of_distribution_002__ideal,cv_ekf,posterior,forward_acceleration,142,1.15550482216807,1.15121772913328,1.36013757657554,3.06140471796459,3.08309150759986,3.53708188135348
synthetic_out_of_distribution,ideal,out_of_distribution_002__ideal,synthetic_out_of_distribution::out_of_distribution_002__ideal,cv_ekf,posterior,combined_maneuver,413,11.5856705810139,11.5712384732846,18.5195458258786,30.928602769991,30.3739468207169,48.3711183206562
synthetic_out_of_distribution,ideal,out_of_distribution_002__ideal,synthetic_out_of_distribution::out_of_distribution_002__ideal,cv_ekf,posterior,constant_velocity,204,2.16999890039229,0.00080340424507659,4.27393846301247,4.38495999885115,0.000397026626871917,3.4250049456314
synthetic_out_of_distribution,ideal,out_of_distribution_002__ideal,synthetic_out_of_distribution::out_of_distribution_002__ideal,ca_ekf,prior,constant_turn,95,18.6903264322685,15.5013943891175,40.1278401668209,31.944768590959,25.5070425867383,66.6359881408232
synthetic_out_of_distribution,ideal,out_of_distribution_002__ideal,synthetic_out_of_distribution::out_of_distribution_002__ideal,ca_ekf,prior,vertical_acceleration,346,8.37397379802465,0.35253874558306,22.5717401811769,13.517422213833,0.339055240252179,35.3464476651908
synthetic_out_of_distribution,ideal,out_of_distribution_002__ideal,synthetic_out_of_distribution::out_of_distribution_002__ideal,ca_ekf,prior,forward_acceleration,142,1.09737659094864,0.189936734584117,2.65544613532833,1.61566605332188,0.194921948643465,4.26239690616563
synthetic_out_of_distribution,ideal,out_of_distribution_002__ideal,synthetic_out_of_distribution::out_of_distribution_002__ideal,ca_ekf,prior,combined_maneuver,413,15.3657773955539,10.7550599570445,33.8913814031251,25.0270564140633,17.0648257817985,56.4996565084368
synthetic_out_of_distribution,ideal,out_of_distribution_002__ideal,synthetic_out_of_distribution::out_of_distribution_002__ideal,ca_ekf,prior,constant_velocity,204,7.1530214127922,0.191133435834218,20.6708032053175,11.5712031468825,0.18633218452877,33.4490156179949
synthetic_out_of_distribution,ideal,out_of_distribution_002__ideal,synthetic_out_of_distribution::out_of_distribution_002__ideal,ca_ekf,posterior,constant_turn,95,6.60551232289513,4.86924380757864,14.6978645459387,19.7775844535714,15.1240548211594,40.9194546762938
synthetic_out_of_distribution,ideal,out_of_distribution_002__ideal,synthetic_out_of_distribution::out_of_distribution_002__ideal,ca_ekf,posterior,vertical_acceleration,346,3.10127949930553,0.186267411098823,8.30596193532367,8.67735776211708,0.216789751213649,19.9126236166293
synthetic_out_of_distribution,ideal,out_of_distribution_002__ideal,synthetic_out_of_distribution::out_of_distribution_002__ideal,ca_ekf,posterior,forward_acceleration,142,0.485188344853194,0.0891320279805567,1.16478529142527,1.07751328154753,0.146369942581325,2.85783076863308
synthetic_out_of_distribution,ideal,out_of_distribution_002__ideal,synthetic_out_of_distribution::out_of_distribution_002__ideal,ca_ekf,posterior,combined_maneuver,413,5.65181812757155,3.9300964951647,12.4453421605648,15.8990621774291,10.3475829670195,38.0174099750622
synthetic_out_of_distribution,ideal,out_of_distribution_002__ideal,synthetic_out_of_distribution::out_of_distribution_002__ideal,ca_ekf,posterior,constant_velocity,204,2.64664384950065,0.106406820527654,7.61267135923682,7.43363043877902,0.144469329338349,21.683622769834
synthetic_out_of_distribution,ideal,out_of_distribution_002__ideal,synthetic_out_of_distribution::out_of_distribution_002__ideal,ct_ekf,prior,constant_turn,95,36.5955583463854,29.7543887472337,53.2283156103629,59.48861953315,47.0880951400618,85.6209160035914
synthetic_out_of_distribution,ideal,out_of_distribution_002__ideal,synthetic_out_of_distribution::out_of_distribution_002__ideal,ct_ekf,prior,vertical_acceleration,346,7.48500643874321,2.42913105139122,10.6982296453599,10.6558320042876,3.05694529575735,16.1292517944783
synthetic_out_of_distribution,ideal,out_of_distribution_002__ideal,synthetic_out_of_distribution::out_of_distribution_002__ideal,ct_ekf,prior,forward_acceleration,142,3.61780566099449,3.84112379956585,4.0567243876063,5.7306310202506,6.07508204311715,6.39259022457362
synthetic_out_of_distribution,ideal,out_of_distribution_002__ideal,synthetic_out_of_distribution::out_of_distribution_002__ideal,ct_ekf,prior,combined_maneuver,413,31.3851059363881,33.1997721271358,45.9452436008132,49.9296853368881,52.4095634587612,72.4276709731033
synthetic_out_of_distribution,ideal,out_of_distribution_002__ideal,synthetic_out_of_distribution::out_of_distribution_002__ideal,ct_ekf,prior,constant_velocity,204,6.5396845464471,1.28023045238496,11.7533897652259,9.07704727477565,1.95436896421364,12.1203714837539
synthetic_out_of_distribution,ideal,out_of_distribution_002__ideal,synthetic_out_of_distribution::out_of_distribution_002__ideal,ct_ekf,posterior,constant_turn,95,13.3266349027023,10.9516991660623,19.4513158199235,36.6469429275828,29.1373273590074,53.435730986609
synthetic_out_of_distribution,ideal,out_of_distribution_002__ideal,synthetic_out_of_distribution::out_of_distribution_002__ideal,ct_ekf,posterior,vertical_acceleration,346,2.79425006602232,1.15022688968455,3.94691490212596,6.34387015192366,2.06388089570256,9.95215336213335
synthetic_out_of_distribution,ideal,out_of_distribution_002__ideal,synthetic_out_of_distribution::out_of_distribution_002__ideal,ct_ekf,posterior,forward_acceleration,142,1.33876031848451,1.41470040055323,1.49478749021161,3.51019393435445,3.70141182891816,3.91410705932815
synthetic_out_of_distribution,ideal,out_of_distribution_002__ideal,synthetic_out_of_distribution::out_of_distribution_002__ideal,ct_ekf,posterior,combined_maneuver,413,11.564507767655,12.2219089545699,16.9187743712016,30.7216388816744,31.987596066375,44.1971654073487
synthetic_out_of_distribution,ideal,out_of_distribution_002__ideal,synthetic_out_of_distribution::out_of_distribution_002__ideal,ct_ekf,posterior,constant_velocity,204,2.41102953694023,0.521978916608123,4.38483773362277,5.251777130924,1.22232599027389,6.96889273666959
synthetic_out_of_distribution,ideal,out_of_distribution_002__ideal,synthetic_out_of_distribution::out_of_distribution_002__ideal,native_imm,prior,constant_turn,95,3.91876851278776,1.91953712396508,8.8446265608265,10.6912894464435,3.20748941860082,26.0217242755796
synthetic_out_of_distribution,ideal,out_of_distribution_002__ideal,synthetic_out_of_distribution::out_of_distribution_002__ideal,native_imm,prior,vertical_acceleration,346,1.7788001649076,1.53174443912037,2.07305907524343,3.49543067132086,1.78409043782625,2.83887929022076
synthetic_out_of_distribution,ideal,out_of_distribution_002__ideal,synthetic_out_of_distribution::out_of_distribution_002__ideal,native_imm,prior,forward_acceleration,142,1.58257901249196,0.709300730216723,2.95358460931434,2.58539758005984,1.2494092577687,4.82970243547195
synthetic_out_of_distribution,ideal,out_of_distribution_002__ideal,synthetic_out_of_distribution::out_of_distribution_002__ideal,native_imm,prior,combined_maneuver,413,5.04242377961661,3.20367881791371,11.8037754222668,10.3755792442232,5.31346820214398,21.4601648632068
synthetic_out_of_distribution,ideal,out_of_distribution_002__ideal,synthetic_out_of_distribution::out_of_distribution_002__ideal,native_imm,prior,constant_velocity,204,1.44217242252697,0.00561918039994792,2.52747358930106,3.88437624009761,0.000405375584923497,5.5837355389345
synthetic_out_of_distribution,ideal,out_of_distribution_002__ideal,synthetic_out_of_distribution::out_of_distribution_002__ideal,native_imm,posterior,constant_turn,95,0.742608892073824,0.691742567664032,1.1953254161696,4.26402111340965,1.93644260841243,3.78578270913006
synthetic_out_of_distribution,ideal,out_of_distribution_002__ideal,synthetic_out_of_distribution::out_of_distribution_002__ideal,native_imm,posterior,vertical_acceleration,346,0.817453402299203,0.767359337844937,1.08168694617161,1.35497177285604,1.29871865015472,1.68414738412955
synthetic_out_of_distribution,ideal,out_of_distribution_002__ideal,synthetic_out_of_distribution::out_of_distribution_002__ideal,native_imm,posterior,forward_acceleration,142,0.55524032872855,0.162411225230597,1.06937643558554,1.53848176231445,0.570930643114276,3.02369360239728
synthetic_out_of_distribution,ideal,out_of_distribution_002__ideal,synthetic_out_of_distribution::out_of_distribution_002__ideal,native_imm,posterior,combined_maneuver,413,1.58485620668917,1.07008282430897,3.29428885675581,4.95349236387466,3.01181366412659,11.938966706252
synthetic_out_of_distribution,ideal,out_of_distribution_002__ideal,synthetic_out_of_distribution::out_of_distribution_002__ideal,native_imm,posterior,constant_velocity,204,0.283401194235899,0.000253525818439944,0.821975766762748,1.47386379431294,0.000253170410905672,1.40807955112594
synthetic_out_of_distribution,ideal,out_of_distribution_002__ideal,synthetic_out_of_distribution::out_of_distribution_002__ideal,warm_ukf,prior,constant_turn,95,89.255958769151,63.8525624277565,176.205467048079,205.873766523762,169.112434362056,350.377753715312
synthetic_out_of_distribution,ideal,out_of_distribution_002__ideal,synthetic_out_of_distribution::out_of_distribution_002__ideal,warm_ukf,prior,vertical_acceleration,346,188.353882859828,26.8076303880489,126.359019366321,143.720820462943,89.8477483763108,322.292460743947
synthetic_out_of_distribution,ideal,out_of_distribution_002__ideal,synthetic_out_of_distribution::out_of_distribution_002__ideal,warm_ukf,prior,forward_acceleration,142,100.057855003782,32.5779441700163,80.2673342845019,62.3416594877671,49.5647421044861,116.098862200402
synthetic_out_of_distribution,ideal,out_of_distribution_002__ideal,synthetic_out_of_distribution::out_of_distribution_002__ideal,warm_ukf,prior,combined_maneuver,413,161.262538089547,64.002280182679,147.643456444525,205.452446455093,146.498533716163,446.076258663921
synthetic_out_of_distribution,ideal,out_of_distribution_002__ideal,synthetic_out_of_distribution::out_of_distribution_002__ideal,warm_ukf,prior,constant_velocity,204,63.161275695715,22.6283513246911,74.9425765889301,80.0733084946596,52.4196917093552,152.701120620109
synthetic_out_of_distribution,ideal,out_of_distribution_002__ideal,synthetic_out_of_distribution::out_of_distribution_002__ideal,warm_ukf,posterior,constant_turn,95,0.500506752418801,0.274095087710876,1.0768196567302,195.386053919588,157.466519704928,338.05444309319
synthetic_out_of_distribution,ideal,out_of_distribution_002__ideal,synthetic_out_of_distribution::out_of_distribution_002__ideal,warm_ukf,posterior,vertical_acceleration,346,0.26140697339218,0.080141372604481,0.638090000403896,139.854493441379,87.9979422894584,317.780923212479
synthetic_out_of_distribution,ideal,out_of_distribution_002__ideal,synthetic_out_of_distribution::out_of_distribution_002__ideal,warm_ukf,posterior,forward_acceleration,142,0.105114108404748,0.103697706274306,0.157756447153935,61.0093693747533,47.4977923374278,114.412491420791
synthetic_out_of_distribution,ideal,out_of_distribution_002__ideal,synthetic_out_of_distribution::out_of_distribution_002__ideal,warm_ukf,posterior,combined_maneuver,413,0.487106746678231,0.297877821678067,0.955022644778929,195.497471916721,139.270464584849,426.240721348013
synthetic_out_of_distribution,ideal,out_of_distribution_002__ideal,synthetic_out_of_distribution::out_of_distribution_002__ideal,warm_ukf,posterior,constant_velocity,204,0.157247711918113,0.0642997243875334,0.309519576519433,78.0605813713632,50.7700157541319,147.233664626101
synthetic_out_of_distribution,empirical_timing,out_of_distribution_002__empirical_timing,synthetic_out_of_distribution::out_of_distribution_002__empirical_timing,cv_ekf,prior,constant_turn,95,72.7835331754075,50.468403129586,154.839049608866,77.733807965885,62.6470570386434,137.105510494235
synthetic_out_of_distribution,empirical_timing,out_of_distribution_002__empirical_timing,synthetic_out_of_distribution::out_of_distribution_002__empirical_timing,cv_ekf,prior,vertical_acceleration,346,30.601664439288,2.38015956417719,27.9303405583361,17.2444744635765,2.45071053558321,12.2542937165384
synthetic_out_of_distribution,empirical_timing,out_of_distribution_002__empirical_timing,synthetic_out_of_distribution::out_of_distribution_002__empirical_timing,cv_ekf,prior,forward_acceleration,142,62.3354894627568,6.44872300252741,154.220275936646,15.852261989995,7.40354449067579,36.191633474098
synthetic_out_of_distribution,empirical_timing,out_of_distribution_002__empirical_timing,synthetic_out_of_distribution::out_of_distribution_002__empirical_timing,cv_ekf,prior,combined_maneuver,413,199.298962362753,44.4938821379134,446.679937164332,86.9782981154715,62.2664314422419,170.919719066879
synthetic_out_of_distribution,empirical_timing,out_of_distribution_002__empirical_timing,synthetic_out_of_distribution::out_of_distribution_002__empirical_timing,cv_ekf,prior,constant_velocity,204,289.463017396562,0.00814277313534317,51.7960754029467,51.003817452793,0.0115153457362463,46.4606452001293
synthetic_out_of_distribution,empirical_timing,out_of_distribution_002__empirical_timing,synthetic_out_of_distribution::out_of_distribution_002__empirical_timing,cv_ekf,posterior,constant_turn,95,42.035592157272,19.1628307451357,96.2767950622968,56.6654048008892,48.1555215121668,106.455977420483
synthetic_out_of_distribution,empirical_timing,out_of_distribution_002__empirical_timing,synthetic_out_of_distribution::out_of_distribution_002__empirical_timing,cv_ekf,posterior,vertical_acceleration,346,23.1712930706241,1.39014167792113,21.6844898940843,14.5127419429225,1.85912025124345,8.35436396583077
synthetic_out_of_distribution,empirical_timing,out_of_distribution_002__empirical_timing,synthetic_out_of_distribution::out_of_distribution_002__empirical_timing,cv_ekf,posterior,forward_acceleration,142,55.6451690087191,3.31910449167404,136.655156221927,14.5417136474134,5.62801993861055,34.0688455762022
synthetic_out_of_distribution,empirical_timing,out_of_distribution_002__empirical_timing,synthetic_out_of_distribution::out_of_distribution_002__empirical_timing,cv_ekf,posterior,combined_maneuver,413,178.242048541528,17.4112669731522,358.58216877229,72.4426213290019,42.4761094847554,154.486844688562
synthetic_out_of_distribution,empirical_timing,out_of_distribution_002__empirical_timing,synthetic_out_of_distribution::out_of_distribution_002__empirical_timing,cv_ekf,posterior,constant_velocity,204,252.14973799331,0.00422585399701347,16.5757045493001,46.0713077944666,0.00787139699418667,34.0042311367962
synthetic_out_of_distribution,empirical_timing,out_of_distribution_002__empirical_timing,synthetic_out_of_distribution::out_of_distribution_002__empirical_timing,ca_ekf,prior,constant_turn,95,35.7482749270695,19.365593392053,71.3868424032349,42.6910170667091,29.8463520932492,87.7871981229482
synthetic_out_of_distribution,empirical_timing,out_of_distribution_002__empirical_timing,synthetic_out_of_distribution::out_of_distribution_002__empirical_timing,ca_ekf,prior,vertical_acceleration,346,32.1366668008849,1.27813345520653,81.5128941496963,24.3267547910596,0.929545869320733,61.8062751967093
synthetic_out_of_distribution,empirical_timing,out_of_distribution_002__empirical_timing,synthetic_out_of_distribution::out_of_distribution_002__empirical_timing,ca_ekf,prior,forward_acceleration,142,13.3064565128036,1.76168868674697,32.5121561381565,5.3446833555401,1.411262567344,10.9689027901452
synthetic_out_of_distribution,empirical_timing,out_of_distribution_002__empirical_timing,synthetic_out_of_distribution::out_of_distribution_002__empirical_timing,ca_ekf,prior,combined_maneuver,413,187.368204238645,18.2517206176995,357.975778531435,62.1752209699948,26.2332016150945,145.647737114587
synthetic_out_of_distribution,empirical_timing,out_of_distribution_002__empirical_timing,synthetic_out_of_distribution::out_of_distribution_002__empirical_timing,ca_ekf,prior,constant_velocity,204,311.393297748844,0.488226489795465,58.7592408261838,59.9379753530326,0.385019928233614,97.1542910672974
synthetic_out_of_distribution,empirical_timing,out_of_distribution_002__empirical_timing,synthetic_out_of_distribution::out_of_distribution_002__empirical_timing,ca_ekf,posterior,constant_turn,95,19.5677860987034,6.31576619201568,44.588263922847,29.4248372299295,19.2580396468477,60.9911380381001
synthetic_out_of_distribution,empirical_timing,out_of_distribution_002__empirical_timing,synthetic_out_of_distribution::out_of_distribution_002__empirical_timing,ca_ekf,posterior,vertical_acceleration,346,23.1349527056663,0.680104939576498,53.8495722450944,18.8555713660758,0.701974081378601,45.1217274912167
synthetic_out_of_distribution,empirical_timing,out_of_distribution_002__empirical_timing,synthetic_out_of_distribution::out_of_distribution_002__empirical_timing,ca_ekf,posterior,forward_acceleration,142,11.0540443798263,0.700350167255582,27.6916847671979,4.65557585600607,1.17361711318398,9.20865326537027
synthetic_out_of_distribution,empirical_timing,out_of_distribution_002__empirical_timing,synthetic_out_of_distribution::out_of_distribution_002__empirical_timing,ca_ekf,posterior,combined_maneuver,413,175.415212879354,7.36943141527548,307.433794525537,54.8558982424273,17.3755784079921,133.361804260912
synthetic_out_of_distribution,empirical_timing,out_of_distribution_002__empirical_timing,synthetic_out_of_distribution::out_of_distribution_002__empirical_timing,ca_ekf,posterior,constant_velocity,204,271.009159677632,0.237546277239168,19.4444909854709,53.8784968369654,0.262557682224351,36.7605912682665
synthetic_out_of_distribution,empirical_timing,out_of_distribution_002__empirical_timing,synthetic_out_of_distribution::out_of_distribution_002__empirical_timing,ct_ekf,prior,constant_turn,95,73.526595441165,50.3012661449682,152.486902386876,78.7239236889292,68.4626979051978,130.387299391214
synthetic_out_of_distribution,empirical_timing,out_of_distribution_002__empirical_timing,synthetic_out_of_distribution::out_of_distribution_002__empirical_timing,ct_ekf,prior,vertical_acceleration,346,35.3382111970599,7.15687612057891,75.4645445545284,18.6067907662274,6.78836890210441,38.1690085027282
synthetic_out_of_distribution,empirical_timing,out_of_distribution_002__empirical_timing,synthetic_out_of_distribution::out_of_distribution_002__empirical_timing,ct_ekf,prior,forward_acceleration,142,72.8449083345088,7.5539768613235,180.512538320977,18.4506142084057,8.6475938249264,42.2025159460335
synthetic_out_of_distribution,empirical_timing,out_of_distribution_002__empirical_timing,synthetic_out_of_distribution::out_of_distribution_002__empirical_timing,ct_ekf,prior,combined_maneuver,413,204.698877518595,45.9231583005571,422.291479887492,87.0501894788105,67.3163432429798,172.679966727817
synthetic_out_of_distribution,empirical_timing,out_of_distribution_002__empirical_timing,synthetic_out_of_distribution::out_of_distribution_002__empirical_timing,ct_ekf,prior,constant_velocity,204,305.605220294627,4.8011690207067,106.404701376525,54.5329664066123,5.78087979274923,54.9764889406293
synthetic_out_of_distribution,empirical_timing,out_of_distribution_002__empirical_timing,synthetic_out_of_distribution::out_of_distribution_002__empirical_timing,ct_ekf,posterior,constant_turn,95,42.3315333765647,18.8404632924369,97.9364039752436,57.1938704995474,49.763232400661,100.863594761595
synthetic_out_of_distribution,empirical_timing,out_of_distribution_002__empirical_timing,synthetic_out_of_distribution::out_of_distribution_002__empirical_timing,ct_ekf,posterior,vertical_acceleration,346,28.4754836792638,3.26395842305082,62.3359004619752,15.5621006222998,5.34568408115552,28.9556822978662
synthetic_out_of_distribution,empirical_timing,out_of_distribution_002__empirical_timing,synthetic_out_of_distribution::out_of_distribution_002__empirical_timing,ct_ekf,posterior,forward_acceleration,142,65.0039507147981,3.89485164622216,160.023902538289,16.9119396980539,6.57116977370968,39.7517288743148
synthetic_out_of_distribution,empirical_timing,out_of_distribution_002__empirical_timing,synthetic_out_of_distribution::out_of_distribution_002__empirical_timing,ct_ekf,posterior,combined_maneuver,413,184.071896172556,17.528259779737,378.458219111381,72.8425719012426,44.814603748783,156.132136585091
synthetic_out_of_distribution,empirical_timing,out_of_distribution_002__empirical_timing,synthetic_out_of_distribution::out_of_distribution_002__empirical_timing,ct_ekf,posterior,constant_velocity,204,266.082539010507,1.72311354296648,75.0626480139052,49.224631255023,4.45856407871378,39.8284742725751
synthetic_out_of_distribution,empirical_timing,out_of_distribution_002__empirical_timing,synthetic_out_of_distribution::out_of_distribution_002__empirical_timing,native_imm,prior,constant_turn,95,5.84239618644768,2.94318676860613,10.5101672912216,12.3372587785219,4.62146430035047,31.8466942435443
synthetic_out_of_distribution,empirical_timing,out_of_distribution_002__empirical_timing,synthetic_out_of_distribution::out_of_distribution_002__empirical_timing,native_imm,prior,vertical_acceleration,346,16.5365693333134,1.96758137453737,28.4459817453161,12.814059354223,2.09527144882955,25.6419845232542
synthetic_out_of_distribution,empirical_timing,out_of_distribution_002__empirical_timing,synthetic_out_of_distribution::out_of_distribution_002__empirical_timing,native_imm,prior,forward_acceleration,142,25.288852238103,2.97157403300467,65.6383196620274,8.72984300699382,4.30484058314134,19.7788042396623
synthetic_out_of_distribution,empirical_timing,out_of_distribution_002__empirical_timing,synthetic_out_of_distribution::out_of_distribution_002__empirical_timing,native_imm,prior,combined_maneuver,413,134.396197523535,7.47023745691258,184.099037060758,42.6662462098373,11.1322334831725,113.187865500171
synthetic_out_of_distribution,empirical_timing,out_of_distribution_002__empirical_timing,synthetic_out_of_distribution::out_of_distribution_002__empirical_timing,native_imm,prior,constant_velocity,204,74.2134406927912,0.0389007754045472,20.1754702482321,22.0902903633121,0.00435860140530527,28.224630049655
synthetic_out_of_distribution,empirical_timing,out_of_distribution_002__empirical_timing,synthetic_out_of_distribution::out_of_distribution_002__empirical_timing,native_imm,posterior,constant_turn,95,2.20908179225498,0.947641731780008,4.62699345744849,5.76870582925519,2.81238743711524,10.1056591942024
synthetic_out_of_distribution,empirical_timing,out_of_distribution_002__empirical_timing,synthetic_out_of_distribution::out_of_distribution_002__empirical_timing,native_imm,posterior,vertical_acceleration,346,12.1391583295931,1.11852659015953,24.2531758214708,9.7944850999215,1.56396999715463,12.6687249143427
synthetic_out_of_distribution,empirical_timing,out_of_distribution_002__empirical_timing,synthetic_out_of_distribution::out_of_distribution_002__empirical_timing,native_imm,posterior,forward_acceleration,142,21.5936312455789,1.16344061061793,56.5922277647398,7.72441827113983,2.89308956297262,18.1104102187833
synthetic_out_of_distribution,empirical_timing,out_of_distribution_002__empirical_timing,synthetic_out_of_distribution::out_of_distribution_002__empirical_timing,native_imm,posterior,combined_maneuver,413,120.133532480848,2.36373891275401,127.989349377219,35.5033875191935,7.15943563010804,94.2782758718579
synthetic_out_of_distribution,empirical_timing,out_of_distribution_002__empirical_timing,synthetic_out_of_distribution::out_of_distribution_002__empirical_timing,native_imm,posterior,constant_velocity,204,62.4542611533787,0.0182226515471236,6.27077254195244,19.7499589315017,0.00388034410657774,19.6578112272511
synthetic_out_of_distribution,empirical_timing,out_of_distribution_002__empirical_timing,synthetic_out_of_distribution::out_of_distribution_002__empirical_timing,warm_ukf,prior,constant_turn,95,180.649284926764,101.497079853477,388.613437742453,219.667591984833,182.320173011248,398.765878273725
synthetic_out_of_distribution,empirical_timing,out_of_distribution_002__empirical_timing,synthetic_out_of_distribution::out_of_distribution_002__empirical_timing,warm_ukf,prior,vertical_acceleration,346,215.423134003457,45.8763333535569,508.761123556689,144.81704214534,88.9783731295427,216.359683368561
synthetic_out_of_distribution,empirical_timing,out_of_distribution_002__empirical_timing,synthetic_out_of_distribution::out_of_distribution_002__empirical_timing,warm_ukf,prior,forward_acceleration,142,215.065389706029,81.9026544963433,520.603109481432,84.6476399485926,61.1383279118147,151.486038426797
synthetic_out_of_distribution,empirical_timing,out_of_distribution_002__empirical_timing,synthetic_out_of_distribution::out_of_distribution_002__empirical_timing,warm_ukf,prior,combined_maneuver,413,353.083618140926,112.741459984356,763.243825164252,225.721365810725,150.778559134154,557.601710249917
synthetic_out_of_distribution,empirical_timing,out_of_distribution_002__empirical_timing,synthetic_out_of_distribution::out_of_distribution_002__empirical_timing,warm_ukf,prior,constant_velocity,204,262.456076162172,39.5922765307358,287.424544216675,94.5470957820267,82.9446671436085,188.26264213849
synthetic_out_of_distribution,empirical_timing,out_of_distribution_002__empirical_timing,synthetic_out_of_distribution::out_of_distribution_002__empirical_timing,warm_ukf,posterior,constant_turn,95,90.9776168428159,1.01199070332413,223.368534751167,209.393633248319,170.813796365329,379.970386703127
synthetic_out_of_distribution,empirical_timing,out_of_distribution_002__empirical_timing,synthetic_out_of_distribution::out_of_distribution_002__empirical_timing,warm_ukf,posterior,vertical_acceleration,346,166.790007816634,15.3702695937212,211.468105649066,137.698715053664,88.2632423859744,216.0346676627
synthetic_out_of_distribution,empirical_timing,out_of_distribution_002__empirical_timing,synthetic_out_of_distribution::out_of_distribution_002__empirical_timing,warm_ukf,posterior,forward_acceleration,142,192.074822092201,29.1439570721319,500.543415134894,83.6905843376019,62.2423660503788,149.336110854832
synthetic_out_of_distribution,empirical_timing,out_of_distribution_002__empirical_timing,synthetic_out_of_distribution::out_of_distribution_002__empirical_timing,warm_ukf,posterior,combined_maneuver,413,278.020928777798,31.3138621371257,591.636526903433,217.965557360659,143.503732047835,535.929650620961
synthetic_out_of_distribution,empirical_timing,out_of_distribution_002__empirical_timing,synthetic_out_of_distribution::out_of_distribution_002__empirical_timing,warm_ukf,posterior,constant_velocity,204,221.433505969762,0.707805138052311,211.36203666083,91.2240171139625,81.6811977307814,163.984774770935
synthetic_out_of_distribution,degraded,out_of_distribution_002__degraded,synthetic_out_of_distribution::out_of_distribution_002__degraded,cv_ekf,prior,constant_turn,95,641.400413781877,401.35965101522,1287.68339245545,222.58015728081,194.234028588292,384.365505151055
synthetic_out_of_distribution,degraded,out_of_distribution_002__degraded,synthetic_out_of_distribution::out_of_distribution_002__degraded,cv_ekf,prior,vertical_acceleration,346,487.189894552932,104.533007358479,1119.6365500352,100.350792355238,16.3416684263619,276.385198360075
synthetic_out_of_distribution,degraded,out_of_distribution_002__degraded,synthetic_out_of_distribution::out_of_distribution_002__degraded,cv_ekf,prior,forward_acceleration,142,216.120946749967,123.982304486503,480.232593261633,34.0474343515405,28.4410385571904,65.9119210990166
synthetic_out_of_distribution,degraded,out_of_distribution_002__degraded,synthetic_out_of_distribution::out_of_distribution_002__degraded,cv_ekf,prior,combined_maneuver,413,801.40569265665,608.148808188463,1478.31744587056,238.356936129474,195.305095712555,407.789822954222
synthetic_out_of_distribution,degraded,out_of_distribution_002__degraded,synthetic_out_of_distribution::out_of_distribution_002__degraded,cv_ekf,prior,constant_velocity,204,340.718762874351,117.648749167666,825.340583797049,92.5015330283147,16.3792415953688,203.42271851737
synthetic_out_of_distribution,degraded,out_of_distribution_002__degraded,synthetic_out_of_distribution::out_of_distribution_002__degraded,cv_ekf,posterior,constant_turn,95,562.930768896406,386.677816090633,1152.76610463895,211.436510596664,188.051879264797,358.953208924336
synthetic_out_of_distribution,degraded,out_of_distribution_002__degraded,synthetic_out_of_distribution::out_of_distribution_002__degraded,cv_ekf,posterior,vertical_acceleration,346,431.70911377008,94.7431058748794,995.43567004633,93.9286926475983,15.6984387013931,234.0461708532
synthetic_out_of_distribution,degraded,out_of_distribution_002__degraded,synthetic_out_of_distribution::out_of_distribution_002__degraded,cv_ekf,posterior,forward_acceleration,142,198.391221777617,110.619386937455,448.520882363031,32.2717099011625,26.6188947502732,62.9722296940292
synthetic_out_of_distribution,degraded,out_of_distribution_002__degraded,synthetic_out_of_distribution::out_of_distribution_002__degraded,cv_ekf,posterior,combined_maneuver,413,707.174122520332,527.269423741131,1328.76205375331,226.795888685719,188.146591961585,387.114889248082
synthetic_out_of_distribution,degraded,out_of_distribution_002__degraded,synthetic_out_of_distribution::out_of_distribution_002__degraded,cv_ekf,posterior,constant_velocity,204,290.262379903514,104.788230033014,670.354914856882,86.0202991667213,16.112223457661,196.688358227434
synthetic_out_of_distribution,degraded,out_of_distribution_002__degraded,synthetic_out_of_distribution::out_of_distribution_002__degraded,ca_ekf,prior,constant_turn,95,405.730105828858,292.87725762494,811.874960333748,182.862344651555,172.629444024289,307.626005715006
synthetic_out_of_distribution,degraded,out_of_distribution_002__degraded,synthetic_out_of_distribution::out_of_distribution_002__degraded,ca_ekf,prior,vertical_acceleration,346,252.650209904933,98.044068071238,569.39328972723,101.002950024687,26.560231798093,236.25760447657
synthetic_out_of_distribution,degraded,out_of_distribution_002__degraded,synthetic_out_of_distribution::out_of_distribution_002__degraded,ca_ekf,prior,forward_acceleration,142,150.304497168449,63.4060615245631,366.195394835282,43.5419286398742,17.9846705881552,87.8445190243448
synthetic_out_of_distribution,degraded,out_of_distribution_002__degraded,synthetic_out_of_distribution::out_of_distribution_002__degraded,ca_ekf,prior,combined_maneuver,413,481.572463325199,273.687244973382,1026.4246055908,189.283796115997,148.572030743766,345.525163486982
synthetic_out_of_distribution,degraded,out_of_distribution_002__degraded,synthetic_out_of_distribution::out_of_distribution_002__degraded,ca_ekf,prior,constant_velocity,204,799.007174915519,81.9178299378007,1021.90274073354,141.333641897874,34.349018496607,303.044737409645
synthetic_out_of_distribution,degraded,out_of_distribution_002__degraded,synthetic_out_of_distribution::out_of_distribution_002__degraded,ca_ekf,posterior,constant_turn,95,331.775399811048,208.523083400093,712.822211483131,165.065652098167,154.002245952616,278.576814162948
synthetic_out_of_distribution,degraded,out_of_distribution_002__degraded,synthetic_out_of_distribution::out_of_distribution_002__degraded,ca_ekf,posterior,vertical_acceleration,346,208.941338924124,85.3128690446117,468.631913772081,91.23403178069,24.6123373762969,214.472292723067
synthetic_out_of_distribution,degraded,out_of_distribution_002__degraded,synthetic_out_of_distribution::out_of_distribution_002__degraded,ca_ekf,posterior,forward_acceleration,142,129.606164746228,54.2529348599231,318.062027953215,39.4062686995374,16.4975031130851,79.8947771136254
synthetic_out_of_distribution,degraded,out_of_distribution_002__degraded,synthetic_out_of_distribution::out_of_distribution_002__degraded,ca_ekf,posterior,combined_maneuver,413,415.201788855654,211.898146127642,923.625052557755,172.671862539801,134.302307015717,324.619872435054
synthetic_out_of_distribution,degraded,out_of_distribution_002__degraded,synthetic_out_of_distribution::out_of_distribution_002__degraded,ca_ekf,posterior,constant_velocity,204,721.271754549024,67.3051161341047,335.145274617573,130.471837915275,29.8771407435302,172.136926496958
synthetic_out_of_distribution,degraded,out_of_distribution_002__degraded,synthetic_out_of_distribution::out_of_distribution_002__degraded,ct_ekf,prior,constant_turn,95,632.06431343514,405.012428403862,1205.86657785767,226.068747501542,189.102093562731,392.431249811397
synthetic_out_of_distribution,degraded,out_of_distribution_002__degraded,synthetic_out_of_distribution::out_of_distribution_002__degraded,ct_ekf,prior,vertical_acceleration,346,453.786342191003,123.141977986019,1070.7011634881,94.5846386109092,27.3985593781419,245.793941189476
synthetic_out_of_distribution,degraded,out_of_distribution_002__degraded,synthetic_out_of_distribution::out_of_distribution_002__degraded,ct_ekf,prior,forward_acceleration,142,284.697948484921,173.244939630397,593.34395910699,46.6073936026126,38.7674498990026,83.2000581307958
synthetic_out_of_distribution,degraded,out_of_distribution_002__degraded,synthetic_out_of_distribution::out_of_distribution_002__degraded,ct_ekf,prior,combined_maneuver,413,804.756699866046,580.842285530852,1506.52816668953,238.912999043688,186.552868177261,390.493285677203
synthetic_out_of_distribution,degraded,out_of_distribution_002__degraded,synthetic_out_of_distribution::out_of_distribution_002__degraded,ct_ekf,prior,constant_velocity,204,386.426900703769,175.303337735717,837.607463095257,100.369747517156,43.8315376653427,236.050328483347
synthetic_out_of_distribution,degraded,out_of_distribution_002__degraded,synthetic_out_of_distribution::out_of_distribution_002__degraded,ct_ekf,posterior,constant_turn,95,551.336578473028,354.940507939719,1133.82676047823,214.388446286055,184.427503702874,367.340185699966
synthetic_out_of_distribution,degraded,out_of_distribution_002__degraded,synthetic_out_of_distribution::out_of_distribution_002__degraded,ct_ekf,posterior,vertical_acceleration,346,402.661902154092,112.007663573319,937.65026001373,88.6016859363645,26.625204416019,228.089762029429
synthetic_out_of_distribution,degraded,out_of_distribution_002__degraded,synthetic_out_of_distribution::out_of_distribution_002__degraded,ct_ekf,posterior,forward_acceleration,142,260.338330277514,155.11249045566,559.870119365732,43.935978836171,36.0122212488667,79.4933578098449
synthetic_out_of_distribution,degraded,out_of_distribution_002__degraded,synthetic_out_of_distribution::out_of_distribution_002__degraded,ct_ekf,posterior,combined_maneuver,413,709.398200678323,508.735471912343,1374.58695893651,227.204040514283,181.699232724846,380.662046359659
synthetic_out_of_distribution,degraded,out_of_distribution_002__degraded,synthetic_out_of_distribution::out_of_distribution_002__degraded,ct_ekf,posterior,constant_velocity,204,333.308686668547,155.658140770278,703.291095035431,93.8292845034675,41.3322301362002,233.926826385443
synthetic_out_of_distribution,degraded,out_of_distribution_002__degraded,synthetic_out_of_distribution::out_of_distribution_002__degraded,native_imm,prior,constant_turn,95,217.616539349211,68.1917271628116,542.440704001152,101.020342802,58.8270692522236,198.428624858232
synthetic_out_of_distribution,degraded,out_of_distribution_002__degraded,synthetic_out_of_distribution::out_of_distribution_002__degraded,native_imm,prior,vertical_acceleration,346,81.8679951608462,59.96443446479,161.322155248657,29.5694998083404,16.6345519116759,58.9281250059155
synthetic_out_of_distribution,degraded,out_of_distribution_002__degraded,synthetic_out_of_distribution::out_of_distribution_002__degraded,native_imm,prior,forward_acceleration,142,94.7033883004514,55.6342332769061,214.03114280821,22.5788445135704,18.8426746537207,39.6761388798166
synthetic_out_of_distribution,degraded,out_of_distribution_002__degraded,synthetic_out_of_distribution::out_of_distribution_002__degraded,native_imm,prior,combined_maneuver,413,292.623345776952,92.7935526192387,664.208973921758,99.9622497475681,61.2410768296333,200.310522972051
synthetic_out_of_distribution,degraded,out_of_distribution_002__degraded,synthetic_out_of_distribution::out_of_distribution_002__degraded,native_imm,prior,constant_velocity,204,668.50775964708,52.8969700534923,872.571747304925,97.7904329924565,17.9755670780309,249.89409653768
synthetic_out_of_distribution,degraded,out_of_distribution_002__degraded,synthetic_out_of_distribution::out_of_distribution_002__degraded,native_imm,posterior,constant_turn,95,176.514865742261,51.8121738994006,453.159088281742,88.1129384889202,45.8330237208816,175.332073132984
synthetic_out_of_distribution,degraded,out_of_distribution_002__degraded,synthetic_out_of_distribution::out_of_distribution_002__degraded,native_imm,posterior,vertical_acceleration,346,71.847242830264,52.6246525575276,132.77272804104,25.99436853401,14.8215528993351,53.4613268529125
synthetic_out_of_distribution,degraded,out_of_distribution_002__degraded,synthetic_out_of_distribution::out_of_distribution_002__degraded,native_imm,posterior,forward_acceleration,142,86.2505287858836,49.8546426192474,194.652352171929,21.1813039220402,17.401256597868,37.9860974014905
synthetic_out_of_distribution,degraded,out_of_distribution_002__degraded,synthetic_out_of_distribution::out_of_distribution_002__degraded,native_imm,posterior,combined_maneuver,413,268.150697404645,69.3683510672795,567.244182090072,90.8076446261666,51.9613638222894,179.234443074085
synthetic_out_of_distribution,degraded,out_of_distribution_002__degraded,synthetic_out_of_distribution::out_of_distribution_002__degraded,native_imm,posterior,constant_velocity,204,609.345815967939,45.3330392254932,251.72546666655,91.9385557078874,16.1100066790275,160.022295751666
synthetic_out_of_distribution,degraded,out_of_distribution_002__degraded,synthetic_out_of_distribution::out_of_distribution_002__degraded,warm_ukf,prior,constant_turn,95,489.986975230059,350.06784408953,957.53460419781,249.479816218143,229.900997553377,369.040037036388
synthetic_out_of_distribution,degraded,out_of_distribution_002__degraded,synthetic_out_of_distribution::out_of_distribution_002__degraded,warm_ukf,prior,vertical_acceleration,346,525.816318295418,113.160663927537,745.604899593174,126.195467600097,91.8979139019301,273.327597480855
synthetic_out_of_distribution,degraded,out_of_distribution_002__degraded,synthetic_out_of_distribution::out_of_distribution_002__degraded,warm_ukf,prior,forward_acceleration,142,276.938222797651,104.493450534399,497.76728411874,67.9855733377729,61.6952035343326,114.926894908504
synthetic_out_of_distribution,degraded,out_of_distribution_002__degraded,synthetic_out_of_distribution::out_of_distribution_002__degraded,warm_ukf,prior,combined_maneuver,413,472.371742261754,276.607857696507,1013.42153126492,192.063767783515,149.0381437202,317.790660081616
synthetic_out_of_distribution,degraded,out_of_distribution_002__degraded,synthetic_out_of_distribution::out_of_distribution_002__degraded,warm_ukf,prior,constant_velocity,204,324.773708373675,155.367577138693,561.136382776472,119.048354284932,91.5025485463877,235.452108325757
synthetic_out_of_distribution,degraded,out_of_distribution_002__degraded,synthetic_out_of_distribution::out_of_distribution_002__degraded,warm_ukf,posterior,constant_turn,95,413.803821117253,258.283701814257,848.013877471345,241.820403294233,220.240182561009,349.929680491677
synthetic_out_of_distribution,degraded,out_of_distribution_002__degraded,synthetic_out_of_distribution::out_of_distribution_002__degraded,warm_ukf,posterior,vertical_acceleration,346,450.344360943673,90.3908166761628,594.475724071663,123.00711018088,91.9920921066139,267.997424821435
synthetic_out_of_distribution,degraded,out_of_distribution_002__degraded,synthetic_out_of_distribution::out_of_distribution_002__degraded,warm_ukf,posterior,forward_acceleration,142,205.05257244033,85.7363389516838,449.193289736093,66.1673818484694,60.7060720155152,112.993551293544
synthetic_out_of_distribution,degraded,out_of_distribution_002__degraded,synthetic_out_of_distribution::out_of_distribution_002__degraded,warm_ukf,posterior,combined_maneuver,413,393.744965708311,211.247607991309,841.354472458496,182.441548654153,139.295711580162,304.239195319005
synthetic_out_of_distribution,degraded,out_of_distribution_002__degraded,synthetic_out_of_distribution::out_of_distribution_002__degraded,warm_ukf,posterior,constant_velocity,204,281.528223463026,122.266319540678,434.492855566035,114.635318684793,90.2493886787447,219.054167716783
synthetic_out_of_distribution,ideal,out_of_distribution_003__ideal,synthetic_out_of_distribution::out_of_distribution_003__ideal,cv_ekf,prior,constant_turn,209,41.92546483029,39.0840070965664,53.1882024197328,67.2132722646966,64.213192454961,83.9592218364275
synthetic_out_of_distribution,ideal,out_of_distribution_003__ideal,synthetic_out_of_distribution::out_of_distribution_003__ideal,cv_ekf,prior,forward_acceleration,338,7.54502571551804,3.6359670944476,5.47377211030057,10.5422726527659,5.73379799832994,8.20834453392085
synthetic_out_of_distribution,ideal,out_of_distribution_003__ideal,synthetic_out_of_distribution::out_of_distribution_003__ideal,cv_ekf,prior,combined_maneuver,273,42.1651672646766,41.0815015663976,60.5841066856356,67.142544854802,66.2229810841687,96.6201708762861
synthetic_out_of_distribution,ideal,out_of_distribution_003__ideal,synthetic_out_of_distribution::out_of_distribution_003__ideal,cv_ekf,prior,vertical_acceleration,262,6.92320661438371,1.53532292367148,4.25700413982492,9.13700852377723,1.80435745904339,4.60726109622689
synthetic_out_of_distribution,ideal,out_of_distribution_003__ideal,synthetic_out_of_distribution::out_of_distribution_003__ideal,cv_ekf,prior,constant_velocity,118,4.27855930796381,0.00702120844104719,2.74190426794394,5.65349902978037,0.00531251126902752,3.21789332115939
synthetic_out_of_distribution,ideal,out_of_distribution_003__ideal,synthetic_out_of_distribution::out_of_distribution_003__ideal,cv_ekf,posterior,constant_turn,209,15.3743367415336,14.3419422109592,19.5375891895198,41.3785564650171,41.7479725238721,51.4746401924615
synthetic_out_of_distribution,ideal,out_of_distribution_003__ideal,synthetic_out_of_distribution::out_of_distribution_003__ideal,cv_ekf,posterior,forward_acceleration,338,2.77110694301228,1.33445894567397,2.00947486905464,6.09350403884484,3.53102918270256,5.23548565704954
synthetic_out_of_distribution,ideal,out_of_distribution_003__ideal,synthetic_out_of_distribution::out_of_distribution_003__ideal,cv_ekf,posterior,combined_maneuver,273,15.4876403032252,15.0772512693183,22.2381634723709,41.1800440259902,40.2227312527887,58.6866471977838
synthetic_out_of_distribution,ideal,out_of_distribution_003__ideal,synthetic_out_of_distribution::out_of_distribution_003__ideal,cv_ekf,posterior,vertical_acceleration,262,2.59462573021809,0.752756104375853,1.56299525849547,5.17934688388458,1.27358945543109,3.87959815257804
synthetic_out_of_distribution,ideal,out_of_distribution_003__ideal,synthetic_out_of_distribution::out_of_distribution_003__ideal,cv_ekf,posterior,constant_velocity,118,1.57917998977943,0.00265192317374625,1.0371282381383,3.16724722092496,0.00460235327635594,2.09637745170877
synthetic_out_of_distribution,ideal,out_of_distribution_003__ideal,synthetic_out_of_distribution::out_of_distribution_003__ideal,ca_ekf,prior,constant_turn,209,20.7717338893305,14.0194933476465,44.7663594542091,34.1690498336686,22.729189057038,71.8102861592848
synthetic_out_of_distribution,ideal,out_of_distribution_003__ideal,synthetic_out_of_distribution::out_of_distribution_003__ideal,ca_ekf,prior,forward_acceleration,338,7.95720148023561,0.265256288673216,19.5640263590448,12.9634776569388,0.243791919699826,31.880591504845
synthetic_out_of_distribution,ideal,out_of_distribution_003__ideal,synthetic_out_of_distribution::out_of_distribution_003__ideal,ca_ekf,prior,combined_maneuver,273,19.0552671868325,12.7875262953528,35.5903936254733,30.9560909571581,20.3266725412457,59.6652818563266
synthetic_out_of_distribution,ideal,out_of_distribution_003__ideal,synthetic_out_of_distribution::out_of_distribution_003__ideal,ca_ekf,prior,vertical_acceleration,262,8.0658926327636,0.549114284113485,23.1801192314033,13.0641511936094,0.604582011428185,36.5928358173242
synthetic_out_of_distribution,ideal,out_of_distribution_003__ideal,synthetic_out_of_distribution::out_of_distribution_003__ideal,ca_ekf,prior,constant_velocity,118,5.04598791248666,0.270101571990133,11.9479459252929,8.19121465989271,0.309127607361893,18.6810474209752
synthetic_out_of_distribution,ideal,out_of_distribution_003__ideal,synthetic_out_of_distribution::out_of_distribution_003__ideal,ca_ekf,posterior,constant_turn,209,7.56978153372674,4.9522473566404,16.3315724034068,21.6301621064614,13.6090953328773,50.4630173984736
synthetic_out_of_distribution,ideal,out_of_distribution_003__ideal,synthetic_out_of_distribution::out_of_distribution_003__ideal,ca_ekf,posterior,forward_acceleration,338,2.91909460488324,0.109693151955163,7.22386662363251,8.31933088456431,0.181851599061232,20.8114959234116
synthetic_out_of_distribution,ideal,out_of_distribution_003__ideal,synthetic_out_of_distribution::out_of_distribution_003__ideal,ca_ekf,posterior,combined_maneuver,273,7.0076756551557,4.75861340345755,13.1119839335936,19.6374283710872,12.9095784017395,38.346270163832
synthetic_out_of_distribution,ideal,out_of_distribution_003__ideal,synthetic_out_of_distribution::out_of_distribution_003__ideal,ca_ekf,posterior,vertical_acceleration,262,2.99845841620573,0.282950554134128,8.52064161273023,8.39945338563163,0.400087330218193,23.3209311691273
synthetic_out_of_distribution,ideal,out_of_distribution_003__ideal,synthetic_out_of_distribution::out_of_distribution_003__ideal,ca_ekf,posterior,constant_velocity,118,1.87810331124428,0.136811261941291,4.49301041236826,5.26266136368781,0.221638065082522,10.1757005787766
synthetic_out_of_distribution,ideal,out_of_distribution_003__ideal,synthetic_out_of_distribution::out_of_distribution_003__ideal,ct_ekf,prior,constant_turn,209,42.7320854069919,41.2567358411523,58.1450099726968,68.4576996478073,65.9210987093762,91.7422960580906
synthetic_out_of_distribution,ideal,out_of_distribution_003__ideal,synthetic_out_of_distribution::out_of_distribution_003__ideal,ct_ekf,prior,forward_acceleration,338,9.41560381889707,6.11232020203019,9.88947312855369,13.6485599716288,9.61329956338706,15.5394044666515
synthetic_out_of_distribution,ideal,out_of_distribution_003__ideal,synthetic_out_of_distribution::out_of_distribution_003__ideal,ct_ekf,prior,combined_maneuver,273,41.0579505396151,37.6194723634583,56.3401316320745,65.2297972137877,59.3493995675972,89.3181822866149
synthetic_out_of_distribution,ideal,out_of_distribution_003__ideal,synthetic_out_of_distribution::out_of_distribution_003__ideal,ct_ekf,prior,vertical_acceleration,262,7.8788417634414,4.18496621158573,10.7862617055564,11.2329010371356,6.2213336394377,16.3045679291045
synthetic_out_of_distribution,ideal,out_of_distribution_003__ideal,synthetic_out_of_distribution::out_of_distribution_003__ideal,ct_ekf,prior,constant_velocity,118,5.48666157816407,3.15804883568986,5.47338755493051,7.73942142869873,4.95504916323972,7.73370266442869
synthetic_out_of_distribution,ideal,out_of_distribution_003__ideal,synthetic_out_of_distribution::out_of_distribution_003__ideal,ct_ekf,posterior,constant_turn,209,15.6887178950745,15.1713694670874,21.387054001423,42.1664065819652,40.5239788751394,56.2590684691677
synthetic_out_of_distribution,ideal,out_of_distribution_003__ideal,synthetic_out_of_distribution::out_of_distribution_003__ideal,ct_ekf,posterior,forward_acceleration,338,3.46514004326334,2.24752948104008,3.63842783872224,8.01433858331835,5.86444411270118,9.41994951945019
synthetic_out_of_distribution,ideal,out_of_distribution_003__ideal,synthetic_out_of_distribution::out_of_distribution_003__ideal,ct_ekf,posterior,combined_maneuver,273,15.118046770139,13.8255850462012,20.7257762486397,40.0467006970146,36.1785674720651,54.3867375482496
synthetic_out_of_distribution,ideal,out_of_distribution_003__ideal,synthetic_out_of_distribution::out_of_distribution_003__ideal,ct_ekf,posterior,vertical_acceleration,262,2.94733691906674,1.70043783377039,3.99870773005508,6.67105104099028,3.8531768247219,10.1473028111474
synthetic_out_of_distribution,ideal,out_of_distribution_003__ideal,synthetic_out_of_distribution::out_of_distribution_003__ideal,ct_ekf,posterior,constant_velocity,118,2.02707916678109,1.16255129325951,2.0101483763242,4.48478682862833,3.00419662406088,4.64459410830923
synthetic_out_of_distribution,ideal,out_of_distribution_003__ideal,synthetic_out_of_distribution::out_of_distribution_003__ideal,native_imm,prior,constant_turn,209,7.87093071902309,4.47333158236979,15.8328953494217,18.0776707381057,9.46253216564391,35.6907198340521
synthetic_out_of_distribution,ideal,out_of_distribution_003__ideal,synthetic_out_of_distribution::out_of_distribution_003__ideal,native_imm,prior,forward_acceleration,338,2.57312588015218,1.84716390071211,3.94376158950977,4.80468955620359,0.740121903492817,7.31003130390235
synthetic_out_of_distribution,ideal,out_of_distribution_003__ideal,synthetic_out_of_distribution::out_of_distribution_003__ideal,native_imm,prior,combined_maneuver,273,8.4489966776843,4.69235498685212,17.5660075722218,16.0357427775089,8.65003557640332,31.2713155330571
synthetic_out_of_distribution,ideal,out_of_distribution_003__ideal,synthetic_out_of_distribution::out_of_distribution_003__ideal,native_imm,prior,vertical_acceleration,262,1.82932465933461,1.56396301217183,2.22750460429959,3.49596003867984,1.70627324005,2.66811902409289
synthetic_out_of_distribution,ideal,out_of_distribution_003__ideal,synthetic_out_of_distribution::out_of_distribution_003__ideal,native_imm,prior,constant_velocity,118,1.27344469726186,0.0258804277827113,2.24107683780373,2.52835466245966,0.00506505327004555,2.5174760655698
synthetic_out_of_distribution,ideal,out_of_distribution_003__ideal,synthetic_out_of_distribution::out_of_distribution_003__ideal,native_imm,posterior,constant_turn,209,2.06826269181518,0.73748577908536,4.86991146326584,8.17658758910772,4.77692963624412,16.2435217011801
synthetic_out_of_distribution,ideal,out_of_distribution_003__ideal,synthetic_out_of_distribution::out_of_distribution_003__ideal,native_imm,posterior,forward_acceleration,338,0.660150357807115,0.0619509537899703,1.0402378350351,2.24230634742176,0.325842422481261,4.13467202175438
synthetic_out_of_distribution,ideal,out_of_distribution_003__ideal,synthetic_out_of_distribution::out_of_distribution_003__ideal,native_imm,posterior,combined_maneuver,273,2.66031869579439,1.32238745937908,6.41449701584463,8.30948690131382,4.57490832481934,18.0036927328501
synthetic_out_of_distribution,ideal,out_of_distribution_003__ideal,synthetic_out_of_distribution::out_of_distribution_003__ideal,native_imm,posterior,vertical_acceleration,262,0.819212041225259,0.785951579985526,1.09394696953932,1.38962484364984,1.24608976230594,1.83496425311072
synthetic_out_of_distribution,ideal,out_of_distribution_003__ideal,synthetic_out_of_distribution::out_of_distribution_003__ideal,native_imm,posterior,constant_velocity,118,0.280213839186484,0.00243851362113056,0.69698685337862,0.921823221297861,0.0034568588996184,1.35085338379157
synthetic_out_of_distribution,ideal,out_of_distribution_003__ideal,synthetic_out_of_distribution::out_of_distribution_003__ideal,warm_ukf,prior,constant_turn,209,124.872329325903,99.251554975246,179.426386200034,231.539497560074,222.502672963582,353.660633932482
synthetic_out_of_distribution,ideal,out_of_distribution_003__ideal,synthetic_out_of_distribution::out_of_distribution_003__ideal,warm_ukf,prior,forward_acceleration,338,74.0394059868746,33.459925439945,175.748665027684,132.930010813396,101.415319939456,285.676313944183
synthetic_out_of_distribution,ideal,out_of_distribution_003__ideal,synthetic_out_of_distribution::out_of_distribution_003__ideal,warm_ukf,prior,combined_maneuver,273,256.528647987551,105.703960266312,231.50620827991,278.630264975549,246.591626624059,461.401174469218
synthetic_out_of_distribution,ideal,out_of_distribution_003__ideal,synthetic_out_of_distribution::out_of_distribution_003__ideal,warm_ukf,prior,vertical_acceleration,262,68.7451113985346,31.0349575416391,96.2393779708102,112.864890821447,89.5083421398253,190.198532510254
synthetic_out_of_distribution,ideal,out_of_distribution_003__ideal,synthetic_out_of_distribution::out_of_distribution_003__ideal,warm_ukf,prior,constant_velocity,118,134.726041871879,29.4045768738739,79.9615686460933,117.947346749875,76.5608141334262,205.16381907715
synthetic_out_of_distribution,ideal,out_of_distribution_003__ideal,synthetic_out_of_distribution::out_of_distribution_003__ideal,warm_ukf,posterior,constant_turn,209,0.603931056584834,0.467879676237848,1.10907175527737,217.845843019605,205.043026035041,327.373571617869
synthetic_out_of_distribution,ideal,out_of_distribution_003__ideal,synthetic_out_of_distribution::out_of_distribution_003__ideal,warm_ukf,posterior,forward_acceleration,338,0.294258166621297,0.113046060309511,0.723103661673381,128.008627599221,99.9496987161545,251.436098980744
synthetic_out_of_distribution,ideal,out_of_distribution_003__ideal,synthetic_out_of_distribution::out_of_distribution_003__ideal,warm_ukf,posterior,combined_maneuver,273,0.643776873973368,0.442108379408147,1.16640838905064,266.163502833918,230.088837673767,442.762510590561
synthetic_out_of_distribution,ideal,out_of_distribution_003__ideal,synthetic_out_of_distribution::out_of_distribution_003__ideal,warm_ukf,posterior,vertical_acceleration,262,0.189193614093075,0.0691535957701118,0.449215679026638,110.921180408838,89.7094734526406,179.688352128293
synthetic_out_of_distribution,ideal,out_of_distribution_003__ideal,synthetic_out_of_distribution::out_of_distribution_003__ideal,warm_ukf,posterior,constant_velocity,118,0.105689498814512,0.0476302638019949,0.228855076938012,116.209034575334,76.1598559509813,200.832079068451
synthetic_out_of_distribution,empirical_timing,out_of_distribution_003__empirical_timing,synthetic_out_of_distribution::out_of_distribution_003__empirical_timing,cv_ekf,prior,constant_turn,209,546.519919763306,72.605581660269,1227.11749498576,168.123929459632,85.3701540092581,370.813425345424
synthetic_out_of_distribution,empirical_timing,out_of_distribution_003__empirical_timing,synthetic_out_of_distribution::out_of_distribution_003__empirical_timing,cv_ekf,prior,forward_acceleration,338,436.051032699972,8.42918346071528,946.717919824655,56.4875456928184,9.10994478146325,203.338186698236
synthetic_out_of_distribution,empirical_timing,out_of_distribution_003__empirical_timing,synthetic_out_of_distribution::out_of_distribution_003__empirical_timing,cv_ekf,prior,combined_maneuver,273,705.189463721843,63.8259233798143,1384.36741271391,173.09984458574,91.6712310041989,375.769124573006
synthetic_out_of_distribution,empirical_timing,out_of_distribution_003__empirical_timing,synthetic_out_of_distribution::out_of_distribution_003__empirical_timing,cv_ekf,prior,vertical_acceleration,262,595.422228229331,3.62714365098715,152.634116727615,85.1972076013703,3.11694083938058,92.3964176528137
synthetic_out_of_distribution,empirical_timing,out_of_distribution_003__empirical_timing,synthetic_out_of_distribution::out_of_distribution_003__empirical_timing,cv_ekf,prior,constant_velocity,118,35.7305450367953,0.0678291851491957,110.631666449833,8.12529653929805,0.0465487885309,14.3290588409095
synthetic_out_of_distribution,empirical_timing,out_of_distribution_003__empirical_timing,synthetic_out_of_distribution::out_of_distribution_003__empirical_timing,cv_ekf,posterior,constant_turn,209,487.397577315604,35.1509727077071,1091.95017754268,151.870602014711,61.3370311378354,349.09559449798
synthetic_out_of_distribution,empirical_timing,out_of_distribution_003__empirical_timing,synthetic_out_of_distribution::out_of_distribution_003__empirical_timing,cv_ekf,posterior,forward_acceleration,338,410.013956922909,4.0921527642919,845.246767919336,53.7304259371021,6.79648420517831,202.650383039207
synthetic_out_of_distribution,empirical_timing,out_of_distribution_003__empirical_timing,synthetic_out_of_distribution::out_of_distribution_003__empirical_timing,cv_ekf,posterior,combined_maneuver,273,635.800646216581,32.4162404187568,1217.30025890088,156.558416518067,62.4569843829574,347.395034551524
synthetic_out_of_distribution,empirical_timing,out_of_distribution_003__empirical_timing,synthetic_out_of_distribution::out_of_distribution_003__empirical_timing,cv_ekf,posterior,vertical_acceleration,262,547.701907582222,2.16022468754541,115.324881135239,81.1878232329563,2.48990220584581,48.4258680192313
synthetic_out_of_distribution,empirical_timing,out_of_distribution_003__empirical_timing,synthetic_out_of_distribution::out_of_distribution_003__empirical_timing,cv_ekf,posterior,constant_velocity,118,32.5044464244752,0.0323362673984836,103.467137029379,6.44533656592654,0.043691422880564,14.3290588409095
synthetic_out_of_distribution,empirical_timing,out_of_distribution_003__empirical_timing,synthetic_out_of_distribution::out_of_distribution_003__empirical_timing,ca_ekf,prior,constant_turn,209,862.09089018625,26.5402972036184,1913.17313446939,223.628510330402,38.0535232074852,568.859212741368
synthetic_out_of_distribution,empirical_timing,out_of_distribution_003__empirical_timing,synthetic_out_of_distribution::out_of_distribution_003__empirical_timing,ca_ekf,prior,forward_acceleration,338,320.863513941258,4.23642586355752,679.803531760944,71.7532475793427,4.22282085579786,181.522881141838
synthetic_out_of_distribution,empirical_timing,out_of_distribution_003__empirical_timing,synthetic_out_of_distribution::out_of_distribution_003__empirical_timing,ca_ekf,prior,combined_maneuver,273,533.698023281511,26.4263430294526,826.014252881508,145.750478876188,36.9427934660381,293.934164294974
synthetic_out_of_distribution,empirical_timing,out_of_distribution_003__empirical_timing,synthetic_out_of_distribution::out_of_distribution_003__empirical_timing,ca_ekf,prior,vertical_acceleration,262,974.248518757191,2.84853465544886,1925.21860261836,173.445101968465,2.73899830110529,595.111247046465
synthetic_out_of_distribution,empirical_timing,out_of_distribution_003__empirical_timing,synthetic_out_of_distribution::out_of_distribution_003__empirical_timing,ca_ekf,prior,constant_velocity,118,23.2516841720024,0.851559246896402,54.7996429972293,12.2294983375667,0.827431693696548,31.5639455183225
synthetic_out_of_distribution,empirical_timing,out_of_distribution_003__empirical_timing,synthetic_out_of_distribution::out_of_distribution_003__empirical_timing,ca_ekf,posterior,constant_turn,209,776.409197076588,10.9934485346939,1778.60330167211,209.600709310816,25.4782601846144,549.307064213483
synthetic_out_of_distribution,empirical_timing,out_of_distribution_003__empirical_timing,synthetic_out_of_distribution::out_of_distribution_003__empirical_timing,ca_ekf,posterior,forward_acceleration,338,289.180566410998,1.62876835075031,595.372604297892,66.7786971199584,3.22330371248904,169.618337207646
synthetic_out_of_distribution,empirical_timing,out_of_distribution_003__empirical_timing,synthetic_out_of_distribution::out_of_distribution_003__empirical_timing,ca_ekf,posterior,combined_maneuver,273,469.187710850348,11.8475517010898,688.959799798349,131.606712909811,24.3155443583164,262.383292389605
synthetic_out_of_distribution,empirical_timing,out_of_distribution_003__empirical_timing,synthetic_out_of_distribution::out_of_distribution_003__empirical_timing,ca_ekf,posterior,vertical_acceleration,262,886.34520682902,1.69444564226244,1355.5533190195,163.001893963926,2.16329670043445,534.780482481347
synthetic_out_of_distribution,empirical_timing,out_of_distribution_003__empirical_timing,synthetic_out_of_distribution::out_of_distribution_003__empirical_timing,ca_ekf,posterior,constant_velocity,118,22.310514024778,0.509558568827673,52.2184783762942,9.97832055311437,0.671976229966488,27.1062958799602
synthetic_out_of_distribution,empirical_timing,out_of_distribution_003__empirical_timing,synthetic_out_of_distribution::out_of_distribution_003__empirical_timing,ct_ekf,prior,constant_turn,209,570.799251569873,68.6464055237367,1277.30156362511,174.648200999552,90.3987954531817,402.859953221386
synthetic_out_of_distribution,empirical_timing,out_of_distribution_003__empirical_timing,synthetic_out_of_distribution::out_of_distribution_003__empirical_timing,ct_ekf,prior,forward_acceleration,338,614.122341078809,12.7632453183899,1238.17103641216,85.1472253218115,14.7147897442894,279.408052956004
synthetic_out_of_distribution,empirical_timing,out_of_distribution_003__empirical_timing,synthetic_out_of_distribution::out_of_distribution_003__empirical_timing,ct_ekf,prior,combined_maneuver,273,706.224222337236,64.780737929831,1422.03128526038,172.420703823117,87.4323807214732,377.085240401465
synthetic_out_of_distribution,empirical_timing,out_of_distribution_003__empirical_timing,synthetic_out_of_distribution::out_of_distribution_003__empirical_timing,ct_ekf,prior,vertical_acceleration,262,704.57871898976,12.8580103516466,541.12498426329,104.67414727732,12.1716753741564,88.3733241266798
synthetic_out_of_distribution,empirical_timing,out_of_distribution_003__empirical_timing,synthetic_out_of_distribution::out_of_distribution_003__empirical_timing,ct_ekf,prior,constant_velocity,118,128.775086621114,6.21423367634427,382.922695932526,22.8275723235773,7.10934866275798,57.5481212966135
synthetic_out_of_distribution,empirical_timing,out_of_distribution_003__empirical_timing,synthetic_out_of_distribution::out_of_distribution_003__empirical_timing,ct_ekf,posterior,constant_turn,209,511.109898158443,32.2502191236876,1251.94873886441,158.306936334431,64.1250069851271,377.939188011741
synthetic_out_of_distribution,empirical_timing,out_of_distribution_003__empirical_timing,synthetic_out_of_distribution::out_of_distribution_003__empirical_timing,ct_ekf,posterior,forward_acceleration,338,574.410252909075,6.42022288551669,1099.96121934815,81.0586193745301,10.589824069274,273.473012350076
synthetic_out_of_distribution,empirical_timing,out_of_distribution_003__empirical_timing,synthetic_out_of_distribution::out_of_distribution_003__empirical_timing,ct_ekf,posterior,combined_maneuver,273,637.151880936791,32.2918649613975,1250.45988311494,156.59167862345,61.7914265763274,348.686527052614
synthetic_out_of_distribution,empirical_timing,out_of_distribution_003__empirical_timing,synthetic_out_of_distribution::out_of_distribution_003__empirical_timing,ct_ekf,posterior,vertical_acceleration,262,646.706619372679,7.17251426887169,463.978012042098,99.4454154650316,9.11492590167315,74.2084704819637
synthetic_out_of_distribution,empirical_timing,out_of_distribution_003__empirical_timing,synthetic_out_of_distribution::out_of_distribution_003__empirical_timing,ct_ekf,posterior,constant_velocity,118,117.993957650093,3.18929141022535,354.686995729209,20.9734374683845,5.05861968150167,55.5020447399529
synthetic_out_of_distribution,empirical_timing,out_of_distribution_003__empirical_timing,synthetic_out_of_distribution::out_of_distribution_003__empirical_timing,native_imm,prior,constant_turn,209,667.306628728847,14.1859402329638,1328.84112182071,174.765778372227,25.8783775862336,477.408875966117
synthetic_out_of_distribution,empirical_timing,out_of_distribution_003__empirical_timing,synthetic_out_of_distribution::out_of_distribution_003__empirical_timing,native_imm,prior,forward_acceleration,338,127.768996172325,4.2184422722212,231.887487651372,38.6960170504782,5.27628525819395,111.148991519559
synthetic_out_of_distribution,empirical_timing,out_of_distribution_003__empirical_timing,synthetic_out_of_distribution::out_of_distribution_003__empirical_timing,native_imm,prior,combined_maneuver,273,402.774417177425,14.2070166700581,737.116561282592,125.811081781074,22.2452418158418,306.758508705282
synthetic_out_of_distribution,empirical_timing,out_of_distribution_003__empirical_timing,synthetic_out_of_distribution::out_of_distribution_003__empirical_timing,native_imm,prior,vertical_acceleration,262,566.70332176833,2.88626514684413,663.328071245953,86.6563787459757,2.54865157679736,167.427669890137
synthetic_out_of_distribution,empirical_timing,out_of_distribution_003__empirical_timing,synthetic_out_of_distribution::out_of_distribution_003__empirical_timing,native_imm,prior,constant_velocity,118,38.637904000761,0.144041196192976,109.728107181951,7.6314421933943,0.007513718542561,18.7633764019965
synthetic_out_of_distribution,empirical_timing,out_of_distribution_003__empirical_timing,synthetic_out_of_distribution::out_of_distribution_003__empirical_timing,native_imm,posterior,constant_turn,209,598.451499288323,3.14610209652508,1200.57685219325,160.12782898138,14.3871399061264,402.118331517261
synthetic_out_of_distribution,empirical_timing,out_of_distribution_003__empirical_timing,synthetic_out_of_distribution::out_of_distribution_003__empirical_timing,native_imm,posterior,forward_acceleration,338,112.201200162461,1.83685571358494,197.893521297128,36.1368033622885,3.54583028341761,103.593343995631
synthetic_out_of_distribution,empirical_timing,out_of_distribution_003__empirical_timing,synthetic_out_of_distribution::out_of_distribution_003__empirical_timing,native_imm,posterior,combined_maneuver,273,352.335815640701,4.07090955695875,550.548756401175,117.15426558137,14.0217999884401,275.249334072434
synthetic_out_of_distribution,empirical_timing,out_of_distribution_003__empirical_timing,synthetic_out_of_distribution::out_of_distribution_003__empirical_timing,native_imm,posterior,vertical_acceleration,262,520.094573200483,1.55467891743415,497.48389698957,82.7973552191405,1.9836006766461,162.677421773127
synthetic_out_of_distribution,empirical_timing,out_of_distribution_003__empirical_timing,synthetic_out_of_distribution::out_of_distribution_003__empirical_timing,native_imm,posterior,constant_velocity,118,36.2956331110124,0.0580931215287579,105.594092520317,6.84869385032362,0.00658323818061849,16.8069711298541
synthetic_out_of_distribution,empirical_timing,out_of_distribution_003__empirical_timing,synthetic_out_of_distribution::out_of_distribution_003__empirical_timing,warm_ukf,prior,constant_turn,209,519.306175981117,159.864356370306,1253.22899080658,258.573809523029,227.422468926762,405.9736837444
synthetic_out_of_distribution,empirical_timing,out_of_distribution_003__empirical_timing,synthetic_out_of_distribution::out_of_distribution_003__empirical_timing,warm_ukf,prior,forward_acceleration,338,709.637347616246,74.9703414508328,1594.73363734576,167.786479656919,106.752787766668,324.498412788123
synthetic_out_of_distribution,empirical_timing,out_of_distribution_003__empirical_timing,synthetic_out_of_distribution::out_of_distribution_003__empirical_timing,warm_ukf,prior,combined_maneuver,273,1066.17256241153,170.882608444115,2348.7734407619,319.177019240502,256.314987867827,568.171251011109
synthetic_out_of_distribution,empirical_timing,out_of_distribution_003__empirical_timing,synthetic_out_of_distribution::out_of_distribution_003__empirical_timing,warm_ukf,prior,vertical_acceleration,262,1472.30104097943,72.2056011422243,2381.36466955142,125.043393595128,106.668327593226,215.289942963951
synthetic_out_of_distribution,empirical_timing,out_of_distribution_003__empirical_timing,synthetic_out_of_distribution::out_of_distribution_003__empirical_timing,warm_ukf,prior,constant_velocity,118,3635.95304943134,50.6880651410386,10766.9256543761,115.841518418881,58.120032448659,220.791112135155
synthetic_out_of_distribution,empirical_timing,out_of_distribution_003__empirical_timing,synthetic_out_of_distribution::out_of_distribution_003__empirical_timing,warm_ukf,posterior,constant_turn,209,453.17399148497,61.9917881612923,1158.44992334471,247.152953006209,218.223216366032,382.690266645625
synthetic_out_of_distribution,empirical_timing,out_of_distribution_003__empirical_timing,synthetic_out_of_distribution::out_of_distribution_003__empirical_timing,warm_ukf,posterior,forward_acceleration,338,659.038805745316,29.2916371364931,1488.78135177008,162.897780405858,106.557395831715,303.217005587032
synthetic_out_of_distribution,empirical_timing,out_of_distribution_003__empirical_timing,synthetic_out_of_distribution::out_of_distribution_003__empirical_timing,warm_ukf,posterior,combined_maneuver,273,977.589154201934,59.3754527229397,2088.45323964025,311.230092811193,246.092687265369,563.793314460647
synthetic_out_of_distribution,empirical_timing,out_of_distribution_003__empirical_timing,synthetic_out_of_distribution::out_of_distribution_003__empirical_timing,warm_ukf,posterior,vertical_acceleration,262,1456.89298865182,41.5605643797822,2275.17327707643,121.868914588087,99.9308963281275,215.285749081796
synthetic_out_of_distribution,empirical_timing,out_of_distribution_003__empirical_timing,synthetic_out_of_distribution::out_of_distribution_003__empirical_timing,warm_ukf,posterior,constant_velocity,118,3369.88355301351,28.5533569704974,10548.3296136737,114.503156133213,57.3650012678595,220.603198689117
synthetic_out_of_distribution,degraded,out_of_distribution_003__degraded,synthetic_out_of_distribution::out_of_distribution_003__degraded,cv_ekf,prior,constant_turn,209,1110.2102504736,823.615446517283,1877.90741041994,304.960958294257,250.934690518163,512.507988690705
synthetic_out_of_distribution,degraded,out_of_distribution_003__degraded,synthetic_out_of_distribution::out_of_distribution_003__degraded,cv_ekf,prior,forward_acceleration,338,964.897619702493,135.317312725734,2136.36210869642,134.279385265359,38.4522976095072,334.089497091746
synthetic_out_of_distribution,degraded,out_of_distribution_003__degraded,synthetic_out_of_distribution::out_of_distribution_003__degraded,cv_ekf,prior,combined_maneuver,273,1641.5901453962,889.468642255417,3640.12444004832,353.787032245101,313.142238173427,580.674498359993
synthetic_out_of_distribution,degraded,out_of_distribution_003__degraded,synthetic_out_of_distribution::out_of_distribution_003__degraded,cv_ekf,prior,vertical_acceleration,262,606.377103577702,149.130428521634,1469.65143863797,113.728421627949,18.7049619418239,253.462584826562
synthetic_out_of_distribution,degraded,out_of_distribution_003__degraded,synthetic_out_of_distribution::out_of_distribution_003__degraded,cv_ekf,prior,constant_velocity,118,309.525249773422,35.9113116115484,763.047406085979,70.8403784146782,9.1209145559992,193.039499456755
synthetic_out_of_distribution,degraded,out_of_distribution_003__degraded,synthetic_out_of_distribution::out_of_distribution_003__degraded,cv_ekf,posterior,constant_turn,209,1003.75054240679,712.768790090411,1779.78846631707,291.297893318031,234.133605989136,489.556106960265
synthetic_out_of_distribution,degraded,out_of_distribution_003__degraded,synthetic_out_of_distribution::out_of_distribution_003__degraded,cv_ekf,posterior,forward_acceleration,338,904.9184510849,125.554365638771,2002.49135109999,128.128859733396,36.8157316839341,331.473752761981
synthetic_out_of_distribution,degraded,out_of_distribution_003__degraded,synthetic_out_of_distribution::out_of_distribution_003__degraded,cv_ekf,posterior,combined_maneuver,273,1508.22348257382,771.728255049542,3377.70904367384,339.775754322888,293.189535106722,567.322948478682
synthetic_out_of_distribution,degraded,out_of_distribution_003__degraded,synthetic_out_of_distribution::out_of_distribution_003__degraded,cv_ekf,posterior,vertical_acceleration,262,548.328470996745,121.200829613507,1409.31791316381,107.507890375988,17.736871978047,252.234121790749
synthetic_out_of_distribution,degraded,out_of_distribution_003__degraded,synthetic_out_of_distribution::out_of_distribution_003__degraded,cv_ekf,posterior,constant_velocity,118,267.984860162394,32.8738321663083,642.217742976112,65.2810057363086,8.56121737358124,172.359202851589
synthetic_out_of_distribution,degraded,out_of_distribution_003__degraded,synthetic_out_of_distribution::out_of_distribution_003__degraded,ca_ekf,prior,constant_turn,209,1296.87602277995,324.335133407802,3188.30014058606,315.330590642757,207.172654765039,652.479058871965
synthetic_out_of_distribution,degraded,out_of_distribution_003__degraded,synthetic_out_of_distribution::out_of_distribution_003__degraded,ca_ekf,prior,forward_acceleration,338,862.175125594807,121.652190754844,2347.60805133434,154.807604227878,48.4806141534522,359.702167351915
synthetic_out_of_distribution,degraded,out_of_distribution_003__degraded,synthetic_out_of_distribution::out_of_distribution_003__degraded,ca_ekf,prior,combined_maneuver,273,1571.57256931052,351.644774646797,3068.08116419001,350.915325913706,204.01803519155,740.224977082465
synthetic_out_of_distribution,degraded,out_of_distribution_003__degraded,synthetic_out_of_distribution::out_of_distribution_003__degraded,ca_ekf,prior,vertical_acceleration,262,1293.45581973885,89.0678647056882,1581.94620750846,222.230541127377,29.0844117245062,368.358034985886
synthetic_out_of_distribution,degraded,out_of_distribution_003__degraded,synthetic_out_of_distribution::out_of_distribution_003__degraded,ca_ekf,prior,constant_velocity,118,150.965640223521,61.1043369244836,316.729131608949,57.0066760708543,13.1414230181087,133.44993418603
synthetic_out_of_distribution,degraded,out_of_distribution_003__degraded,synthetic_out_of_distribution::out_of_distribution_003__degraded,ca_ekf,posterior,constant_turn,209,1148.63857575119,248.106083543334,2778.96678767708,294.871152101542,184.342501829184,640.587632461531
synthetic_out_of_distribution,degraded,out_of_distribution_003__degraded,synthetic_out_of_distribution::out_of_distribution_003__degraded,ca_ekf,posterior,forward_acceleration,338,828.970025557017,94.4925766155447,2277.44476210339,148.166655337154,43.195440215577,346.475590534
synthetic_out_of_distribution,degraded,out_of_distribution_003__degraded,synthetic_out_of_distribution::out_of_distribution_003__degraded,ca_ekf,posterior,combined_maneuver,273,1425.41108360244,267.291024595808,2754.54477531046,328.162988639242,182.984343136797,688.938966989981
synthetic_out_of_distribution,degraded,out_of_distribution_003__degraded,synthetic_out_of_distribution::out_of_distribution_003__degraded,ca_ekf,posterior,vertical_acceleration,262,1175.18099090312,77.1033912327278,1364.19874370022,207.839255684249,27.5774686747217,324.313399077152
synthetic_out_of_distribution,degraded,out_of_distribution_003__degraded,synthetic_out_of_distribution::out_of_distribution_003__degraded,ca_ekf,posterior,constant_velocity,118,134.966251934825,54.1001369645216,292.583351749477,51.7865964399854,12.3400698183369,123.542698340234
synthetic_out_of_distribution,degraded,out_of_distribution_003__degraded,synthetic_out_of_distribution::out_of_distribution_003__degraded,ct_ekf,prior,constant_turn,209,1136.71807190191,816.794424438865,2305.91708970569,312.148554181409,271.068120178607,521.573212448361
synthetic_out_of_distribution,degraded,out_of_distribution_003__degraded,synthetic_out_of_distribution::out_of_distribution_003__degraded,ct_ekf,prior,forward_acceleration,338,1262.11089067837,215.947406503145,2605.03923621788,164.564674673719,52.6163194635291,432.647220499516
synthetic_out_of_distribution,degraded,out_of_distribution_003__degraded,synthetic_out_of_distribution::out_of_distribution_003__degraded,ct_ekf,prior,combined_maneuver,273,1662.7956011928,903.685126560238,3728.94023009278,354.03471909275,320.252368897561,591.711401467392
synthetic_out_of_distribution,degraded,out_of_distribution_003__degraded,synthetic_out_of_distribution::out_of_distribution_003__degraded,ct_ekf,prior,vertical_acceleration,262,585.867627384327,225.183006854764,1153.29110419663,118.840709979189,39.2836310639547,243.223448834898
synthetic_out_of_distribution,degraded,out_of_distribution_003__degraded,synthetic_out_of_distribution::out_of_distribution_003__degraded,ct_ekf,prior,constant_velocity,118,380.270781268333,117.090384562353,798.745756588826,79.9864402818244,25.3337026386187,204.625418940342
synthetic_out_of_distribution,degraded,out_of_distribution_003__degraded,synthetic_out_of_distribution::out_of_distribution_003__degraded,ct_ekf,posterior,constant_turn,209,1016.56977872875,715.432435989103,1926.59771168365,297.544237607073,257.025682706463,499.242972761062
synthetic_out_of_distribution,degraded,out_of_distribution_003__degraded,synthetic_out_of_distribution::out_of_distribution_003__degraded,ct_ekf,posterior,forward_acceleration,338,1190.98958758194,190.997943756925,2558.72595771646,157.764321803562,49.5152425911812,422.45568456737
synthetic_out_of_distribution,degraded,out_of_distribution_003__degraded,synthetic_out_of_distribution::out_of_distribution_003__degraded,ct_ekf,posterior,combined_maneuver,273,1530.90655088315,767.697364796229,3461.34300038542,340.472594625513,305.870819773607,576.836581923612
synthetic_out_of_distribution,degraded,out_of_distribution_003__degraded,synthetic_out_of_distribution::out_of_distribution_003__degraded,ct_ekf,posterior,vertical_acceleration,262,526.04939490255,199.381991489859,1055.84451867779,112.580195834188,36.3750487304464,242.306871077063
synthetic_out_of_distribution,degraded,out_of_distribution_003__degraded,synthetic_out_of_distribution::out_of_distribution_003__degraded,ct_ekf,posterior,constant_velocity,118,336.484393043486,98.1193858037668,680.816241774799,74.1408430284772,23.2759318926043,183.628873746564
synthetic_out_of_distribution,degraded,out_of_distribution_003__degraded,synthetic_out_of_distribution::out_of_distribution_003__degraded,native_imm,prior,constant_turn,209,966.949826039664,92.6076087074465,2934.81223485473,214.9669068708,82.0739632252125,506.59713481304
synthetic_out_of_distribution,degraded,out_of_distribution_003__degraded,synthetic_out_of_distribution::out_of_distribution_003__degraded,native_imm,prior,forward_acceleration,338,441.081605263241,63.2389115194368,981.50577141549,84.4829527440649,24.017277652359,231.077243199039
synthetic_out_of_distribution,degraded,out_of_distribution_003__degraded,synthetic_out_of_distribution::out_of_distribution_003__degraded,native_imm,prior,combined_maneuver,273,333.074841139267,99.2245675619066,585.636906880186,103.859672699915,69.6594627624423,207.087241748892
synthetic_out_of_distribution,degraded,out_of_distribution_003__degraded,synthetic_out_of_distribution::out_of_distribution_003__degraded,native_imm,prior,vertical_acceleration,262,849.402630708161,51.4227792118759,825.054872692599,129.941812216468,16.8718824456542,234.687979059312
synthetic_out_of_distribution,degraded,out_of_distribution_003__degraded,synthetic_out_of_distribution::out_of_distribution_003__degraded,native_imm,prior,constant_velocity,118,122.607707719827,57.2089885182666,303.004033124149,29.2939829590026,15.9228509733334,56.4126905705284
synthetic_out_of_distribution,degraded,out_of_distribution_003__degraded,synthetic_out_of_distribution::out_of_distribution_003__degraded,native_imm,posterior,constant_turn,209,866.687059345871,63.6345795257426,2324.54357345121,202.452102820268,67.7800639092819,501.635335281785
synthetic_out_of_distribution,degraded,out_of_distribution_003__degraded,synthetic_out_of_distribution::out_of_distribution_003__degraded,native_imm,posterior,forward_acceleration,338,432.593717359092,53.69160642462,927.911154517687,82.1849106701792,22.2849055436465,225.680366310996
synthetic_out_of_distribution,degraded,out_of_distribution_003__degraded,synthetic_out_of_distribution::out_of_distribution_003__degraded,native_imm,posterior,combined_maneuver,273,297.66738005675,69.7230865890805,569.396318951692,91.9641781690509,56.9712404488586,191.513206222058
synthetic_out_of_distribution,degraded,out_of_distribution_003__degraded,synthetic_out_of_distribution::out_of_distribution_003__degraded,native_imm,posterior,vertical_acceleration,262,778.110412448758,45.2168969559009,507.980640554719,121.901877805046,15.6513993065456,199.525159341693
synthetic_out_of_distribution,degraded,out_of_distribution_003__degraded,synthetic_out_of_distribution::out_of_distribution_003__degraded,native_imm,posterior,constant_velocity,118,112.10820234904,45.1996949309722,282.873091377385,25.5159497013411,14.4970742628293,46.0001591986563
synthetic_out_of_distribution,degraded,out_of_distribution_003__degraded,synthetic_out_of_distribution::out_of_distribution_003__degraded,warm_ukf,prior,constant_turn,209,1257.39674483184,371.943166366092,3073.62860373458,355.307509192681,225.363997899417,723.817384542223
synthetic_out_of_distribution,degraded,out_of_distribution_003__degraded,synthetic_out_of_distribution::out_of_distribution_003__degraded,warm_ukf,prior,forward_acceleration,338,1151.80928878274,202.067690874234,3023.0948370205,209.541173591694,114.880348745752,396.859592118715
synthetic_out_of_distribution,degraded,out_of_distribution_003__degraded,synthetic_out_of_distribution::out_of_distribution_003__degraded,warm_ukf,prior,combined_maneuver,273,800.592337862183,367.355442043563,1674.38658742158,321.539646574093,240.104566902404,565.800050194344
synthetic_out_of_distribution,degraded,out_of_distribution_003__degraded,synthetic_out_of_distribution::out_of_distribution_003__degraded,warm_ukf,prior,vertical_acceleration,262,731.215276683194,159.637787420061,2039.89333828802,148.758818710928,107.432278368038,358.392442064034
synthetic_out_of_distribution,degraded,out_of_distribution_003__degraded,synthetic_out_of_distribution::out_of_distribution_003__degraded,warm_ukf,prior,constant_velocity,118,199.92547127552,130.309415681249,345.710212015759,132.825371326559,106.632710575202,231.959835698834
synthetic_out_of_distribution,degraded,out_of_distribution_003__degraded,synthetic_out_of_distribution::out_of_distribution_003__degraded,warm_ukf,posterior,constant_turn,209,1096.91180022058,279.758225122037,2652.33490306695,343.120147966398,213.62065532592,699.005442991525
synthetic_out_of_distribution,degraded,out_of_distribution_003__degraded,synthetic_out_of_distribution::out_of_distribution_003__degraded,warm_ukf,posterior,forward_acceleration,338,1088.21970184586,148.603862750795,2845.85388269296,203.550373899413,114.118772191884,396.652194863743
synthetic_out_of_distribution,degraded,out_of_distribution_003__degraded,synthetic_out_of_distribution::out_of_distribution_003__degraded,warm_ukf,posterior,combined_maneuver,273,694.37027844757,268.987156102893,1613.70448978335,311.419910432247,231.735763324642,563.024519065091
synthetic_out_of_distribution,degraded,out_of_distribution_003__degraded,synthetic_out_of_distribution::out_of_distribution_003__degraded,warm_ukf,posterior,vertical_acceleration,262,659.03852130964,138.071016897538,1783.62208649605,144.920916522783,107.362430779584,239.21577370268
synthetic_out_of_distribution,degraded,out_of_distribution_003__degraded,synthetic_out_of_distribution::out_of_distribution_003__degraded,warm_ukf,posterior,constant_velocity,118,171.792909290549,105.561208692472,334.012910565575,131.813913026765,106.482288767125,230.712819618138
