domain,profile,caseID,eventID,modelID,inputSignature,initializationSignature,timestampCount,scheduledCorrectionCount,scoringCount,actualCorrectionCount,divergenceCount,invalidCovarianceCount,errorIdentifier,errorMessage
synthetic_canonical,ideal,cv_level__ideal,synthetic_canonical::cv_level__ideal,cv_ekf,EA9F02471606BDFA6552105FC85B3959B229DECBCFB46313D8606B41DDBDC29C,9DDF2D50B5FF2F8F5BCFDA22D9B2EFFFF3E419009EEFBAE8DCA56A75F0026594,241,241,240,241,0,0,,
synthetic_canonical,ideal,cv_level__ideal,synthetic_canonical::cv_level__ideal,ca_ekf,EA9F02471606BDFA6552105FC85B3959B229DECBCFB46313D8606B41DDBDC29C,9DDF2D50B5FF2F8F5BCFDA22D9B2EFFFF3E419009EEFBAE8DCA56A75F0026594,241,241,240,241,0,0,,
synthetic_canonical,ideal,cv_level__ideal,synthetic_canonical::cv_level__ideal,ct_ekf,EA9F02471606BDFA6552105FC85B3959B229DECBCFB46313D8606B41DDBDC29C,9DDF2D50B5FF2F8F5BCFDA22D9B2EFFFF3E419009EEFBAE8DCA56A75F0026594,241,241,240,241,0,0,,
synthetic_canonical,ideal,cv_level__ideal,synthetic_canonical::cv_level__ideal,native_imm,EA9F02471606BDFA6552105FC85B3959B229DECBCFB46313D8606B41DDBDC29C,9DDF2D50B5FF2F8F5BCFDA22D9B2EFFFF3E419009EEFBAE8DCA56A75F0026594,241,241,240,241,0,0,,
synthetic_canonical,ideal,cv_level__ideal,synthetic_canonical::cv_level__ideal,warm_ukf,EA9F02471606BDFA6552105FC85B3959B229DECBCFB46313D8606B41DDBDC29C,9DDF2D50B5FF2F8F5BCFDA22D9B2EFFFF3E419009EEFBAE8DCA56A75F0026594,241,241,240,241,0,0,,
synthetic_canonical,empirical_timing,cv_level__empirical_timing,synthetic_canonical::cv_level__empirical_timing,cv_ekf,F7A524C7B6DD477AA09B069D2E0B877978EA7818F4D31AC75AE5420FE8435439,9DDF2D50B5FF2F8F5BCFDA22D9B2EFFFF3E419009EEFBAE8DCA56A75F0026594,241,118,240,118,0,0,,
synthetic_canonical,empirical_timing,cv_level__empirical_timing,synthetic_canonical::cv_level__empirical_timing,ca_ekf,F7A524C7B6DD477AA09B069D2E0B877978EA7818F4D31AC75AE5420FE8435439,9DDF2D50B5FF2F8F5BCFDA22D9B2EFFFF3E419009EEFBAE8DCA56A75F0026594,241,118,240,118,0,0,,
synthetic_canonical,empirical_timing,cv_level__empirical_timing,synthetic_canonical::cv_level__empirical_timing,ct_ekf,F7A524C7B6DD477AA09B069D2E0B877978EA7818F4D31AC75AE5420FE8435439,9DDF2D50B5FF2F8F5BCFDA22D9B2EFFFF3E419009EEFBAE8DCA56A75F0026594,241,118,240,118,0,0,,
synthetic_canonical,empirical_timing,cv_level__empirical_timing,synthetic_canonical::cv_level__empirical_timing,native_imm,F7A524C7B6DD477AA09B069D2E0B877978EA7818F4D31AC75AE5420FE8435439,9DDF2D50B5FF2F8F5BCFDA22D9B2EFFFF3E419009EEFBAE8DCA56A75F0026594,241,118,240,118,0,0,,
synthetic_canonical,empirical_timing,cv_level__empirical_timing,synthetic_canonical::cv_level__empirical_timing,warm_ukf,F7A524C7B6DD477AA09B069D2E0B877978EA7818F4D31AC75AE5420FE8435439,9DDF2D50B5FF2F8F5BCFDA22D9B2EFFFF3E419009EEFBAE8DCA56A75F0026594,241,118,240,118,0,0,,
synthetic_canonical,degraded,cv_level__degraded,synthetic_canonical::cv_level__degraded,cv_ekf,BB9D8AEA55B183146BFF055F285083477D1427CA75D83F83CD8096B8AF4D128E,852BC63CCD726D534B7510D7551DB0B2EC95A9E45E311E5731B4F329138695D0,241,89,240,89,0,0,,
synthetic_canonical,degraded,cv_level__degraded,synthetic_canonical::cv_level__degraded,ca_ekf,BB9D8AEA55B183146BFF055F285083477D1427CA75D83F83CD8096B8AF4D128E,852BC63CCD726D534B7510D7551DB0B2EC95A9E45E311E5731B4F329138695D0,241,89,240,89,0,0,,
synthetic_canonical,degraded,cv_level__degraded,synthetic_canonical::cv_level__degraded,ct_ekf,BB9D8AEA55B183146BFF055F285083477D1427CA75D83F83CD8096B8AF4D128E,852BC63CCD726D534B7510D7551DB0B2EC95A9E45E311E5731B4F329138695D0,241,89,240,89,0,0,,
synthetic_canonical,degraded,cv_level__degraded,synthetic_canonical::cv_level__degraded,native_imm,BB9D8AEA55B183146BFF055F285083477D1427CA75D83F83CD8096B8AF4D128E,852BC63CCD726D534B7510D7551DB0B2EC95A9E45E311E5731B4F329138695D0,241,89,240,89,0,0,,
synthetic_canonical,degraded,cv_level__degraded,synthetic_canonical::cv_level__degraded,warm_ukf,BB9D8AEA55B183146BFF055F285083477D1427CA75D83F83CD8096B8AF4D128E,852BC63CCD726D534B7510D7551DB0B2EC95A9E45E311E5731B4F329138695D0,241,89,240,89,0,0,,
synthetic_canonical,ideal,cv_climb__ideal,synthetic_canonical::cv_climb__ideal,cv_ekf,F47764A2D798C0A05CA183EEF95AA8F219B8EE6A974125F484F39CE3BDF0145A,68C0718075B5B44159D0AD3F839DEA3FD1EED3E35C96EE79268B0DAEA5DA6269,241,241,240,241,0,0,,
synthetic_canonical,ideal,cv_climb__ideal,synthetic_canonical::cv_climb__ideal,ca_ekf,F47764A2D798C0A05CA183EEF95AA8F219B8EE6A974125F484F39CE3BDF0145A,68C0718075B5B44159D0AD3F839DEA3FD1EED3E35C96EE79268B0DAEA5DA6269,241,241,240,241,0,0,,
synthetic_canonical,ideal,cv_climb__ideal,synthetic_canonical::cv_climb__ideal,ct_ekf,F47764A2D798C0A05CA183EEF95AA8F219B8EE6A974125F484F39CE3BDF0145A,68C0718075B5B44159D0AD3F839DEA3FD1EED3E35C96EE79268B0DAEA5DA6269,241,241,240,241,0,0,,
synthetic_canonical,ideal,cv_climb__ideal,synthetic_canonical::cv_climb__ideal,native_imm,F47764A2D798C0A05CA183EEF95AA8F219B8EE6A974125F484F39CE3BDF0145A,68C0718075B5B44159D0AD3F839DEA3FD1EED3E35C96EE79268B0DAEA5DA6269,241,241,240,241,0,0,,
synthetic_canonical,ideal,cv_climb__ideal,synthetic_canonical::cv_climb__ideal,warm_ukf,F47764A2D798C0A05CA183EEF95AA8F219B8EE6A974125F484F39CE3BDF0145A,68C0718075B5B44159D0AD3F839DEA3FD1EED3E35C96EE79268B0DAEA5DA6269,241,241,240,241,0,0,,
synthetic_canonical,empirical_timing,cv_climb__empirical_timing,synthetic_canonical::cv_climb__empirical_timing,cv_ekf,E2865A9E79E0E9C7F5A4704158C651F684A88FE41E24F6F3FE0132DEF423E681,68C0718075B5B44159D0AD3F839DEA3FD1EED3E35C96EE79268B0DAEA5DA6269,241,114,240,114,0,0,,
synthetic_canonical,empirical_timing,cv_climb__empirical_timing,synthetic_canonical::cv_climb__empirical_timing,ca_ekf,E2865A9E79E0E9C7F5A4704158C651F684A88FE41E24F6F3FE0132DEF423E681,68C0718075B5B44159D0AD3F839DEA3FD1EED3E35C96EE79268B0DAEA5DA6269,241,114,240,114,0,0,,
synthetic_canonical,empirical_timing,cv_climb__empirical_timing,synthetic_canonical::cv_climb__empirical_timing,ct_ekf,E2865A9E79E0E9C7F5A4704158C651F684A88FE41E24F6F3FE0132DEF423E681,68C0718075B5B44159D0AD3F839DEA3FD1EED3E35C96EE79268B0DAEA5DA6269,241,114,240,114,0,0,,
synthetic_canonical,empirical_timing,cv_climb__empirical_timing,synthetic_canonical::cv_climb__empirical_timing,native_imm,E2865A9E79E0E9C7F5A4704158C651F684A88FE41E24F6F3FE0132DEF423E681,68C0718075B5B44159D0AD3F839DEA3FD1EED3E35C96EE79268B0DAEA5DA6269,241,114,240,114,0,0,,
synthetic_canonical,empirical_timing,cv_climb__empirical_timing,synthetic_canonical::cv_climb__empirical_timing,warm_ukf,E2865A9E79E0E9C7F5A4704158C651F684A88FE41E24F6F3FE0132DEF423E681,68C0718075B5B44159D0AD3F839DEA3FD1EED3E35C96EE79268B0DAEA5DA6269,241,114,240,114,0,0,,
synthetic_canonical,degraded,cv_climb__degraded,synthetic_canonical::cv_climb__degraded,cv_ekf,30457F17FE8A2B0888492D536D6F17DBB3013112FCD9B1B4A012D8240787EC8A,581703DF4A977210E82FE1DB7A7A6C971BCE2FC54139A63C783D200BF641882B,241,86,240,86,0,0,,
synthetic_canonical,degraded,cv_climb__degraded,synthetic_canonical::cv_climb__degraded,ca_ekf,30457F17FE8A2B0888492D536D6F17DBB3013112FCD9B1B4A012D8240787EC8A,581703DF4A977210E82FE1DB7A7A6C971BCE2FC54139A63C783D200BF641882B,241,86,240,86,0,0,,
synthetic_canonical,degraded,cv_climb__degraded,synthetic_canonical::cv_climb__degraded,ct_ekf,30457F17FE8A2B0888492D536D6F17DBB3013112FCD9B1B4A012D8240787EC8A,581703DF4A977210E82FE1DB7A7A6C971BCE2FC54139A63C783D200BF641882B,241,86,240,86,0,0,,
synthetic_canonical,degraded,cv_climb__degraded,synthetic_canonical::cv_climb__degraded,native_imm,30457F17FE8A2B0888492D536D6F17DBB3013112FCD9B1B4A012D8240787EC8A,581703DF4A977210E82FE1DB7A7A6C971BCE2FC54139A63C783D200BF641882B,241,86,240,86,0,0,,
synthetic_canonical,degraded,cv_climb__degraded,synthetic_canonical::cv_climb__degraded,warm_ukf,30457F17FE8A2B0888492D536D6F17DBB3013112FCD9B1B4A012D8240787EC8A,581703DF4A977210E82FE1DB7A7A6C971BCE2FC54139A63C783D200BF641882B,241,86,240,86,0,0,,
synthetic_canonical,ideal,horizontal_acceleration__ideal,synthetic_canonical::horizontal_acceleration__ideal,cv_ekf,BB881C48FFD5EE18B65A819D33357CE1380E02CF981482DAC1E3723BEAA80000,6FE6BDB66F6542315A2CFD259996DE4B83BF582F5DD1BE2F29F1466931E7960A,241,241,240,241,0,0,,
synthetic_canonical,ideal,horizontal_acceleration__ideal,synthetic_canonical::horizontal_acceleration__ideal,ca_ekf,BB881C48FFD5EE18B65A819D33357CE1380E02CF981482DAC1E3723BEAA80000,6FE6BDB66F6542315A2CFD259996DE4B83BF582F5DD1BE2F29F1466931E7960A,241,241,240,241,0,0,,
synthetic_canonical,ideal,horizontal_acceleration__ideal,synthetic_canonical::horizontal_acceleration__ideal,ct_ekf,BB881C48FFD5EE18B65A819D33357CE1380E02CF981482DAC1E3723BEAA80000,6FE6BDB66F6542315A2CFD259996DE4B83BF582F5DD1BE2F29F1466931E7960A,241,241,240,241,0,0,,
synthetic_canonical,ideal,horizontal_acceleration__ideal,synthetic_canonical::horizontal_acceleration__ideal,native_imm,BB881C48FFD5EE18B65A819D33357CE1380E02CF981482DAC1E3723BEAA80000,6FE6BDB66F6542315A2CFD259996DE4B83BF582F5DD1BE2F29F1466931E7960A,241,241,240,241,0,0,,
synthetic_canonical,ideal,horizontal_acceleration__ideal,synthetic_canonical::horizontal_acceleration__ideal,warm_ukf,BB881C48FFD5EE18B65A819D33357CE1380E02CF981482DAC1E3723BEAA80000,6FE6BDB66F6542315A2CFD259996DE4B83BF582F5DD1BE2F29F1466931E7960A,241,241,240,241,0,0,,
synthetic_canonical,empirical_timing,horizontal_acceleration__empirical_timing,synthetic_canonical::horizontal_acceleration__empirical_timing,cv_ekf,52077993EBB273F5EBCCBCFCA70D7B5F5D694DEE3AD1C11AE791CD87DCA55105,6FE6BDB66F6542315A2CFD259996DE4B83BF582F5DD1BE2F29F1466931E7960A,241,109,240,109,0,0,,
synthetic_canonical,empirical_timing,horizontal_acceleration__empirical_timing,synthetic_canonical::horizontal_acceleration__empirical_timing,ca_ekf,52077993EBB273F5EBCCBCFCA70D7B5F5D694DEE3AD1C11AE791CD87DCA55105,6FE6BDB66F6542315A2CFD259996DE4B83BF582F5DD1BE2F29F1466931E7960A,241,109,240,109,0,0,,
synthetic_canonical,empirical_timing,horizontal_acceleration__empirical_timing,synthetic_canonical::horizontal_acceleration__empirical_timing,ct_ekf,52077993EBB273F5EBCCBCFCA70D7B5F5D694DEE3AD1C11AE791CD87DCA55105,6FE6BDB66F6542315A2CFD259996DE4B83BF582F5DD1BE2F29F1466931E7960A,241,109,240,109,0,0,,
synthetic_canonical,empirical_timing,horizontal_acceleration__empirical_timing,synthetic_canonical::horizontal_acceleration__empirical_timing,native_imm,52077993EBB273F5EBCCBCFCA70D7B5F5D694DEE3AD1C11AE791CD87DCA55105,6FE6BDB66F6542315A2CFD259996DE4B83BF582F5DD1BE2F29F1466931E7960A,241,109,240,109,0,0,,
synthetic_canonical,empirical_timing,horizontal_acceleration__empirical_timing,synthetic_canonical::horizontal_acceleration__empirical_timing,warm_ukf,52077993EBB273F5EBCCBCFCA70D7B5F5D694DEE3AD1C11AE791CD87DCA55105,6FE6BDB66F6542315A2CFD259996DE4B83BF582F5DD1BE2F29F1466931E7960A,241,109,240,109,0,0,,
synthetic_canonical,degraded,horizontal_acceleration__degraded,synthetic_canonical::horizontal_acceleration__degraded,cv_ekf,136D6085F550673D1D810A9941C94B68A6206413CBC8BEE4EB48E6D51EB92EAC,1ED1AFB38FC6A599B1857D32DAE7EFE742E0DDD0F1BB2C506988C4D399562C92,241,80,240,80,0,0,,
synthetic_canonical,degraded,horizontal_acceleration__degraded,synthetic_canonical::horizontal_acceleration__degraded,ca_ekf,136D6085F550673D1D810A9941C94B68A6206413CBC8BEE4EB48E6D51EB92EAC,1ED1AFB38FC6A599B1857D32DAE7EFE742E0DDD0F1BB2C506988C4D399562C92,241,80,240,80,0,0,,
synthetic_canonical,degraded,horizontal_acceleration__degraded,synthetic_canonical::horizontal_acceleration__degraded,ct_ekf,136D6085F550673D1D810A9941C94B68A6206413CBC8BEE4EB48E6D51EB92EAC,1ED1AFB38FC6A599B1857D32DAE7EFE742E0DDD0F1BB2C506988C4D399562C92,241,80,240,80,0,0,,
synthetic_canonical,degraded,horizontal_acceleration__degraded,synthetic_canonical::horizontal_acceleration__degraded,native_imm,136D6085F550673D1D810A9941C94B68A6206413CBC8BEE4EB48E6D51EB92EAC,1ED1AFB38FC6A599B1857D32DAE7EFE742E0DDD0F1BB2C506988C4D399562C92,241,80,240,80,0,0,,
synthetic_canonical,degraded,horizontal_acceleration__degraded,synthetic_canonical::horizontal_acceleration__degraded,warm_ukf,136D6085F550673D1D810A9941C94B68A6206413CBC8BEE4EB48E6D51EB92EAC,1ED1AFB38FC6A599B1857D32DAE7EFE742E0DDD0F1BB2C506988C4D399562C92,241,80,240,80,0,0,,
synthetic_canonical,ideal,vertical_acceleration__ideal,synthetic_canonical::vertical_acceleration__ideal,cv_ekf,067D2319CE8FC6021CFA60754FF85431857C3220F7109A51C36FD2EE9A9FFC04,E599B0947A04259CA96F8EDE5DB1002BFB6EB9FA586E23E9D049B03D729F44A0,241,241,240,241,0,0,,
synthetic_canonical,ideal,vertical_acceleration__ideal,synthetic_canonical::vertical_acceleration__ideal,ca_ekf,067D2319CE8FC6021CFA60754FF85431857C3220F7109A51C36FD2EE9A9FFC04,E599B0947A04259CA96F8EDE5DB1002BFB6EB9FA586E23E9D049B03D729F44A0,241,241,240,241,0,0,,
synthetic_canonical,ideal,vertical_acceleration__ideal,synthetic_canonical::vertical_acceleration__ideal,ct_ekf,067D2319CE8FC6021CFA60754FF85431857C3220F7109A51C36FD2EE9A9FFC04,E599B0947A04259CA96F8EDE5DB1002BFB6EB9FA586E23E9D049B03D729F44A0,241,241,240,241,0,0,,
synthetic_canonical,ideal,vertical_acceleration__ideal,synthetic_canonical::vertical_acceleration__ideal,native_imm,067D2319CE8FC6021CFA60754FF85431857C3220F7109A51C36FD2EE9A9FFC04,E599B0947A04259CA96F8EDE5DB1002BFB6EB9FA586E23E9D049B03D729F44A0,241,241,240,241,0,0,,
synthetic_canonical,ideal,vertical_acceleration__ideal,synthetic_canonical::vertical_acceleration__ideal,warm_ukf,067D2319CE8FC6021CFA60754FF85431857C3220F7109A51C36FD2EE9A9FFC04,E599B0947A04259CA96F8EDE5DB1002BFB6EB9FA586E23E9D049B03D729F44A0,241,241,240,241,0,0,,
synthetic_canonical,empirical_timing,vertical_acceleration__empirical_timing,synthetic_canonical::vertical_acceleration__empirical_timing,cv_ekf,F3B1509FAA6404CBB948942D9251B120606D50A012B3BC340F8448B91C5D2EAC,E599B0947A04259CA96F8EDE5DB1002BFB6EB9FA586E23E9D049B03D729F44A0,241,100,240,100,0,0,,
synthetic_canonical,empirical_timing,vertical_acceleration__empirical_timing,synthetic_canonical::vertical_acceleration__empirical_timing,ca_ekf,F3B1509FAA6404CBB948942D9251B120606D50A012B3BC340F8448B91C5D2EAC,E599B0947A04259CA96F8EDE5DB1002BFB6EB9FA586E23E9D049B03D729F44A0,241,100,240,100,0,0,,
synthetic_canonical,empirical_timing,vertical_acceleration__empirical_timing,synthetic_canonical::vertical_acceleration__empirical_timing,ct_ekf,F3B1509FAA6404CBB948942D9251B120606D50A012B3BC340F8448B91C5D2EAC,E599B0947A04259CA96F8EDE5DB1002BFB6EB9FA586E23E9D049B03D729F44A0,241,100,240,100,0,0,,
synthetic_canonical,empirical_timing,vertical_acceleration__empirical_timing,synthetic_canonical::vertical_acceleration__empirical_timing,native_imm,F3B1509FAA6404CBB948942D9251B120606D50A012B3BC340F8448B91C5D2EAC,E599B0947A04259CA96F8EDE5DB1002BFB6EB9FA586E23E9D049B03D729F44A0,241,100,240,100,0,0,,
synthetic_canonical,empirical_timing,vertical_acceleration__empirical_timing,synthetic_canonical::vertical_acceleration__empirical_timing,warm_ukf,F3B1509FAA6404CBB948942D9251B120606D50A012B3BC340F8448B91C5D2EAC,E599B0947A04259CA96F8EDE5DB1002BFB6EB9FA586E23E9D049B03D729F44A0,241,100,240,100,0,0,,
synthetic_canonical,degraded,vertical_acceleration__degraded,synthetic_canonical::vertical_acceleration__degraded,cv_ekf,9CE7ED07A33A52391D3E7A61F352621F2305237925F349B48E64C01FD1CCE760,22642731C0DB0E5F082D1807B523CB354DBEF3B5B0EC261AB3D6542EBC93B2CE,241,74,240,74,0,0,,
synthetic_canonical,degraded,vertical_acceleration__degraded,synthetic_canonical::vertical_acceleration__degraded,ca_ekf,9CE7ED07A33A52391D3E7A61F352621F2305237925F349B48E64C01FD1CCE760,22642731C0DB0E5F082D1807B523CB354DBEF3B5B0EC261AB3D6542EBC93B2CE,241,74,240,74,0,0,,
synthetic_canonical,degraded,vertical_acceleration__degraded,synthetic_canonical::vertical_acceleration__degraded,ct_ekf,9CE7ED07A33A52391D3E7A61F352621F2305237925F349B48E64C01FD1CCE760,22642731C0DB0E5F082D1807B523CB354DBEF3B5B0EC261AB3D6542EBC93B2CE,241,74,240,74,0,0,,
synthetic_canonical,degraded,vertical_acceleration__degraded,synthetic_canonical::vertical_acceleration__degraded,native_imm,9CE7ED07A33A52391D3E7A61F352621F2305237925F349B48E64C01FD1CCE760,22642731C0DB0E5F082D1807B523CB354DBEF3B5B0EC261AB3D6542EBC93B2CE,241,74,240,74,0,0,,
synthetic_canonical,degraded,vertical_acceleration__degraded,synthetic_canonical::vertical_acceleration__degraded,warm_ukf,9CE7ED07A33A52391D3E7A61F352621F2305237925F349B48E64C01FD1CCE760,22642731C0DB0E5F082D1807B523CB354DBEF3B5B0EC261AB3D6542EBC93B2CE,241,74,240,74,0,0,,
synthetic_canonical,ideal,left_turn__ideal,synthetic_canonical::left_turn__ideal,cv_ekf,F5E3C34F3136B6CED8EFE9FAC66FC70C5C8DE1ED93C64955FF2597FF9B8E073E,EBACF67584747FE17431B96E4B59CF7337808DBA6D17F20643A0991A98819D6B,241,241,240,241,0,0,,
synthetic_canonical,ideal,left_turn__ideal,synthetic_canonical::left_turn__ideal,ca_ekf,F5E3C34F3136B6CED8EFE9FAC66FC70C5C8DE1ED93C64955FF2597FF9B8E073E,EBACF67584747FE17431B96E4B59CF7337808DBA6D17F20643A0991A98819D6B,241,241,240,241,0,0,,
synthetic_canonical,ideal,left_turn__ideal,synthetic_canonical::left_turn__ideal,ct_ekf,F5E3C34F3136B6CED8EFE9FAC66FC70C5C8DE1ED93C64955FF2597FF9B8E073E,EBACF67584747FE17431B96E4B59CF7337808DBA6D17F20643A0991A98819D6B,241,241,240,241,0,0,,
synthetic_canonical,ideal,left_turn__ideal,synthetic_canonical::left_turn__ideal,native_imm,F5E3C34F3136B6CED8EFE9FAC66FC70C5C8DE1ED93C64955FF2597FF9B8E073E,EBACF67584747FE17431B96E4B59CF7337808DBA6D17F20643A0991A98819D6B,241,241,240,241,0,0,,
synthetic_canonical,ideal,left_turn__ideal,synthetic_canonical::left_turn__ideal,warm_ukf,F5E3C34F3136B6CED8EFE9FAC66FC70C5C8DE1ED93C64955FF2597FF9B8E073E,EBACF67584747FE17431B96E4B59CF7337808DBA6D17F20643A0991A98819D6B,241,241,240,241,0,0,,
synthetic_canonical,empirical_timing,left_turn__empirical_timing,synthetic_canonical::left_turn__empirical_timing,cv_ekf,6E7B660ABF351D74F77B2F3A925F07FF26A78074322FDCDCBA9A8CE5D72ACB89,EBACF67584747FE17431B96E4B59CF7337808DBA6D17F20643A0991A98819D6B,241,94,240,94,0,0,,
synthetic_canonical,empirical_timing,left_turn__empirical_timing,synthetic_canonical::left_turn__empirical_timing,ca_ekf,6E7B660ABF351D74F77B2F3A925F07FF26A78074322FDCDCBA9A8CE5D72ACB89,EBACF67584747FE17431B96E4B59CF7337808DBA6D17F20643A0991A98819D6B,241,94,240,94,0,0,,
synthetic_canonical,empirical_timing,left_turn__empirical_timing,synthetic_canonical::left_turn__empirical_timing,ct_ekf,6E7B660ABF351D74F77B2F3A925F07FF26A78074322FDCDCBA9A8CE5D72ACB89,EBACF67584747FE17431B96E4B59CF7337808DBA6D17F20643A0991A98819D6B,241,94,240,94,0,0,,
synthetic_canonical,empirical_timing,left_turn__empirical_timing,synthetic_canonical::left_turn__empirical_timing,native_imm,6E7B660ABF351D74F77B2F3A925F07FF26A78074322FDCDCBA9A8CE5D72ACB89,EBACF67584747FE17431B96E4B59CF7337808DBA6D17F20643A0991A98819D6B,241,94,240,94,0,0,,
synthetic_canonical,empirical_timing,left_turn__empirical_timing,synthetic_canonical::left_turn__empirical_timing,warm_ukf,6E7B660ABF351D74F77B2F3A925F07FF26A78074322FDCDCBA9A8CE5D72ACB89,EBACF67584747FE17431B96E4B59CF7337808DBA6D17F20643A0991A98819D6B,241,94,240,94,0,0,,
synthetic_canonical,degraded,left_turn__degraded,synthetic_canonical::left_turn__degraded,cv_ekf,0C5EA245A98FD49709F856952F102AF37545E25AFD620E74152E24C78B440600,922D0EE88072FA36C550956A621914D2A354660046409FFEB89B30C3FE4754C6,241,66,240,66,0,0,,
synthetic_canonical,degraded,left_turn__degraded,synthetic_canonical::left_turn__degraded,ca_ekf,0C5EA245A98FD49709F856952F102AF37545E25AFD620E74152E24C78B440600,922D0EE88072FA36C550956A621914D2A354660046409FFEB89B30C3FE4754C6,241,66,240,66,0,0,,
synthetic_canonical,degraded,left_turn__degraded,synthetic_canonical::left_turn__degraded,ct_ekf,0C5EA245A98FD49709F856952F102AF37545E25AFD620E74152E24C78B440600,922D0EE88072FA36C550956A621914D2A354660046409FFEB89B30C3FE4754C6,241,66,240,66,0,0,,
synthetic_canonical,degraded,left_turn__degraded,synthetic_canonical::left_turn__degraded,native_imm,0C5EA245A98FD49709F856952F102AF37545E25AFD620E74152E24C78B440600,922D0EE88072FA36C550956A621914D2A354660046409FFEB89B30C3FE4754C6,241,66,240,66,0,0,,
synthetic_canonical,degraded,left_turn__degraded,synthetic_canonical::left_turn__degraded,warm_ukf,0C5EA245A98FD49709F856952F102AF37545E25AFD620E74152E24C78B440600,922D0EE88072FA36C550956A621914D2A354660046409FFEB89B30C3FE4754C6,241,66,240,66,0,0,,
synthetic_canonical,ideal,right_turn__ideal,synthetic_canonical::right_turn__ideal,cv_ekf,EA93BC553E04DABFBA27E209649F9D7D827857ED81AC4271E0A48DF41932ABC8,ACF407DE580FA5EF1C1986EFE36B9F391A8AA8922D97DA8D49DCB4ECA3DDEEFE,241,241,240,241,0,0,,
synthetic_canonical,ideal,right_turn__ideal,synthetic_canonical::right_turn__ideal,ca_ekf,EA93BC553E04DABFBA27E209649F9D7D827857ED81AC4271E0A48DF41932ABC8,ACF407DE580FA5EF1C1986EFE36B9F391A8AA8922D97DA8D49DCB4ECA3DDEEFE,241,241,240,241,0,0,,
synthetic_canonical,ideal,right_turn__ideal,synthetic_canonical::right_turn__ideal,ct_ekf,EA93BC553E04DABFBA27E209649F9D7D827857ED81AC4271E0A48DF41932ABC8,ACF407DE580FA5EF1C1986EFE36B9F391A8AA8922D97DA8D49DCB4ECA3DDEEFE,241,241,240,241,0,0,,
synthetic_canonical,ideal,right_turn__ideal,synthetic_canonical::right_turn__ideal,native_imm,EA93BC553E04DABFBA27E209649F9D7D827857ED81AC4271E0A48DF41932ABC8,ACF407DE580FA5EF1C1986EFE36B9F391A8AA8922D97DA8D49DCB4ECA3DDEEFE,241,241,240,241,0,0,,
synthetic_canonical,ideal,right_turn__ideal,synthetic_canonical::right_turn__ideal,warm_ukf,EA93BC553E04DABFBA27E209649F9D7D827857ED81AC4271E0A48DF41932ABC8,ACF407DE580FA5EF1C1986EFE36B9F391A8AA8922D97DA8D49DCB4ECA3DDEEFE,241,241,240,241,0,0,,
synthetic_canonical,empirical_timing,right_turn__empirical_timing,synthetic_canonical::right_turn__empirical_timing,cv_ekf,1A9613ADE0577F5CDDB48E80F5C7CE594F7F91F31BC2F98F6652043F7609DFDC,ACF407DE580FA5EF1C1986EFE36B9F391A8AA8922D97DA8D49DCB4ECA3DDEEFE,241,113,240,113,0,0,,
synthetic_canonical,empirical_timing,right_turn__empirical_timing,synthetic_canonical::right_turn__empirical_timing,ca_ekf,1A9613ADE0577F5CDDB48E80F5C7CE594F7F91F31BC2F98F6652043F7609DFDC,ACF407DE580FA5EF1C1986EFE36B9F391A8AA8922D97DA8D49DCB4ECA3DDEEFE,241,113,240,113,0,0,,
synthetic_canonical,empirical_timing,right_turn__empirical_timing,synthetic_canonical::right_turn__empirical_timing,ct_ekf,1A9613ADE0577F5CDDB48E80F5C7CE594F7F91F31BC2F98F6652043F7609DFDC,ACF407DE580FA5EF1C1986EFE36B9F391A8AA8922D97DA8D49DCB4ECA3DDEEFE,241,113,240,113,0,0,,
synthetic_canonical,empirical_timing,right_turn__empirical_timing,synthetic_canonical::right_turn__empirical_timing,native_imm,1A9613ADE0577F5CDDB48E80F5C7CE594F7F91F31BC2F98F6652043F7609DFDC,ACF407DE580FA5EF1C1986EFE36B9F391A8AA8922D97DA8D49DCB4ECA3DDEEFE,241,113,240,113,0,0,,
synthetic_canonical,empirical_timing,right_turn__empirical_timing,synthetic_canonical::right_turn__empirical_timing,warm_ukf,1A9613ADE0577F5CDDB48E80F5C7CE594F7F91F31BC2F98F6652043F7609DFDC,ACF407DE580FA5EF1C1986EFE36B9F391A8AA8922D97DA8D49DCB4ECA3DDEEFE,241,113,240,113,0,0,,
synthetic_canonical,degraded,right_turn__degraded,synthetic_canonical::right_turn__degraded,cv_ekf,75B224F38E428A29071A4172BD0347A78560C24F7A291AD6A36B4146ABED2CEC,0133D97AB23FA6452D7E7F675E64BF7F38273EB28CE91CA93ECD4923DC78BF0A,241,84,240,84,0,0,,
synthetic_canonical,degraded,right_turn__degraded,synthetic_canonical::right_turn__degraded,ca_ekf,75B224F38E428A29071A4172BD0347A78560C24F7A291AD6A36B4146ABED2CEC,0133D97AB23FA6452D7E7F675E64BF7F38273EB28CE91CA93ECD4923DC78BF0A,241,84,240,84,0,0,,
synthetic_canonical,degraded,right_turn__degraded,synthetic_canonical::right_turn__degraded,ct_ekf,75B224F38E428A29071A4172BD0347A78560C24F7A291AD6A36B4146ABED2CEC,0133D97AB23FA6452D7E7F675E64BF7F38273EB28CE91CA93ECD4923DC78BF0A,241,84,240,84,0,0,,
synthetic_canonical,degraded,right_turn__degraded,synthetic_canonical::right_turn__degraded,native_imm,75B224F38E428A29071A4172BD0347A78560C24F7A291AD6A36B4146ABED2CEC,0133D97AB23FA6452D7E7F675E64BF7F38273EB28CE91CA93ECD4923DC78BF0A,241,84,240,84,0,0,,
synthetic_canonical,degraded,right_turn__degraded,synthetic_canonical::right_turn__degraded,warm_ukf,75B224F38E428A29071A4172BD0347A78560C24F7A291AD6A36B4146ABED2CEC,0133D97AB23FA6452D7E7F675E64BF7F38273EB28CE91CA93ECD4923DC78BF0A,241,84,240,84,0,0,,
synthetic_canonical,ideal,motion_transitions__ideal,synthetic_canonical::motion_transitions__ideal,cv_ekf,641BF9D5EF64CA7C47407D5B3223A30AA4673AFE038EEA74A845C5BB9998F058,F74A18041B39578135EB7A0770F5FFE64347C8CFAB793116BADF7F0C2C8E4B75,241,241,240,241,0,0,,
synthetic_canonical,ideal,motion_transitions__ideal,synthetic_canonical::motion_transitions__ideal,ca_ekf,641BF9D5EF64CA7C47407D5B3223A30AA4673AFE038EEA74A845C5BB9998F058,F74A18041B39578135EB7A0770F5FFE64347C8CFAB793116BADF7F0C2C8E4B75,241,241,240,241,0,0,,
synthetic_canonical,ideal,motion_transitions__ideal,synthetic_canonical::motion_transitions__ideal,ct_ekf,641BF9D5EF64CA7C47407D5B3223A30AA4673AFE038EEA74A845C5BB9998F058,F74A18041B39578135EB7A0770F5FFE64347C8CFAB793116BADF7F0C2C8E4B75,241,241,240,241,0,0,,
synthetic_canonical,ideal,motion_transitions__ideal,synthetic_canonical::motion_transitions__ideal,native_imm,641BF9D5EF64CA7C47407D5B3223A30AA4673AFE038EEA74A845C5BB9998F058,F74A18041B39578135EB7A0770F5FFE64347C8CFAB793116BADF7F0C2C8E4B75,241,241,240,241,0,0,,
synthetic_canonical,ideal,motion_transitions__ideal,synthetic_canonical::motion_transitions__ideal,warm_ukf,641BF9D5EF64CA7C47407D5B3223A30AA4673AFE038EEA74A845C5BB9998F058,F74A18041B39578135EB7A0770F5FFE64347C8CFAB793116BADF7F0C2C8E4B75,241,241,240,241,0,0,,
synthetic_canonical,empirical_timing,motion_transitions__empirical_timing,synthetic_canonical::motion_transitions__empirical_timing,cv_ekf,30352063DA9B54769759568A9AA7C171D2A04D1BB5001D0296D7101EE788FBB2,F74A18041B39578135EB7A0770F5FFE64347C8CFAB793116BADF7F0C2C8E4B75,241,86,240,86,0,0,,
synthetic_canonical,empirical_timing,motion_transitions__empirical_timing,synthetic_canonical::motion_transitions__empirical_timing,ca_ekf,30352063DA9B54769759568A9AA7C171D2A04D1BB5001D0296D7101EE788FBB2,F74A18041B39578135EB7A0770F5FFE64347C8CFAB793116BADF7F0C2C8E4B75,241,86,240,86,0,0,,
synthetic_canonical,empirical_timing,motion_transitions__empirical_timing,synthetic_canonical::motion_transitions__empirical_timing,ct_ekf,30352063DA9B54769759568A9AA7C171D2A04D1BB5001D0296D7101EE788FBB2,F74A18041B39578135EB7A0770F5FFE64347C8CFAB793116BADF7F0C2C8E4B75,241,86,240,86,0,0,,
synthetic_canonical,empirical_timing,motion_transitions__empirical_timing,synthetic_canonical::motion_transitions__empirical_timing,native_imm,30352063DA9B54769759568A9AA7C171D2A04D1BB5001D0296D7101EE788FBB2,F74A18041B39578135EB7A0770F5FFE64347C8CFAB793116BADF7F0C2C8E4B75,241,86,240,86,0,0,,
synthetic_canonical,empirical_timing,motion_transitions__empirical_timing,synthetic_canonical::motion_transitions__empirical_timing,warm_ukf,30352063DA9B54769759568A9AA7C171D2A04D1BB5001D0296D7101EE788FBB2,F74A18041B39578135EB7A0770F5FFE64347C8CFAB793116BADF7F0C2C8E4B75,241,86,240,86,0,0,,
synthetic_canonical,degraded,motion_transitions__degraded,synthetic_canonical::motion_transitions__degraded,cv_ekf,C7FE0C0F1A36F2B9B1EA5D58191878E8E41E4A904EF818EC191AC6D108930C89,1E3E282FAADB74BA86C83CE1931390DE9D3C3445CC8C500FCF23FF788226B459,241,62,240,62,0,0,,
synthetic_canonical,degraded,motion_transitions__degraded,synthetic_canonical::motion_transitions__degraded,ca_ekf,C7FE0C0F1A36F2B9B1EA5D58191878E8E41E4A904EF818EC191AC6D108930C89,1E3E282FAADB74BA86C83CE1931390DE9D3C3445CC8C500FCF23FF788226B459,241,62,240,62,0,0,,
synthetic_canonical,degraded,motion_transitions__degraded,synthetic_canonical::motion_transitions__degraded,ct_ekf,C7FE0C0F1A36F2B9B1EA5D58191878E8E41E4A904EF818EC191AC6D108930C89,1E3E282FAADB74BA86C83CE1931390DE9D3C3445CC8C500FCF23FF788226B459,241,62,240,62,0,0,,
synthetic_canonical,degraded,motion_transitions__degraded,synthetic_canonical::motion_transitions__degraded,native_imm,C7FE0C0F1A36F2B9B1EA5D58191878E8E41E4A904EF818EC191AC6D108930C89,1E3E282FAADB74BA86C83CE1931390DE9D3C3445CC8C500FCF23FF788226B459,241,62,240,62,0,0,,
synthetic_canonical,degraded,motion_transitions__degraded,synthetic_canonical::motion_transitions__degraded,warm_ukf,C7FE0C0F1A36F2B9B1EA5D58191878E8E41E4A904EF818EC191AC6D108930C89,1E3E282FAADB74BA86C83CE1931390DE9D3C3445CC8C500FCF23FF788226B459,241,62,240,62,0,0,,
synthetic_in_distribution,ideal,in_distribution_001__ideal,synthetic_in_distribution::in_distribution_001__ideal,cv_ekf,1F5471771E8F2154FCC213586BFD3116F2EA085B33A018DBA9F97A6EC76FA000,29389894F48373491470FE37311B2FE9DF333B1712E56A36AFC870ECE441FF82,1201,1201,1200,1201,0,0,,
synthetic_in_distribution,ideal,in_distribution_001__ideal,synthetic_in_distribution::in_distribution_001__ideal,ca_ekf,1F5471771E8F2154FCC213586BFD3116F2EA085B33A018DBA9F97A6EC76FA000,29389894F48373491470FE37311B2FE9DF333B1712E56A36AFC870ECE441FF82,1201,1201,1200,1201,0,0,,
synthetic_in_distribution,ideal,in_distribution_001__ideal,synthetic_in_distribution::in_distribution_001__ideal,ct_ekf,1F5471771E8F2154FCC213586BFD3116F2EA085B33A018DBA9F97A6EC76FA000,29389894F48373491470FE37311B2FE9DF333B1712E56A36AFC870ECE441FF82,1201,1201,1200,1201,0,0,,
synthetic_in_distribution,ideal,in_distribution_001__ideal,synthetic_in_distribution::in_distribution_001__ideal,native_imm,1F5471771E8F2154FCC213586BFD3116F2EA085B33A018DBA9F97A6EC76FA000,29389894F48373491470FE37311B2FE9DF333B1712E56A36AFC870ECE441FF82,1201,1201,1200,1201,0,0,,
synthetic_in_distribution,ideal,in_distribution_001__ideal,synthetic_in_distribution::in_distribution_001__ideal,warm_ukf,1F5471771E8F2154FCC213586BFD3116F2EA085B33A018DBA9F97A6EC76FA000,29389894F48373491470FE37311B2FE9DF333B1712E56A36AFC870ECE441FF82,1201,1201,1200,1201,0,0,,
synthetic_in_distribution,empirical_timing,in_distribution_001__empirical_timing,synthetic_in_distribution::in_distribution_001__empirical_timing,cv_ekf,2E7161B46A11A5D44024B665DB2DB7F1133D2B4CFB3808646F28E39E8F272736,29389894F48373491470FE37311B2FE9DF333B1712E56A36AFC870ECE441FF82,1201,469,1200,469,0,0,,
synthetic_in_distribution,empirical_timing,in_distribution_001__empirical_timing,synthetic_in_distribution::in_distribution_001__empirical_timing,ca_ekf,2E7161B46A11A5D44024B665DB2DB7F1133D2B4CFB3808646F28E39E8F272736,29389894F48373491470FE37311B2FE9DF333B1712E56A36AFC870ECE441FF82,1201,469,1200,469,0,0,,
synthetic_in_distribution,empirical_timing,in_distribution_001__empirical_timing,synthetic_in_distribution::in_distribution_001__empirical_timing,ct_ekf,2E7161B46A11A5D44024B665DB2DB7F1133D2B4CFB3808646F28E39E8F272736,29389894F48373491470FE37311B2FE9DF333B1712E56A36AFC870ECE441FF82,1201,469,1200,469,0,0,,
synthetic_in_distribution,empirical_timing,in_distribution_001__empirical_timing,synthetic_in_distribution::in_distribution_001__empirical_timing,native_imm,2E7161B46A11A5D44024B665DB2DB7F1133D2B4CFB3808646F28E39E8F272736,29389894F48373491470FE37311B2FE9DF333B1712E56A36AFC870ECE441FF82,1201,469,1200,469,0,0,,
synthetic_in_distribution,empirical_timing,in_distribution_001__empirical_timing,synthetic_in_distribution::in_distribution_001__empirical_timing,warm_ukf,2E7161B46A11A5D44024B665DB2DB7F1133D2B4CFB3808646F28E39E8F272736,29389894F48373491470FE37311B2FE9DF333B1712E56A36AFC870ECE441FF82,1201,469,1200,469,0,0,,
synthetic_in_distribution,degraded,in_distribution_001__degraded,synthetic_in_distribution::in_distribution_001__degraded,cv_ekf,52B1A0452E6A6EF593EB5093187619793FCE4B93B05D69CCD4A2CD78E13D3EC1,063DEC7D1F7058B1F0BD1AAE00FF33AE404D8FBD19A3A9CEBC3158CFF3ABA6E2,1201,339,1200,339,0,0,,
synthetic_in_distribution,degraded,in_distribution_001__degraded,synthetic_in_distribution::in_distribution_001__degraded,ca_ekf,52B1A0452E6A6EF593EB5093187619793FCE4B93B05D69CCD4A2CD78E13D3EC1,063DEC7D1F7058B1F0BD1AAE00FF33AE404D8FBD19A3A9CEBC3158CFF3ABA6E2,1201,339,1200,339,0,0,,
synthetic_in_distribution,degraded,in_distribution_001__degraded,synthetic_in_distribution::in_distribution_001__degraded,ct_ekf,52B1A0452E6A6EF593EB5093187619793FCE4B93B05D69CCD4A2CD78E13D3EC1,063DEC7D1F7058B1F0BD1AAE00FF33AE404D8FBD19A3A9CEBC3158CFF3ABA6E2,1201,339,1200,339,0,0,,
synthetic_in_distribution,degraded,in_distribution_001__degraded,synthetic_in_distribution::in_distribution_001__degraded,native_imm,52B1A0452E6A6EF593EB5093187619793FCE4B93B05D69CCD4A2CD78E13D3EC1,063DEC7D1F7058B1F0BD1AAE00FF33AE404D8FBD19A3A9CEBC3158CFF3ABA6E2,1201,339,1200,339,0,0,,
synthetic_in_distribution,degraded,in_distribution_001__degraded,synthetic_in_distribution::in_distribution_001__degraded,warm_ukf,52B1A0452E6A6EF593EB5093187619793FCE4B93B05D69CCD4A2CD78E13D3EC1,063DEC7D1F7058B1F0BD1AAE00FF33AE404D8FBD19A3A9CEBC3158CFF3ABA6E2,1201,339,1200,339,0,0,,
synthetic_in_distribution,ideal,in_distribution_002__ideal,synthetic_in_distribution::in_distribution_002__ideal,cv_ekf,8C5AE3C7CAD9582BFEFF564D00C57F400BF4D9D9ED074977D254CCE1479922F4,7817BB3744207E63717D78F48FA00C6F5B17E9ED2F3F784C414C4A0686DC752D,1201,1201,1200,1201,0,0,,
synthetic_in_distribution,ideal,in_distribution_002__ideal,synthetic_in_distribution::in_distribution_002__ideal,ca_ekf,8C5AE3C7CAD9582BFEFF564D00C57F400BF4D9D9ED074977D254CCE1479922F4,7817BB3744207E63717D78F48FA00C6F5B17E9ED2F3F784C414C4A0686DC752D,1201,1201,1200,1201,0,0,,
synthetic_in_distribution,ideal,in_distribution_002__ideal,synthetic_in_distribution::in_distribution_002__ideal,ct_ekf,8C5AE3C7CAD9582BFEFF564D00C57F400BF4D9D9ED074977D254CCE1479922F4,7817BB3744207E63717D78F48FA00C6F5B17E9ED2F3F784C414C4A0686DC752D,1201,1201,1200,1201,0,0,,
synthetic_in_distribution,ideal,in_distribution_002__ideal,synthetic_in_distribution::in_distribution_002__ideal,native_imm,8C5AE3C7CAD9582BFEFF564D00C57F400BF4D9D9ED074977D254CCE1479922F4,7817BB3744207E63717D78F48FA00C6F5B17E9ED2F3F784C414C4A0686DC752D,1201,1201,1200,1201,0,0,,
synthetic_in_distribution,ideal,in_distribution_002__ideal,synthetic_in_distribution::in_distribution_002__ideal,warm_ukf,8C5AE3C7CAD9582BFEFF564D00C57F400BF4D9D9ED074977D254CCE1479922F4,7817BB3744207E63717D78F48FA00C6F5B17E9ED2F3F784C414C4A0686DC752D,1201,1201,1200,1201,0,0,,
synthetic_in_distribution,empirical_timing,in_distribution_002__empirical_timing,synthetic_in_distribution::in_distribution_002__empirical_timing,cv_ekf,6E8AAF92C17EEF755B9DE6FB2DBE0DAC142F5C1EA86341ABF6644AA681789A90,7817BB3744207E63717D78F48FA00C6F5B17E9ED2F3F784C414C4A0686DC752D,1201,484,1200,484,0,0,,
synthetic_in_distribution,empirical_timing,in_distribution_002__empirical_timing,synthetic_in_distribution::in_distribution_002__empirical_timing,ca_ekf,6E8AAF92C17EEF755B9DE6FB2DBE0DAC142F5C1EA86341ABF6644AA681789A90,7817BB3744207E63717D78F48FA00C6F5B17E9ED2F3F784C414C4A0686DC752D,1201,484,1200,484,0,0,,
synthetic_in_distribution,empirical_timing,in_distribution_002__empirical_timing,synthetic_in_distribution::in_distribution_002__empirical_timing,ct_ekf,6E8AAF92C17EEF755B9DE6FB2DBE0DAC142F5C1EA86341ABF6644AA681789A90,7817BB3744207E63717D78F48FA00C6F5B17E9ED2F3F784C414C4A0686DC752D,1201,484,1200,484,0,0,,
synthetic_in_distribution,empirical_timing,in_distribution_002__empirical_timing,synthetic_in_distribution::in_distribution_002__empirical_timing,native_imm,6E8AAF92C17EEF755B9DE6FB2DBE0DAC142F5C1EA86341ABF6644AA681789A90,7817BB3744207E63717D78F48FA00C6F5B17E9ED2F3F784C414C4A0686DC752D,1201,484,1200,484,0,0,,
synthetic_in_distribution,empirical_timing,in_distribution_002__empirical_timing,synthetic_in_distribution::in_distribution_002__empirical_timing,warm_ukf,6E8AAF92C17EEF755B9DE6FB2DBE0DAC142F5C1EA86341ABF6644AA681789A90,7817BB3744207E63717D78F48FA00C6F5B17E9ED2F3F784C414C4A0686DC752D,1201,484,1200,484,0,0,,
synthetic_in_distribution,degraded,in_distribution_002__degraded,synthetic_in_distribution::in_distribution_002__degraded,cv_ekf,3E1AA312D3F8219C16A144D32B34FB87C3A3177B9E60666CDE710FF8FE04D7D0,00EFD75B62CE33A599A536ED3E3722633F8D3944C2DBFDA6CCFCE4503D5960E7,1201,371,1200,371,0,0,,
synthetic_in_distribution,degraded,in_distribution_002__degraded,synthetic_in_distribution::in_distribution_002__degraded,ca_ekf,3E1AA312D3F8219C16A144D32B34FB87C3A3177B9E60666CDE710FF8FE04D7D0,00EFD75B62CE33A599A536ED3E3722633F8D3944C2DBFDA6CCFCE4503D5960E7,1201,371,1200,371,0,0,,
synthetic_in_distribution,degraded,in_distribution_002__degraded,synthetic_in_distribution::in_distribution_002__degraded,ct_ekf,3E1AA312D3F8219C16A144D32B34FB87C3A3177B9E60666CDE710FF8FE04D7D0,00EFD75B62CE33A599A536ED3E3722633F8D3944C2DBFDA6CCFCE4503D5960E7,1201,371,1200,371,0,0,,
synthetic_in_distribution,degraded,in_distribution_002__degraded,synthetic_in_distribution::in_distribution_002__degraded,native_imm,3E1AA312D3F8219C16A144D32B34FB87C3A3177B9E60666CDE710FF8FE04D7D0,00EFD75B62CE33A599A536ED3E3722633F8D3944C2DBFDA6CCFCE4503D5960E7,1201,371,1200,371,0,0,,
synthetic_in_distribution,degraded,in_distribution_002__degraded,synthetic_in_distribution::in_distribution_002__degraded,warm_ukf,3E1AA312D3F8219C16A144D32B34FB87C3A3177B9E60666CDE710FF8FE04D7D0,00EFD75B62CE33A599A536ED3E3722633F8D3944C2DBFDA6CCFCE4503D5960E7,1201,371,1200,371,0,0,,
synthetic_in_distribution,ideal,in_distribution_003__ideal,synthetic_in_distribution::in_distribution_003__ideal,cv_ekf,D968870739464F6B16B3EAD13879116F3475961FF3FFD7A4CE840A65F33616C7,5205AE2BE174ED9264896AF4A66D07B10CF55DE2A0E5B48D0B301BCF9CD35EF2,1201,1201,1200,1201,0,0,,
synthetic_in_distribution,ideal,in_distribution_003__ideal,synthetic_in_distribution::in_distribution_003__ideal,ca_ekf,D968870739464F6B16B3EAD13879116F3475961FF3FFD7A4CE840A65F33616C7,5205AE2BE174ED9264896AF4A66D07B10CF55DE2A0E5B48D0B301BCF9CD35EF2,1201,1201,1200,1201,0,0,,
synthetic_in_distribution,ideal,in_distribution_003__ideal,synthetic_in_distribution::in_distribution_003__ideal,ct_ekf,D968870739464F6B16B3EAD13879116F3475961FF3FFD7A4CE840A65F33616C7,5205AE2BE174ED9264896AF4A66D07B10CF55DE2A0E5B48D0B301BCF9CD35EF2,1201,1201,1200,1201,0,0,,
synthetic_in_distribution,ideal,in_distribution_003__ideal,synthetic_in_distribution::in_distribution_003__ideal,native_imm,D968870739464F6B16B3EAD13879116F3475961FF3FFD7A4CE840A65F33616C7,5205AE2BE174ED9264896AF4A66D07B10CF55DE2A0E5B48D0B301BCF9CD35EF2,1201,1201,1200,1201,0,0,,
synthetic_in_distribution,ideal,in_distribution_003__ideal,synthetic_in_distribution::in_distribution_003__ideal,warm_ukf,D968870739464F6B16B3EAD13879116F3475961FF3FFD7A4CE840A65F33616C7,5205AE2BE174ED9264896AF4A66D07B10CF55DE2A0E5B48D0B301BCF9CD35EF2,1201,1201,1200,1201,0,0,,
synthetic_in_distribution,empirical_timing,in_distribution_003__empirical_timing,synthetic_in_distribution::in_distribution_003__empirical_timing,cv_ekf,1004E9FF777CA8E300091AE274C8D321C1A006A4EF46113D52FCC925ABDE51C7,5205AE2BE174ED9264896AF4A66D07B10CF55DE2A0E5B48D0B301BCF9CD35EF2,1201,505,1200,505,0,0,,
synthetic_in_distribution,empirical_timing,in_distribution_003__empirical_timing,synthetic_in_distribution::in_distribution_003__empirical_timing,ca_ekf,1004E9FF777CA8E300091AE274C8D321C1A006A4EF46113D52FCC925ABDE51C7,5205AE2BE174ED9264896AF4A66D07B10CF55DE2A0E5B48D0B301BCF9CD35EF2,1201,505,1200,505,0,0,,
synthetic_in_distribution,empirical_timing,in_distribution_003__empirical_timing,synthetic_in_distribution::in_distribution_003__empirical_timing,ct_ekf,1004E9FF777CA8E300091AE274C8D321C1A006A4EF46113D52FCC925ABDE51C7,5205AE2BE174ED9264896AF4A66D07B10CF55DE2A0E5B48D0B301BCF9CD35EF2,1201,505,1200,505,0,0,,
synthetic_in_distribution,empirical_timing,in_distribution_003__empirical_timing,synthetic_in_distribution::in_distribution_003__empirical_timing,native_imm,1004E9FF777CA8E300091AE274C8D321C1A006A4EF46113D52FCC925ABDE51C7,5205AE2BE174ED9264896AF4A66D07B10CF55DE2A0E5B48D0B301BCF9CD35EF2,1201,505,1200,505,0,0,,
synthetic_in_distribution,empirical_timing,in_distribution_003__empirical_timing,synthetic_in_distribution::in_distribution_003__empirical_timing,warm_ukf,1004E9FF777CA8E300091AE274C8D321C1A006A4EF46113D52FCC925ABDE51C7,5205AE2BE174ED9264896AF4A66D07B10CF55DE2A0E5B48D0B301BCF9CD35EF2,1201,505,1200,505,0,0,,
synthetic_in_distribution,degraded,in_distribution_003__degraded,synthetic_in_distribution::in_distribution_003__degraded,cv_ekf,929C5425A461D2609C00F755FF931DD836616AF0679AC87CEDC6E8BCA5C611F0,A3D319D747A6D17FFC076FE533E62F81D53DCAC964D08EB6F7DF7BA3A41DEE34,1201,376,1200,376,0,0,,
synthetic_in_distribution,degraded,in_distribution_003__degraded,synthetic_in_distribution::in_distribution_003__degraded,ca_ekf,929C5425A461D2609C00F755FF931DD836616AF0679AC87CEDC6E8BCA5C611F0,A3D319D747A6D17FFC076FE533E62F81D53DCAC964D08EB6F7DF7BA3A41DEE34,1201,376,1200,376,0,0,,
synthetic_in_distribution,degraded,in_distribution_003__degraded,synthetic_in_distribution::in_distribution_003__degraded,ct_ekf,929C5425A461D2609C00F755FF931DD836616AF0679AC87CEDC6E8BCA5C611F0,A3D319D747A6D17FFC076FE533E62F81D53DCAC964D08EB6F7DF7BA3A41DEE34,1201,376,1200,376,0,0,,
synthetic_in_distribution,degraded,in_distribution_003__degraded,synthetic_in_distribution::in_distribution_003__degraded,native_imm,929C5425A461D2609C00F755FF931DD836616AF0679AC87CEDC6E8BCA5C611F0,A3D319D747A6D17FFC076FE533E62F81D53DCAC964D08EB6F7DF7BA3A41DEE34,1201,376,1200,376,0,0,,
synthetic_in_distribution,degraded,in_distribution_003__degraded,synthetic_in_distribution::in_distribution_003__degraded,warm_ukf,929C5425A461D2609C00F755FF931DD836616AF0679AC87CEDC6E8BCA5C611F0,A3D319D747A6D17FFC076FE533E62F81D53DCAC964D08EB6F7DF7BA3A41DEE34,1201,376,1200,376,0,0,,
synthetic_in_distribution,ideal,in_distribution_004__ideal,synthetic_in_distribution::in_distribution_004__ideal,cv_ekf,B21FBC511B1C220FD766488969980720EEAC104BE1D060718252A9944C156D6C,BA0F988027A92F67945E5AEDC5FB2772E85F2C759C5F9F5331D3E29D543C78B2,1201,1201,1200,1201,0,0,,
synthetic_in_distribution,ideal,in_distribution_004__ideal,synthetic_in_distribution::in_distribution_004__ideal,ca_ekf,B21FBC511B1C220FD766488969980720EEAC104BE1D060718252A9944C156D6C,BA0F988027A92F67945E5AEDC5FB2772E85F2C759C5F9F5331D3E29D543C78B2,1201,1201,1200,1201,0,0,,
synthetic_in_distribution,ideal,in_distribution_004__ideal,synthetic_in_distribution::in_distribution_004__ideal,ct_ekf,B21FBC511B1C220FD766488969980720EEAC104BE1D060718252A9944C156D6C,BA0F988027A92F67945E5AEDC5FB2772E85F2C759C5F9F5331D3E29D543C78B2,1201,1201,1200,1201,0,0,,
synthetic_in_distribution,ideal,in_distribution_004__ideal,synthetic_in_distribution::in_distribution_004__ideal,native_imm,B21FBC511B1C220FD766488969980720EEAC104BE1D060718252A9944C156D6C,BA0F988027A92F67945E5AEDC5FB2772E85F2C759C5F9F5331D3E29D543C78B2,1201,1201,1200,1201,0,0,,
synthetic_in_distribution,ideal,in_distribution_004__ideal,synthetic_in_distribution::in_distribution_004__ideal,warm_ukf,B21FBC511B1C220FD766488969980720EEAC104BE1D060718252A9944C156D6C,BA0F988027A92F67945E5AEDC5FB2772E85F2C759C5F9F5331D3E29D543C78B2,1201,1201,1200,1201,0,0,,
synthetic_in_distribution,empirical_timing,in_distribution_004__empirical_timing,synthetic_in_distribution::in_distribution_004__empirical_timing,cv_ekf,E035F6A6C1770303B7420A60226774CE52AFAE90AB41662D401A85736F413909,BA0F988027A92F67945E5AEDC5FB2772E85F2C759C5F9F5331D3E29D543C78B2,1201,495,1200,495,0,0,,
synthetic_in_distribution,empirical_timing,in_distribution_004__empirical_timing,synthetic_in_distribution::in_distribution_004__empirical_timing,ca_ekf,E035F6A6C1770303B7420A60226774CE52AFAE90AB41662D401A85736F413909,BA0F988027A92F67945E5AEDC5FB2772E85F2C759C5F9F5331D3E29D543C78B2,1201,495,1200,495,0,0,,
synthetic_in_distribution,empirical_timing,in_distribution_004__empirical_timing,synthetic_in_distribution::in_distribution_004__empirical_timing,ct_ekf,E035F6A6C1770303B7420A60226774CE52AFAE90AB41662D401A85736F413909,BA0F988027A92F67945E5AEDC5FB2772E85F2C759C5F9F5331D3E29D543C78B2,1201,495,1200,495,0,0,,
synthetic_in_distribution,empirical_timing,in_distribution_004__empirical_timing,synthetic_in_distribution::in_distribution_004__empirical_timing,native_imm,E035F6A6C1770303B7420A60226774CE52AFAE90AB41662D401A85736F413909,BA0F988027A92F67945E5AEDC5FB2772E85F2C759C5F9F5331D3E29D543C78B2,1201,495,1200,495,0,0,,
synthetic_in_distribution,empirical_timing,in_distribution_004__empirical_timing,synthetic_in_distribution::in_distribution_004__empirical_timing,warm_ukf,E035F6A6C1770303B7420A60226774CE52AFAE90AB41662D401A85736F413909,BA0F988027A92F67945E5AEDC5FB2772E85F2C759C5F9F5331D3E29D543C78B2,1201,495,1200,495,0,0,,
synthetic_in_distribution,degraded,in_distribution_004__degraded,synthetic_in_distribution::in_distribution_004__degraded,cv_ekf,FF2B4690ABB444DA22AB7A48C3DB06075A499C02D045A4472A5098D0C439B70F,CD3669E0BF1F14BD9D348070F25A172437C6B4FC2723EF2811691532162DF052,1201,386,1200,386,0,0,,
synthetic_in_distribution,degraded,in_distribution_004__degraded,synthetic_in_distribution::in_distribution_004__degraded,ca_ekf,FF2B4690ABB444DA22AB7A48C3DB06075A499C02D045A4472A5098D0C439B70F,CD3669E0BF1F14BD9D348070F25A172437C6B4FC2723EF2811691532162DF052,1201,386,1200,386,0,0,,
synthetic_in_distribution,degraded,in_distribution_004__degraded,synthetic_in_distribution::in_distribution_004__degraded,ct_ekf,FF2B4690ABB444DA22AB7A48C3DB06075A499C02D045A4472A5098D0C439B70F,CD3669E0BF1F14BD9D348070F25A172437C6B4FC2723EF2811691532162DF052,1201,386,1200,386,0,0,,
synthetic_in_distribution,degraded,in_distribution_004__degraded,synthetic_in_distribution::in_distribution_004__degraded,native_imm,FF2B4690ABB444DA22AB7A48C3DB06075A499C02D045A4472A5098D0C439B70F,CD3669E0BF1F14BD9D348070F25A172437C6B4FC2723EF2811691532162DF052,1201,386,1200,386,0,0,,
synthetic_in_distribution,degraded,in_distribution_004__degraded,synthetic_in_distribution::in_distribution_004__degraded,warm_ukf,FF2B4690ABB444DA22AB7A48C3DB06075A499C02D045A4472A5098D0C439B70F,CD3669E0BF1F14BD9D348070F25A172437C6B4FC2723EF2811691532162DF052,1201,386,1200,386,0,0,,
synthetic_in_distribution,ideal,in_distribution_005__ideal,synthetic_in_distribution::in_distribution_005__ideal,cv_ekf,50F00F376EC24B261658392ABD67DFB828ADA6A4B70840F4CD70AC5C1714A923,2F59640FF591D33BC6B727A40B8226DF0E44B7B24B07356F4DB9B436C733DDFB,1201,1201,1200,1201,0,0,,
synthetic_in_distribution,ideal,in_distribution_005__ideal,synthetic_in_distribution::in_distribution_005__ideal,ca_ekf,50F00F376EC24B261658392ABD67DFB828ADA6A4B70840F4CD70AC5C1714A923,2F59640FF591D33BC6B727A40B8226DF0E44B7B24B07356F4DB9B436C733DDFB,1201,1201,1200,1201,0,0,,
synthetic_in_distribution,ideal,in_distribution_005__ideal,synthetic_in_distribution::in_distribution_005__ideal,ct_ekf,50F00F376EC24B261658392ABD67DFB828ADA6A4B70840F4CD70AC5C1714A923,2F59640FF591D33BC6B727A40B8226DF0E44B7B24B07356F4DB9B436C733DDFB,1201,1201,1200,1201,0,0,,
synthetic_in_distribution,ideal,in_distribution_005__ideal,synthetic_in_distribution::in_distribution_005__ideal,native_imm,50F00F376EC24B261658392ABD67DFB828ADA6A4B70840F4CD70AC5C1714A923,2F59640FF591D33BC6B727A40B8226DF0E44B7B24B07356F4DB9B436C733DDFB,1201,1201,1200,1201,0,0,,
synthetic_in_distribution,ideal,in_distribution_005__ideal,synthetic_in_distribution::in_distribution_005__ideal,warm_ukf,50F00F376EC24B261658392ABD67DFB828ADA6A4B70840F4CD70AC5C1714A923,2F59640FF591D33BC6B727A40B8226DF0E44B7B24B07356F4DB9B436C733DDFB,1201,1201,1200,1201,0,0,,
synthetic_in_distribution,empirical_timing,in_distribution_005__empirical_timing,synthetic_in_distribution::in_distribution_005__empirical_timing,cv_ekf,BFC0C93C6F6249C0B657C138BD08BCEA9A811733DA2519EFA41E163A5B5D82BC,2F59640FF591D33BC6B727A40B8226DF0E44B7B24B07356F4DB9B436C733DDFB,1201,480,1200,480,0,0,,
synthetic_in_distribution,empirical_timing,in_distribution_005__empirical_timing,synthetic_in_distribution::in_distribution_005__empirical_timing,ca_ekf,BFC0C93C6F6249C0B657C138BD08BCEA9A811733DA2519EFA41E163A5B5D82BC,2F59640FF591D33BC6B727A40B8226DF0E44B7B24B07356F4DB9B436C733DDFB,1201,480,1200,480,0,0,,
synthetic_in_distribution,empirical_timing,in_distribution_005__empirical_timing,synthetic_in_distribution::in_distribution_005__empirical_timing,ct_ekf,BFC0C93C6F6249C0B657C138BD08BCEA9A811733DA2519EFA41E163A5B5D82BC,2F59640FF591D33BC6B727A40B8226DF0E44B7B24B07356F4DB9B436C733DDFB,1201,480,1200,480,0,0,,
synthetic_in_distribution,empirical_timing,in_distribution_005__empirical_timing,synthetic_in_distribution::in_distribution_005__empirical_timing,native_imm,BFC0C93C6F6249C0B657C138BD08BCEA9A811733DA2519EFA41E163A5B5D82BC,2F59640FF591D33BC6B727A40B8226DF0E44B7B24B07356F4DB9B436C733DDFB,1201,480,1200,480,0,0,,
synthetic_in_distribution,empirical_timing,in_distribution_005__empirical_timing,synthetic_in_distribution::in_distribution_005__empirical_timing,warm_ukf,BFC0C93C6F6249C0B657C138BD08BCEA9A811733DA2519EFA41E163A5B5D82BC,2F59640FF591D33BC6B727A40B8226DF0E44B7B24B07356F4DB9B436C733DDFB,1201,480,1200,480,0,0,,
synthetic_in_distribution,degraded,in_distribution_005__degraded,synthetic_in_distribution::in_distribution_005__degraded,cv_ekf,5DC64AEB075160CF81B9380C79614D7C5972D5158CDE89BFA317D20E411E5153,E7F3CD4A8F98BF939188763704CDF17194C851AC4F7ACD07CE3C18181CB08DDB,1201,342,1200,342,0,0,,
synthetic_in_distribution,degraded,in_distribution_005__degraded,synthetic_in_distribution::in_distribution_005__degraded,ca_ekf,5DC64AEB075160CF81B9380C79614D7C5972D5158CDE89BFA317D20E411E5153,E7F3CD4A8F98BF939188763704CDF17194C851AC4F7ACD07CE3C18181CB08DDB,1201,342,1200,342,0,0,,
synthetic_in_distribution,degraded,in_distribution_005__degraded,synthetic_in_distribution::in_distribution_005__degraded,ct_ekf,5DC64AEB075160CF81B9380C79614D7C5972D5158CDE89BFA317D20E411E5153,E7F3CD4A8F98BF939188763704CDF17194C851AC4F7ACD07CE3C18181CB08DDB,1201,342,1200,342,0,0,,
synthetic_in_distribution,degraded,in_distribution_005__degraded,synthetic_in_distribution::in_distribution_005__degraded,native_imm,5DC64AEB075160CF81B9380C79614D7C5972D5158CDE89BFA317D20E411E5153,E7F3CD4A8F98BF939188763704CDF17194C851AC4F7ACD07CE3C18181CB08DDB,1201,342,1200,342,0,0,,
synthetic_in_distribution,degraded,in_distribution_005__degraded,synthetic_in_distribution::in_distribution_005__degraded,warm_ukf,5DC64AEB075160CF81B9380C79614D7C5972D5158CDE89BFA317D20E411E5153,E7F3CD4A8F98BF939188763704CDF17194C851AC4F7ACD07CE3C18181CB08DDB,1201,342,1200,342,0,0,,
synthetic_in_distribution,ideal,in_distribution_006__ideal,synthetic_in_distribution::in_distribution_006__ideal,cv_ekf,CEA83085E3EB4032C20AB5EF42E8AAFD4189800EE1E16A013E3B6B1B33D8EF9B,5896E89DA57C53C7667E754BFEA1D57A5CC681E8EA799929EB74C7C7459B093F,1201,1201,1200,1201,0,0,,
synthetic_in_distribution,ideal,in_distribution_006__ideal,synthetic_in_distribution::in_distribution_006__ideal,ca_ekf,CEA83085E3EB4032C20AB5EF42E8AAFD4189800EE1E16A013E3B6B1B33D8EF9B,5896E89DA57C53C7667E754BFEA1D57A5CC681E8EA799929EB74C7C7459B093F,1201,1201,1200,1201,0,0,,
synthetic_in_distribution,ideal,in_distribution_006__ideal,synthetic_in_distribution::in_distribution_006__ideal,ct_ekf,CEA83085E3EB4032C20AB5EF42E8AAFD4189800EE1E16A013E3B6B1B33D8EF9B,5896E89DA57C53C7667E754BFEA1D57A5CC681E8EA799929EB74C7C7459B093F,1201,1201,1200,1201,0,0,,
synthetic_in_distribution,ideal,in_distribution_006__ideal,synthetic_in_distribution::in_distribution_006__ideal,native_imm,CEA83085E3EB4032C20AB5EF42E8AAFD4189800EE1E16A013E3B6B1B33D8EF9B,5896E89DA57C53C7667E754BFEA1D57A5CC681E8EA799929EB74C7C7459B093F,1201,1201,1200,1201,0,0,,
synthetic_in_distribution,ideal,in_distribution_006__ideal,synthetic_in_distribution::in_distribution_006__ideal,warm_ukf,CEA83085E3EB4032C20AB5EF42E8AAFD4189800EE1E16A013E3B6B1B33D8EF9B,5896E89DA57C53C7667E754BFEA1D57A5CC681E8EA799929EB74C7C7459B093F,1201,1201,1200,1201,0,0,,
synthetic_in_distribution,empirical_timing,in_distribution_006__empirical_timing,synthetic_in_distribution::in_distribution_006__empirical_timing,cv_ekf,1BA258C8DF5B2B1E8C238BFFCC0C8B4864A590E6B147444253B1F3C43193F782,5896E89DA57C53C7667E754BFEA1D57A5CC681E8EA799929EB74C7C7459B093F,1201,506,1200,506,0,0,,
synthetic_in_distribution,empirical_timing,in_distribution_006__empirical_timing,synthetic_in_distribution::in_distribution_006__empirical_timing,ca_ekf,1BA258C8DF5B2B1E8C238BFFCC0C8B4864A590E6B147444253B1F3C43193F782,5896E89DA57C53C7667E754BFEA1D57A5CC681E8EA799929EB74C7C7459B093F,1201,506,1200,506,0,0,,
synthetic_in_distribution,empirical_timing,in_distribution_006__empirical_timing,synthetic_in_distribution::in_distribution_006__empirical_timing,ct_ekf,1BA258C8DF5B2B1E8C238BFFCC0C8B4864A590E6B147444253B1F3C43193F782,5896E89DA57C53C7667E754BFEA1D57A5CC681E8EA799929EB74C7C7459B093F,1201,506,1200,506,0,0,,
synthetic_in_distribution,empirical_timing,in_distribution_006__empirical_timing,synthetic_in_distribution::in_distribution_006__empirical_timing,native_imm,1BA258C8DF5B2B1E8C238BFFCC0C8B4864A590E6B147444253B1F3C43193F782,5896E89DA57C53C7667E754BFEA1D57A5CC681E8EA799929EB74C7C7459B093F,1201,506,1200,506,0,0,,
synthetic_in_distribution,empirical_timing,in_distribution_006__empirical_timing,synthetic_in_distribution::in_distribution_006__empirical_timing,warm_ukf,1BA258C8DF5B2B1E8C238BFFCC0C8B4864A590E6B147444253B1F3C43193F782,5896E89DA57C53C7667E754BFEA1D57A5CC681E8EA799929EB74C7C7459B093F,1201,506,1200,506,0,0,,
synthetic_in_distribution,degraded,in_distribution_006__degraded,synthetic_in_distribution::in_distribution_006__degraded,cv_ekf,F701C05C19A3A176653B7313E065FB6CBF435C6C36F6184B0BEB82216D9DD9E7,7944DB6D43D01A9735DE5A86CA832DC2AEA12B31C9400492306C9624BA6DB124,1201,371,1200,371,0,0,,
synthetic_in_distribution,degraded,in_distribution_006__degraded,synthetic_in_distribution::in_distribution_006__degraded,ca_ekf,F701C05C19A3A176653B7313E065FB6CBF435C6C36F6184B0BEB82216D9DD9E7,7944DB6D43D01A9735DE5A86CA832DC2AEA12B31C9400492306C9624BA6DB124,1201,371,1200,371,0,0,,
synthetic_in_distribution,degraded,in_distribution_006__degraded,synthetic_in_distribution::in_distribution_006__degraded,ct_ekf,F701C05C19A3A176653B7313E065FB6CBF435C6C36F6184B0BEB82216D9DD9E7,7944DB6D43D01A9735DE5A86CA832DC2AEA12B31C9400492306C9624BA6DB124,1201,371,1200,371,0,0,,
synthetic_in_distribution,degraded,in_distribution_006__degraded,synthetic_in_distribution::in_distribution_006__degraded,native_imm,F701C05C19A3A176653B7313E065FB6CBF435C6C36F6184B0BEB82216D9DD9E7,7944DB6D43D01A9735DE5A86CA832DC2AEA12B31C9400492306C9624BA6DB124,1201,371,1200,371,0,0,,
synthetic_in_distribution,degraded,in_distribution_006__degraded,synthetic_in_distribution::in_distribution_006__degraded,warm_ukf,F701C05C19A3A176653B7313E065FB6CBF435C6C36F6184B0BEB82216D9DD9E7,7944DB6D43D01A9735DE5A86CA832DC2AEA12B31C9400492306C9624BA6DB124,1201,371,1200,371,0,0,,
synthetic_out_of_distribution,ideal,out_of_distribution_001__ideal,synthetic_out_of_distribution::out_of_distribution_001__ideal,cv_ekf,AF6DF31476CBEFB1EC202DB4EE90F739F276EB46E83B68720B62B13EE966E971,6766F7FF9BFEBDEAE37B604A557C80C5E55F912942B78C070202347552C0308A,1201,1201,1200,1201,0,0,,
synthetic_out_of_distribution,ideal,out_of_distribution_001__ideal,synthetic_out_of_distribution::out_of_distribution_001__ideal,ca_ekf,AF6DF31476CBEFB1EC202DB4EE90F739F276EB46E83B68720B62B13EE966E971,6766F7FF9BFEBDEAE37B604A557C80C5E55F912942B78C070202347552C0308A,1201,1201,1200,1201,0,0,,
synthetic_out_of_distribution,ideal,out_of_distribution_001__ideal,synthetic_out_of_distribution::out_of_distribution_001__ideal,ct_ekf,AF6DF31476CBEFB1EC202DB4EE90F739F276EB46E83B68720B62B13EE966E971,6766F7FF9BFEBDEAE37B604A557C80C5E55F912942B78C070202347552C0308A,1201,1201,1200,1201,0,0,,
synthetic_out_of_distribution,ideal,out_of_distribution_001__ideal,synthetic_out_of_distribution::out_of_distribution_001__ideal,native_imm,AF6DF31476CBEFB1EC202DB4EE90F739F276EB46E83B68720B62B13EE966E971,6766F7FF9BFEBDEAE37B604A557C80C5E55F912942B78C070202347552C0308A,1201,1201,1200,1201,0,0,,
synthetic_out_of_distribution,ideal,out_of_distribution_001__ideal,synthetic_out_of_distribution::out_of_distribution_001__ideal,warm_ukf,AF6DF31476CBEFB1EC202DB4EE90F739F276EB46E83B68720B62B13EE966E971,6766F7FF9BFEBDEAE37B604A557C80C5E55F912942B78C070202347552C0308A,1201,1201,1200,1201,0,0,,
synthetic_out_of_distribution,empirical_timing,out_of_distribution_001__empirical_timing,synthetic_out_of_distribution::out_of_distribution_001__empirical_timing,cv_ekf,2ADC0111C4F8B36C6067C98B6607651287E96167C43C84DC7D230DF1B55AF45B,6766F7FF9BFEBDEAE37B604A557C80C5E55F912942B78C070202347552C0308A,1201,501,1200,501,0,0,,
synthetic_out_of_distribution,empirical_timing,out_of_distribution_001__empirical_timing,synthetic_out_of_distribution::out_of_distribution_001__empirical_timing,ca_ekf,2ADC0111C4F8B36C6067C98B6607651287E96167C43C84DC7D230DF1B55AF45B,6766F7FF9BFEBDEAE37B604A557C80C5E55F912942B78C070202347552C0308A,1201,501,1200,501,0,0,,
synthetic_out_of_distribution,empirical_timing,out_of_distribution_001__empirical_timing,synthetic_out_of_distribution::out_of_distribution_001__empirical_timing,ct_ekf,2ADC0111C4F8B36C6067C98B6607651287E96167C43C84DC7D230DF1B55AF45B,6766F7FF9BFEBDEAE37B604A557C80C5E55F912942B78C070202347552C0308A,1201,501,1200,501,0,0,,
synthetic_out_of_distribution,empirical_timing,out_of_distribution_001__empirical_timing,synthetic_out_of_distribution::out_of_distribution_001__empirical_timing,native_imm,2ADC0111C4F8B36C6067C98B6607651287E96167C43C84DC7D230DF1B55AF45B,6766F7FF9BFEBDEAE37B604A557C80C5E55F912942B78C070202347552C0308A,1201,501,1200,501,0,0,,
synthetic_out_of_distribution,empirical_timing,out_of_distribution_001__empirical_timing,synthetic_out_of_distribution::out_of_distribution_001__empirical_timing,warm_ukf,2ADC0111C4F8B36C6067C98B6607651287E96167C43C84DC7D230DF1B55AF45B,6766F7FF9BFEBDEAE37B604A557C80C5E55F912942B78C070202347552C0308A,1201,501,1200,501,0,0,,
synthetic_out_of_distribution,degraded,out_of_distribution_001__degraded,synthetic_out_of_distribution::out_of_distribution_001__degraded,cv_ekf,35362CFE1ED2C3EFCC3E429FB4AF572C40C438C9A07FDF5B98B45F028681AD05,461BCD66BDF55E15B8E814E0ACBFAD67066F45BAE9A66B31DE9FF810149018BA,1201,392,1200,392,0,0,,
synthetic_out_of_distribution,degraded,out_of_distribution_001__degraded,synthetic_out_of_distribution::out_of_distribution_001__degraded,ca_ekf,35362CFE1ED2C3EFCC3E429FB4AF572C40C438C9A07FDF5B98B45F028681AD05,461BCD66BDF55E15B8E814E0ACBFAD67066F45BAE9A66B31DE9FF810149018BA,1201,392,1200,392,0,0,,
synthetic_out_of_distribution,degraded,out_of_distribution_001__degraded,synthetic_out_of_distribution::out_of_distribution_001__degraded,ct_ekf,35362CFE1ED2C3EFCC3E429FB4AF572C40C438C9A07FDF5B98B45F028681AD05,461BCD66BDF55E15B8E814E0ACBFAD67066F45BAE9A66B31DE9FF810149018BA,1201,392,1200,392,0,0,,
synthetic_out_of_distribution,degraded,out_of_distribution_001__degraded,synthetic_out_of_distribution::out_of_distribution_001__degraded,native_imm,35362CFE1ED2C3EFCC3E429FB4AF572C40C438C9A07FDF5B98B45F028681AD05,461BCD66BDF55E15B8E814E0ACBFAD67066F45BAE9A66B31DE9FF810149018BA,1201,392,1200,392,0,0,,
synthetic_out_of_distribution,degraded,out_of_distribution_001__degraded,synthetic_out_of_distribution::out_of_distribution_001__degraded,warm_ukf,35362CFE1ED2C3EFCC3E429FB4AF572C40C438C9A07FDF5B98B45F028681AD05,461BCD66BDF55E15B8E814E0ACBFAD67066F45BAE9A66B31DE9FF810149018BA,1201,392,1200,392,0,0,,
synthetic_out_of_distribution,ideal,out_of_distribution_002__ideal,synthetic_out_of_distribution::out_of_distribution_002__ideal,cv_ekf,34ABEA022F4CEF124B47BE51C8D35D706046770AF7BC8EFA5FD6DBE1A9EB1067,585F5E86752DE931920122560AD7183F822FB7DE8D154C34819F14D3A709A5A0,1201,1201,1200,1201,0,0,,
synthetic_out_of_distribution,ideal,out_of_distribution_002__ideal,synthetic_out_of_distribution::out_of_distribution_002__ideal,ca_ekf,34ABEA022F4CEF124B47BE51C8D35D706046770AF7BC8EFA5FD6DBE1A9EB1067,585F5E86752DE931920122560AD7183F822FB7DE8D154C34819F14D3A709A5A0,1201,1201,1200,1201,0,0,,
synthetic_out_of_distribution,ideal,out_of_distribution_002__ideal,synthetic_out_of_distribution::out_of_distribution_002__ideal,ct_ekf,34ABEA022F4CEF124B47BE51C8D35D706046770AF7BC8EFA5FD6DBE1A9EB1067,585F5E86752DE931920122560AD7183F822FB7DE8D154C34819F14D3A709A5A0,1201,1201,1200,1201,0,0,,
synthetic_out_of_distribution,ideal,out_of_distribution_002__ideal,synthetic_out_of_distribution::out_of_distribution_002__ideal,native_imm,34ABEA022F4CEF124B47BE51C8D35D706046770AF7BC8EFA5FD6DBE1A9EB1067,585F5E86752DE931920122560AD7183F822FB7DE8D154C34819F14D3A709A5A0,1201,1201,1200,1201,0,0,,
synthetic_out_of_distribution,ideal,out_of_distribution_002__ideal,synthetic_out_of_distribution::out_of_distribution_002__ideal,warm_ukf,34ABEA022F4CEF124B47BE51C8D35D706046770AF7BC8EFA5FD6DBE1A9EB1067,585F5E86752DE931920122560AD7183F822FB7DE8D154C34819F14D3A709A5A0,1201,1201,1200,1201,0,0,,
synthetic_out_of_distribution,empirical_timing,out_of_distribution_002__empirical_timing,synthetic_out_of_distribution::out_of_distribution_002__empirical_timing,cv_ekf,E6398D35783E0586B4838CE78C2E21B225521E46F84E8ABFC97A93FD0B57651F,585F5E86752DE931920122560AD7183F822FB7DE8D154C34819F14D3A709A5A0,1201,555,1200,555,0,0,,
synthetic_out_of_distribution,empirical_timing,out_of_distribution_002__empirical_timing,synthetic_out_of_distribution::out_of_distribution_002__empirical_timing,ca_ekf,E6398D35783E0586B4838CE78C2E21B225521E46F84E8ABFC97A93FD0B57651F,585F5E86752DE931920122560AD7183F822FB7DE8D154C34819F14D3A709A5A0,1201,555,1200,555,0,0,,
synthetic_out_of_distribution,empirical_timing,out_of_distribution_002__empirical_timing,synthetic_out_of_distribution::out_of_distribution_002__empirical_timing,ct_ekf,E6398D35783E0586B4838CE78C2E21B225521E46F84E8ABFC97A93FD0B57651F,585F5E86752DE931920122560AD7183F822FB7DE8D154C34819F14D3A709A5A0,1201,555,1200,555,0,0,,
synthetic_out_of_distribution,empirical_timing,out_of_distribution_002__empirical_timing,synthetic_out_of_distribution::out_of_distribution_002__empirical_timing,native_imm,E6398D35783E0586B4838CE78C2E21B225521E46F84E8ABFC97A93FD0B57651F,585F5E86752DE931920122560AD7183F822FB7DE8D154C34819F14D3A709A5A0,1201,555,1200,555,0,0,,
synthetic_out_of_distribution,empirical_timing,out_of_distribution_002__empirical_timing,synthetic_out_of_distribution::out_of_distribution_002__empirical_timing,warm_ukf,E6398D35783E0586B4838CE78C2E21B225521E46F84E8ABFC97A93FD0B57651F,585F5E86752DE931920122560AD7183F822FB7DE8D154C34819F14D3A709A5A0,1201,555,1200,555,0,0,,
synthetic_out_of_distribution,degraded,out_of_distribution_002__degraded,synthetic_out_of_distribution::out_of_distribution_002__degraded,cv_ekf,3A576C79FDCF9B37E5467D8509958602B5F7512085F83DEE9A2B962BF8047C3F,8B38E39B093D8F17BF2A553C6BA247F2D3663C35DF1D1B42D014C9B339C73133,1201,423,1200,423,0,0,,
synthetic_out_of_distribution,degraded,out_of_distribution_002__degraded,synthetic_out_of_distribution::out_of_distribution_002__degraded,ca_ekf,3A576C79FDCF9B37E5467D8509958602B5F7512085F83DEE9A2B962BF8047C3F,8B38E39B093D8F17BF2A553C6BA247F2D3663C35DF1D1B42D014C9B339C73133,1201,423,1200,423,0,0,,
synthetic_out_of_distribution,degraded,out_of_distribution_002__degraded,synthetic_out_of_distribution::out_of_distribution_002__degraded,ct_ekf,3A576C79FDCF9B37E5467D8509958602B5F7512085F83DEE9A2B962BF8047C3F,8B38E39B093D8F17BF2A553C6BA247F2D3663C35DF1D1B42D014C9B339C73133,1201,423,1200,423,0,0,,
synthetic_out_of_distribution,degraded,out_of_distribution_002__degraded,synthetic_out_of_distribution::out_of_distribution_002__degraded,native_imm,3A576C79FDCF9B37E5467D8509958602B5F7512085F83DEE9A2B962BF8047C3F,8B38E39B093D8F17BF2A553C6BA247F2D3663C35DF1D1B42D014C9B339C73133,1201,423,1200,423,0,0,,
synthetic_out_of_distribution,degraded,out_of_distribution_002__degraded,synthetic_out_of_distribution::out_of_distribution_002__degraded,warm_ukf,3A576C79FDCF9B37E5467D8509958602B5F7512085F83DEE9A2B962BF8047C3F,8B38E39B093D8F17BF2A553C6BA247F2D3663C35DF1D1B42D014C9B339C73133,1201,423,1200,423,0,0,,
synthetic_out_of_distribution,ideal,out_of_distribution_003__ideal,synthetic_out_of_distribution::out_of_distribution_003__ideal,cv_ekf,C1358A2789FF0E62A2534556B9232E22DC086A7B1ACBCB19660381254113933C,F9C7A9D2E6BDE973D57C97C948EAAD2F975465DC55A8E4245A22D3D7813AA6AD,1201,1201,1200,1201,0,0,,
synthetic_out_of_distribution,ideal,out_of_distribution_003__ideal,synthetic_out_of_distribution::out_of_distribution_003__ideal,ca_ekf,C1358A2789FF0E62A2534556B9232E22DC086A7B1ACBCB19660381254113933C,F9C7A9D2E6BDE973D57C97C948EAAD2F975465DC55A8E4245A22D3D7813AA6AD,1201,1201,1200,1201,0,0,,
synthetic_out_of_distribution,ideal,out_of_distribution_003__ideal,synthetic_out_of_distribution::out_of_distribution_003__ideal,ct_ekf,C1358A2789FF0E62A2534556B9232E22DC086A7B1ACBCB19660381254113933C,F9C7A9D2E6BDE973D57C97C948EAAD2F975465DC55A8E4245A22D3D7813AA6AD,1201,1201,1200,1201,0,0,,
synthetic_out_of_distribution,ideal,out_of_distribution_003__ideal,synthetic_out_of_distribution::out_of_distribution_003__ideal,native_imm,C1358A2789FF0E62A2534556B9232E22DC086A7B1ACBCB19660381254113933C,F9C7A9D2E6BDE973D57C97C948EAAD2F975465DC55A8E4245A22D3D7813AA6AD,1201,1201,1200,1201,0,0,,
synthetic_out_of_distribution,ideal,out_of_distribution_003__ideal,synthetic_out_of_distribution::out_of_distribution_003__ideal,warm_ukf,C1358A2789FF0E62A2534556B9232E22DC086A7B1ACBCB19660381254113933C,F9C7A9D2E6BDE973D57C97C948EAAD2F975465DC55A8E4245A22D3D7813AA6AD,1201,1201,1200,1201,0,0,,
synthetic_out_of_distribution,empirical_timing,out_of_distribution_003__empirical_timing,synthetic_out_of_distribution::out_of_distribution_003__empirical_timing,cv_ekf,8273D41C6A54ADEC6E1107CD1303A9DECBAF392F04A23F4366B3F10B4129AB30,F9C7A9D2E6BDE973D57C97C948EAAD2F975465DC55A8E4245A22D3D7813AA6AD,1201,491,1200,491,0,0,,
synthetic_out_of_distribution,empirical_timing,out_of_distribution_003__empirical_timing,synthetic_out_of_distribution::out_of_distribution_003__empirical_timing,ca_ekf,8273D41C6A54ADEC6E1107CD1303A9DECBAF392F04A23F4366B3F10B4129AB30,F9C7A9D2E6BDE973D57C97C948EAAD2F975465DC55A8E4245A22D3D7813AA6AD,1201,491,1200,491,0,0,,
synthetic_out_of_distribution,empirical_timing,out_of_distribution_003__empirical_timing,synthetic_out_of_distribution::out_of_distribution_003__empirical_timing,ct_ekf,8273D41C6A54ADEC6E1107CD1303A9DECBAF392F04A23F4366B3F10B4129AB30,F9C7A9D2E6BDE973D57C97C948EAAD2F975465DC55A8E4245A22D3D7813AA6AD,1201,491,1200,491,0,0,,
synthetic_out_of_distribution,empirical_timing,out_of_distribution_003__empirical_timing,synthetic_out_of_distribution::out_of_distribution_003__empirical_timing,native_imm,8273D41C6A54ADEC6E1107CD1303A9DECBAF392F04A23F4366B3F10B4129AB30,F9C7A9D2E6BDE973D57C97C948EAAD2F975465DC55A8E4245A22D3D7813AA6AD,1201,491,1200,491,0,0,,
synthetic_out_of_distribution,empirical_timing,out_of_distribution_003__empirical_timing,synthetic_out_of_distribution::out_of_distribution_003__empirical_timing,warm_ukf,8273D41C6A54ADEC6E1107CD1303A9DECBAF392F04A23F4366B3F10B4129AB30,F9C7A9D2E6BDE973D57C97C948EAAD2F975465DC55A8E4245A22D3D7813AA6AD,1201,491,1200,491,0,0,,
synthetic_out_of_distribution,degraded,out_of_distribution_003__degraded,synthetic_out_of_distribution::out_of_distribution_003__degraded,cv_ekf,B7CD5FD8418DFBDCA31533BE18F2F9C48E6B82475DDA13A0264B6270A7A3F767,7B3F596CEB6EDDDD8832D4A97F0BB503986F64295305A16FE65BC3EE98658D33,1201,371,1200,371,0,0,,
synthetic_out_of_distribution,degraded,out_of_distribution_003__degraded,synthetic_out_of_distribution::out_of_distribution_003__degraded,ca_ekf,B7CD5FD8418DFBDCA31533BE18F2F9C48E6B82475DDA13A0264B6270A7A3F767,7B3F596CEB6EDDDD8832D4A97F0BB503986F64295305A16FE65BC3EE98658D33,1201,371,1200,371,0,0,,
synthetic_out_of_distribution,degraded,out_of_distribution_003__degraded,synthetic_out_of_distribution::out_of_distribution_003__degraded,ct_ekf,B7CD5FD8418DFBDCA31533BE18F2F9C48E6B82475DDA13A0264B6270A7A3F767,7B3F596CEB6EDDDD8832D4A97F0BB503986F64295305A16FE65BC3EE98658D33,1201,371,1200,371,0,0,,
synthetic_out_of_distribution,degraded,out_of_distribution_003__degraded,synthetic_out_of_distribution::out_of_distribution_003__degraded,native_imm,B7CD5FD8418DFBDCA31533BE18F2F9C48E6B82475DDA13A0264B6270A7A3F767,7B3F596CEB6EDDDD8832D4A97F0BB503986F64295305A16FE65BC3EE98658D33,1201,371,1200,371,0,0,,
synthetic_out_of_distribution,degraded,out_of_distribution_003__degraded,synthetic_out_of_distribution::out_of_distribution_003__degraded,warm_ukf,B7CD5FD8418DFBDCA31533BE18F2F9C48E6B82475DDA13A0264B6270A7A3F767,7B3F596CEB6EDDDD8832D4A97F0BB503986F64295305A16FE65BC3EE98658D33,1201,371,1200,371,0,0,,
real_adsb,baseline,stage4B_3Day_nohup_20260819T132526Z_w114_20260821T215740Z::a3d066::20260821T215752__baseline,stage4B_3Day_nohup_20260819T132526Z_w114_20260821T215740Z::a3d066::20260821T215752,cv_ekf,F2A3C515752F4E98D17CFAA5E37874153DDD7327E8C1988E60077444D121B071,F1D913F046DD8C102FB1B28A632E8F9E6404035DECADE7848571D9B988F2F135,1037,830,207,830,0,0,,
real_adsb,baseline,stage4B_3Day_nohup_20260819T132526Z_w114_20260821T215740Z::a3d066::20260821T215752__baseline,stage4B_3Day_nohup_20260819T132526Z_w114_20260821T215740Z::a3d066::20260821T215752,ca_ekf,F2A3C515752F4E98D17CFAA5E37874153DDD7327E8C1988E60077444D121B071,F1D913F046DD8C102FB1B28A632E8F9E6404035DECADE7848571D9B988F2F135,1037,830,207,830,0,0,,
real_adsb,baseline,stage4B_3Day_nohup_20260819T132526Z_w114_20260821T215740Z::a3d066::20260821T215752__baseline,stage4B_3Day_nohup_20260819T132526Z_w114_20260821T215740Z::a3d066::20260821T215752,ct_ekf,F2A3C515752F4E98D17CFAA5E37874153DDD7327E8C1988E60077444D121B071,F1D913F046DD8C102FB1B28A632E8F9E6404035DECADE7848571D9B988F2F135,1037,830,207,830,0,0,,
real_adsb,baseline,stage4B_3Day_nohup_20260819T132526Z_w114_20260821T215740Z::a3d066::20260821T215752__baseline,stage4B_3Day_nohup_20260819T132526Z_w114_20260821T215740Z::a3d066::20260821T215752,native_imm,F2A3C515752F4E98D17CFAA5E37874153DDD7327E8C1988E60077444D121B071,F1D913F046DD8C102FB1B28A632E8F9E6404035DECADE7848571D9B988F2F135,1037,830,207,830,0,0,,
real_adsb,baseline,stage4B_3Day_nohup_20260819T132526Z_w114_20260821T215740Z::a3d066::20260821T215752__baseline,stage4B_3Day_nohup_20260819T132526Z_w114_20260821T215740Z::a3d066::20260821T215752,warm_ukf,F2A3C515752F4E98D17CFAA5E37874153DDD7327E8C1988E60077444D121B071,F1D913F046DD8C102FB1B28A632E8F9E6404035DECADE7848571D9B988F2F135,1037,830,207,830,0,0,,
real_adsb,random_dropout_10,stage4B_3Day_nohup_20260819T132526Z_w114_20260821T215740Z::a3d066::20260821T215752__random_dropout_10,stage4B_3Day_nohup_20260819T132526Z_w114_20260821T215740Z::a3d066::20260821T215752,cv_ekf,1CD4B8BACD43BA8BE2DCF1CAB6AA2AFD9D79D46868195F18A72493BAA8C43BEC,F1D913F046DD8C102FB1B28A632E8F9E6404035DECADE7848571D9B988F2F135,1037,730,207,730,0,0,,
real_adsb,random_dropout_10,stage4B_3Day_nohup_20260819T132526Z_w114_20260821T215740Z::a3d066::20260821T215752__random_dropout_10,stage4B_3Day_nohup_20260819T132526Z_w114_20260821T215740Z::a3d066::20260821T215752,ca_ekf,1CD4B8BACD43BA8BE2DCF1CAB6AA2AFD9D79D46868195F18A72493BAA8C43BEC,F1D913F046DD8C102FB1B28A632E8F9E6404035DECADE7848571D9B988F2F135,1037,730,207,730,0,0,,
real_adsb,random_dropout_10,stage4B_3Day_nohup_20260819T132526Z_w114_20260821T215740Z::a3d066::20260821T215752__random_dropout_10,stage4B_3Day_nohup_20260819T132526Z_w114_20260821T215740Z::a3d066::20260821T215752,ct_ekf,1CD4B8BACD43BA8BE2DCF1CAB6AA2AFD9D79D46868195F18A72493BAA8C43BEC,F1D913F046DD8C102FB1B28A632E8F9E6404035DECADE7848571D9B988F2F135,1037,730,207,730,0,0,,
real_adsb,random_dropout_10,stage4B_3Day_nohup_20260819T132526Z_w114_20260821T215740Z::a3d066::20260821T215752__random_dropout_10,stage4B_3Day_nohup_20260819T132526Z_w114_20260821T215740Z::a3d066::20260821T215752,native_imm,1CD4B8BACD43BA8BE2DCF1CAB6AA2AFD9D79D46868195F18A72493BAA8C43BEC,F1D913F046DD8C102FB1B28A632E8F9E6404035DECADE7848571D9B988F2F135,1037,730,207,730,0,0,,
real_adsb,random_dropout_10,stage4B_3Day_nohup_20260819T132526Z_w114_20260821T215740Z::a3d066::20260821T215752__random_dropout_10,stage4B_3Day_nohup_20260819T132526Z_w114_20260821T215740Z::a3d066::20260821T215752,warm_ukf,1CD4B8BACD43BA8BE2DCF1CAB6AA2AFD9D79D46868195F18A72493BAA8C43BEC,F1D913F046DD8C102FB1B28A632E8F9E6404035DECADE7848571D9B988F2F135,1037,730,207,730,0,0,,
real_adsb,random_dropout_25,stage4B_3Day_nohup_20260819T132526Z_w114_20260821T215740Z::a3d066::20260821T215752__random_dropout_25,stage4B_3Day_nohup_20260819T132526Z_w114_20260821T215740Z::a3d066::20260821T215752,cv_ekf,C23D511ECEA6B990E13670420BA11C0080D5D9837123C6125849AFFC62E890ED,F1D913F046DD8C102FB1B28A632E8F9E6404035DECADE7848571D9B988F2F135,1037,624,207,624,0,0,,
real_adsb,random_dropout_25,stage4B_3Day_nohup_20260819T132526Z_w114_20260821T215740Z::a3d066::20260821T215752__random_dropout_25,stage4B_3Day_nohup_20260819T132526Z_w114_20260821T215740Z::a3d066::20260821T215752,ca_ekf,C23D511ECEA6B990E13670420BA11C0080D5D9837123C6125849AFFC62E890ED,F1D913F046DD8C102FB1B28A632E8F9E6404035DECADE7848571D9B988F2F135,1037,624,207,624,0,0,,
real_adsb,random_dropout_25,stage4B_3Day_nohup_20260819T132526Z_w114_20260821T215740Z::a3d066::20260821T215752__random_dropout_25,stage4B_3Day_nohup_20260819T132526Z_w114_20260821T215740Z::a3d066::20260821T215752,ct_ekf,C23D511ECEA6B990E13670420BA11C0080D5D9837123C6125849AFFC62E890ED,F1D913F046DD8C102FB1B28A632E8F9E6404035DECADE7848571D9B988F2F135,1037,624,207,624,0,0,,
real_adsb,random_dropout_25,stage4B_3Day_nohup_20260819T132526Z_w114_20260821T215740Z::a3d066::20260821T215752__random_dropout_25,stage4B_3Day_nohup_20260819T132526Z_w114_20260821T215740Z::a3d066::20260821T215752,native_imm,C23D511ECEA6B990E13670420BA11C0080D5D9837123C6125849AFFC62E890ED,F1D913F046DD8C102FB1B28A632E8F9E6404035DECADE7848571D9B988F2F135,1037,624,207,624,0,0,,
real_adsb,random_dropout_25,stage4B_3Day_nohup_20260819T132526Z_w114_20260821T215740Z::a3d066::20260821T215752__random_dropout_25,stage4B_3Day_nohup_20260819T132526Z_w114_20260821T215740Z::a3d066::20260821T215752,warm_ukf,C23D511ECEA6B990E13670420BA11C0080D5D9837123C6125849AFFC62E890ED,F1D913F046DD8C102FB1B28A632E8F9E6404035DECADE7848571D9B988F2F135,1037,624,207,624,0,0,,
real_adsb,burst_outage,stage4B_3Day_nohup_20260819T132526Z_w114_20260821T215740Z::a3d066::20260821T215752__burst_outage,stage4B_3Day_nohup_20260819T132526Z_w114_20260821T215740Z::a3d066::20260821T215752,cv_ekf,03CFF152E04FA3B5476333CFAE1E5869C86C0ECC84E20E91B7B3B1170AE6C014,F1D913F046DD8C102FB1B28A632E8F9E6404035DECADE7848571D9B988F2F135,1037,664,207,664,0,0,,
real_adsb,burst_outage,stage4B_3Day_nohup_20260819T132526Z_w114_20260821T215740Z::a3d066::20260821T215752__burst_outage,stage4B_3Day_nohup_20260819T132526Z_w114_20260821T215740Z::a3d066::20260821T215752,ca_ekf,03CFF152E04FA3B5476333CFAE1E5869C86C0ECC84E20E91B7B3B1170AE6C014,F1D913F046DD8C102FB1B28A632E8F9E6404035DECADE7848571D9B988F2F135,1037,664,207,664,0,0,,
real_adsb,burst_outage,stage4B_3Day_nohup_20260819T132526Z_w114_20260821T215740Z::a3d066::20260821T215752__burst_outage,stage4B_3Day_nohup_20260819T132526Z_w114_20260821T215740Z::a3d066::20260821T215752,ct_ekf,03CFF152E04FA3B5476333CFAE1E5869C86C0ECC84E20E91B7B3B1170AE6C014,F1D913F046DD8C102FB1B28A632E8F9E6404035DECADE7848571D9B988F2F135,1037,664,207,664,0,0,,
real_adsb,burst_outage,stage4B_3Day_nohup_20260819T132526Z_w114_20260821T215740Z::a3d066::20260821T215752__burst_outage,stage4B_3Day_nohup_20260819T132526Z_w114_20260821T215740Z::a3d066::20260821T215752,native_imm,03CFF152E04FA3B5476333CFAE1E5869C86C0ECC84E20E91B7B3B1170AE6C014,F1D913F046DD8C102FB1B28A632E8F9E6404035DECADE7848571D9B988F2F135,1037,664,207,664,0,0,,
real_adsb,burst_outage,stage4B_3Day_nohup_20260819T132526Z_w114_20260821T215740Z::a3d066::20260821T215752__burst_outage,stage4B_3Day_nohup_20260819T132526Z_w114_20260821T215740Z::a3d066::20260821T215752,warm_ukf,03CFF152E04FA3B5476333CFAE1E5869C86C0ECC84E20E91B7B3B1170AE6C014,F1D913F046DD8C102FB1B28A632E8F9E6404035DECADE7848571D9B988F2F135,1037,664,207,664,0,0,,
real_adsb,baseline,stage4B_3Day_nohup_20260819T132526Z_w105_20260821T172740Z::ad2733::20260821T172745__baseline,stage4B_3Day_nohup_20260819T132526Z_w105_20260821T172740Z::ad2733::20260821T172745,cv_ekf,0F804E6DC5028DD71DF5A39182965ECEC98313AB9626E17746BB715558A3A276,0151798524C4DFE3A924238ABB7C00F6A465DF0FF462472B251D5FBE87CEE89E,669,535,134,535,0,0,,
real_adsb,baseline,stage4B_3Day_nohup_20260819T132526Z_w105_20260821T172740Z::ad2733::20260821T172745__baseline,stage4B_3Day_nohup_20260819T132526Z_w105_20260821T172740Z::ad2733::20260821T172745,ca_ekf,0F804E6DC5028DD71DF5A39182965ECEC98313AB9626E17746BB715558A3A276,0151798524C4DFE3A924238ABB7C00F6A465DF0FF462472B251D5FBE87CEE89E,669,535,134,535,0,0,,
real_adsb,baseline,stage4B_3Day_nohup_20260819T132526Z_w105_20260821T172740Z::ad2733::20260821T172745__baseline,stage4B_3Day_nohup_20260819T132526Z_w105_20260821T172740Z::ad2733::20260821T172745,ct_ekf,0F804E6DC5028DD71DF5A39182965ECEC98313AB9626E17746BB715558A3A276,0151798524C4DFE3A924238ABB7C00F6A465DF0FF462472B251D5FBE87CEE89E,669,535,134,535,0,0,,
real_adsb,baseline,stage4B_3Day_nohup_20260819T132526Z_w105_20260821T172740Z::ad2733::20260821T172745__baseline,stage4B_3Day_nohup_20260819T132526Z_w105_20260821T172740Z::ad2733::20260821T172745,native_imm,0F804E6DC5028DD71DF5A39182965ECEC98313AB9626E17746BB715558A3A276,0151798524C4DFE3A924238ABB7C00F6A465DF0FF462472B251D5FBE87CEE89E,669,535,134,535,0,0,,
real_adsb,baseline,stage4B_3Day_nohup_20260819T132526Z_w105_20260821T172740Z::ad2733::20260821T172745__baseline,stage4B_3Day_nohup_20260819T132526Z_w105_20260821T172740Z::ad2733::20260821T172745,warm_ukf,0F804E6DC5028DD71DF5A39182965ECEC98313AB9626E17746BB715558A3A276,0151798524C4DFE3A924238ABB7C00F6A465DF0FF462472B251D5FBE87CEE89E,669,535,134,535,0,0,,
real_adsb,random_dropout_10,stage4B_3Day_nohup_20260819T132526Z_w105_20260821T172740Z::ad2733::20260821T172745__random_dropout_10,stage4B_3Day_nohup_20260819T132526Z_w105_20260821T172740Z::ad2733::20260821T172745,cv_ekf,142E6FE0F18E6F70F307BA1D3C8D531A27A5C8BA8F84740CBF66A037039BC6CA,0151798524C4DFE3A924238ABB7C00F6A465DF0FF462472B251D5FBE87CEE89E,669,487,134,487,0,0,,
real_adsb,random_dropout_10,stage4B_3Day_nohup_20260819T132526Z_w105_20260821T172740Z::ad2733::20260821T172745__random_dropout_10,stage4B_3Day_nohup_20260819T132526Z_w105_20260821T172740Z::ad2733::20260821T172745,ca_ekf,142E6FE0F18E6F70F307BA1D3C8D531A27A5C8BA8F84740CBF66A037039BC6CA,0151798524C4DFE3A924238ABB7C00F6A465DF0FF462472B251D5FBE87CEE89E,669,487,134,487,0,0,,
real_adsb,random_dropout_10,stage4B_3Day_nohup_20260819T132526Z_w105_20260821T172740Z::ad2733::20260821T172745__random_dropout_10,stage4B_3Day_nohup_20260819T132526Z_w105_20260821T172740Z::ad2733::20260821T172745,ct_ekf,142E6FE0F18E6F70F307BA1D3C8D531A27A5C8BA8F84740CBF66A037039BC6CA,0151798524C4DFE3A924238ABB7C00F6A465DF0FF462472B251D5FBE87CEE89E,669,487,134,487,0,0,,
real_adsb,random_dropout_10,stage4B_3Day_nohup_20260819T132526Z_w105_20260821T172740Z::ad2733::20260821T172745__random_dropout_10,stage4B_3Day_nohup_20260819T132526Z_w105_20260821T172740Z::ad2733::20260821T172745,native_imm,142E6FE0F18E6F70F307BA1D3C8D531A27A5C8BA8F84740CBF66A037039BC6CA,0151798524C4DFE3A924238ABB7C00F6A465DF0FF462472B251D5FBE87CEE89E,669,487,134,487,0,0,,
real_adsb,random_dropout_10,stage4B_3Day_nohup_20260819T132526Z_w105_20260821T172740Z::ad2733::20260821T172745__random_dropout_10,stage4B_3Day_nohup_20260819T132526Z_w105_20260821T172740Z::ad2733::20260821T172745,warm_ukf,142E6FE0F18E6F70F307BA1D3C8D531A27A5C8BA8F84740CBF66A037039BC6CA,0151798524C4DFE3A924238ABB7C00F6A465DF0FF462472B251D5FBE87CEE89E,669,487,134,487,0,0,,
real_adsb,random_dropout_25,stage4B_3Day_nohup_20260819T132526Z_w105_20260821T172740Z::ad2733::20260821T172745__random_dropout_25,stage4B_3Day_nohup_20260819T132526Z_w105_20260821T172740Z::ad2733::20260821T172745,cv_ekf,8CC9A2AA1C6B90B9DEB16173B550CAE1E426951640A2B6827322F0B106B69604,0151798524C4DFE3A924238ABB7C00F6A465DF0FF462472B251D5FBE87CEE89E,669,415,134,415,0,0,,
real_adsb,random_dropout_25,stage4B_3Day_nohup_20260819T132526Z_w105_20260821T172740Z::ad2733::20260821T172745__random_dropout_25,stage4B_3Day_nohup_20260819T132526Z_w105_20260821T172740Z::ad2733::20260821T172745,ca_ekf,8CC9A2AA1C6B90B9DEB16173B550CAE1E426951640A2B6827322F0B106B69604,0151798524C4DFE3A924238ABB7C00F6A465DF0FF462472B251D5FBE87CEE89E,669,415,134,415,0,0,,
real_adsb,random_dropout_25,stage4B_3Day_nohup_20260819T132526Z_w105_20260821T172740Z::ad2733::20260821T172745__random_dropout_25,stage4B_3Day_nohup_20260819T132526Z_w105_20260821T172740Z::ad2733::20260821T172745,ct_ekf,8CC9A2AA1C6B90B9DEB16173B550CAE1E426951640A2B6827322F0B106B69604,0151798524C4DFE3A924238ABB7C00F6A465DF0FF462472B251D5FBE87CEE89E,669,415,134,415,0,0,,
real_adsb,random_dropout_25,stage4B_3Day_nohup_20260819T132526Z_w105_20260821T172740Z::ad2733::20260821T172745__random_dropout_25,stage4B_3Day_nohup_20260819T132526Z_w105_20260821T172740Z::ad2733::20260821T172745,native_imm,8CC9A2AA1C6B90B9DEB16173B550CAE1E426951640A2B6827322F0B106B69604,0151798524C4DFE3A924238ABB7C00F6A465DF0FF462472B251D5FBE87CEE89E,669,415,134,415,0,0,,
real_adsb,random_dropout_25,stage4B_3Day_nohup_20260819T132526Z_w105_20260821T172740Z::ad2733::20260821T172745__random_dropout_25,stage4B_3Day_nohup_20260819T132526Z_w105_20260821T172740Z::ad2733::20260821T172745,warm_ukf,8CC9A2AA1C6B90B9DEB16173B550CAE1E426951640A2B6827322F0B106B69604,0151798524C4DFE3A924238ABB7C00F6A465DF0FF462472B251D5FBE87CEE89E,669,415,134,415,0,0,,
real_adsb,burst_outage,stage4B_3Day_nohup_20260819T132526Z_w105_20260821T172740Z::ad2733::20260821T172745__burst_outage,stage4B_3Day_nohup_20260819T132526Z_w105_20260821T172740Z::ad2733::20260821T172745,cv_ekf,0F3EE9A2160E6596801A156B5FBE65EF56D93F74CA665D4ECE87B7647F60B6BF,0151798524C4DFE3A924238ABB7C00F6A465DF0FF462472B251D5FBE87CEE89E,669,428,134,428,0,0,,
real_adsb,burst_outage,stage4B_3Day_nohup_20260819T132526Z_w105_20260821T172740Z::ad2733::20260821T172745__burst_outage,stage4B_3Day_nohup_20260819T132526Z_w105_20260821T172740Z::ad2733::20260821T172745,ca_ekf,0F3EE9A2160E6596801A156B5FBE65EF56D93F74CA665D4ECE87B7647F60B6BF,0151798524C4DFE3A924238ABB7C00F6A465DF0FF462472B251D5FBE87CEE89E,669,428,134,428,0,0,,
real_adsb,burst_outage,stage4B_3Day_nohup_20260819T132526Z_w105_20260821T172740Z::ad2733::20260821T172745__burst_outage,stage4B_3Day_nohup_20260819T132526Z_w105_20260821T172740Z::ad2733::20260821T172745,ct_ekf,0F3EE9A2160E6596801A156B5FBE65EF56D93F74CA665D4ECE87B7647F60B6BF,0151798524C4DFE3A924238ABB7C00F6A465DF0FF462472B251D5FBE87CEE89E,669,428,134,428,0,0,,
real_adsb,burst_outage,stage4B_3Day_nohup_20260819T132526Z_w105_20260821T172740Z::ad2733::20260821T172745__burst_outage,stage4B_3Day_nohup_20260819T132526Z_w105_20260821T172740Z::ad2733::20260821T172745,native_imm,0F3EE9A2160E6596801A156B5FBE65EF56D93F74CA665D4ECE87B7647F60B6BF,0151798524C4DFE3A924238ABB7C00F6A465DF0FF462472B251D5FBE87CEE89E,669,428,134,428,0,0,,
real_adsb,burst_outage,stage4B_3Day_nohup_20260819T132526Z_w105_20260821T172740Z::ad2733::20260821T172745__burst_outage,stage4B_3Day_nohup_20260819T132526Z_w105_20260821T172740Z::ad2733::20260821T172745,warm_ukf,0F3EE9A2160E6596801A156B5FBE65EF56D93F74CA665D4ECE87B7647F60B6BF,0151798524C4DFE3A924238ABB7C00F6A465DF0FF462472B251D5FBE87CEE89E,669,428,134,428,0,0,,
real_adsb,baseline,stage4B_3Day_nohup_20260819T132526Z_w007_20260819T162740Z::a07eee::20260819T162946__baseline,stage4B_3Day_nohup_20260819T132526Z_w007_20260819T162740Z::a07eee::20260819T162946,cv_ekf,4556B172C0D4ED96CCF108C4FBC460068BE33D75028A325B4521978BED5B4ACA,6438D7426143F8EFE6BDA8D16B34F3BF1239DEC56F9719D1FCAB0E012453074E,648,518,130,518,0,0,,
real_adsb,baseline,stage4B_3Day_nohup_20260819T132526Z_w007_20260819T162740Z::a07eee::20260819T162946__baseline,stage4B_3Day_nohup_20260819T132526Z_w007_20260819T162740Z::a07eee::20260819T162946,ca_ekf,4556B172C0D4ED96CCF108C4FBC460068BE33D75028A325B4521978BED5B4ACA,6438D7426143F8EFE6BDA8D16B34F3BF1239DEC56F9719D1FCAB0E012453074E,648,518,130,518,0,0,,
real_adsb,baseline,stage4B_3Day_nohup_20260819T132526Z_w007_20260819T162740Z::a07eee::20260819T162946__baseline,stage4B_3Day_nohup_20260819T132526Z_w007_20260819T162740Z::a07eee::20260819T162946,ct_ekf,4556B172C0D4ED96CCF108C4FBC460068BE33D75028A325B4521978BED5B4ACA,6438D7426143F8EFE6BDA8D16B34F3BF1239DEC56F9719D1FCAB0E012453074E,648,518,130,518,0,0,,
real_adsb,baseline,stage4B_3Day_nohup_20260819T132526Z_w007_20260819T162740Z::a07eee::20260819T162946__baseline,stage4B_3Day_nohup_20260819T132526Z_w007_20260819T162740Z::a07eee::20260819T162946,native_imm,4556B172C0D4ED96CCF108C4FBC460068BE33D75028A325B4521978BED5B4ACA,6438D7426143F8EFE6BDA8D16B34F3BF1239DEC56F9719D1FCAB0E012453074E,648,518,130,518,0,0,,
real_adsb,baseline,stage4B_3Day_nohup_20260819T132526Z_w007_20260819T162740Z::a07eee::20260819T162946__baseline,stage4B_3Day_nohup_20260819T132526Z_w007_20260819T162740Z::a07eee::20260819T162946,warm_ukf,4556B172C0D4ED96CCF108C4FBC460068BE33D75028A325B4521978BED5B4ACA,6438D7426143F8EFE6BDA8D16B34F3BF1239DEC56F9719D1FCAB0E012453074E,648,518,130,518,0,0,,
real_adsb,random_dropout_10,stage4B_3Day_nohup_20260819T132526Z_w007_20260819T162740Z::a07eee::20260819T162946__random_dropout_10,stage4B_3Day_nohup_20260819T132526Z_w007_20260819T162740Z::a07eee::20260819T162946,cv_ekf,55F18FC41E0173F7B13AA2DD0F150DACE36E74F846F869DD820470C68EC09F8F,6438D7426143F8EFE6BDA8D16B34F3BF1239DEC56F9719D1FCAB0E012453074E,648,470,130,470,0,0,,
real_adsb,random_dropout_10,stage4B_3Day_nohup_20260819T132526Z_w007_20260819T162740Z::a07eee::20260819T162946__random_dropout_10,stage4B_3Day_nohup_20260819T132526Z_w007_20260819T162740Z::a07eee::20260819T162946,ca_ekf,55F18FC41E0173F7B13AA2DD0F150DACE36E74F846F869DD820470C68EC09F8F,6438D7426143F8EFE6BDA8D16B34F3BF1239DEC56F9719D1FCAB0E012453074E,648,470,130,470,0,0,,
real_adsb,random_dropout_10,stage4B_3Day_nohup_20260819T132526Z_w007_20260819T162740Z::a07eee::20260819T162946__random_dropout_10,stage4B_3Day_nohup_20260819T132526Z_w007_20260819T162740Z::a07eee::20260819T162946,ct_ekf,55F18FC41E0173F7B13AA2DD0F150DACE36E74F846F869DD820470C68EC09F8F,6438D7426143F8EFE6BDA8D16B34F3BF1239DEC56F9719D1FCAB0E012453074E,648,470,130,470,0,0,,
real_adsb,random_dropout_10,stage4B_3Day_nohup_20260819T132526Z_w007_20260819T162740Z::a07eee::20260819T162946__random_dropout_10,stage4B_3Day_nohup_20260819T132526Z_w007_20260819T162740Z::a07eee::20260819T162946,native_imm,55F18FC41E0173F7B13AA2DD0F150DACE36E74F846F869DD820470C68EC09F8F,6438D7426143F8EFE6BDA8D16B34F3BF1239DEC56F9719D1FCAB0E012453074E,648,470,130,470,0,0,,
real_adsb,random_dropout_10,stage4B_3Day_nohup_20260819T132526Z_w007_20260819T162740Z::a07eee::20260819T162946__random_dropout_10,stage4B_3Day_nohup_20260819T132526Z_w007_20260819T162740Z::a07eee::20260819T162946,warm_ukf,55F18FC41E0173F7B13AA2DD0F150DACE36E74F846F869DD820470C68EC09F8F,6438D7426143F8EFE6BDA8D16B34F3BF1239DEC56F9719D1FCAB0E012453074E,648,470,130,470,0,0,,
real_adsb,random_dropout_25,stage4B_3Day_nohup_20260819T132526Z_w007_20260819T162740Z::a07eee::20260819T162946__random_dropout_25,stage4B_3Day_nohup_20260819T132526Z_w007_20260819T162740Z::a07eee::20260819T162946,cv_ekf,F2AECFB87049EA74F3990DB48B65828E863074F4DAF4C04FC67EF1D7B09BBD49,6438D7426143F8EFE6BDA8D16B34F3BF1239DEC56F9719D1FCAB0E012453074E,648,398,130,398,0,0,,
real_adsb,random_dropout_25,stage4B_3Day_nohup_20260819T132526Z_w007_20260819T162740Z::a07eee::20260819T162946__random_dropout_25,stage4B_3Day_nohup_20260819T132526Z_w007_20260819T162740Z::a07eee::20260819T162946,ca_ekf,F2AECFB87049EA74F3990DB48B65828E863074F4DAF4C04FC67EF1D7B09BBD49,6438D7426143F8EFE6BDA8D16B34F3BF1239DEC56F9719D1FCAB0E012453074E,648,398,130,398,0,0,,
real_adsb,random_dropout_25,stage4B_3Day_nohup_20260819T132526Z_w007_20260819T162740Z::a07eee::20260819T162946__random_dropout_25,stage4B_3Day_nohup_20260819T132526Z_w007_20260819T162740Z::a07eee::20260819T162946,ct_ekf,F2AECFB87049EA74F3990DB48B65828E863074F4DAF4C04FC67EF1D7B09BBD49,6438D7426143F8EFE6BDA8D16B34F3BF1239DEC56F9719D1FCAB0E012453074E,648,398,130,398,0,0,,
real_adsb,random_dropout_25,stage4B_3Day_nohup_20260819T132526Z_w007_20260819T162740Z::a07eee::20260819T162946__random_dropout_25,stage4B_3Day_nohup_20260819T132526Z_w007_20260819T162740Z::a07eee::20260819T162946,native_imm,F2AECFB87049EA74F3990DB48B65828E863074F4DAF4C04FC67EF1D7B09BBD49,6438D7426143F8EFE6BDA8D16B34F3BF1239DEC56F9719D1FCAB0E012453074E,648,398,130,398,0,0,,
real_adsb,random_dropout_25,stage4B_3Day_nohup_20260819T132526Z_w007_20260819T162740Z::a07eee::20260819T162946__random_dropout_25,stage4B_3Day_nohup_20260819T132526Z_w007_20260819T162740Z::a07eee::20260819T162946,warm_ukf,F2AECFB87049EA74F3990DB48B65828E863074F4DAF4C04FC67EF1D7B09BBD49,6438D7426143F8EFE6BDA8D16B34F3BF1239DEC56F9719D1FCAB0E012453074E,648,398,130,398,0,0,,
real_adsb,burst_outage,stage4B_3Day_nohup_20260819T132526Z_w007_20260819T162740Z::a07eee::20260819T162946__burst_outage,stage4B_3Day_nohup_20260819T132526Z_w007_20260819T162740Z::a07eee::20260819T162946,cv_ekf,CF6888B25C267FBCFAE976871E76ABC538382782F07468DC721E99411818DCD0,6438D7426143F8EFE6BDA8D16B34F3BF1239DEC56F9719D1FCAB0E012453074E,648,415,130,415,0,0,,
real_adsb,burst_outage,stage4B_3Day_nohup_20260819T132526Z_w007_20260819T162740Z::a07eee::20260819T162946__burst_outage,stage4B_3Day_nohup_20260819T132526Z_w007_20260819T162740Z::a07eee::20260819T162946,ca_ekf,CF6888B25C267FBCFAE976871E76ABC538382782F07468DC721E99411818DCD0,6438D7426143F8EFE6BDA8D16B34F3BF1239DEC56F9719D1FCAB0E012453074E,648,415,130,415,0,0,,
real_adsb,burst_outage,stage4B_3Day_nohup_20260819T132526Z_w007_20260819T162740Z::a07eee::20260819T162946__burst_outage,stage4B_3Day_nohup_20260819T132526Z_w007_20260819T162740Z::a07eee::20260819T162946,ct_ekf,CF6888B25C267FBCFAE976871E76ABC538382782F07468DC721E99411818DCD0,6438D7426143F8EFE6BDA8D16B34F3BF1239DEC56F9719D1FCAB0E012453074E,648,415,130,415,0,0,,
real_adsb,burst_outage,stage4B_3Day_nohup_20260819T132526Z_w007_20260819T162740Z::a07eee::20260819T162946__burst_outage,stage4B_3Day_nohup_20260819T132526Z_w007_20260819T162740Z::a07eee::20260819T162946,native_imm,CF6888B25C267FBCFAE976871E76ABC538382782F07468DC721E99411818DCD0,6438D7426143F8EFE6BDA8D16B34F3BF1239DEC56F9719D1FCAB0E012453074E,648,415,130,415,0,0,,
real_adsb,burst_outage,stage4B_3Day_nohup_20260819T132526Z_w007_20260819T162740Z::a07eee::20260819T162946__burst_outage,stage4B_3Day_nohup_20260819T132526Z_w007_20260819T162740Z::a07eee::20260819T162946,warm_ukf,CF6888B25C267FBCFAE976871E76ABC538382782F07468DC721E99411818DCD0,6438D7426143F8EFE6BDA8D16B34F3BF1239DEC56F9719D1FCAB0E012453074E,648,415,130,415,0,0,,
real_adsb,baseline,stage4B_3Day_nohup_20260819T132526Z_w025_20260820T012740Z::a5213d::20260820T012950__baseline,stage4B_3Day_nohup_20260819T132526Z_w025_20260820T012740Z::a5213d::20260820T012950,cv_ekf,CE765020A022F1AE098779956F276DCCA881DBAA71AEB531C5907090E8D992B6,56B83BB1CCB5A283EBCD49EC28AFBA94D57DAEA72D0622E4CE2F4ECC10A52E36,629,503,126,503,0,0,,
real_adsb,baseline,stage4B_3Day_nohup_20260819T132526Z_w025_20260820T012740Z::a5213d::20260820T012950__baseline,stage4B_3Day_nohup_20260819T132526Z_w025_20260820T012740Z::a5213d::20260820T012950,ca_ekf,CE765020A022F1AE098779956F276DCCA881DBAA71AEB531C5907090E8D992B6,56B83BB1CCB5A283EBCD49EC28AFBA94D57DAEA72D0622E4CE2F4ECC10A52E36,629,503,126,503,0,0,,
real_adsb,baseline,stage4B_3Day_nohup_20260819T132526Z_w025_20260820T012740Z::a5213d::20260820T012950__baseline,stage4B_3Day_nohup_20260819T132526Z_w025_20260820T012740Z::a5213d::20260820T012950,ct_ekf,CE765020A022F1AE098779956F276DCCA881DBAA71AEB531C5907090E8D992B6,56B83BB1CCB5A283EBCD49EC28AFBA94D57DAEA72D0622E4CE2F4ECC10A52E36,629,503,126,503,0,0,,
real_adsb,baseline,stage4B_3Day_nohup_20260819T132526Z_w025_20260820T012740Z::a5213d::20260820T012950__baseline,stage4B_3Day_nohup_20260819T132526Z_w025_20260820T012740Z::a5213d::20260820T012950,native_imm,CE765020A022F1AE098779956F276DCCA881DBAA71AEB531C5907090E8D992B6,56B83BB1CCB5A283EBCD49EC28AFBA94D57DAEA72D0622E4CE2F4ECC10A52E36,629,503,126,503,0,0,,
real_adsb,baseline,stage4B_3Day_nohup_20260819T132526Z_w025_20260820T012740Z::a5213d::20260820T012950__baseline,stage4B_3Day_nohup_20260819T132526Z_w025_20260820T012740Z::a5213d::20260820T012950,warm_ukf,CE765020A022F1AE098779956F276DCCA881DBAA71AEB531C5907090E8D992B6,56B83BB1CCB5A283EBCD49EC28AFBA94D57DAEA72D0622E4CE2F4ECC10A52E36,629,503,126,503,0,0,,
real_adsb,random_dropout_10,stage4B_3Day_nohup_20260819T132526Z_w025_20260820T012740Z::a5213d::20260820T012950__random_dropout_10,stage4B_3Day_nohup_20260819T132526Z_w025_20260820T012740Z::a5213d::20260820T012950,cv_ekf,F3D6169EA3924A18C97EE6634BB484D09AA11A44A237E485F03EC25B1E65B4CE,56B83BB1CCB5A283EBCD49EC28AFBA94D57DAEA72D0622E4CE2F4ECC10A52E36,629,440,126,440,0,0,,
real_adsb,random_dropout_10,stage4B_3Day_nohup_20260819T132526Z_w025_20260820T012740Z::a5213d::20260820T012950__random_dropout_10,stage4B_3Day_nohup_20260819T132526Z_w025_20260820T012740Z::a5213d::20260820T012950,ca_ekf,F3D6169EA3924A18C97EE6634BB484D09AA11A44A237E485F03EC25B1E65B4CE,56B83BB1CCB5A283EBCD49EC28AFBA94D57DAEA72D0622E4CE2F4ECC10A52E36,629,440,126,440,0,0,,
real_adsb,random_dropout_10,stage4B_3Day_nohup_20260819T132526Z_w025_20260820T012740Z::a5213d::20260820T012950__random_dropout_10,stage4B_3Day_nohup_20260819T132526Z_w025_20260820T012740Z::a5213d::20260820T012950,ct_ekf,F3D6169EA3924A18C97EE6634BB484D09AA11A44A237E485F03EC25B1E65B4CE,56B83BB1CCB5A283EBCD49EC28AFBA94D57DAEA72D0622E4CE2F4ECC10A52E36,629,440,126,440,0,0,,
real_adsb,random_dropout_10,stage4B_3Day_nohup_20260819T132526Z_w025_20260820T012740Z::a5213d::20260820T012950__random_dropout_10,stage4B_3Day_nohup_20260819T132526Z_w025_20260820T012740Z::a5213d::20260820T012950,native_imm,F3D6169EA3924A18C97EE6634BB484D09AA11A44A237E485F03EC25B1E65B4CE,56B83BB1CCB5A283EBCD49EC28AFBA94D57DAEA72D0622E4CE2F4ECC10A52E36,629,440,126,440,0,0,,
real_adsb,random_dropout_10,stage4B_3Day_nohup_20260819T132526Z_w025_20260820T012740Z::a5213d::20260820T012950__random_dropout_10,stage4B_3Day_nohup_20260819T132526Z_w025_20260820T012740Z::a5213d::20260820T012950,warm_ukf,F3D6169EA3924A18C97EE6634BB484D09AA11A44A237E485F03EC25B1E65B4CE,56B83BB1CCB5A283EBCD49EC28AFBA94D57DAEA72D0622E4CE2F4ECC10A52E36,629,440,126,440,0,0,,
real_adsb,random_dropout_25,stage4B_3Day_nohup_20260819T132526Z_w025_20260820T012740Z::a5213d::20260820T012950__random_dropout_25,stage4B_3Day_nohup_20260819T132526Z_w025_20260820T012740Z::a5213d::20260820T012950,cv_ekf,504B814B21F0157258C74F7455487FE252153B76A165853AD860624D411D8CE3,56B83BB1CCB5A283EBCD49EC28AFBA94D57DAEA72D0622E4CE2F4ECC10A52E36,629,366,126,366,0,0,,
real_adsb,random_dropout_25,stage4B_3Day_nohup_20260819T132526Z_w025_20260820T012740Z::a5213d::20260820T012950__random_dropout_25,stage4B_3Day_nohup_20260819T132526Z_w025_20260820T012740Z::a5213d::20260820T012950,ca_ekf,504B814B21F0157258C74F7455487FE252153B76A165853AD860624D411D8CE3,56B83BB1CCB5A283EBCD49EC28AFBA94D57DAEA72D0622E4CE2F4ECC10A52E36,629,366,126,366,0,0,,
real_adsb,random_dropout_25,stage4B_3Day_nohup_20260819T132526Z_w025_20260820T012740Z::a5213d::20260820T012950__random_dropout_25,stage4B_3Day_nohup_20260819T132526Z_w025_20260820T012740Z::a5213d::20260820T012950,ct_ekf,504B814B21F0157258C74F7455487FE252153B76A165853AD860624D411D8CE3,56B83BB1CCB5A283EBCD49EC28AFBA94D57DAEA72D0622E4CE2F4ECC10A52E36,629,366,126,366,0,0,,
real_adsb,random_dropout_25,stage4B_3Day_nohup_20260819T132526Z_w025_20260820T012740Z::a5213d::20260820T012950__random_dropout_25,stage4B_3Day_nohup_20260819T132526Z_w025_20260820T012740Z::a5213d::20260820T012950,native_imm,504B814B21F0157258C74F7455487FE252153B76A165853AD860624D411D8CE3,56B83BB1CCB5A283EBCD49EC28AFBA94D57DAEA72D0622E4CE2F4ECC10A52E36,629,366,126,366,0,0,,
real_adsb,random_dropout_25,stage4B_3Day_nohup_20260819T132526Z_w025_20260820T012740Z::a5213d::20260820T012950__random_dropout_25,stage4B_3Day_nohup_20260819T132526Z_w025_20260820T012740Z::a5213d::20260820T012950,warm_ukf,504B814B21F0157258C74F7455487FE252153B76A165853AD860624D411D8CE3,56B83BB1CCB5A283EBCD49EC28AFBA94D57DAEA72D0622E4CE2F4ECC10A52E36,629,366,126,366,0,0,,
real_adsb,burst_outage,stage4B_3Day_nohup_20260819T132526Z_w025_20260820T012740Z::a5213d::20260820T012950__burst_outage,stage4B_3Day_nohup_20260819T132526Z_w025_20260820T012740Z::a5213d::20260820T012950,cv_ekf,704E344EA1E061CEC42EB145C0DD635F7264575162A882D545FBEBB07281EE61,56B83BB1CCB5A283EBCD49EC28AFBA94D57DAEA72D0622E4CE2F4ECC10A52E36,629,403,126,403,0,0,,
real_adsb,burst_outage,stage4B_3Day_nohup_20260819T132526Z_w025_20260820T012740Z::a5213d::20260820T012950__burst_outage,stage4B_3Day_nohup_20260819T132526Z_w025_20260820T012740Z::a5213d::20260820T012950,ca_ekf,704E344EA1E061CEC42EB145C0DD635F7264575162A882D545FBEBB07281EE61,56B83BB1CCB5A283EBCD49EC28AFBA94D57DAEA72D0622E4CE2F4ECC10A52E36,629,403,126,403,0,0,,
real_adsb,burst_outage,stage4B_3Day_nohup_20260819T132526Z_w025_20260820T012740Z::a5213d::20260820T012950__burst_outage,stage4B_3Day_nohup_20260819T132526Z_w025_20260820T012740Z::a5213d::20260820T012950,ct_ekf,704E344EA1E061CEC42EB145C0DD635F7264575162A882D545FBEBB07281EE61,56B83BB1CCB5A283EBCD49EC28AFBA94D57DAEA72D0622E4CE2F4ECC10A52E36,629,403,126,403,0,0,,
real_adsb,burst_outage,stage4B_3Day_nohup_20260819T132526Z_w025_20260820T012740Z::a5213d::20260820T012950__burst_outage,stage4B_3Day_nohup_20260819T132526Z_w025_20260820T012740Z::a5213d::20260820T012950,native_imm,704E344EA1E061CEC42EB145C0DD635F7264575162A882D545FBEBB07281EE61,56B83BB1CCB5A283EBCD49EC28AFBA94D57DAEA72D0622E4CE2F4ECC10A52E36,629,403,126,403,0,0,,
real_adsb,burst_outage,stage4B_3Day_nohup_20260819T132526Z_w025_20260820T012740Z::a5213d::20260820T012950__burst_outage,stage4B_3Day_nohup_20260819T132526Z_w025_20260820T012740Z::a5213d::20260820T012950,warm_ukf,704E344EA1E061CEC42EB145C0DD635F7264575162A882D545FBEBB07281EE61,56B83BB1CCB5A283EBCD49EC28AFBA94D57DAEA72D0622E4CE2F4ECC10A52E36,629,403,126,403,0,0,,
real_adsb,baseline,stage4B_3Day_nohup_20260819T132526Z_w011_20260819T182740Z::a1946c::20260819T183049__baseline,stage4B_3Day_nohup_20260819T132526Z_w011_20260819T182740Z::a1946c::20260819T183049,cv_ekf,79667994697C8D06D23F8E86CA190F0DA7456A3719462301CE7B0EBD1D479EE1,A1C028F21AADE764DCD7100B6F687C202A6227D7509AC190981F2A47DFE98AAA,621,497,124,497,0,0,,
real_adsb,baseline,stage4B_3Day_nohup_20260819T132526Z_w011_20260819T182740Z::a1946c::20260819T183049__baseline,stage4B_3Day_nohup_20260819T132526Z_w011_20260819T182740Z::a1946c::20260819T183049,ca_ekf,79667994697C8D06D23F8E86CA190F0DA7456A3719462301CE7B0EBD1D479EE1,A1C028F21AADE764DCD7100B6F687C202A6227D7509AC190981F2A47DFE98AAA,621,497,124,497,0,0,,
real_adsb,baseline,stage4B_3Day_nohup_20260819T132526Z_w011_20260819T182740Z::a1946c::20260819T183049__baseline,stage4B_3Day_nohup_20260819T132526Z_w011_20260819T182740Z::a1946c::20260819T183049,ct_ekf,79667994697C8D06D23F8E86CA190F0DA7456A3719462301CE7B0EBD1D479EE1,A1C028F21AADE764DCD7100B6F687C202A6227D7509AC190981F2A47DFE98AAA,621,497,124,497,0,0,,
real_adsb,baseline,stage4B_3Day_nohup_20260819T132526Z_w011_20260819T182740Z::a1946c::20260819T183049__baseline,stage4B_3Day_nohup_20260819T132526Z_w011_20260819T182740Z::a1946c::20260819T183049,native_imm,79667994697C8D06D23F8E86CA190F0DA7456A3719462301CE7B0EBD1D479EE1,A1C028F21AADE764DCD7100B6F687C202A6227D7509AC190981F2A47DFE98AAA,621,497,124,497,0,0,,
real_adsb,baseline,stage4B_3Day_nohup_20260819T132526Z_w011_20260819T182740Z::a1946c::20260819T183049__baseline,stage4B_3Day_nohup_20260819T132526Z_w011_20260819T182740Z::a1946c::20260819T183049,warm_ukf,79667994697C8D06D23F8E86CA190F0DA7456A3719462301CE7B0EBD1D479EE1,A1C028F21AADE764DCD7100B6F687C202A6227D7509AC190981F2A47DFE98AAA,621,497,124,497,0,0,,
real_adsb,random_dropout_10,stage4B_3Day_nohup_20260819T132526Z_w011_20260819T182740Z::a1946c::20260819T183049__random_dropout_10,stage4B_3Day_nohup_20260819T132526Z_w011_20260819T182740Z::a1946c::20260819T183049,cv_ekf,BBF830474FABD5FEAE6AA8265391D3E693301164FCA694596897383FD497161E,A1C028F21AADE764DCD7100B6F687C202A6227D7509AC190981F2A47DFE98AAA,621,439,124,439,0,0,,
real_adsb,random_dropout_10,stage4B_3Day_nohup_20260819T132526Z_w011_20260819T182740Z::a1946c::20260819T183049__random_dropout_10,stage4B_3Day_nohup_20260819T132526Z_w011_20260819T182740Z::a1946c::20260819T183049,ca_ekf,BBF830474FABD5FEAE6AA8265391D3E693301164FCA694596897383FD497161E,A1C028F21AADE764DCD7100B6F687C202A6227D7509AC190981F2A47DFE98AAA,621,439,124,439,0,0,,
real_adsb,random_dropout_10,stage4B_3Day_nohup_20260819T132526Z_w011_20260819T182740Z::a1946c::20260819T183049__random_dropout_10,stage4B_3Day_nohup_20260819T132526Z_w011_20260819T182740Z::a1946c::20260819T183049,ct_ekf,BBF830474FABD5FEAE6AA8265391D3E693301164FCA694596897383FD497161E,A1C028F21AADE764DCD7100B6F687C202A6227D7509AC190981F2A47DFE98AAA,621,439,124,439,0,0,,
real_adsb,random_dropout_10,stage4B_3Day_nohup_20260819T132526Z_w011_20260819T182740Z::a1946c::20260819T183049__random_dropout_10,stage4B_3Day_nohup_20260819T132526Z_w011_20260819T182740Z::a1946c::20260819T183049,native_imm,BBF830474FABD5FEAE6AA8265391D3E693301164FCA694596897383FD497161E,A1C028F21AADE764DCD7100B6F687C202A6227D7509AC190981F2A47DFE98AAA,621,439,124,439,0,0,,
real_adsb,random_dropout_10,stage4B_3Day_nohup_20260819T132526Z_w011_20260819T182740Z::a1946c::20260819T183049__random_dropout_10,stage4B_3Day_nohup_20260819T132526Z_w011_20260819T182740Z::a1946c::20260819T183049,warm_ukf,BBF830474FABD5FEAE6AA8265391D3E693301164FCA694596897383FD497161E,A1C028F21AADE764DCD7100B6F687C202A6227D7509AC190981F2A47DFE98AAA,621,439,124,439,0,0,,
real_adsb,random_dropout_25,stage4B_3Day_nohup_20260819T132526Z_w011_20260819T182740Z::a1946c::20260819T183049__random_dropout_25,stage4B_3Day_nohup_20260819T132526Z_w011_20260819T182740Z::a1946c::20260819T183049,cv_ekf,ABBEAA0DD409999E10F09F0C6D10A9ACCD8662DF8DC15BAC7E0ACD2BFE7DF0B2,A1C028F21AADE764DCD7100B6F687C202A6227D7509AC190981F2A47DFE98AAA,621,375,124,375,0,0,,
real_adsb,random_dropout_25,stage4B_3Day_nohup_20260819T132526Z_w011_20260819T182740Z::a1946c::20260819T183049__random_dropout_25,stage4B_3Day_nohup_20260819T132526Z_w011_20260819T182740Z::a1946c::20260819T183049,ca_ekf,ABBEAA0DD409999E10F09F0C6D10A9ACCD8662DF8DC15BAC7E0ACD2BFE7DF0B2,A1C028F21AADE764DCD7100B6F687C202A6227D7509AC190981F2A47DFE98AAA,621,375,124,375,0,0,,
real_adsb,random_dropout_25,stage4B_3Day_nohup_20260819T132526Z_w011_20260819T182740Z::a1946c::20260819T183049__random_dropout_25,stage4B_3Day_nohup_20260819T132526Z_w011_20260819T182740Z::a1946c::20260819T183049,ct_ekf,ABBEAA0DD409999E10F09F0C6D10A9ACCD8662DF8DC15BAC7E0ACD2BFE7DF0B2,A1C028F21AADE764DCD7100B6F687C202A6227D7509AC190981F2A47DFE98AAA,621,375,124,375,0,0,,
real_adsb,random_dropout_25,stage4B_3Day_nohup_20260819T132526Z_w011_20260819T182740Z::a1946c::20260819T183049__random_dropout_25,stage4B_3Day_nohup_20260819T132526Z_w011_20260819T182740Z::a1946c::20260819T183049,native_imm,ABBEAA0DD409999E10F09F0C6D10A9ACCD8662DF8DC15BAC7E0ACD2BFE7DF0B2,A1C028F21AADE764DCD7100B6F687C202A6227D7509AC190981F2A47DFE98AAA,621,375,124,375,0,0,,
real_adsb,random_dropout_25,stage4B_3Day_nohup_20260819T132526Z_w011_20260819T182740Z::a1946c::20260819T183049__random_dropout_25,stage4B_3Day_nohup_20260819T132526Z_w011_20260819T182740Z::a1946c::20260819T183049,warm_ukf,ABBEAA0DD409999E10F09F0C6D10A9ACCD8662DF8DC15BAC7E0ACD2BFE7DF0B2,A1C028F21AADE764DCD7100B6F687C202A6227D7509AC190981F2A47DFE98AAA,621,375,124,375,0,0,,
real_adsb,burst_outage,stage4B_3Day_nohup_20260819T132526Z_w011_20260819T182740Z::a1946c::20260819T183049__burst_outage,stage4B_3Day_nohup_20260819T132526Z_w011_20260819T182740Z::a1946c::20260819T183049,cv_ekf,CBFEDCAF5B06D6C97AADC7E822CEB4A670E88C05587382BE0F1E5BDBBB7239D2,A1C028F21AADE764DCD7100B6F687C202A6227D7509AC190981F2A47DFE98AAA,621,398,124,398,0,0,,
real_adsb,burst_outage,stage4B_3Day_nohup_20260819T132526Z_w011_20260819T182740Z::a1946c::20260819T183049__burst_outage,stage4B_3Day_nohup_20260819T132526Z_w011_20260819T182740Z::a1946c::20260819T183049,ca_ekf,CBFEDCAF5B06D6C97AADC7E822CEB4A670E88C05587382BE0F1E5BDBBB7239D2,A1C028F21AADE764DCD7100B6F687C202A6227D7509AC190981F2A47DFE98AAA,621,398,124,398,0,0,,
real_adsb,burst_outage,stage4B_3Day_nohup_20260819T132526Z_w011_20260819T182740Z::a1946c::20260819T183049__burst_outage,stage4B_3Day_nohup_20260819T132526Z_w011_20260819T182740Z::a1946c::20260819T183049,ct_ekf,CBFEDCAF5B06D6C97AADC7E822CEB4A670E88C05587382BE0F1E5BDBBB7239D2,A1C028F21AADE764DCD7100B6F687C202A6227D7509AC190981F2A47DFE98AAA,621,398,124,398,0,0,,
real_adsb,burst_outage,stage4B_3Day_nohup_20260819T132526Z_w011_20260819T182740Z::a1946c::20260819T183049__burst_outage,stage4B_3Day_nohup_20260819T132526Z_w011_20260819T182740Z::a1946c::20260819T183049,native_imm,CBFEDCAF5B06D6C97AADC7E822CEB4A670E88C05587382BE0F1E5BDBBB7239D2,A1C028F21AADE764DCD7100B6F687C202A6227D7509AC190981F2A47DFE98AAA,621,398,124,398,0,0,,
real_adsb,burst_outage,stage4B_3Day_nohup_20260819T132526Z_w011_20260819T182740Z::a1946c::20260819T183049__burst_outage,stage4B_3Day_nohup_20260819T132526Z_w011_20260819T182740Z::a1946c::20260819T183049,warm_ukf,CBFEDCAF5B06D6C97AADC7E822CEB4A670E88C05587382BE0F1E5BDBBB7239D2,A1C028F21AADE764DCD7100B6F687C202A6227D7509AC190981F2A47DFE98AAA,621,398,124,398,0,0,,
real_adsb,baseline,stage4B_3Day_nohup_20260819T132526Z_w055_20260820T162740Z::a3f161::20260820T162743__baseline,stage4B_3Day_nohup_20260819T132526Z_w055_20260820T162740Z::a3f161::20260820T162743,cv_ekf,D8133B5ED12EAD27132804221CC2351FE2F0237DCA5AFA366AF4559E1589CF39,F1A2EC54F1F2155ECB4834AD8E845F6B205476EE2F1BF6C2EFB1C7C781B57DF3,582,466,116,466,0,0,,
real_adsb,baseline,stage4B_3Day_nohup_20260819T132526Z_w055_20260820T162740Z::a3f161::20260820T162743__baseline,stage4B_3Day_nohup_20260819T132526Z_w055_20260820T162740Z::a3f161::20260820T162743,ca_ekf,D8133B5ED12EAD27132804221CC2351FE2F0237DCA5AFA366AF4559E1589CF39,F1A2EC54F1F2155ECB4834AD8E845F6B205476EE2F1BF6C2EFB1C7C781B57DF3,582,466,116,466,0,0,,
real_adsb,baseline,stage4B_3Day_nohup_20260819T132526Z_w055_20260820T162740Z::a3f161::20260820T162743__baseline,stage4B_3Day_nohup_20260819T132526Z_w055_20260820T162740Z::a3f161::20260820T162743,ct_ekf,D8133B5ED12EAD27132804221CC2351FE2F0237DCA5AFA366AF4559E1589CF39,F1A2EC54F1F2155ECB4834AD8E845F6B205476EE2F1BF6C2EFB1C7C781B57DF3,582,466,116,466,0,0,,
real_adsb,baseline,stage4B_3Day_nohup_20260819T132526Z_w055_20260820T162740Z::a3f161::20260820T162743__baseline,stage4B_3Day_nohup_20260819T132526Z_w055_20260820T162740Z::a3f161::20260820T162743,native_imm,D8133B5ED12EAD27132804221CC2351FE2F0237DCA5AFA366AF4559E1589CF39,F1A2EC54F1F2155ECB4834AD8E845F6B205476EE2F1BF6C2EFB1C7C781B57DF3,582,466,116,466,0,0,,
real_adsb,baseline,stage4B_3Day_nohup_20260819T132526Z_w055_20260820T162740Z::a3f161::20260820T162743__baseline,stage4B_3Day_nohup_20260819T132526Z_w055_20260820T162740Z::a3f161::20260820T162743,warm_ukf,D8133B5ED12EAD27132804221CC2351FE2F0237DCA5AFA366AF4559E1589CF39,F1A2EC54F1F2155ECB4834AD8E845F6B205476EE2F1BF6C2EFB1C7C781B57DF3,582,466,116,466,0,0,,
real_adsb,random_dropout_10,stage4B_3Day_nohup_20260819T132526Z_w055_20260820T162740Z::a3f161::20260820T162743__random_dropout_10,stage4B_3Day_nohup_20260819T132526Z_w055_20260820T162740Z::a3f161::20260820T162743,cv_ekf,5D8B3B803C4FF10FC3A78B808B536919ADE676BE4E83E1CE4D41E1B4B15D2552,F1A2EC54F1F2155ECB4834AD8E845F6B205476EE2F1BF6C2EFB1C7C781B57DF3,582,415,116,415,0,0,,
real_adsb,random_dropout_10,stage4B_3Day_nohup_20260819T132526Z_w055_20260820T162740Z::a3f161::20260820T162743__random_dropout_10,stage4B_3Day_nohup_20260819T132526Z_w055_20260820T162740Z::a3f161::20260820T162743,ca_ekf,5D8B3B803C4FF10FC3A78B808B536919ADE676BE4E83E1CE4D41E1B4B15D2552,F1A2EC54F1F2155ECB4834AD8E845F6B205476EE2F1BF6C2EFB1C7C781B57DF3,582,415,116,415,0,0,,
real_adsb,random_dropout_10,stage4B_3Day_nohup_20260819T132526Z_w055_20260820T162740Z::a3f161::20260820T162743__random_dropout_10,stage4B_3Day_nohup_20260819T132526Z_w055_20260820T162740Z::a3f161::20260820T162743,ct_ekf,5D8B3B803C4FF10FC3A78B808B536919ADE676BE4E83E1CE4D41E1B4B15D2552,F1A2EC54F1F2155ECB4834AD8E845F6B205476EE2F1BF6C2EFB1C7C781B57DF3,582,415,116,415,0,0,,
real_adsb,random_dropout_10,stage4B_3Day_nohup_20260819T132526Z_w055_20260820T162740Z::a3f161::20260820T162743__random_dropout_10,stage4B_3Day_nohup_20260819T132526Z_w055_20260820T162740Z::a3f161::20260820T162743,native_imm,5D8B3B803C4FF10FC3A78B808B536919ADE676BE4E83E1CE4D41E1B4B15D2552,F1A2EC54F1F2155ECB4834AD8E845F6B205476EE2F1BF6C2EFB1C7C781B57DF3,582,415,116,415,0,0,,
real_adsb,random_dropout_10,stage4B_3Day_nohup_20260819T132526Z_w055_20260820T162740Z::a3f161::20260820T162743__random_dropout_10,stage4B_3Day_nohup_20260819T132526Z_w055_20260820T162740Z::a3f161::20260820T162743,warm_ukf,5D8B3B803C4FF10FC3A78B808B536919ADE676BE4E83E1CE4D41E1B4B15D2552,F1A2EC54F1F2155ECB4834AD8E845F6B205476EE2F1BF6C2EFB1C7C781B57DF3,582,415,116,415,0,0,,
real_adsb,random_dropout_25,stage4B_3Day_nohup_20260819T132526Z_w055_20260820T162740Z::a3f161::20260820T162743__random_dropout_25,stage4B_3Day_nohup_20260819T132526Z_w055_20260820T162740Z::a3f161::20260820T162743,cv_ekf,8E02239CF201FB2BF1C3DC0907C66C6E256FA4E0F819678441555096ABFF0EEC,F1A2EC54F1F2155ECB4834AD8E845F6B205476EE2F1BF6C2EFB1C7C781B57DF3,582,338,116,338,0,0,,
real_adsb,random_dropout_25,stage4B_3Day_nohup_20260819T132526Z_w055_20260820T162740Z::a3f161::20260820T162743__random_dropout_25,stage4B_3Day_nohup_20260819T132526Z_w055_20260820T162740Z::a3f161::20260820T162743,ca_ekf,8E02239CF201FB2BF1C3DC0907C66C6E256FA4E0F819678441555096ABFF0EEC,F1A2EC54F1F2155ECB4834AD8E845F6B205476EE2F1BF6C2EFB1C7C781B57DF3,582,338,116,338,0,0,,
real_adsb,random_dropout_25,stage4B_3Day_nohup_20260819T132526Z_w055_20260820T162740Z::a3f161::20260820T162743__random_dropout_25,stage4B_3Day_nohup_20260819T132526Z_w055_20260820T162740Z::a3f161::20260820T162743,ct_ekf,8E02239CF201FB2BF1C3DC0907C66C6E256FA4E0F819678441555096ABFF0EEC,F1A2EC54F1F2155ECB4834AD8E845F6B205476EE2F1BF6C2EFB1C7C781B57DF3,582,338,116,338,0,0,,
real_adsb,random_dropout_25,stage4B_3Day_nohup_20260819T132526Z_w055_20260820T162740Z::a3f161::20260820T162743__random_dropout_25,stage4B_3Day_nohup_20260819T132526Z_w055_20260820T162740Z::a3f161::20260820T162743,native_imm,8E02239CF201FB2BF1C3DC0907C66C6E256FA4E0F819678441555096ABFF0EEC,F1A2EC54F1F2155ECB4834AD8E845F6B205476EE2F1BF6C2EFB1C7C781B57DF3,582,338,116,338,0,0,,
real_adsb,random_dropout_25,stage4B_3Day_nohup_20260819T132526Z_w055_20260820T162740Z::a3f161::20260820T162743__random_dropout_25,stage4B_3Day_nohup_20260819T132526Z_w055_20260820T162740Z::a3f161::20260820T162743,warm_ukf,8E02239CF201FB2BF1C3DC0907C66C6E256FA4E0F819678441555096ABFF0EEC,F1A2EC54F1F2155ECB4834AD8E845F6B205476EE2F1BF6C2EFB1C7C781B57DF3,582,338,116,338,0,0,,
real_adsb,burst_outage,stage4B_3Day_nohup_20260819T132526Z_w055_20260820T162740Z::a3f161::20260820T162743__burst_outage,stage4B_3Day_nohup_20260819T132526Z_w055_20260820T162740Z::a3f161::20260820T162743,cv_ekf,1101E954CD3EF1974C2503314063BA993C4F6FFC78D5140E60624B89EA7F7A87,F1A2EC54F1F2155ECB4834AD8E845F6B205476EE2F1BF6C2EFB1C7C781B57DF3,582,373,116,373,0,0,,
real_adsb,burst_outage,stage4B_3Day_nohup_20260819T132526Z_w055_20260820T162740Z::a3f161::20260820T162743__burst_outage,stage4B_3Day_nohup_20260819T132526Z_w055_20260820T162740Z::a3f161::20260820T162743,ca_ekf,1101E954CD3EF1974C2503314063BA993C4F6FFC78D5140E60624B89EA7F7A87,F1A2EC54F1F2155ECB4834AD8E845F6B205476EE2F1BF6C2EFB1C7C781B57DF3,582,373,116,373,0,0,,
real_adsb,burst_outage,stage4B_3Day_nohup_20260819T132526Z_w055_20260820T162740Z::a3f161::20260820T162743__burst_outage,stage4B_3Day_nohup_20260819T132526Z_w055_20260820T162740Z::a3f161::20260820T162743,ct_ekf,1101E954CD3EF1974C2503314063BA993C4F6FFC78D5140E60624B89EA7F7A87,F1A2EC54F1F2155ECB4834AD8E845F6B205476EE2F1BF6C2EFB1C7C781B57DF3,582,373,116,373,0,0,,
real_adsb,burst_outage,stage4B_3Day_nohup_20260819T132526Z_w055_20260820T162740Z::a3f161::20260820T162743__burst_outage,stage4B_3Day_nohup_20260819T132526Z_w055_20260820T162740Z::a3f161::20260820T162743,native_imm,1101E954CD3EF1974C2503314063BA993C4F6FFC78D5140E60624B89EA7F7A87,F1A2EC54F1F2155ECB4834AD8E845F6B205476EE2F1BF6C2EFB1C7C781B57DF3,582,373,116,373,0,0,,
real_adsb,burst_outage,stage4B_3Day_nohup_20260819T132526Z_w055_20260820T162740Z::a3f161::20260820T162743__burst_outage,stage4B_3Day_nohup_20260819T132526Z_w055_20260820T162740Z::a3f161::20260820T162743,warm_ukf,1101E954CD3EF1974C2503314063BA993C4F6FFC78D5140E60624B89EA7F7A87,F1A2EC54F1F2155ECB4834AD8E845F6B205476EE2F1BF6C2EFB1C7C781B57DF3,582,373,116,373,0,0,,
real_adsb,baseline,stage4B_3Day_nohup_20260819T132526Z_w052_20260820T145740Z::a35373::20260820T145813__baseline,stage4B_3Day_nohup_20260819T132526Z_w052_20260820T145740Z::a35373::20260820T145813,cv_ekf,329C64BA6738FC50A7EE585E9631802B44E6E0278AF054F292BD4ACF78A017B6,FCE624004A7F2E73561CD1F5A3EAFA30C6E59C8C5E9E3F3BCAD7C26130EE442E,541,433,108,433,0,0,,
real_adsb,baseline,stage4B_3Day_nohup_20260819T132526Z_w052_20260820T145740Z::a35373::20260820T145813__baseline,stage4B_3Day_nohup_20260819T132526Z_w052_20260820T145740Z::a35373::20260820T145813,ca_ekf,329C64BA6738FC50A7EE585E9631802B44E6E0278AF054F292BD4ACF78A017B6,FCE624004A7F2E73561CD1F5A3EAFA30C6E59C8C5E9E3F3BCAD7C26130EE442E,541,433,108,433,0,0,,
real_adsb,baseline,stage4B_3Day_nohup_20260819T132526Z_w052_20260820T145740Z::a35373::20260820T145813__baseline,stage4B_3Day_nohup_20260819T132526Z_w052_20260820T145740Z::a35373::20260820T145813,ct_ekf,329C64BA6738FC50A7EE585E9631802B44E6E0278AF054F292BD4ACF78A017B6,FCE624004A7F2E73561CD1F5A3EAFA30C6E59C8C5E9E3F3BCAD7C26130EE442E,541,433,108,433,0,0,,
real_adsb,baseline,stage4B_3Day_nohup_20260819T132526Z_w052_20260820T145740Z::a35373::20260820T145813__baseline,stage4B_3Day_nohup_20260819T132526Z_w052_20260820T145740Z::a35373::20260820T145813,native_imm,329C64BA6738FC50A7EE585E9631802B44E6E0278AF054F292BD4ACF78A017B6,FCE624004A7F2E73561CD1F5A3EAFA30C6E59C8C5E9E3F3BCAD7C26130EE442E,541,433,108,433,0,0,,
real_adsb,baseline,stage4B_3Day_nohup_20260819T132526Z_w052_20260820T145740Z::a35373::20260820T145813__baseline,stage4B_3Day_nohup_20260819T132526Z_w052_20260820T145740Z::a35373::20260820T145813,warm_ukf,329C64BA6738FC50A7EE585E9631802B44E6E0278AF054F292BD4ACF78A017B6,FCE624004A7F2E73561CD1F5A3EAFA30C6E59C8C5E9E3F3BCAD7C26130EE442E,541,433,108,433,0,0,,
real_adsb,random_dropout_10,stage4B_3Day_nohup_20260819T132526Z_w052_20260820T145740Z::a35373::20260820T145813__random_dropout_10,stage4B_3Day_nohup_20260819T132526Z_w052_20260820T145740Z::a35373::20260820T145813,cv_ekf,692D47B5AE1FC09CFE91F288D667C56C42A2FE42F283FBA952A393CFFA6665D4,FCE624004A7F2E73561CD1F5A3EAFA30C6E59C8C5E9E3F3BCAD7C26130EE442E,541,373,108,373,0,0,,
real_adsb,random_dropout_10,stage4B_3Day_nohup_20260819T132526Z_w052_20260820T145740Z::a35373::20260820T145813__random_dropout_10,stage4B_3Day_nohup_20260819T132526Z_w052_20260820T145740Z::a35373::20260820T145813,ca_ekf,692D47B5AE1FC09CFE91F288D667C56C42A2FE42F283FBA952A393CFFA6665D4,FCE624004A7F2E73561CD1F5A3EAFA30C6E59C8C5E9E3F3BCAD7C26130EE442E,541,373,108,373,0,0,,
real_adsb,random_dropout_10,stage4B_3Day_nohup_20260819T132526Z_w052_20260820T145740Z::a35373::20260820T145813__random_dropout_10,stage4B_3Day_nohup_20260819T132526Z_w052_20260820T145740Z::a35373::20260820T145813,ct_ekf,692D47B5AE1FC09CFE91F288D667C56C42A2FE42F283FBA952A393CFFA6665D4,FCE624004A7F2E73561CD1F5A3EAFA30C6E59C8C5E9E3F3BCAD7C26130EE442E,541,373,108,373,0,0,,
real_adsb,random_dropout_10,stage4B_3Day_nohup_20260819T132526Z_w052_20260820T145740Z::a35373::20260820T145813__random_dropout_10,stage4B_3Day_nohup_20260819T132526Z_w052_20260820T145740Z::a35373::20260820T145813,native_imm,692D47B5AE1FC09CFE91F288D667C56C42A2FE42F283FBA952A393CFFA6665D4,FCE624004A7F2E73561CD1F5A3EAFA30C6E59C8C5E9E3F3BCAD7C26130EE442E,541,373,108,373,0,0,,
real_adsb,random_dropout_10,stage4B_3Day_nohup_20260819T132526Z_w052_20260820T145740Z::a35373::20260820T145813__random_dropout_10,stage4B_3Day_nohup_20260819T132526Z_w052_20260820T145740Z::a35373::20260820T145813,warm_ukf,692D47B5AE1FC09CFE91F288D667C56C42A2FE42F283FBA952A393CFFA6665D4,FCE624004A7F2E73561CD1F5A3EAFA30C6E59C8C5E9E3F3BCAD7C26130EE442E,541,373,108,373,0,0,,
real_adsb,random_dropout_25,stage4B_3Day_nohup_20260819T132526Z_w052_20260820T145740Z::a35373::20260820T145813__random_dropout_25,stage4B_3Day_nohup_20260819T132526Z_w052_20260820T145740Z::a35373::20260820T145813,cv_ekf,F6D8D12A08AA81CD7321118A239AE5F3477FB3AD5CE11C412F76BC0C782814C4,FCE624004A7F2E73561CD1F5A3EAFA30C6E59C8C5E9E3F3BCAD7C26130EE442E,541,318,108,318,0,0,,
real_adsb,random_dropout_25,stage4B_3Day_nohup_20260819T132526Z_w052_20260820T145740Z::a35373::20260820T145813__random_dropout_25,stage4B_3Day_nohup_20260819T132526Z_w052_20260820T145740Z::a35373::20260820T145813,ca_ekf,F6D8D12A08AA81CD7321118A239AE5F3477FB3AD5CE11C412F76BC0C782814C4,FCE624004A7F2E73561CD1F5A3EAFA30C6E59C8C5E9E3F3BCAD7C26130EE442E,541,318,108,318,0,0,,
real_adsb,random_dropout_25,stage4B_3Day_nohup_20260819T132526Z_w052_20260820T145740Z::a35373::20260820T145813__random_dropout_25,stage4B_3Day_nohup_20260819T132526Z_w052_20260820T145740Z::a35373::20260820T145813,ct_ekf,F6D8D12A08AA81CD7321118A239AE5F3477FB3AD5CE11C412F76BC0C782814C4,FCE624004A7F2E73561CD1F5A3EAFA30C6E59C8C5E9E3F3BCAD7C26130EE442E,541,318,108,318,0,0,,
real_adsb,random_dropout_25,stage4B_3Day_nohup_20260819T132526Z_w052_20260820T145740Z::a35373::20260820T145813__random_dropout_25,stage4B_3Day_nohup_20260819T132526Z_w052_20260820T145740Z::a35373::20260820T145813,native_imm,F6D8D12A08AA81CD7321118A239AE5F3477FB3AD5CE11C412F76BC0C782814C4,FCE624004A7F2E73561CD1F5A3EAFA30C6E59C8C5E9E3F3BCAD7C26130EE442E,541,318,108,318,0,0,,
real_adsb,random_dropout_25,stage4B_3Day_nohup_20260819T132526Z_w052_20260820T145740Z::a35373::20260820T145813__random_dropout_25,stage4B_3Day_nohup_20260819T132526Z_w052_20260820T145740Z::a35373::20260820T145813,warm_ukf,F6D8D12A08AA81CD7321118A239AE5F3477FB3AD5CE11C412F76BC0C782814C4,FCE624004A7F2E73561CD1F5A3EAFA30C6E59C8C5E9E3F3BCAD7C26130EE442E,541,318,108,318,0,0,,
real_adsb,burst_outage,stage4B_3Day_nohup_20260819T132526Z_w052_20260820T145740Z::a35373::20260820T145813__burst_outage,stage4B_3Day_nohup_20260819T132526Z_w052_20260820T145740Z::a35373::20260820T145813,cv_ekf,E35FCD7ABCA53AA93C58A77E5CAC5C987C0EFCD901031CFAEC822660914D2811,FCE624004A7F2E73561CD1F5A3EAFA30C6E59C8C5E9E3F3BCAD7C26130EE442E,541,347,108,347,0,0,,
real_adsb,burst_outage,stage4B_3Day_nohup_20260819T132526Z_w052_20260820T145740Z::a35373::20260820T145813__burst_outage,stage4B_3Day_nohup_20260819T132526Z_w052_20260820T145740Z::a35373::20260820T145813,ca_ekf,E35FCD7ABCA53AA93C58A77E5CAC5C987C0EFCD901031CFAEC822660914D2811,FCE624004A7F2E73561CD1F5A3EAFA30C6E59C8C5E9E3F3BCAD7C26130EE442E,541,347,108,347,0,0,,
real_adsb,burst_outage,stage4B_3Day_nohup_20260819T132526Z_w052_20260820T145740Z::a35373::20260820T145813__burst_outage,stage4B_3Day_nohup_20260819T132526Z_w052_20260820T145740Z::a35373::20260820T145813,ct_ekf,E35FCD7ABCA53AA93C58A77E5CAC5C987C0EFCD901031CFAEC822660914D2811,FCE624004A7F2E73561CD1F5A3EAFA30C6E59C8C5E9E3F3BCAD7C26130EE442E,541,347,108,347,0,0,,
real_adsb,burst_outage,stage4B_3Day_nohup_20260819T132526Z_w052_20260820T145740Z::a35373::20260820T145813__burst_outage,stage4B_3Day_nohup_20260819T132526Z_w052_20260820T145740Z::a35373::20260820T145813,native_imm,E35FCD7ABCA53AA93C58A77E5CAC5C987C0EFCD901031CFAEC822660914D2811,FCE624004A7F2E73561CD1F5A3EAFA30C6E59C8C5E9E3F3BCAD7C26130EE442E,541,347,108,347,0,0,,
real_adsb,burst_outage,stage4B_3Day_nohup_20260819T132526Z_w052_20260820T145740Z::a35373::20260820T145813__burst_outage,stage4B_3Day_nohup_20260819T132526Z_w052_20260820T145740Z::a35373::20260820T145813,warm_ukf,E35FCD7ABCA53AA93C58A77E5CAC5C987C0EFCD901031CFAEC822660914D2811,FCE624004A7F2E73561CD1F5A3EAFA30C6E59C8C5E9E3F3BCAD7C26130EE442E,541,347,108,347,0,0,,
real_adsb,baseline,stage4B_3Day_nohup_20260819T132526Z_w049_20260820T132740Z::a87c53::20260820T133011__baseline,stage4B_3Day_nohup_20260819T132526Z_w049_20260820T132740Z::a87c53::20260820T133011,cv_ekf,979CFB5EFD20780C6FE6BD7965EFDD86F9C20BD2C504DF8E3941AE87794B0066,BBEB612582DEBA990DA63795D37240EE4ABAC1CC3D6CBFF299B7B26BBBC037B3,535,428,107,428,0,0,,
real_adsb,baseline,stage4B_3Day_nohup_20260819T132526Z_w049_20260820T132740Z::a87c53::20260820T133011__baseline,stage4B_3Day_nohup_20260819T132526Z_w049_20260820T132740Z::a87c53::20260820T133011,ca_ekf,979CFB5EFD20780C6FE6BD7965EFDD86F9C20BD2C504DF8E3941AE87794B0066,BBEB612582DEBA990DA63795D37240EE4ABAC1CC3D6CBFF299B7B26BBBC037B3,535,428,107,428,0,0,,
real_adsb,baseline,stage4B_3Day_nohup_20260819T132526Z_w049_20260820T132740Z::a87c53::20260820T133011__baseline,stage4B_3Day_nohup_20260819T132526Z_w049_20260820T132740Z::a87c53::20260820T133011,ct_ekf,979CFB5EFD20780C6FE6BD7965EFDD86F9C20BD2C504DF8E3941AE87794B0066,BBEB612582DEBA990DA63795D37240EE4ABAC1CC3D6CBFF299B7B26BBBC037B3,535,428,107,428,0,0,,
real_adsb,baseline,stage4B_3Day_nohup_20260819T132526Z_w049_20260820T132740Z::a87c53::20260820T133011__baseline,stage4B_3Day_nohup_20260819T132526Z_w049_20260820T132740Z::a87c53::20260820T133011,native_imm,979CFB5EFD20780C6FE6BD7965EFDD86F9C20BD2C504DF8E3941AE87794B0066,BBEB612582DEBA990DA63795D37240EE4ABAC1CC3D6CBFF299B7B26BBBC037B3,535,428,107,428,0,0,,
real_adsb,baseline,stage4B_3Day_nohup_20260819T132526Z_w049_20260820T132740Z::a87c53::20260820T133011__baseline,stage4B_3Day_nohup_20260819T132526Z_w049_20260820T132740Z::a87c53::20260820T133011,warm_ukf,979CFB5EFD20780C6FE6BD7965EFDD86F9C20BD2C504DF8E3941AE87794B0066,BBEB612582DEBA990DA63795D37240EE4ABAC1CC3D6CBFF299B7B26BBBC037B3,535,428,107,428,0,0,,
real_adsb,random_dropout_10,stage4B_3Day_nohup_20260819T132526Z_w049_20260820T132740Z::a87c53::20260820T133011__random_dropout_10,stage4B_3Day_nohup_20260819T132526Z_w049_20260820T132740Z::a87c53::20260820T133011,cv_ekf,3401E052C594C858FE529EB81970BAA65F3963E1FDBA3C3F84D598326075293B,BBEB612582DEBA990DA63795D37240EE4ABAC1CC3D6CBFF299B7B26BBBC037B3,535,392,107,392,0,0,,
real_adsb,random_dropout_10,stage4B_3Day_nohup_20260819T132526Z_w049_20260820T132740Z::a87c53::20260820T133011__random_dropout_10,stage4B_3Day_nohup_20260819T132526Z_w049_20260820T132740Z::a87c53::20260820T133011,ca_ekf,3401E052C594C858FE529EB81970BAA65F3963E1FDBA3C3F84D598326075293B,BBEB612582DEBA990DA63795D37240EE4ABAC1CC3D6CBFF299B7B26BBBC037B3,535,392,107,392,0,0,,
real_adsb,random_dropout_10,stage4B_3Day_nohup_20260819T132526Z_w049_20260820T132740Z::a87c53::20260820T133011__random_dropout_10,stage4B_3Day_nohup_20260819T132526Z_w049_20260820T132740Z::a87c53::20260820T133011,ct_ekf,3401E052C594C858FE529EB81970BAA65F3963E1FDBA3C3F84D598326075293B,BBEB612582DEBA990DA63795D37240EE4ABAC1CC3D6CBFF299B7B26BBBC037B3,535,392,107,392,0,0,,
real_adsb,random_dropout_10,stage4B_3Day_nohup_20260819T132526Z_w049_20260820T132740Z::a87c53::20260820T133011__random_dropout_10,stage4B_3Day_nohup_20260819T132526Z_w049_20260820T132740Z::a87c53::20260820T133011,native_imm,3401E052C594C858FE529EB81970BAA65F3963E1FDBA3C3F84D598326075293B,BBEB612582DEBA990DA63795D37240EE4ABAC1CC3D6CBFF299B7B26BBBC037B3,535,392,107,392,0,0,,
real_adsb,random_dropout_10,stage4B_3Day_nohup_20260819T132526Z_w049_20260820T132740Z::a87c53::20260820T133011__random_dropout_10,stage4B_3Day_nohup_20260819T132526Z_w049_20260820T132740Z::a87c53::20260820T133011,warm_ukf,3401E052C594C858FE529EB81970BAA65F3963E1FDBA3C3F84D598326075293B,BBEB612582DEBA990DA63795D37240EE4ABAC1CC3D6CBFF299B7B26BBBC037B3,535,392,107,392,0,0,,
real_adsb,random_dropout_25,stage4B_3Day_nohup_20260819T132526Z_w049_20260820T132740Z::a87c53::20260820T133011__random_dropout_25,stage4B_3Day_nohup_20260819T132526Z_w049_20260820T132740Z::a87c53::20260820T133011,cv_ekf,E60E26EB251EDA08315563B6AF96B175963F39AAAC937E1FC249B69837BC014F,BBEB612582DEBA990DA63795D37240EE4ABAC1CC3D6CBFF299B7B26BBBC037B3,535,329,107,329,0,0,,
real_adsb,random_dropout_25,stage4B_3Day_nohup_20260819T132526Z_w049_20260820T132740Z::a87c53::20260820T133011__random_dropout_25,stage4B_3Day_nohup_20260819T132526Z_w049_20260820T132740Z::a87c53::20260820T133011,ca_ekf,E60E26EB251EDA08315563B6AF96B175963F39AAAC937E1FC249B69837BC014F,BBEB612582DEBA990DA63795D37240EE4ABAC1CC3D6CBFF299B7B26BBBC037B3,535,329,107,329,0,0,,
real_adsb,random_dropout_25,stage4B_3Day_nohup_20260819T132526Z_w049_20260820T132740Z::a87c53::20260820T133011__random_dropout_25,stage4B_3Day_nohup_20260819T132526Z_w049_20260820T132740Z::a87c53::20260820T133011,ct_ekf,E60E26EB251EDA08315563B6AF96B175963F39AAAC937E1FC249B69837BC014F,BBEB612582DEBA990DA63795D37240EE4ABAC1CC3D6CBFF299B7B26BBBC037B3,535,329,107,329,0,0,,
real_adsb,random_dropout_25,stage4B_3Day_nohup_20260819T132526Z_w049_20260820T132740Z::a87c53::20260820T133011__random_dropout_25,stage4B_3Day_nohup_20260819T132526Z_w049_20260820T132740Z::a87c53::20260820T133011,native_imm,E60E26EB251EDA08315563B6AF96B175963F39AAAC937E1FC249B69837BC014F,BBEB612582DEBA990DA63795D37240EE4ABAC1CC3D6CBFF299B7B26BBBC037B3,535,329,107,329,0,0,,
real_adsb,random_dropout_25,stage4B_3Day_nohup_20260819T132526Z_w049_20260820T132740Z::a87c53::20260820T133011__random_dropout_25,stage4B_3Day_nohup_20260819T132526Z_w049_20260820T132740Z::a87c53::20260820T133011,warm_ukf,E60E26EB251EDA08315563B6AF96B175963F39AAAC937E1FC249B69837BC014F,BBEB612582DEBA990DA63795D37240EE4ABAC1CC3D6CBFF299B7B26BBBC037B3,535,329,107,329,0,0,,
real_adsb,burst_outage,stage4B_3Day_nohup_20260819T132526Z_w049_20260820T132740Z::a87c53::20260820T133011__burst_outage,stage4B_3Day_nohup_20260819T132526Z_w049_20260820T132740Z::a87c53::20260820T133011,cv_ekf,EFC2259710E066D31B14AF233B2E0F0EFA072D6D591555EDFECC6C8BD434BDB2,BBEB612582DEBA990DA63795D37240EE4ABAC1CC3D6CBFF299B7B26BBBC037B3,535,343,107,343,0,0,,
real_adsb,burst_outage,stage4B_3Day_nohup_20260819T132526Z_w049_20260820T132740Z::a87c53::20260820T133011__burst_outage,stage4B_3Day_nohup_20260819T132526Z_w049_20260820T132740Z::a87c53::20260820T133011,ca_ekf,EFC2259710E066D31B14AF233B2E0F0EFA072D6D591555EDFECC6C8BD434BDB2,BBEB612582DEBA990DA63795D37240EE4ABAC1CC3D6CBFF299B7B26BBBC037B3,535,343,107,343,0,0,,
real_adsb,burst_outage,stage4B_3Day_nohup_20260819T132526Z_w049_20260820T132740Z::a87c53::20260820T133011__burst_outage,stage4B_3Day_nohup_20260819T132526Z_w049_20260820T132740Z::a87c53::20260820T133011,ct_ekf,EFC2259710E066D31B14AF233B2E0F0EFA072D6D591555EDFECC6C8BD434BDB2,BBEB612582DEBA990DA63795D37240EE4ABAC1CC3D6CBFF299B7B26BBBC037B3,535,343,107,343,0,0,,
real_adsb,burst_outage,stage4B_3Day_nohup_20260819T132526Z_w049_20260820T132740Z::a87c53::20260820T133011__burst_outage,stage4B_3Day_nohup_20260819T132526Z_w049_20260820T132740Z::a87c53::20260820T133011,native_imm,EFC2259710E066D31B14AF233B2E0F0EFA072D6D591555EDFECC6C8BD434BDB2,BBEB612582DEBA990DA63795D37240EE4ABAC1CC3D6CBFF299B7B26BBBC037B3,535,343,107,343,0,0,,
real_adsb,burst_outage,stage4B_3Day_nohup_20260819T132526Z_w049_20260820T132740Z::a87c53::20260820T133011__burst_outage,stage4B_3Day_nohup_20260819T132526Z_w049_20260820T132740Z::a87c53::20260820T133011,warm_ukf,EFC2259710E066D31B14AF233B2E0F0EFA072D6D591555EDFECC6C8BD434BDB2,BBEB612582DEBA990DA63795D37240EE4ABAC1CC3D6CBFF299B7B26BBBC037B3,535,343,107,343,0,0,,
real_adsb,baseline,stage4B_3Day_nohup_20260819T132526Z_w109_20260821T192740Z::a0b7b6::20260821T192742__baseline,stage4B_3Day_nohup_20260819T132526Z_w109_20260821T192740Z::a0b7b6::20260821T192742,cv_ekf,68A72A7F50FBBF00A5854C7B3B6FCE2F579AE20F2E2B308BCC111DF0A0E57D8B,58CEBB225154D4AF590C3F61B3376DF2E8230D966F8A0C318749A9AEF8D11FE8,531,425,106,425,0,0,,
real_adsb,baseline,stage4B_3Day_nohup_20260819T132526Z_w109_20260821T192740Z::a0b7b6::20260821T192742__baseline,stage4B_3Day_nohup_20260819T132526Z_w109_20260821T192740Z::a0b7b6::20260821T192742,ca_ekf,68A72A7F50FBBF00A5854C7B3B6FCE2F579AE20F2E2B308BCC111DF0A0E57D8B,58CEBB225154D4AF590C3F61B3376DF2E8230D966F8A0C318749A9AEF8D11FE8,531,425,106,425,0,0,,
real_adsb,baseline,stage4B_3Day_nohup_20260819T132526Z_w109_20260821T192740Z::a0b7b6::20260821T192742__baseline,stage4B_3Day_nohup_20260819T132526Z_w109_20260821T192740Z::a0b7b6::20260821T192742,ct_ekf,68A72A7F50FBBF00A5854C7B3B6FCE2F579AE20F2E2B308BCC111DF0A0E57D8B,58CEBB225154D4AF590C3F61B3376DF2E8230D966F8A0C318749A9AEF8D11FE8,531,425,106,425,0,0,,
real_adsb,baseline,stage4B_3Day_nohup_20260819T132526Z_w109_20260821T192740Z::a0b7b6::20260821T192742__baseline,stage4B_3Day_nohup_20260819T132526Z_w109_20260821T192740Z::a0b7b6::20260821T192742,native_imm,68A72A7F50FBBF00A5854C7B3B6FCE2F579AE20F2E2B308BCC111DF0A0E57D8B,58CEBB225154D4AF590C3F61B3376DF2E8230D966F8A0C318749A9AEF8D11FE8,531,425,106,425,0,0,,
real_adsb,baseline,stage4B_3Day_nohup_20260819T132526Z_w109_20260821T192740Z::a0b7b6::20260821T192742__baseline,stage4B_3Day_nohup_20260819T132526Z_w109_20260821T192740Z::a0b7b6::20260821T192742,warm_ukf,68A72A7F50FBBF00A5854C7B3B6FCE2F579AE20F2E2B308BCC111DF0A0E57D8B,58CEBB225154D4AF590C3F61B3376DF2E8230D966F8A0C318749A9AEF8D11FE8,531,425,106,425,0,0,,
real_adsb,random_dropout_10,stage4B_3Day_nohup_20260819T132526Z_w109_20260821T192740Z::a0b7b6::20260821T192742__random_dropout_10,stage4B_3Day_nohup_20260819T132526Z_w109_20260821T192740Z::a0b7b6::20260821T192742,cv_ekf,0CFA96ED69D3AC8C54C80E0FCEC56B1C634F0D80F7918FF6BF1C15A5F28BC63F,58CEBB225154D4AF590C3F61B3376DF2E8230D966F8A0C318749A9AEF8D11FE8,531,375,106,375,0,0,,
real_adsb,random_dropout_10,stage4B_3Day_nohup_20260819T132526Z_w109_20260821T192740Z::a0b7b6::20260821T192742__random_dropout_10,stage4B_3Day_nohup_20260819T132526Z_w109_20260821T192740Z::a0b7b6::20260821T192742,ca_ekf,0CFA96ED69D3AC8C54C80E0FCEC56B1C634F0D80F7918FF6BF1C15A5F28BC63F,58CEBB225154D4AF590C3F61B3376DF2E8230D966F8A0C318749A9AEF8D11FE8,531,375,106,375,0,0,,
real_adsb,random_dropout_10,stage4B_3Day_nohup_20260819T132526Z_w109_20260821T192740Z::a0b7b6::20260821T192742__random_dropout_10,stage4B_3Day_nohup_20260819T132526Z_w109_20260821T192740Z::a0b7b6::20260821T192742,ct_ekf,0CFA96ED69D3AC8C54C80E0FCEC56B1C634F0D80F7918FF6BF1C15A5F28BC63F,58CEBB225154D4AF590C3F61B3376DF2E8230D966F8A0C318749A9AEF8D11FE8,531,375,106,375,0,0,,
real_adsb,random_dropout_10,stage4B_3Day_nohup_20260819T132526Z_w109_20260821T192740Z::a0b7b6::20260821T192742__random_dropout_10,stage4B_3Day_nohup_20260819T132526Z_w109_20260821T192740Z::a0b7b6::20260821T192742,native_imm,0CFA96ED69D3AC8C54C80E0FCEC56B1C634F0D80F7918FF6BF1C15A5F28BC63F,58CEBB225154D4AF590C3F61B3376DF2E8230D966F8A0C318749A9AEF8D11FE8,531,375,106,375,0,0,,
real_adsb,random_dropout_10,stage4B_3Day_nohup_20260819T132526Z_w109_20260821T192740Z::a0b7b6::20260821T192742__random_dropout_10,stage4B_3Day_nohup_20260819T132526Z_w109_20260821T192740Z::a0b7b6::20260821T192742,warm_ukf,0CFA96ED69D3AC8C54C80E0FCEC56B1C634F0D80F7918FF6BF1C15A5F28BC63F,58CEBB225154D4AF590C3F61B3376DF2E8230D966F8A0C318749A9AEF8D11FE8,531,375,106,375,0,0,,
real_adsb,random_dropout_25,stage4B_3Day_nohup_20260819T132526Z_w109_20260821T192740Z::a0b7b6::20260821T192742__random_dropout_25,stage4B_3Day_nohup_20260819T132526Z_w109_20260821T192740Z::a0b7b6::20260821T192742,cv_ekf,A1BF8F8EA2FE43015621205AA4C5948CA8B38BF008953ADDFC16D79D4F39CA44,58CEBB225154D4AF590C3F61B3376DF2E8230D966F8A0C318749A9AEF8D11FE8,531,320,106,320,0,0,,
real_adsb,random_dropout_25,stage4B_3Day_nohup_20260819T132526Z_w109_20260821T192740Z::a0b7b6::20260821T192742__random_dropout_25,stage4B_3Day_nohup_20260819T132526Z_w109_20260821T192740Z::a0b7b6::20260821T192742,ca_ekf,A1BF8F8EA2FE43015621205AA4C5948CA8B38BF008953ADDFC16D79D4F39CA44,58CEBB225154D4AF590C3F61B3376DF2E8230D966F8A0C318749A9AEF8D11FE8,531,320,106,320,0,0,,
real_adsb,random_dropout_25,stage4B_3Day_nohup_20260819T132526Z_w109_20260821T192740Z::a0b7b6::20260821T192742__random_dropout_25,stage4B_3Day_nohup_20260819T132526Z_w109_20260821T192740Z::a0b7b6::20260821T192742,ct_ekf,A1BF8F8EA2FE43015621205AA4C5948CA8B38BF008953ADDFC16D79D4F39CA44,58CEBB225154D4AF590C3F61B3376DF2E8230D966F8A0C318749A9AEF8D11FE8,531,320,106,320,0,0,,
real_adsb,random_dropout_25,stage4B_3Day_nohup_20260819T132526Z_w109_20260821T192740Z::a0b7b6::20260821T192742__random_dropout_25,stage4B_3Day_nohup_20260819T132526Z_w109_20260821T192740Z::a0b7b6::20260821T192742,native_imm,A1BF8F8EA2FE43015621205AA4C5948CA8B38BF008953ADDFC16D79D4F39CA44,58CEBB225154D4AF590C3F61B3376DF2E8230D966F8A0C318749A9AEF8D11FE8,531,320,106,320,0,0,,
real_adsb,random_dropout_25,stage4B_3Day_nohup_20260819T132526Z_w109_20260821T192740Z::a0b7b6::20260821T192742__random_dropout_25,stage4B_3Day_nohup_20260819T132526Z_w109_20260821T192740Z::a0b7b6::20260821T192742,warm_ukf,A1BF8F8EA2FE43015621205AA4C5948CA8B38BF008953ADDFC16D79D4F39CA44,58CEBB225154D4AF590C3F61B3376DF2E8230D966F8A0C318749A9AEF8D11FE8,531,320,106,320,0,0,,
real_adsb,burst_outage,stage4B_3Day_nohup_20260819T132526Z_w109_20260821T192740Z::a0b7b6::20260821T192742__burst_outage,stage4B_3Day_nohup_20260819T132526Z_w109_20260821T192740Z::a0b7b6::20260821T192742,cv_ekf,E1823A630546D6F35432CFBFAD46DCEE5A5A1BBB3FF2D4135A6EDFB091478678,58CEBB225154D4AF590C3F61B3376DF2E8230D966F8A0C318749A9AEF8D11FE8,531,340,106,340,0,0,,
real_adsb,burst_outage,stage4B_3Day_nohup_20260819T132526Z_w109_20260821T192740Z::a0b7b6::20260821T192742__burst_outage,stage4B_3Day_nohup_20260819T132526Z_w109_20260821T192740Z::a0b7b6::20260821T192742,ca_ekf,E1823A630546D6F35432CFBFAD46DCEE5A5A1BBB3FF2D4135A6EDFB091478678,58CEBB225154D4AF590C3F61B3376DF2E8230D966F8A0C318749A9AEF8D11FE8,531,340,106,340,0,0,,
real_adsb,burst_outage,stage4B_3Day_nohup_20260819T132526Z_w109_20260821T192740Z::a0b7b6::20260821T192742__burst_outage,stage4B_3Day_nohup_20260819T132526Z_w109_20260821T192740Z::a0b7b6::20260821T192742,ct_ekf,E1823A630546D6F35432CFBFAD46DCEE5A5A1BBB3FF2D4135A6EDFB091478678,58CEBB225154D4AF590C3F61B3376DF2E8230D966F8A0C318749A9AEF8D11FE8,531,340,106,340,0,0,,
real_adsb,burst_outage,stage4B_3Day_nohup_20260819T132526Z_w109_20260821T192740Z::a0b7b6::20260821T192742__burst_outage,stage4B_3Day_nohup_20260819T132526Z_w109_20260821T192740Z::a0b7b6::20260821T192742,native_imm,E1823A630546D6F35432CFBFAD46DCEE5A5A1BBB3FF2D4135A6EDFB091478678,58CEBB225154D4AF590C3F61B3376DF2E8230D966F8A0C318749A9AEF8D11FE8,531,340,106,340,0,0,,
real_adsb,burst_outage,stage4B_3Day_nohup_20260819T132526Z_w109_20260821T192740Z::a0b7b6::20260821T192742__burst_outage,stage4B_3Day_nohup_20260819T132526Z_w109_20260821T192740Z::a0b7b6::20260821T192742,warm_ukf,E1823A630546D6F35432CFBFAD46DCEE5A5A1BBB3FF2D4135A6EDFB091478678,58CEBB225154D4AF590C3F61B3376DF2E8230D966F8A0C318749A9AEF8D11FE8,531,340,106,340,0,0,,
real_adsb,baseline,stage4B_3Day_nohup_20260819T132526Z_w005_20260819T152740Z::a4a0d9::20260819T152742__baseline,stage4B_3Day_nohup_20260819T132526Z_w005_20260819T152740Z::a4a0d9::20260819T152742,cv_ekf,4D7160D53976FC962FDA7B51D1A757DC514345134626081ED7F99DC2872763D3,305E2350483BE2A6A1F59612B1A2219F355102786AB9623E92E5AAB7E1BBF5BB,528,422,106,422,0,0,,
real_adsb,baseline,stage4B_3Day_nohup_20260819T132526Z_w005_20260819T152740Z::a4a0d9::20260819T152742__baseline,stage4B_3Day_nohup_20260819T132526Z_w005_20260819T152740Z::a4a0d9::20260819T152742,ca_ekf,4D7160D53976FC962FDA7B51D1A757DC514345134626081ED7F99DC2872763D3,305E2350483BE2A6A1F59612B1A2219F355102786AB9623E92E5AAB7E1BBF5BB,528,422,106,422,0,0,,
real_adsb,baseline,stage4B_3Day_nohup_20260819T132526Z_w005_20260819T152740Z::a4a0d9::20260819T152742__baseline,stage4B_3Day_nohup_20260819T132526Z_w005_20260819T152740Z::a4a0d9::20260819T152742,ct_ekf,4D7160D53976FC962FDA7B51D1A757DC514345134626081ED7F99DC2872763D3,305E2350483BE2A6A1F59612B1A2219F355102786AB9623E92E5AAB7E1BBF5BB,528,422,106,422,0,0,,
real_adsb,baseline,stage4B_3Day_nohup_20260819T132526Z_w005_20260819T152740Z::a4a0d9::20260819T152742__baseline,stage4B_3Day_nohup_20260819T132526Z_w005_20260819T152740Z::a4a0d9::20260819T152742,native_imm,4D7160D53976FC962FDA7B51D1A757DC514345134626081ED7F99DC2872763D3,305E2350483BE2A6A1F59612B1A2219F355102786AB9623E92E5AAB7E1BBF5BB,528,422,106,422,0,0,,
real_adsb,baseline,stage4B_3Day_nohup_20260819T132526Z_w005_20260819T152740Z::a4a0d9::20260819T152742__baseline,stage4B_3Day_nohup_20260819T132526Z_w005_20260819T152740Z::a4a0d9::20260819T152742,warm_ukf,4D7160D53976FC962FDA7B51D1A757DC514345134626081ED7F99DC2872763D3,305E2350483BE2A6A1F59612B1A2219F355102786AB9623E92E5AAB7E1BBF5BB,528,422,106,422,0,0,,
real_adsb,random_dropout_10,stage4B_3Day_nohup_20260819T132526Z_w005_20260819T152740Z::a4a0d9::20260819T152742__random_dropout_10,stage4B_3Day_nohup_20260819T132526Z_w005_20260819T152740Z::a4a0d9::20260819T152742,cv_ekf,77162E18E3D4DF312EB809D07BA4C3CDF9F2BFA823A3E49D6E6E9DC6CB9FCF1C,305E2350483BE2A6A1F59612B1A2219F355102786AB9623E92E5AAB7E1BBF5BB,528,378,106,378,0,0,,
real_adsb,random_dropout_10,stage4B_3Day_nohup_20260819T132526Z_w005_20260819T152740Z::a4a0d9::20260819T152742__random_dropout_10,stage4B_3Day_nohup_20260819T132526Z_w005_20260819T152740Z::a4a0d9::20260819T152742,ca_ekf,77162E18E3D4DF312EB809D07BA4C3CDF9F2BFA823A3E49D6E6E9DC6CB9FCF1C,305E2350483BE2A6A1F59612B1A2219F355102786AB9623E92E5AAB7E1BBF5BB,528,378,106,378,0,0,,
real_adsb,random_dropout_10,stage4B_3Day_nohup_20260819T132526Z_w005_20260819T152740Z::a4a0d9::20260819T152742__random_dropout_10,stage4B_3Day_nohup_20260819T132526Z_w005_20260819T152740Z::a4a0d9::20260819T152742,ct_ekf,77162E18E3D4DF312EB809D07BA4C3CDF9F2BFA823A3E49D6E6E9DC6CB9FCF1C,305E2350483BE2A6A1F59612B1A2219F355102786AB9623E92E5AAB7E1BBF5BB,528,378,106,378,0,0,,
real_adsb,random_dropout_10,stage4B_3Day_nohup_20260819T132526Z_w005_20260819T152740Z::a4a0d9::20260819T152742__random_dropout_10,stage4B_3Day_nohup_20260819T132526Z_w005_20260819T152740Z::a4a0d9::20260819T152742,native_imm,77162E18E3D4DF312EB809D07BA4C3CDF9F2BFA823A3E49D6E6E9DC6CB9FCF1C,305E2350483BE2A6A1F59612B1A2219F355102786AB9623E92E5AAB7E1BBF5BB,528,378,106,378,0,0,,
real_adsb,random_dropout_10,stage4B_3Day_nohup_20260819T132526Z_w005_20260819T152740Z::a4a0d9::20260819T152742__random_dropout_10,stage4B_3Day_nohup_20260819T132526Z_w005_20260819T152740Z::a4a0d9::20260819T152742,warm_ukf,77162E18E3D4DF312EB809D07BA4C3CDF9F2BFA823A3E49D6E6E9DC6CB9FCF1C,305E2350483BE2A6A1F59612B1A2219F355102786AB9623E92E5AAB7E1BBF5BB,528,378,106,378,0,0,,
real_adsb,random_dropout_25,stage4B_3Day_nohup_20260819T132526Z_w005_20260819T152740Z::a4a0d9::20260819T152742__random_dropout_25,stage4B_3Day_nohup_20260819T132526Z_w005_20260819T152740Z::a4a0d9::20260819T152742,cv_ekf,875BC2C93361FFD653AD3DF9F061FA3AAF9A41A82DDDD36BF397DA15D64EE6C1,305E2350483BE2A6A1F59612B1A2219F355102786AB9623E92E5AAB7E1BBF5BB,528,317,106,317,0,0,,
real_adsb,random_dropout_25,stage4B_3Day_nohup_20260819T132526Z_w005_20260819T152740Z::a4a0d9::20260819T152742__random_dropout_25,stage4B_3Day_nohup_20260819T132526Z_w005_20260819T152740Z::a4a0d9::20260819T152742,ca_ekf,875BC2C93361FFD653AD3DF9F061FA3AAF9A41A82DDDD36BF397DA15D64EE6C1,305E2350483BE2A6A1F59612B1A2219F355102786AB9623E92E5AAB7E1BBF5BB,528,317,106,317,0,0,,
real_adsb,random_dropout_25,stage4B_3Day_nohup_20260819T132526Z_w005_20260819T152740Z::a4a0d9::20260819T152742__random_dropout_25,stage4B_3Day_nohup_20260819T132526Z_w005_20260819T152740Z::a4a0d9::20260819T152742,ct_ekf,875BC2C93361FFD653AD3DF9F061FA3AAF9A41A82DDDD36BF397DA15D64EE6C1,305E2350483BE2A6A1F59612B1A2219F355102786AB9623E92E5AAB7E1BBF5BB,528,317,106,317,0,0,,
real_adsb,random_dropout_25,stage4B_3Day_nohup_20260819T132526Z_w005_20260819T152740Z::a4a0d9::20260819T152742__random_dropout_25,stage4B_3Day_nohup_20260819T132526Z_w005_20260819T152740Z::a4a0d9::20260819T152742,native_imm,875BC2C93361FFD653AD3DF9F061FA3AAF9A41A82DDDD36BF397DA15D64EE6C1,305E2350483BE2A6A1F59612B1A2219F355102786AB9623E92E5AAB7E1BBF5BB,528,317,106,317,0,0,,
real_adsb,random_dropout_25,stage4B_3Day_nohup_20260819T132526Z_w005_20260819T152740Z::a4a0d9::20260819T152742__random_dropout_25,stage4B_3Day_nohup_20260819T132526Z_w005_20260819T152740Z::a4a0d9::20260819T152742,warm_ukf,875BC2C93361FFD653AD3DF9F061FA3AAF9A41A82DDDD36BF397DA15D64EE6C1,305E2350483BE2A6A1F59612B1A2219F355102786AB9623E92E5AAB7E1BBF5BB,528,317,106,317,0,0,,
real_adsb,burst_outage,stage4B_3Day_nohup_20260819T132526Z_w005_20260819T152740Z::a4a0d9::20260819T152742__burst_outage,stage4B_3Day_nohup_20260819T132526Z_w005_20260819T152740Z::a4a0d9::20260819T152742,cv_ekf,F93CADBB58E9F6A078113D0CBA8E94FBB76EEAE3E82C0B9CFCF116562CDFF35C,305E2350483BE2A6A1F59612B1A2219F355102786AB9623E92E5AAB7E1BBF5BB,528,338,106,338,0,0,,
real_adsb,burst_outage,stage4B_3Day_nohup_20260819T132526Z_w005_20260819T152740Z::a4a0d9::20260819T152742__burst_outage,stage4B_3Day_nohup_20260819T132526Z_w005_20260819T152740Z::a4a0d9::20260819T152742,ca_ekf,F93CADBB58E9F6A078113D0CBA8E94FBB76EEAE3E82C0B9CFCF116562CDFF35C,305E2350483BE2A6A1F59612B1A2219F355102786AB9623E92E5AAB7E1BBF5BB,528,338,106,338,0,0,,
real_adsb,burst_outage,stage4B_3Day_nohup_20260819T132526Z_w005_20260819T152740Z::a4a0d9::20260819T152742__burst_outage,stage4B_3Day_nohup_20260819T132526Z_w005_20260819T152740Z::a4a0d9::20260819T152742,ct_ekf,F93CADBB58E9F6A078113D0CBA8E94FBB76EEAE3E82C0B9CFCF116562CDFF35C,305E2350483BE2A6A1F59612B1A2219F355102786AB9623E92E5AAB7E1BBF5BB,528,338,106,338,0,0,,
real_adsb,burst_outage,stage4B_3Day_nohup_20260819T132526Z_w005_20260819T152740Z::a4a0d9::20260819T152742__burst_outage,stage4B_3Day_nohup_20260819T132526Z_w005_20260819T152740Z::a4a0d9::20260819T152742,native_imm,F93CADBB58E9F6A078113D0CBA8E94FBB76EEAE3E82C0B9CFCF116562CDFF35C,305E2350483BE2A6A1F59612B1A2219F355102786AB9623E92E5AAB7E1BBF5BB,528,338,106,338,0,0,,
real_adsb,burst_outage,stage4B_3Day_nohup_20260819T132526Z_w005_20260819T152740Z::a4a0d9::20260819T152742__burst_outage,stage4B_3Day_nohup_20260819T132526Z_w005_20260819T152740Z::a4a0d9::20260819T152742,warm_ukf,F93CADBB58E9F6A078113D0CBA8E94FBB76EEAE3E82C0B9CFCF116562CDFF35C,305E2350483BE2A6A1F59612B1A2219F355102786AB9623E92E5AAB7E1BBF5BB,528,338,106,338,0,0,,
real_adsb,baseline,stage4B_3Day_nohup_20260819T132526Z_w102_20260821T155740Z::a392f2::20260821T160003__baseline,stage4B_3Day_nohup_20260819T132526Z_w102_20260821T155740Z::a392f2::20260821T160003,cv_ekf,5BD2472FE2510125BFBCB9D9F8B46E28F074697F805C110D85D1497D6968A7FC,790C06BB3845A4B9816F624283BCCE052531217EF94FCB6057FC45F7B25422E2,528,422,106,422,0,0,,
real_adsb,baseline,stage4B_3Day_nohup_20260819T132526Z_w102_20260821T155740Z::a392f2::20260821T160003__baseline,stage4B_3Day_nohup_20260819T132526Z_w102_20260821T155740Z::a392f2::20260821T160003,ca_ekf,5BD2472FE2510125BFBCB9D9F8B46E28F074697F805C110D85D1497D6968A7FC,790C06BB3845A4B9816F624283BCCE052531217EF94FCB6057FC45F7B25422E2,528,422,106,422,0,0,,
real_adsb,baseline,stage4B_3Day_nohup_20260819T132526Z_w102_20260821T155740Z::a392f2::20260821T160003__baseline,stage4B_3Day_nohup_20260819T132526Z_w102_20260821T155740Z::a392f2::20260821T160003,ct_ekf,5BD2472FE2510125BFBCB9D9F8B46E28F074697F805C110D85D1497D6968A7FC,790C06BB3845A4B9816F624283BCCE052531217EF94FCB6057FC45F7B25422E2,528,422,106,422,0,0,,
real_adsb,baseline,stage4B_3Day_nohup_20260819T132526Z_w102_20260821T155740Z::a392f2::20260821T160003__baseline,stage4B_3Day_nohup_20260819T132526Z_w102_20260821T155740Z::a392f2::20260821T160003,native_imm,5BD2472FE2510125BFBCB9D9F8B46E28F074697F805C110D85D1497D6968A7FC,790C06BB3845A4B9816F624283BCCE052531217EF94FCB6057FC45F7B25422E2,528,422,106,422,0,0,,
real_adsb,baseline,stage4B_3Day_nohup_20260819T132526Z_w102_20260821T155740Z::a392f2::20260821T160003__baseline,stage4B_3Day_nohup_20260819T132526Z_w102_20260821T155740Z::a392f2::20260821T160003,warm_ukf,5BD2472FE2510125BFBCB9D9F8B46E28F074697F805C110D85D1497D6968A7FC,790C06BB3845A4B9816F624283BCCE052531217EF94FCB6057FC45F7B25422E2,528,422,106,422,0,0,,
real_adsb,random_dropout_10,stage4B_3Day_nohup_20260819T132526Z_w102_20260821T155740Z::a392f2::20260821T160003__random_dropout_10,stage4B_3Day_nohup_20260819T132526Z_w102_20260821T155740Z::a392f2::20260821T160003,cv_ekf,7D862586657E517F146341EBB81310BFFBBA16D179EB1C20583835715B801547,790C06BB3845A4B9816F624283BCCE052531217EF94FCB6057FC45F7B25422E2,528,382,106,382,0,0,,
real_adsb,random_dropout_10,stage4B_3Day_nohup_20260819T132526Z_w102_20260821T155740Z::a392f2::20260821T160003__random_dropout_10,stage4B_3Day_nohup_20260819T132526Z_w102_20260821T155740Z::a392f2::20260821T160003,ca_ekf,7D862586657E517F146341EBB81310BFFBBA16D179EB1C20583835715B801547,790C06BB3845A4B9816F624283BCCE052531217EF94FCB6057FC45F7B25422E2,528,382,106,382,0,0,,
real_adsb,random_dropout_10,stage4B_3Day_nohup_20260819T132526Z_w102_20260821T155740Z::a392f2::20260821T160003__random_dropout_10,stage4B_3Day_nohup_20260819T132526Z_w102_20260821T155740Z::a392f2::20260821T160003,ct_ekf,7D862586657E517F146341EBB81310BFFBBA16D179EB1C20583835715B801547,790C06BB3845A4B9816F624283BCCE052531217EF94FCB6057FC45F7B25422E2,528,382,106,382,0,0,,
real_adsb,random_dropout_10,stage4B_3Day_nohup_20260819T132526Z_w102_20260821T155740Z::a392f2::20260821T160003__random_dropout_10,stage4B_3Day_nohup_20260819T132526Z_w102_20260821T155740Z::a392f2::20260821T160003,native_imm,7D862586657E517F146341EBB81310BFFBBA16D179EB1C20583835715B801547,790C06BB3845A4B9816F624283BCCE052531217EF94FCB6057FC45F7B25422E2,528,382,106,382,0,0,,
real_adsb,random_dropout_10,stage4B_3Day_nohup_20260819T132526Z_w102_20260821T155740Z::a392f2::20260821T160003__random_dropout_10,stage4B_3Day_nohup_20260819T132526Z_w102_20260821T155740Z::a392f2::20260821T160003,warm_ukf,7D862586657E517F146341EBB81310BFFBBA16D179EB1C20583835715B801547,790C06BB3845A4B9816F624283BCCE052531217EF94FCB6057FC45F7B25422E2,528,382,106,382,0,0,,
real_adsb,random_dropout_25,stage4B_3Day_nohup_20260819T132526Z_w102_20260821T155740Z::a392f2::20260821T160003__random_dropout_25,stage4B_3Day_nohup_20260819T132526Z_w102_20260821T155740Z::a392f2::20260821T160003,cv_ekf,B6D051F3189C3B365BA31BE82E5DF905237AD59D94F7BFEBB3255A5ACA1B73EB,790C06BB3845A4B9816F624283BCCE052531217EF94FCB6057FC45F7B25422E2,528,312,106,312,0,0,,
real_adsb,random_dropout_25,stage4B_3Day_nohup_20260819T132526Z_w102_20260821T155740Z::a392f2::20260821T160003__random_dropout_25,stage4B_3Day_nohup_20260819T132526Z_w102_20260821T155740Z::a392f2::20260821T160003,ca_ekf,B6D051F3189C3B365BA31BE82E5DF905237AD59D94F7BFEBB3255A5ACA1B73EB,790C06BB3845A4B9816F624283BCCE052531217EF94FCB6057FC45F7B25422E2,528,312,106,312,0,0,,
real_adsb,random_dropout_25,stage4B_3Day_nohup_20260819T132526Z_w102_20260821T155740Z::a392f2::20260821T160003__random_dropout_25,stage4B_3Day_nohup_20260819T132526Z_w102_20260821T155740Z::a392f2::20260821T160003,ct_ekf,B6D051F3189C3B365BA31BE82E5DF905237AD59D94F7BFEBB3255A5ACA1B73EB,790C06BB3845A4B9816F624283BCCE052531217EF94FCB6057FC45F7B25422E2,528,312,106,312,0,0,,
real_adsb,random_dropout_25,stage4B_3Day_nohup_20260819T132526Z_w102_20260821T155740Z::a392f2::20260821T160003__random_dropout_25,stage4B_3Day_nohup_20260819T132526Z_w102_20260821T155740Z::a392f2::20260821T160003,native_imm,B6D051F3189C3B365BA31BE82E5DF905237AD59D94F7BFEBB3255A5ACA1B73EB,790C06BB3845A4B9816F624283BCCE052531217EF94FCB6057FC45F7B25422E2,528,312,106,312,0,0,,
real_adsb,random_dropout_25,stage4B_3Day_nohup_20260819T132526Z_w102_20260821T155740Z::a392f2::20260821T160003__random_dropout_25,stage4B_3Day_nohup_20260819T132526Z_w102_20260821T155740Z::a392f2::20260821T160003,warm_ukf,B6D051F3189C3B365BA31BE82E5DF905237AD59D94F7BFEBB3255A5ACA1B73EB,790C06BB3845A4B9816F624283BCCE052531217EF94FCB6057FC45F7B25422E2,528,312,106,312,0,0,,
real_adsb,burst_outage,stage4B_3Day_nohup_20260819T132526Z_w102_20260821T155740Z::a392f2::20260821T160003__burst_outage,stage4B_3Day_nohup_20260819T132526Z_w102_20260821T155740Z::a392f2::20260821T160003,cv_ekf,3F4BF2648BED75E37C958DE8C9D4394585C18B41E075F751D76DFCADEC98A4DB,790C06BB3845A4B9816F624283BCCE052531217EF94FCB6057FC45F7B25422E2,528,338,106,338,0,0,,
real_adsb,burst_outage,stage4B_3Day_nohup_20260819T132526Z_w102_20260821T155740Z::a392f2::20260821T160003__burst_outage,stage4B_3Day_nohup_20260819T132526Z_w102_20260821T155740Z::a392f2::20260821T160003,ca_ekf,3F4BF2648BED75E37C958DE8C9D4394585C18B41E075F751D76DFCADEC98A4DB,790C06BB3845A4B9816F624283BCCE052531217EF94FCB6057FC45F7B25422E2,528,338,106,338,0,0,,
real_adsb,burst_outage,stage4B_3Day_nohup_20260819T132526Z_w102_20260821T155740Z::a392f2::20260821T160003__burst_outage,stage4B_3Day_nohup_20260819T132526Z_w102_20260821T155740Z::a392f2::20260821T160003,ct_ekf,3F4BF2648BED75E37C958DE8C9D4394585C18B41E075F751D76DFCADEC98A4DB,790C06BB3845A4B9816F624283BCCE052531217EF94FCB6057FC45F7B25422E2,528,338,106,338,0,0,,
real_adsb,burst_outage,stage4B_3Day_nohup_20260819T132526Z_w102_20260821T155740Z::a392f2::20260821T160003__burst_outage,stage4B_3Day_nohup_20260819T132526Z_w102_20260821T155740Z::a392f2::20260821T160003,native_imm,3F4BF2648BED75E37C958DE8C9D4394585C18B41E075F751D76DFCADEC98A4DB,790C06BB3845A4B9816F624283BCCE052531217EF94FCB6057FC45F7B25422E2,528,338,106,338,0,0,,
real_adsb,burst_outage,stage4B_3Day_nohup_20260819T132526Z_w102_20260821T155740Z::a392f2::20260821T160003__burst_outage,stage4B_3Day_nohup_20260819T132526Z_w102_20260821T155740Z::a392f2::20260821T160003,warm_ukf,3F4BF2648BED75E37C958DE8C9D4394585C18B41E075F751D76DFCADEC98A4DB,790C06BB3845A4B9816F624283BCCE052531217EF94FCB6057FC45F7B25422E2,528,338,106,338,0,0,,
real_adsb,baseline,stage4B_3Day_nohup_20260819T132526Z_w110_20260821T195740Z::398699::20260821T195747__baseline,stage4B_3Day_nohup_20260819T132526Z_w110_20260821T195740Z::398699::20260821T195747,cv_ekf,C736229B448352A8E5F1F794BC6F33B293BE3AA366BCB14B1723627F0459C400,D7C01941F5C1B1715DD0426493BC446A9E91DD6916A6796358535BB498DEF074,508,406,102,406,0,0,,
real_adsb,baseline,stage4B_3Day_nohup_20260819T132526Z_w110_20260821T195740Z::398699::20260821T195747__baseline,stage4B_3Day_nohup_20260819T132526Z_w110_20260821T195740Z::398699::20260821T195747,ca_ekf,C736229B448352A8E5F1F794BC6F33B293BE3AA366BCB14B1723627F0459C400,D7C01941F5C1B1715DD0426493BC446A9E91DD6916A6796358535BB498DEF074,508,406,102,406,0,0,,
real_adsb,baseline,stage4B_3Day_nohup_20260819T132526Z_w110_20260821T195740Z::398699::20260821T195747__baseline,stage4B_3Day_nohup_20260819T132526Z_w110_20260821T195740Z::398699::20260821T195747,ct_ekf,C736229B448352A8E5F1F794BC6F33B293BE3AA366BCB14B1723627F0459C400,D7C01941F5C1B1715DD0426493BC446A9E91DD6916A6796358535BB498DEF074,508,406,102,406,0,0,,
real_adsb,baseline,stage4B_3Day_nohup_20260819T132526Z_w110_20260821T195740Z::398699::20260821T195747__baseline,stage4B_3Day_nohup_20260819T132526Z_w110_20260821T195740Z::398699::20260821T195747,native_imm,C736229B448352A8E5F1F794BC6F33B293BE3AA366BCB14B1723627F0459C400,D7C01941F5C1B1715DD0426493BC446A9E91DD6916A6796358535BB498DEF074,508,406,102,406,0,0,,
real_adsb,baseline,stage4B_3Day_nohup_20260819T132526Z_w110_20260821T195740Z::398699::20260821T195747__baseline,stage4B_3Day_nohup_20260819T132526Z_w110_20260821T195740Z::398699::20260821T195747,warm_ukf,C736229B448352A8E5F1F794BC6F33B293BE3AA366BCB14B1723627F0459C400,D7C01941F5C1B1715DD0426493BC446A9E91DD6916A6796358535BB498DEF074,508,406,102,406,0,0,,
real_adsb,random_dropout_10,stage4B_3Day_nohup_20260819T132526Z_w110_20260821T195740Z::398699::20260821T195747__random_dropout_10,stage4B_3Day_nohup_20260819T132526Z_w110_20260821T195740Z::398699::20260821T195747,cv_ekf,A6BD2A2E841068490BF7046107C4893F6954BCB793F463E65D7ADA8A75FE1E29,D7C01941F5C1B1715DD0426493BC446A9E91DD6916A6796358535BB498DEF074,508,367,102,367,0,0,,
real_adsb,random_dropout_10,stage4B_3Day_nohup_20260819T132526Z_w110_20260821T195740Z::398699::20260821T195747__random_dropout_10,stage4B_3Day_nohup_20260819T132526Z_w110_20260821T195740Z::398699::20260821T195747,ca_ekf,A6BD2A2E841068490BF7046107C4893F6954BCB793F463E65D7ADA8A75FE1E29,D7C01941F5C1B1715DD0426493BC446A9E91DD6916A6796358535BB498DEF074,508,367,102,367,0,0,,
real_adsb,random_dropout_10,stage4B_3Day_nohup_20260819T132526Z_w110_20260821T195740Z::398699::20260821T195747__random_dropout_10,stage4B_3Day_nohup_20260819T132526Z_w110_20260821T195740Z::398699::20260821T195747,ct_ekf,A6BD2A2E841068490BF7046107C4893F6954BCB793F463E65D7ADA8A75FE1E29,D7C01941F5C1B1715DD0426493BC446A9E91DD6916A6796358535BB498DEF074,508,367,102,367,0,0,,
real_adsb,random_dropout_10,stage4B_3Day_nohup_20260819T132526Z_w110_20260821T195740Z::398699::20260821T195747__random_dropout_10,stage4B_3Day_nohup_20260819T132526Z_w110_20260821T195740Z::398699::20260821T195747,native_imm,A6BD2A2E841068490BF7046107C4893F6954BCB793F463E65D7ADA8A75FE1E29,D7C01941F5C1B1715DD0426493BC446A9E91DD6916A6796358535BB498DEF074,508,367,102,367,0,0,,
real_adsb,random_dropout_10,stage4B_3Day_nohup_20260819T132526Z_w110_20260821T195740Z::398699::20260821T195747__random_dropout_10,stage4B_3Day_nohup_20260819T132526Z_w110_20260821T195740Z::398699::20260821T195747,warm_ukf,A6BD2A2E841068490BF7046107C4893F6954BCB793F463E65D7ADA8A75FE1E29,D7C01941F5C1B1715DD0426493BC446A9E91DD6916A6796358535BB498DEF074,508,367,102,367,0,0,,
real_adsb,random_dropout_25,stage4B_3Day_nohup_20260819T132526Z_w110_20260821T195740Z::398699::20260821T195747__random_dropout_25,stage4B_3Day_nohup_20260819T132526Z_w110_20260821T195740Z::398699::20260821T195747,cv_ekf,8CEE1242EC35A909D3912D96D467FFE3442195468FFBCB5EF77699F56AE82F58,D7C01941F5C1B1715DD0426493BC446A9E91DD6916A6796358535BB498DEF074,508,307,102,307,0,0,,
real_adsb,random_dropout_25,stage4B_3Day_nohup_20260819T132526Z_w110_20260821T195740Z::398699::20260821T195747__random_dropout_25,stage4B_3Day_nohup_20260819T132526Z_w110_20260821T195740Z::398699::20260821T195747,ca_ekf,8CEE1242EC35A909D3912D96D467FFE3442195468FFBCB5EF77699F56AE82F58,D7C01941F5C1B1715DD0426493BC446A9E91DD6916A6796358535BB498DEF074,508,307,102,307,0,0,,
real_adsb,random_dropout_25,stage4B_3Day_nohup_20260819T132526Z_w110_20260821T195740Z::398699::20260821T195747__random_dropout_25,stage4B_3Day_nohup_20260819T132526Z_w110_20260821T195740Z::398699::20260821T195747,ct_ekf,8CEE1242EC35A909D3912D96D467FFE3442195468FFBCB5EF77699F56AE82F58,D7C01941F5C1B1715DD0426493BC446A9E91DD6916A6796358535BB498DEF074,508,307,102,307,0,0,,
real_adsb,random_dropout_25,stage4B_3Day_nohup_20260819T132526Z_w110_20260821T195740Z::398699::20260821T195747__random_dropout_25,stage4B_3Day_nohup_20260819T132526Z_w110_20260821T195740Z::398699::20260821T195747,native_imm,8CEE1242EC35A909D3912D96D467FFE3442195468FFBCB5EF77699F56AE82F58,D7C01941F5C1B1715DD0426493BC446A9E91DD6916A6796358535BB498DEF074,508,307,102,307,0,0,,
real_adsb,random_dropout_25,stage4B_3Day_nohup_20260819T132526Z_w110_20260821T195740Z::398699::20260821T195747__random_dropout_25,stage4B_3Day_nohup_20260819T132526Z_w110_20260821T195740Z::398699::20260821T195747,warm_ukf,8CEE1242EC35A909D3912D96D467FFE3442195468FFBCB5EF77699F56AE82F58,D7C01941F5C1B1715DD0426493BC446A9E91DD6916A6796358535BB498DEF074,508,307,102,307,0,0,,
real_adsb,burst_outage,stage4B_3Day_nohup_20260819T132526Z_w110_20260821T195740Z::398699::20260821T195747__burst_outage,stage4B_3Day_nohup_20260819T132526Z_w110_20260821T195740Z::398699::20260821T195747,cv_ekf,E30CB4C490BDCD1A64EA0E879BD7E36FBD62B8F5083407137870F99031BE17D4,D7C01941F5C1B1715DD0426493BC446A9E91DD6916A6796358535BB498DEF074,508,325,102,325,0,0,,
real_adsb,burst_outage,stage4B_3Day_nohup_20260819T132526Z_w110_20260821T195740Z::398699::20260821T195747__burst_outage,stage4B_3Day_nohup_20260819T132526Z_w110_20260821T195740Z::398699::20260821T195747,ca_ekf,E30CB4C490BDCD1A64EA0E879BD7E36FBD62B8F5083407137870F99031BE17D4,D7C01941F5C1B1715DD0426493BC446A9E91DD6916A6796358535BB498DEF074,508,325,102,325,0,0,,
real_adsb,burst_outage,stage4B_3Day_nohup_20260819T132526Z_w110_20260821T195740Z::398699::20260821T195747__burst_outage,stage4B_3Day_nohup_20260819T132526Z_w110_20260821T195740Z::398699::20260821T195747,ct_ekf,E30CB4C490BDCD1A64EA0E879BD7E36FBD62B8F5083407137870F99031BE17D4,D7C01941F5C1B1715DD0426493BC446A9E91DD6916A6796358535BB498DEF074,508,325,102,325,0,0,,
real_adsb,burst_outage,stage4B_3Day_nohup_20260819T132526Z_w110_20260821T195740Z::398699::20260821T195747__burst_outage,stage4B_3Day_nohup_20260819T132526Z_w110_20260821T195740Z::398699::20260821T195747,native_imm,E30CB4C490BDCD1A64EA0E879BD7E36FBD62B8F5083407137870F99031BE17D4,D7C01941F5C1B1715DD0426493BC446A9E91DD6916A6796358535BB498DEF074,508,325,102,325,0,0,,
real_adsb,burst_outage,stage4B_3Day_nohup_20260819T132526Z_w110_20260821T195740Z::398699::20260821T195747__burst_outage,stage4B_3Day_nohup_20260819T132526Z_w110_20260821T195740Z::398699::20260821T195747,warm_ukf,E30CB4C490BDCD1A64EA0E879BD7E36FBD62B8F5083407137870F99031BE17D4,D7C01941F5C1B1715DD0426493BC446A9E91DD6916A6796358535BB498DEF074,508,325,102,325,0,0,,
real_adsb,baseline,stage4B_3Day_nohup_20260819T132526Z_w126_20260822T035740Z::a0b88f::20260822T035901__baseline,stage4B_3Day_nohup_20260819T132526Z_w126_20260822T035740Z::a0b88f::20260822T035901,cv_ekf,5689135EDE88594155A96F57C087BCACBAFEA6171D10CC9A1E4EE647E2D7C28F,13D8543F10BF863BEAD8A138394EA7694E677520CE7225A2E5A5C746350C6C50,508,406,102,406,0,0,,
real_adsb,baseline,stage4B_3Day_nohup_20260819T132526Z_w126_20260822T035740Z::a0b88f::20260822T035901__baseline,stage4B_3Day_nohup_20260819T132526Z_w126_20260822T035740Z::a0b88f::20260822T035901,ca_ekf,5689135EDE88594155A96F57C087BCACBAFEA6171D10CC9A1E4EE647E2D7C28F,13D8543F10BF863BEAD8A138394EA7694E677520CE7225A2E5A5C746350C6C50,508,406,102,406,0,0,,
real_adsb,baseline,stage4B_3Day_nohup_20260819T132526Z_w126_20260822T035740Z::a0b88f::20260822T035901__baseline,stage4B_3Day_nohup_20260819T132526Z_w126_20260822T035740Z::a0b88f::20260822T035901,ct_ekf,5689135EDE88594155A96F57C087BCACBAFEA6171D10CC9A1E4EE647E2D7C28F,13D8543F10BF863BEAD8A138394EA7694E677520CE7225A2E5A5C746350C6C50,508,406,102,406,0,0,,
real_adsb,baseline,stage4B_3Day_nohup_20260819T132526Z_w126_20260822T035740Z::a0b88f::20260822T035901__baseline,stage4B_3Day_nohup_20260819T132526Z_w126_20260822T035740Z::a0b88f::20260822T035901,native_imm,5689135EDE88594155A96F57C087BCACBAFEA6171D10CC9A1E4EE647E2D7C28F,13D8543F10BF863BEAD8A138394EA7694E677520CE7225A2E5A5C746350C6C50,508,406,102,406,0,0,,
real_adsb,baseline,stage4B_3Day_nohup_20260819T132526Z_w126_20260822T035740Z::a0b88f::20260822T035901__baseline,stage4B_3Day_nohup_20260819T132526Z_w126_20260822T035740Z::a0b88f::20260822T035901,warm_ukf,5689135EDE88594155A96F57C087BCACBAFEA6171D10CC9A1E4EE647E2D7C28F,13D8543F10BF863BEAD8A138394EA7694E677520CE7225A2E5A5C746350C6C50,508,406,102,406,0,0,,
real_adsb,random_dropout_10,stage4B_3Day_nohup_20260819T132526Z_w126_20260822T035740Z::a0b88f::20260822T035901__random_dropout_10,stage4B_3Day_nohup_20260819T132526Z_w126_20260822T035740Z::a0b88f::20260822T035901,cv_ekf,A4C8D7D5FBC309AB69002C9280CCDF7D1E9537FFDCB560F20E909D7D9512BDB2,13D8543F10BF863BEAD8A138394EA7694E677520CE7225A2E5A5C746350C6C50,508,364,102,364,0,0,,
real_adsb,random_dropout_10,stage4B_3Day_nohup_20260819T132526Z_w126_20260822T035740Z::a0b88f::20260822T035901__random_dropout_10,stage4B_3Day_nohup_20260819T132526Z_w126_20260822T035740Z::a0b88f::20260822T035901,ca_ekf,A4C8D7D5FBC309AB69002C9280CCDF7D1E9537FFDCB560F20E909D7D9512BDB2,13D8543F10BF863BEAD8A138394EA7694E677520CE7225A2E5A5C746350C6C50,508,364,102,364,0,0,,
real_adsb,random_dropout_10,stage4B_3Day_nohup_20260819T132526Z_w126_20260822T035740Z::a0b88f::20260822T035901__random_dropout_10,stage4B_3Day_nohup_20260819T132526Z_w126_20260822T035740Z::a0b88f::20260822T035901,ct_ekf,A4C8D7D5FBC309AB69002C9280CCDF7D1E9537FFDCB560F20E909D7D9512BDB2,13D8543F10BF863BEAD8A138394EA7694E677520CE7225A2E5A5C746350C6C50,508,364,102,364,0,0,,
real_adsb,random_dropout_10,stage4B_3Day_nohup_20260819T132526Z_w126_20260822T035740Z::a0b88f::20260822T035901__random_dropout_10,stage4B_3Day_nohup_20260819T132526Z_w126_20260822T035740Z::a0b88f::20260822T035901,native_imm,A4C8D7D5FBC309AB69002C9280CCDF7D1E9537FFDCB560F20E909D7D9512BDB2,13D8543F10BF863BEAD8A138394EA7694E677520CE7225A2E5A5C746350C6C50,508,364,102,364,0,0,,
real_adsb,random_dropout_10,stage4B_3Day_nohup_20260819T132526Z_w126_20260822T035740Z::a0b88f::20260822T035901__random_dropout_10,stage4B_3Day_nohup_20260819T132526Z_w126_20260822T035740Z::a0b88f::20260822T035901,warm_ukf,A4C8D7D5FBC309AB69002C9280CCDF7D1E9537FFDCB560F20E909D7D9512BDB2,13D8543F10BF863BEAD8A138394EA7694E677520CE7225A2E5A5C746350C6C50,508,364,102,364,0,0,,
real_adsb,random_dropout_25,stage4B_3Day_nohup_20260819T132526Z_w126_20260822T035740Z::a0b88f::20260822T035901__random_dropout_25,stage4B_3Day_nohup_20260819T132526Z_w126_20260822T035740Z::a0b88f::20260822T035901,cv_ekf,20938AF1476BF8631FA85C4DB5EFB50642F428B9604248F2F3E3D9C26684AD69,13D8543F10BF863BEAD8A138394EA7694E677520CE7225A2E5A5C746350C6C50,508,303,102,303,0,0,,
real_adsb,random_dropout_25,stage4B_3Day_nohup_20260819T132526Z_w126_20260822T035740Z::a0b88f::20260822T035901__random_dropout_25,stage4B_3Day_nohup_20260819T132526Z_w126_20260822T035740Z::a0b88f::20260822T035901,ca_ekf,20938AF1476BF8631FA85C4DB5EFB50642F428B9604248F2F3E3D9C26684AD69,13D8543F10BF863BEAD8A138394EA7694E677520CE7225A2E5A5C746350C6C50,508,303,102,303,0,0,,
real_adsb,random_dropout_25,stage4B_3Day_nohup_20260819T132526Z_w126_20260822T035740Z::a0b88f::20260822T035901__random_dropout_25,stage4B_3Day_nohup_20260819T132526Z_w126_20260822T035740Z::a0b88f::20260822T035901,ct_ekf,20938AF1476BF8631FA85C4DB5EFB50642F428B9604248F2F3E3D9C26684AD69,13D8543F10BF863BEAD8A138394EA7694E677520CE7225A2E5A5C746350C6C50,508,303,102,303,0,0,,
real_adsb,random_dropout_25,stage4B_3Day_nohup_20260819T132526Z_w126_20260822T035740Z::a0b88f::20260822T035901__random_dropout_25,stage4B_3Day_nohup_20260819T132526Z_w126_20260822T035740Z::a0b88f::20260822T035901,native_imm,20938AF1476BF8631FA85C4DB5EFB50642F428B9604248F2F3E3D9C26684AD69,13D8543F10BF863BEAD8A138394EA7694E677520CE7225A2E5A5C746350C6C50,508,303,102,303,0,0,,
real_adsb,random_dropout_25,stage4B_3Day_nohup_20260819T132526Z_w126_20260822T035740Z::a0b88f::20260822T035901__random_dropout_25,stage4B_3Day_nohup_20260819T132526Z_w126_20260822T035740Z::a0b88f::20260822T035901,warm_ukf,20938AF1476BF8631FA85C4DB5EFB50642F428B9604248F2F3E3D9C26684AD69,13D8543F10BF863BEAD8A138394EA7694E677520CE7225A2E5A5C746350C6C50,508,303,102,303,0,0,,
real_adsb,burst_outage,stage4B_3Day_nohup_20260819T132526Z_w126_20260822T035740Z::a0b88f::20260822T035901__burst_outage,stage4B_3Day_nohup_20260819T132526Z_w126_20260822T035740Z::a0b88f::20260822T035901,cv_ekf,093607FCC0A7830C0B13C7FD64BD5E801145C3E16902B35D93834DA6A675CD0E,13D8543F10BF863BEAD8A138394EA7694E677520CE7225A2E5A5C746350C6C50,508,325,102,325,0,0,,
real_adsb,burst_outage,stage4B_3Day_nohup_20260819T132526Z_w126_20260822T035740Z::a0b88f::20260822T035901__burst_outage,stage4B_3Day_nohup_20260819T132526Z_w126_20260822T035740Z::a0b88f::20260822T035901,ca_ekf,093607FCC0A7830C0B13C7FD64BD5E801145C3E16902B35D93834DA6A675CD0E,13D8543F10BF863BEAD8A138394EA7694E677520CE7225A2E5A5C746350C6C50,508,325,102,325,0,0,,
real_adsb,burst_outage,stage4B_3Day_nohup_20260819T132526Z_w126_20260822T035740Z::a0b88f::20260822T035901__burst_outage,stage4B_3Day_nohup_20260819T132526Z_w126_20260822T035740Z::a0b88f::20260822T035901,ct_ekf,093607FCC0A7830C0B13C7FD64BD5E801145C3E16902B35D93834DA6A675CD0E,13D8543F10BF863BEAD8A138394EA7694E677520CE7225A2E5A5C746350C6C50,508,325,102,325,0,0,,
real_adsb,burst_outage,stage4B_3Day_nohup_20260819T132526Z_w126_20260822T035740Z::a0b88f::20260822T035901__burst_outage,stage4B_3Day_nohup_20260819T132526Z_w126_20260822T035740Z::a0b88f::20260822T035901,native_imm,093607FCC0A7830C0B13C7FD64BD5E801145C3E16902B35D93834DA6A675CD0E,13D8543F10BF863BEAD8A138394EA7694E677520CE7225A2E5A5C746350C6C50,508,325,102,325,0,0,,
real_adsb,burst_outage,stage4B_3Day_nohup_20260819T132526Z_w126_20260822T035740Z::a0b88f::20260822T035901__burst_outage,stage4B_3Day_nohup_20260819T132526Z_w126_20260822T035740Z::a0b88f::20260822T035901,warm_ukf,093607FCC0A7830C0B13C7FD64BD5E801145C3E16902B35D93834DA6A675CD0E,13D8543F10BF863BEAD8A138394EA7694E677520CE7225A2E5A5C746350C6C50,508,325,102,325,0,0,,
real_adsb,baseline,stage4B_3Day_nohup_20260819T132526Z_w098_20260821T135740Z::a7b08d::20260821T140127__baseline,stage4B_3Day_nohup_20260819T132526Z_w098_20260821T135740Z::a7b08d::20260821T140127,cv_ekf,7FB9DB601366C2B8B10D27A99CD6D9DA8CE280EC4AD526402D11DECA7D1D1611,A13E30D0A9CA0D0EEE801A4863DA340F0941E344B04C8B657B23B13AFD454028,484,387,97,387,0,0,,
real_adsb,baseline,stage4B_3Day_nohup_20260819T132526Z_w098_20260821T135740Z::a7b08d::20260821T140127__baseline,stage4B_3Day_nohup_20260819T132526Z_w098_20260821T135740Z::a7b08d::20260821T140127,ca_ekf,7FB9DB601366C2B8B10D27A99CD6D9DA8CE280EC4AD526402D11DECA7D1D1611,A13E30D0A9CA0D0EEE801A4863DA340F0941E344B04C8B657B23B13AFD454028,484,387,97,387,0,0,,
real_adsb,baseline,stage4B_3Day_nohup_20260819T132526Z_w098_20260821T135740Z::a7b08d::20260821T140127__baseline,stage4B_3Day_nohup_20260819T132526Z_w098_20260821T135740Z::a7b08d::20260821T140127,ct_ekf,7FB9DB601366C2B8B10D27A99CD6D9DA8CE280EC4AD526402D11DECA7D1D1611,A13E30D0A9CA0D0EEE801A4863DA340F0941E344B04C8B657B23B13AFD454028,484,387,97,387,0,0,,
real_adsb,baseline,stage4B_3Day_nohup_20260819T132526Z_w098_20260821T135740Z::a7b08d::20260821T140127__baseline,stage4B_3Day_nohup_20260819T132526Z_w098_20260821T135740Z::a7b08d::20260821T140127,native_imm,7FB9DB601366C2B8B10D27A99CD6D9DA8CE280EC4AD526402D11DECA7D1D1611,A13E30D0A9CA0D0EEE801A4863DA340F0941E344B04C8B657B23B13AFD454028,484,387,97,387,0,0,,
real_adsb,baseline,stage4B_3Day_nohup_20260819T132526Z_w098_20260821T135740Z::a7b08d::20260821T140127__baseline,stage4B_3Day_nohup_20260819T132526Z_w098_20260821T135740Z::a7b08d::20260821T140127,warm_ukf,7FB9DB601366C2B8B10D27A99CD6D9DA8CE280EC4AD526402D11DECA7D1D1611,A13E30D0A9CA0D0EEE801A4863DA340F0941E344B04C8B657B23B13AFD454028,484,387,97,387,0,0,,
real_adsb,random_dropout_10,stage4B_3Day_nohup_20260819T132526Z_w098_20260821T135740Z::a7b08d::20260821T140127__random_dropout_10,stage4B_3Day_nohup_20260819T132526Z_w098_20260821T135740Z::a7b08d::20260821T140127,cv_ekf,345ED59A1AF7EB1150E68D9572006322908CF2C94EE215F3C7AF8D0A680E4D6E,A13E30D0A9CA0D0EEE801A4863DA340F0941E344B04C8B657B23B13AFD454028,484,354,97,354,0,0,,
real_adsb,random_dropout_10,stage4B_3Day_nohup_20260819T132526Z_w098_20260821T135740Z::a7b08d::20260821T140127__random_dropout_10,stage4B_3Day_nohup_20260819T132526Z_w098_20260821T135740Z::a7b08d::20260821T140127,ca_ekf,345ED59A1AF7EB1150E68D9572006322908CF2C94EE215F3C7AF8D0A680E4D6E,A13E30D0A9CA0D0EEE801A4863DA340F0941E344B04C8B657B23B13AFD454028,484,354,97,354,0,0,,
real_adsb,random_dropout_10,stage4B_3Day_nohup_20260819T132526Z_w098_20260821T135740Z::a7b08d::20260821T140127__random_dropout_10,stage4B_3Day_nohup_20260819T132526Z_w098_20260821T135740Z::a7b08d::20260821T140127,ct_ekf,345ED59A1AF7EB1150E68D9572006322908CF2C94EE215F3C7AF8D0A680E4D6E,A13E30D0A9CA0D0EEE801A4863DA340F0941E344B04C8B657B23B13AFD454028,484,354,97,354,0,0,,
real_adsb,random_dropout_10,stage4B_3Day_nohup_20260819T132526Z_w098_20260821T135740Z::a7b08d::20260821T140127__random_dropout_10,stage4B_3Day_nohup_20260819T132526Z_w098_20260821T135740Z::a7b08d::20260821T140127,native_imm,345ED59A1AF7EB1150E68D9572006322908CF2C94EE215F3C7AF8D0A680E4D6E,A13E30D0A9CA0D0EEE801A4863DA340F0941E344B04C8B657B23B13AFD454028,484,354,97,354,0,0,,
real_adsb,random_dropout_10,stage4B_3Day_nohup_20260819T132526Z_w098_20260821T135740Z::a7b08d::20260821T140127__random_dropout_10,stage4B_3Day_nohup_20260819T132526Z_w098_20260821T135740Z::a7b08d::20260821T140127,warm_ukf,345ED59A1AF7EB1150E68D9572006322908CF2C94EE215F3C7AF8D0A680E4D6E,A13E30D0A9CA0D0EEE801A4863DA340F0941E344B04C8B657B23B13AFD454028,484,354,97,354,0,0,,
real_adsb,random_dropout_25,stage4B_3Day_nohup_20260819T132526Z_w098_20260821T135740Z::a7b08d::20260821T140127__random_dropout_25,stage4B_3Day_nohup_20260819T132526Z_w098_20260821T135740Z::a7b08d::20260821T140127,cv_ekf,3B2A3ABF753B23089C4551D383A86609672D93293928BA9D90C602597D96D928,A13E30D0A9CA0D0EEE801A4863DA340F0941E344B04C8B657B23B13AFD454028,484,286,97,286,0,0,,
real_adsb,random_dropout_25,stage4B_3Day_nohup_20260819T132526Z_w098_20260821T135740Z::a7b08d::20260821T140127__random_dropout_25,stage4B_3Day_nohup_20260819T132526Z_w098_20260821T135740Z::a7b08d::20260821T140127,ca_ekf,3B2A3ABF753B23089C4551D383A86609672D93293928BA9D90C602597D96D928,A13E30D0A9CA0D0EEE801A4863DA340F0941E344B04C8B657B23B13AFD454028,484,286,97,286,0,0,,
real_adsb,random_dropout_25,stage4B_3Day_nohup_20260819T132526Z_w098_20260821T135740Z::a7b08d::20260821T140127__random_dropout_25,stage4B_3Day_nohup_20260819T132526Z_w098_20260821T135740Z::a7b08d::20260821T140127,ct_ekf,3B2A3ABF753B23089C4551D383A86609672D93293928BA9D90C602597D96D928,A13E30D0A9CA0D0EEE801A4863DA340F0941E344B04C8B657B23B13AFD454028,484,286,97,286,0,0,,
real_adsb,random_dropout_25,stage4B_3Day_nohup_20260819T132526Z_w098_20260821T135740Z::a7b08d::20260821T140127__random_dropout_25,stage4B_3Day_nohup_20260819T132526Z_w098_20260821T135740Z::a7b08d::20260821T140127,native_imm,3B2A3ABF753B23089C4551D383A86609672D93293928BA9D90C602597D96D928,A13E30D0A9CA0D0EEE801A4863DA340F0941E344B04C8B657B23B13AFD454028,484,286,97,286,0,0,,
real_adsb,random_dropout_25,stage4B_3Day_nohup_20260819T132526Z_w098_20260821T135740Z::a7b08d::20260821T140127__random_dropout_25,stage4B_3Day_nohup_20260819T132526Z_w098_20260821T135740Z::a7b08d::20260821T140127,warm_ukf,3B2A3ABF753B23089C4551D383A86609672D93293928BA9D90C602597D96D928,A13E30D0A9CA0D0EEE801A4863DA340F0941E344B04C8B657B23B13AFD454028,484,286,97,286,0,0,,
real_adsb,burst_outage,stage4B_3Day_nohup_20260819T132526Z_w098_20260821T135740Z::a7b08d::20260821T140127__burst_outage,stage4B_3Day_nohup_20260819T132526Z_w098_20260821T135740Z::a7b08d::20260821T140127,cv_ekf,D1CE563B971BD83A1509F4B2066689ACD54535A2B24B62B7C40C334C60AD9334,A13E30D0A9CA0D0EEE801A4863DA340F0941E344B04C8B657B23B13AFD454028,484,310,97,310,0,0,,
real_adsb,burst_outage,stage4B_3Day_nohup_20260819T132526Z_w098_20260821T135740Z::a7b08d::20260821T140127__burst_outage,stage4B_3Day_nohup_20260819T132526Z_w098_20260821T135740Z::a7b08d::20260821T140127,ca_ekf,D1CE563B971BD83A1509F4B2066689ACD54535A2B24B62B7C40C334C60AD9334,A13E30D0A9CA0D0EEE801A4863DA340F0941E344B04C8B657B23B13AFD454028,484,310,97,310,0,0,,
real_adsb,burst_outage,stage4B_3Day_nohup_20260819T132526Z_w098_20260821T135740Z::a7b08d::20260821T140127__burst_outage,stage4B_3Day_nohup_20260819T132526Z_w098_20260821T135740Z::a7b08d::20260821T140127,ct_ekf,D1CE563B971BD83A1509F4B2066689ACD54535A2B24B62B7C40C334C60AD9334,A13E30D0A9CA0D0EEE801A4863DA340F0941E344B04C8B657B23B13AFD454028,484,310,97,310,0,0,,
real_adsb,burst_outage,stage4B_3Day_nohup_20260819T132526Z_w098_20260821T135740Z::a7b08d::20260821T140127__burst_outage,stage4B_3Day_nohup_20260819T132526Z_w098_20260821T135740Z::a7b08d::20260821T140127,native_imm,D1CE563B971BD83A1509F4B2066689ACD54535A2B24B62B7C40C334C60AD9334,A13E30D0A9CA0D0EEE801A4863DA340F0941E344B04C8B657B23B13AFD454028,484,310,97,310,0,0,,
real_adsb,burst_outage,stage4B_3Day_nohup_20260819T132526Z_w098_20260821T135740Z::a7b08d::20260821T140127__burst_outage,stage4B_3Day_nohup_20260819T132526Z_w098_20260821T135740Z::a7b08d::20260821T140127,warm_ukf,D1CE563B971BD83A1509F4B2066689ACD54535A2B24B62B7C40C334C60AD9334,A13E30D0A9CA0D0EEE801A4863DA340F0941E344B04C8B657B23B13AFD454028,484,310,97,310,0,0,,
real_adsb,baseline,stage4B_3Day_nohup_20260819T132526Z_w101_20260821T152740Z::aa8cd7::20260821T152801__baseline,stage4B_3Day_nohup_20260819T132526Z_w101_20260821T152740Z::aa8cd7::20260821T152801,cv_ekf,AF685DE79035495CC9526F2FFF77761ED93DA8CD5A5CC1319B2E2933C4AE4A96,7424223B1ACEF014BFEE3C84033103D172202C587715ACF43AE3A1AA5CB14521,483,386,97,386,0,0,,
real_adsb,baseline,stage4B_3Day_nohup_20260819T132526Z_w101_20260821T152740Z::aa8cd7::20260821T152801__baseline,stage4B_3Day_nohup_20260819T132526Z_w101_20260821T152740Z::aa8cd7::20260821T152801,ca_ekf,AF685DE79035495CC9526F2FFF77761ED93DA8CD5A5CC1319B2E2933C4AE4A96,7424223B1ACEF014BFEE3C84033103D172202C587715ACF43AE3A1AA5CB14521,483,386,97,386,0,0,,
real_adsb,baseline,stage4B_3Day_nohup_20260819T132526Z_w101_20260821T152740Z::aa8cd7::20260821T152801__baseline,stage4B_3Day_nohup_20260819T132526Z_w101_20260821T152740Z::aa8cd7::20260821T152801,ct_ekf,AF685DE79035495CC9526F2FFF77761ED93DA8CD5A5CC1319B2E2933C4AE4A96,7424223B1ACEF014BFEE3C84033103D172202C587715ACF43AE3A1AA5CB14521,483,386,97,386,0,0,,
real_adsb,baseline,stage4B_3Day_nohup_20260819T132526Z_w101_20260821T152740Z::aa8cd7::20260821T152801__baseline,stage4B_3Day_nohup_20260819T132526Z_w101_20260821T152740Z::aa8cd7::20260821T152801,native_imm,AF685DE79035495CC9526F2FFF77761ED93DA8CD5A5CC1319B2E2933C4AE4A96,7424223B1ACEF014BFEE3C84033103D172202C587715ACF43AE3A1AA5CB14521,483,386,97,386,0,0,,
real_adsb,baseline,stage4B_3Day_nohup_20260819T132526Z_w101_20260821T152740Z::aa8cd7::20260821T152801__baseline,stage4B_3Day_nohup_20260819T132526Z_w101_20260821T152740Z::aa8cd7::20260821T152801,warm_ukf,AF685DE79035495CC9526F2FFF77761ED93DA8CD5A5CC1319B2E2933C4AE4A96,7424223B1ACEF014BFEE3C84033103D172202C587715ACF43AE3A1AA5CB14521,483,386,97,386,0,0,,
real_adsb,random_dropout_10,stage4B_3Day_nohup_20260819T132526Z_w101_20260821T152740Z::aa8cd7::20260821T152801__random_dropout_10,stage4B_3Day_nohup_20260819T132526Z_w101_20260821T152740Z::aa8cd7::20260821T152801,cv_ekf,9B267E777A3F1C6B7EA7564F31A7357E6AB47EF76156A1E3057827F29898042B,7424223B1ACEF014BFEE3C84033103D172202C587715ACF43AE3A1AA5CB14521,483,350,97,350,0,0,,
real_adsb,random_dropout_10,stage4B_3Day_nohup_20260819T132526Z_w101_20260821T152740Z::aa8cd7::20260821T152801__random_dropout_10,stage4B_3Day_nohup_20260819T132526Z_w101_20260821T152740Z::aa8cd7::20260821T152801,ca_ekf,9B267E777A3F1C6B7EA7564F31A7357E6AB47EF76156A1E3057827F29898042B,7424223B1ACEF014BFEE3C84033103D172202C587715ACF43AE3A1AA5CB14521,483,350,97,350,0,0,,
real_adsb,random_dropout_10,stage4B_3Day_nohup_20260819T132526Z_w101_20260821T152740Z::aa8cd7::20260821T152801__random_dropout_10,stage4B_3Day_nohup_20260819T132526Z_w101_20260821T152740Z::aa8cd7::20260821T152801,ct_ekf,9B267E777A3F1C6B7EA7564F31A7357E6AB47EF76156A1E3057827F29898042B,7424223B1ACEF014BFEE3C84033103D172202C587715ACF43AE3A1AA5CB14521,483,350,97,350,0,0,,
real_adsb,random_dropout_10,stage4B_3Day_nohup_20260819T132526Z_w101_20260821T152740Z::aa8cd7::20260821T152801__random_dropout_10,stage4B_3Day_nohup_20260819T132526Z_w101_20260821T152740Z::aa8cd7::20260821T152801,native_imm,9B267E777A3F1C6B7EA7564F31A7357E6AB47EF76156A1E3057827F29898042B,7424223B1ACEF014BFEE3C84033103D172202C587715ACF43AE3A1AA5CB14521,483,350,97,350,0,0,,
real_adsb,random_dropout_10,stage4B_3Day_nohup_20260819T132526Z_w101_20260821T152740Z::aa8cd7::20260821T152801__random_dropout_10,stage4B_3Day_nohup_20260819T132526Z_w101_20260821T152740Z::aa8cd7::20260821T152801,warm_ukf,9B267E777A3F1C6B7EA7564F31A7357E6AB47EF76156A1E3057827F29898042B,7424223B1ACEF014BFEE3C84033103D172202C587715ACF43AE3A1AA5CB14521,483,350,97,350,0,0,,
real_adsb,random_dropout_25,stage4B_3Day_nohup_20260819T132526Z_w101_20260821T152740Z::aa8cd7::20260821T152801__random_dropout_25,stage4B_3Day_nohup_20260819T132526Z_w101_20260821T152740Z::aa8cd7::20260821T152801,cv_ekf,C40B371768FC7EA8C5DA50A0DED8D11F1E54136447D4E38C53560A734F47DFF7,7424223B1ACEF014BFEE3C84033103D172202C587715ACF43AE3A1AA5CB14521,483,302,97,302,0,0,,
real_adsb,random_dropout_25,stage4B_3Day_nohup_20260819T132526Z_w101_20260821T152740Z::aa8cd7::20260821T152801__random_dropout_25,stage4B_3Day_nohup_20260819T132526Z_w101_20260821T152740Z::aa8cd7::20260821T152801,ca_ekf,C40B371768FC7EA8C5DA50A0DED8D11F1E54136447D4E38C53560A734F47DFF7,7424223B1ACEF014BFEE3C84033103D172202C587715ACF43AE3A1AA5CB14521,483,302,97,302,0,0,,
real_adsb,random_dropout_25,stage4B_3Day_nohup_20260819T132526Z_w101_20260821T152740Z::aa8cd7::20260821T152801__random_dropout_25,stage4B_3Day_nohup_20260819T132526Z_w101_20260821T152740Z::aa8cd7::20260821T152801,ct_ekf,C40B371768FC7EA8C5DA50A0DED8D11F1E54136447D4E38C53560A734F47DFF7,7424223B1ACEF014BFEE3C84033103D172202C587715ACF43AE3A1AA5CB14521,483,302,97,302,0,0,,
real_adsb,random_dropout_25,stage4B_3Day_nohup_20260819T132526Z_w101_20260821T152740Z::aa8cd7::20260821T152801__random_dropout_25,stage4B_3Day_nohup_20260819T132526Z_w101_20260821T152740Z::aa8cd7::20260821T152801,native_imm,C40B371768FC7EA8C5DA50A0DED8D11F1E54136447D4E38C53560A734F47DFF7,7424223B1ACEF014BFEE3C84033103D172202C587715ACF43AE3A1AA5CB14521,483,302,97,302,0,0,,
real_adsb,random_dropout_25,stage4B_3Day_nohup_20260819T132526Z_w101_20260821T152740Z::aa8cd7::20260821T152801__random_dropout_25,stage4B_3Day_nohup_20260819T132526Z_w101_20260821T152740Z::aa8cd7::20260821T152801,warm_ukf,C40B371768FC7EA8C5DA50A0DED8D11F1E54136447D4E38C53560A734F47DFF7,7424223B1ACEF014BFEE3C84033103D172202C587715ACF43AE3A1AA5CB14521,483,302,97,302,0,0,,
real_adsb,burst_outage,stage4B_3Day_nohup_20260819T132526Z_w101_20260821T152740Z::aa8cd7::20260821T152801__burst_outage,stage4B_3Day_nohup_20260819T132526Z_w101_20260821T152740Z::aa8cd7::20260821T152801,cv_ekf,6F5A389B91A5ECDA4DB29C4CCF36597828030855959B9BDDF1F7EE399BAA483F,7424223B1ACEF014BFEE3C84033103D172202C587715ACF43AE3A1AA5CB14521,483,309,97,309,0,0,,
real_adsb,burst_outage,stage4B_3Day_nohup_20260819T132526Z_w101_20260821T152740Z::aa8cd7::20260821T152801__burst_outage,stage4B_3Day_nohup_20260819T132526Z_w101_20260821T152740Z::aa8cd7::20260821T152801,ca_ekf,6F5A389B91A5ECDA4DB29C4CCF36597828030855959B9BDDF1F7EE399BAA483F,7424223B1ACEF014BFEE3C84033103D172202C587715ACF43AE3A1AA5CB14521,483,309,97,309,0,0,,
real_adsb,burst_outage,stage4B_3Day_nohup_20260819T132526Z_w101_20260821T152740Z::aa8cd7::20260821T152801__burst_outage,stage4B_3Day_nohup_20260819T132526Z_w101_20260821T152740Z::aa8cd7::20260821T152801,ct_ekf,6F5A389B91A5ECDA4DB29C4CCF36597828030855959B9BDDF1F7EE399BAA483F,7424223B1ACEF014BFEE3C84033103D172202C587715ACF43AE3A1AA5CB14521,483,309,97,309,0,0,,
real_adsb,burst_outage,stage4B_3Day_nohup_20260819T132526Z_w101_20260821T152740Z::aa8cd7::20260821T152801__burst_outage,stage4B_3Day_nohup_20260819T132526Z_w101_20260821T152740Z::aa8cd7::20260821T152801,native_imm,6F5A389B91A5ECDA4DB29C4CCF36597828030855959B9BDDF1F7EE399BAA483F,7424223B1ACEF014BFEE3C84033103D172202C587715ACF43AE3A1AA5CB14521,483,309,97,309,0,0,,
real_adsb,burst_outage,stage4B_3Day_nohup_20260819T132526Z_w101_20260821T152740Z::aa8cd7::20260821T152801__burst_outage,stage4B_3Day_nohup_20260819T132526Z_w101_20260821T152740Z::aa8cd7::20260821T152801,warm_ukf,6F5A389B91A5ECDA4DB29C4CCF36597828030855959B9BDDF1F7EE399BAA483F,7424223B1ACEF014BFEE3C84033103D172202C587715ACF43AE3A1AA5CB14521,483,309,97,309,0,0,,
real_adsb,baseline,stage4B_3Day_nohup_20260819T132526Z_w004_20260819T145740Z::ac2549::20260819T145744__baseline,stage4B_3Day_nohup_20260819T132526Z_w004_20260819T145740Z::ac2549::20260819T145744,cv_ekf,EC9124F46284E83E86ACA033A9A580ADDCD370708E8852587C5FBF653A4AC4A1,8AE43CF320AC27A73095B70B4B08B5EBA65FFBDEECCE6C06A1348C74E51B1F34,479,383,96,383,0,0,,
real_adsb,baseline,stage4B_3Day_nohup_20260819T132526Z_w004_20260819T145740Z::ac2549::20260819T145744__baseline,stage4B_3Day_nohup_20260819T132526Z_w004_20260819T145740Z::ac2549::20260819T145744,ca_ekf,EC9124F46284E83E86ACA033A9A580ADDCD370708E8852587C5FBF653A4AC4A1,8AE43CF320AC27A73095B70B4B08B5EBA65FFBDEECCE6C06A1348C74E51B1F34,479,383,96,383,0,0,,
real_adsb,baseline,stage4B_3Day_nohup_20260819T132526Z_w004_20260819T145740Z::ac2549::20260819T145744__baseline,stage4B_3Day_nohup_20260819T132526Z_w004_20260819T145740Z::ac2549::20260819T145744,ct_ekf,EC9124F46284E83E86ACA033A9A580ADDCD370708E8852587C5FBF653A4AC4A1,8AE43CF320AC27A73095B70B4B08B5EBA65FFBDEECCE6C06A1348C74E51B1F34,479,383,96,383,0,0,,
real_adsb,baseline,stage4B_3Day_nohup_20260819T132526Z_w004_20260819T145740Z::ac2549::20260819T145744__baseline,stage4B_3Day_nohup_20260819T132526Z_w004_20260819T145740Z::ac2549::20260819T145744,native_imm,EC9124F46284E83E86ACA033A9A580ADDCD370708E8852587C5FBF653A4AC4A1,8AE43CF320AC27A73095B70B4B08B5EBA65FFBDEECCE6C06A1348C74E51B1F34,479,383,96,383,0,0,,
real_adsb,baseline,stage4B_3Day_nohup_20260819T132526Z_w004_20260819T145740Z::ac2549::20260819T145744__baseline,stage4B_3Day_nohup_20260819T132526Z_w004_20260819T145740Z::ac2549::20260819T145744,warm_ukf,EC9124F46284E83E86ACA033A9A580ADDCD370708E8852587C5FBF653A4AC4A1,8AE43CF320AC27A73095B70B4B08B5EBA65FFBDEECCE6C06A1348C74E51B1F34,479,383,96,383,0,0,,
real_adsb,random_dropout_10,stage4B_3Day_nohup_20260819T132526Z_w004_20260819T145740Z::ac2549::20260819T145744__random_dropout_10,stage4B_3Day_nohup_20260819T132526Z_w004_20260819T145740Z::ac2549::20260819T145744,cv_ekf,EB36BA0B2B3E608413561FAB96CF71C8FCB84EB35D56695D2B70B8C1A448229E,8AE43CF320AC27A73095B70B4B08B5EBA65FFBDEECCE6C06A1348C74E51B1F34,479,353,96,353,0,0,,
real_adsb,random_dropout_10,stage4B_3Day_nohup_20260819T132526Z_w004_20260819T145740Z::ac2549::20260819T145744__random_dropout_10,stage4B_3Day_nohup_20260819T132526Z_w004_20260819T145740Z::ac2549::20260819T145744,ca_ekf,EB36BA0B2B3E608413561FAB96CF71C8FCB84EB35D56695D2B70B8C1A448229E,8AE43CF320AC27A73095B70B4B08B5EBA65FFBDEECCE6C06A1348C74E51B1F34,479,353,96,353,0,0,,
real_adsb,random_dropout_10,stage4B_3Day_nohup_20260819T132526Z_w004_20260819T145740Z::ac2549::20260819T145744__random_dropout_10,stage4B_3Day_nohup_20260819T132526Z_w004_20260819T145740Z::ac2549::20260819T145744,ct_ekf,EB36BA0B2B3E608413561FAB96CF71C8FCB84EB35D56695D2B70B8C1A448229E,8AE43CF320AC27A73095B70B4B08B5EBA65FFBDEECCE6C06A1348C74E51B1F34,479,353,96,353,0,0,,
real_adsb,random_dropout_10,stage4B_3Day_nohup_20260819T132526Z_w004_20260819T145740Z::ac2549::20260819T145744__random_dropout_10,stage4B_3Day_nohup_20260819T132526Z_w004_20260819T145740Z::ac2549::20260819T145744,native_imm,EB36BA0B2B3E608413561FAB96CF71C8FCB84EB35D56695D2B70B8C1A448229E,8AE43CF320AC27A73095B70B4B08B5EBA65FFBDEECCE6C06A1348C74E51B1F34,479,353,96,353,0,0,,
real_adsb,random_dropout_10,stage4B_3Day_nohup_20260819T132526Z_w004_20260819T145740Z::ac2549::20260819T145744__random_dropout_10,stage4B_3Day_nohup_20260819T132526Z_w004_20260819T145740Z::ac2549::20260819T145744,warm_ukf,EB36BA0B2B3E608413561FAB96CF71C8FCB84EB35D56695D2B70B8C1A448229E,8AE43CF320AC27A73095B70B4B08B5EBA65FFBDEECCE6C06A1348C74E51B1F34,479,353,96,353,0,0,,
real_adsb,random_dropout_25,stage4B_3Day_nohup_20260819T132526Z_w004_20260819T145740Z::ac2549::20260819T145744__random_dropout_25,stage4B_3Day_nohup_20260819T132526Z_w004_20260819T145740Z::ac2549::20260819T145744,cv_ekf,911F7F7A988CD976F13CAE849311C2C216D9C4E733CEBA878DF783C449D649C2,8AE43CF320AC27A73095B70B4B08B5EBA65FFBDEECCE6C06A1348C74E51B1F34,479,280,96,280,0,0,,
real_adsb,random_dropout_25,stage4B_3Day_nohup_20260819T132526Z_w004_20260819T145740Z::ac2549::20260819T145744__random_dropout_25,stage4B_3Day_nohup_20260819T132526Z_w004_20260819T145740Z::ac2549::20260819T145744,ca_ekf,911F7F7A988CD976F13CAE849311C2C216D9C4E733CEBA878DF783C449D649C2,8AE43CF320AC27A73095B70B4B08B5EBA65FFBDEECCE6C06A1348C74E51B1F34,479,280,96,280,0,0,,
real_adsb,random_dropout_25,stage4B_3Day_nohup_20260819T132526Z_w004_20260819T145740Z::ac2549::20260819T145744__random_dropout_25,stage4B_3Day_nohup_20260819T132526Z_w004_20260819T145740Z::ac2549::20260819T145744,ct_ekf,911F7F7A988CD976F13CAE849311C2C216D9C4E733CEBA878DF783C449D649C2,8AE43CF320AC27A73095B70B4B08B5EBA65FFBDEECCE6C06A1348C74E51B1F34,479,280,96,280,0,0,,
real_adsb,random_dropout_25,stage4B_3Day_nohup_20260819T132526Z_w004_20260819T145740Z::ac2549::20260819T145744__random_dropout_25,stage4B_3Day_nohup_20260819T132526Z_w004_20260819T145740Z::ac2549::20260819T145744,native_imm,911F7F7A988CD976F13CAE849311C2C216D9C4E733CEBA878DF783C449D649C2,8AE43CF320AC27A73095B70B4B08B5EBA65FFBDEECCE6C06A1348C74E51B1F34,479,280,96,280,0,0,,
real_adsb,random_dropout_25,stage4B_3Day_nohup_20260819T132526Z_w004_20260819T145740Z::ac2549::20260819T145744__random_dropout_25,stage4B_3Day_nohup_20260819T132526Z_w004_20260819T145740Z::ac2549::20260819T145744,warm_ukf,911F7F7A988CD976F13CAE849311C2C216D9C4E733CEBA878DF783C449D649C2,8AE43CF320AC27A73095B70B4B08B5EBA65FFBDEECCE6C06A1348C74E51B1F34,479,280,96,280,0,0,,
real_adsb,burst_outage,stage4B_3Day_nohup_20260819T132526Z_w004_20260819T145740Z::ac2549::20260819T145744__burst_outage,stage4B_3Day_nohup_20260819T132526Z_w004_20260819T145740Z::ac2549::20260819T145744,cv_ekf,3231C3F12E217DC6DCC76DE927FC7933B80B3CEFE1333222D72846483800D5E8,8AE43CF320AC27A73095B70B4B08B5EBA65FFBDEECCE6C06A1348C74E51B1F34,479,307,96,307,0,0,,
real_adsb,burst_outage,stage4B_3Day_nohup_20260819T132526Z_w004_20260819T145740Z::ac2549::20260819T145744__burst_outage,stage4B_3Day_nohup_20260819T132526Z_w004_20260819T145740Z::ac2549::20260819T145744,ca_ekf,3231C3F12E217DC6DCC76DE927FC7933B80B3CEFE1333222D72846483800D5E8,8AE43CF320AC27A73095B70B4B08B5EBA65FFBDEECCE6C06A1348C74E51B1F34,479,307,96,307,0,0,,
real_adsb,burst_outage,stage4B_3Day_nohup_20260819T132526Z_w004_20260819T145740Z::ac2549::20260819T145744__burst_outage,stage4B_3Day_nohup_20260819T132526Z_w004_20260819T145740Z::ac2549::20260819T145744,ct_ekf,3231C3F12E217DC6DCC76DE927FC7933B80B3CEFE1333222D72846483800D5E8,8AE43CF320AC27A73095B70B4B08B5EBA65FFBDEECCE6C06A1348C74E51B1F34,479,307,96,307,0,0,,
real_adsb,burst_outage,stage4B_3Day_nohup_20260819T132526Z_w004_20260819T145740Z::ac2549::20260819T145744__burst_outage,stage4B_3Day_nohup_20260819T132526Z_w004_20260819T145740Z::ac2549::20260819T145744,native_imm,3231C3F12E217DC6DCC76DE927FC7933B80B3CEFE1333222D72846483800D5E8,8AE43CF320AC27A73095B70B4B08B5EBA65FFBDEECCE6C06A1348C74E51B1F34,479,307,96,307,0,0,,
real_adsb,burst_outage,stage4B_3Day_nohup_20260819T132526Z_w004_20260819T145740Z::ac2549::20260819T145744__burst_outage,stage4B_3Day_nohup_20260819T132526Z_w004_20260819T145740Z::ac2549::20260819T145744,warm_ukf,3231C3F12E217DC6DCC76DE927FC7933B80B3CEFE1333222D72846483800D5E8,8AE43CF320AC27A73095B70B4B08B5EBA65FFBDEECCE6C06A1348C74E51B1F34,479,307,96,307,0,0,,
real_adsb,baseline,stage4B_3Day_nohup_20260819T132526Z_w089_20260821T092740Z::add2ad::20260821T093257__baseline,stage4B_3Day_nohup_20260819T132526Z_w089_20260821T092740Z::add2ad::20260821T093257,cv_ekf,841E834086BBC23F3E9888B9601C3F98AEE8DA3AAD0400BA756BD25595EA4D4E,743B08899780DE8C11DF0F423BA317D5A355C9B291BA3248848754515FCA0ADD,475,380,95,380,0,0,,
real_adsb,baseline,stage4B_3Day_nohup_20260819T132526Z_w089_20260821T092740Z::add2ad::20260821T093257__baseline,stage4B_3Day_nohup_20260819T132526Z_w089_20260821T092740Z::add2ad::20260821T093257,ca_ekf,841E834086BBC23F3E9888B9601C3F98AEE8DA3AAD0400BA756BD25595EA4D4E,743B08899780DE8C11DF0F423BA317D5A355C9B291BA3248848754515FCA0ADD,475,380,95,380,0,0,,
real_adsb,baseline,stage4B_3Day_nohup_20260819T132526Z_w089_20260821T092740Z::add2ad::20260821T093257__baseline,stage4B_3Day_nohup_20260819T132526Z_w089_20260821T092740Z::add2ad::20260821T093257,ct_ekf,841E834086BBC23F3E9888B9601C3F98AEE8DA3AAD0400BA756BD25595EA4D4E,743B08899780DE8C11DF0F423BA317D5A355C9B291BA3248848754515FCA0ADD,475,380,95,380,0,0,,
real_adsb,baseline,stage4B_3Day_nohup_20260819T132526Z_w089_20260821T092740Z::add2ad::20260821T093257__baseline,stage4B_3Day_nohup_20260819T132526Z_w089_20260821T092740Z::add2ad::20260821T093257,native_imm,841E834086BBC23F3E9888B9601C3F98AEE8DA3AAD0400BA756BD25595EA4D4E,743B08899780DE8C11DF0F423BA317D5A355C9B291BA3248848754515FCA0ADD,475,380,95,380,0,0,,
real_adsb,baseline,stage4B_3Day_nohup_20260819T132526Z_w089_20260821T092740Z::add2ad::20260821T093257__baseline,stage4B_3Day_nohup_20260819T132526Z_w089_20260821T092740Z::add2ad::20260821T093257,warm_ukf,841E834086BBC23F3E9888B9601C3F98AEE8DA3AAD0400BA756BD25595EA4D4E,743B08899780DE8C11DF0F423BA317D5A355C9B291BA3248848754515FCA0ADD,475,380,95,380,0,0,,
real_adsb,random_dropout_10,stage4B_3Day_nohup_20260819T132526Z_w089_20260821T092740Z::add2ad::20260821T093257__random_dropout_10,stage4B_3Day_nohup_20260819T132526Z_w089_20260821T092740Z::add2ad::20260821T093257,cv_ekf,141E49E82CC6D6FAADF6C07771C836C80E0B43FAB8E5AF0D405A22D1C8EBB7B9,743B08899780DE8C11DF0F423BA317D5A355C9B291BA3248848754515FCA0ADD,475,342,95,342,0,0,,
real_adsb,random_dropout_10,stage4B_3Day_nohup_20260819T132526Z_w089_20260821T092740Z::add2ad::20260821T093257__random_dropout_10,stage4B_3Day_nohup_20260819T132526Z_w089_20260821T092740Z::add2ad::20260821T093257,ca_ekf,141E49E82CC6D6FAADF6C07771C836C80E0B43FAB8E5AF0D405A22D1C8EBB7B9,743B08899780DE8C11DF0F423BA317D5A355C9B291BA3248848754515FCA0ADD,475,342,95,342,0,0,,
real_adsb,random_dropout_10,stage4B_3Day_nohup_20260819T132526Z_w089_20260821T092740Z::add2ad::20260821T093257__random_dropout_10,stage4B_3Day_nohup_20260819T132526Z_w089_20260821T092740Z::add2ad::20260821T093257,ct_ekf,141E49E82CC6D6FAADF6C07771C836C80E0B43FAB8E5AF0D405A22D1C8EBB7B9,743B08899780DE8C11DF0F423BA317D5A355C9B291BA3248848754515FCA0ADD,475,342,95,342,0,0,,
real_adsb,random_dropout_10,stage4B_3Day_nohup_20260819T132526Z_w089_20260821T092740Z::add2ad::20260821T093257__random_dropout_10,stage4B_3Day_nohup_20260819T132526Z_w089_20260821T092740Z::add2ad::20260821T093257,native_imm,141E49E82CC6D6FAADF6C07771C836C80E0B43FAB8E5AF0D405A22D1C8EBB7B9,743B08899780DE8C11DF0F423BA317D5A355C9B291BA3248848754515FCA0ADD,475,342,95,342,0,0,,
real_adsb,random_dropout_10,stage4B_3Day_nohup_20260819T132526Z_w089_20260821T092740Z::add2ad::20260821T093257__random_dropout_10,stage4B_3Day_nohup_20260819T132526Z_w089_20260821T092740Z::add2ad::20260821T093257,warm_ukf,141E49E82CC6D6FAADF6C07771C836C80E0B43FAB8E5AF0D405A22D1C8EBB7B9,743B08899780DE8C11DF0F423BA317D5A355C9B291BA3248848754515FCA0ADD,475,342,95,342,0,0,,
real_adsb,random_dropout_25,stage4B_3Day_nohup_20260819T132526Z_w089_20260821T092740Z::add2ad::20260821T093257__random_dropout_25,stage4B_3Day_nohup_20260819T132526Z_w089_20260821T092740Z::add2ad::20260821T093257,cv_ekf,863A385C74052CD8A64258F8BDCFCE30080FED65F968A46311AC9BD7116E8522,743B08899780DE8C11DF0F423BA317D5A355C9B291BA3248848754515FCA0ADD,475,272,95,272,0,0,,
real_adsb,random_dropout_25,stage4B_3Day_nohup_20260819T132526Z_w089_20260821T092740Z::add2ad::20260821T093257__random_dropout_25,stage4B_3Day_nohup_20260819T132526Z_w089_20260821T092740Z::add2ad::20260821T093257,ca_ekf,863A385C74052CD8A64258F8BDCFCE30080FED65F968A46311AC9BD7116E8522,743B08899780DE8C11DF0F423BA317D5A355C9B291BA3248848754515FCA0ADD,475,272,95,272,0,0,,
real_adsb,random_dropout_25,stage4B_3Day_nohup_20260819T132526Z_w089_20260821T092740Z::add2ad::20260821T093257__random_dropout_25,stage4B_3Day_nohup_20260819T132526Z_w089_20260821T092740Z::add2ad::20260821T093257,ct_ekf,863A385C74052CD8A64258F8BDCFCE30080FED65F968A46311AC9BD7116E8522,743B08899780DE8C11DF0F423BA317D5A355C9B291BA3248848754515FCA0ADD,475,272,95,272,0,0,,
real_adsb,random_dropout_25,stage4B_3Day_nohup_20260819T132526Z_w089_20260821T092740Z::add2ad::20260821T093257__random_dropout_25,stage4B_3Day_nohup_20260819T132526Z_w089_20260821T092740Z::add2ad::20260821T093257,native_imm,863A385C74052CD8A64258F8BDCFCE30080FED65F968A46311AC9BD7116E8522,743B08899780DE8C11DF0F423BA317D5A355C9B291BA3248848754515FCA0ADD,475,272,95,272,0,0,,
real_adsb,random_dropout_25,stage4B_3Day_nohup_20260819T132526Z_w089_20260821T092740Z::add2ad::20260821T093257__random_dropout_25,stage4B_3Day_nohup_20260819T132526Z_w089_20260821T092740Z::add2ad::20260821T093257,warm_ukf,863A385C74052CD8A64258F8BDCFCE30080FED65F968A46311AC9BD7116E8522,743B08899780DE8C11DF0F423BA317D5A355C9B291BA3248848754515FCA0ADD,475,272,95,272,0,0,,
real_adsb,burst_outage,stage4B_3Day_nohup_20260819T132526Z_w089_20260821T092740Z::add2ad::20260821T093257__burst_outage,stage4B_3Day_nohup_20260819T132526Z_w089_20260821T092740Z::add2ad::20260821T093257,cv_ekf,2982D6D70351A48666D435F1B09C1AE52341B871D0BB3DA5045C376FD502BAB2,743B08899780DE8C11DF0F423BA317D5A355C9B291BA3248848754515FCA0ADD,475,304,95,304,0,0,,
real_adsb,burst_outage,stage4B_3Day_nohup_20260819T132526Z_w089_20260821T092740Z::add2ad::20260821T093257__burst_outage,stage4B_3Day_nohup_20260819T132526Z_w089_20260821T092740Z::add2ad::20260821T093257,ca_ekf,2982D6D70351A48666D435F1B09C1AE52341B871D0BB3DA5045C376FD502BAB2,743B08899780DE8C11DF0F423BA317D5A355C9B291BA3248848754515FCA0ADD,475,304,95,304,0,0,,
real_adsb,burst_outage,stage4B_3Day_nohup_20260819T132526Z_w089_20260821T092740Z::add2ad::20260821T093257__burst_outage,stage4B_3Day_nohup_20260819T132526Z_w089_20260821T092740Z::add2ad::20260821T093257,ct_ekf,2982D6D70351A48666D435F1B09C1AE52341B871D0BB3DA5045C376FD502BAB2,743B08899780DE8C11DF0F423BA317D5A355C9B291BA3248848754515FCA0ADD,475,304,95,304,0,0,,
real_adsb,burst_outage,stage4B_3Day_nohup_20260819T132526Z_w089_20260821T092740Z::add2ad::20260821T093257__burst_outage,stage4B_3Day_nohup_20260819T132526Z_w089_20260821T092740Z::add2ad::20260821T093257,native_imm,2982D6D70351A48666D435F1B09C1AE52341B871D0BB3DA5045C376FD502BAB2,743B08899780DE8C11DF0F423BA317D5A355C9B291BA3248848754515FCA0ADD,475,304,95,304,0,0,,
real_adsb,burst_outage,stage4B_3Day_nohup_20260819T132526Z_w089_20260821T092740Z::add2ad::20260821T093257__burst_outage,stage4B_3Day_nohup_20260819T132526Z_w089_20260821T092740Z::add2ad::20260821T093257,warm_ukf,2982D6D70351A48666D435F1B09C1AE52341B871D0BB3DA5045C376FD502BAB2,743B08899780DE8C11DF0F423BA317D5A355C9B291BA3248848754515FCA0ADD,475,304,95,304,0,0,,
real_adsb,baseline,stage4B_3Day_nohup_20260819T132526Z_w114_20260821T215740Z::a6f5fc::20260821T215913__baseline,stage4B_3Day_nohup_20260819T132526Z_w114_20260821T215740Z::a6f5fc::20260821T215913,cv_ekf,8EA720AB4C33F503225595DC1E260F7AF78F3CD3F80A61C52B26039A8B411292,262AAAD2A48CFA61AE8CB5E7C0A1741C62B69FAC9B1E1AE446EAA41A568B38E2,474,379,95,379,0,0,,
real_adsb,baseline,stage4B_3Day_nohup_20260819T132526Z_w114_20260821T215740Z::a6f5fc::20260821T215913__baseline,stage4B_3Day_nohup_20260819T132526Z_w114_20260821T215740Z::a6f5fc::20260821T215913,ca_ekf,8EA720AB4C33F503225595DC1E260F7AF78F3CD3F80A61C52B26039A8B411292,262AAAD2A48CFA61AE8CB5E7C0A1741C62B69FAC9B1E1AE446EAA41A568B38E2,474,379,95,379,0,0,,
real_adsb,baseline,stage4B_3Day_nohup_20260819T132526Z_w114_20260821T215740Z::a6f5fc::20260821T215913__baseline,stage4B_3Day_nohup_20260819T132526Z_w114_20260821T215740Z::a6f5fc::20260821T215913,ct_ekf,8EA720AB4C33F503225595DC1E260F7AF78F3CD3F80A61C52B26039A8B411292,262AAAD2A48CFA61AE8CB5E7C0A1741C62B69FAC9B1E1AE446EAA41A568B38E2,474,379,95,379,0,0,,
real_adsb,baseline,stage4B_3Day_nohup_20260819T132526Z_w114_20260821T215740Z::a6f5fc::20260821T215913__baseline,stage4B_3Day_nohup_20260819T132526Z_w114_20260821T215740Z::a6f5fc::20260821T215913,native_imm,8EA720AB4C33F503225595DC1E260F7AF78F3CD3F80A61C52B26039A8B411292,262AAAD2A48CFA61AE8CB5E7C0A1741C62B69FAC9B1E1AE446EAA41A568B38E2,474,379,95,379,0,0,,
real_adsb,baseline,stage4B_3Day_nohup_20260819T132526Z_w114_20260821T215740Z::a6f5fc::20260821T215913__baseline,stage4B_3Day_nohup_20260819T132526Z_w114_20260821T215740Z::a6f5fc::20260821T215913,warm_ukf,8EA720AB4C33F503225595DC1E260F7AF78F3CD3F80A61C52B26039A8B411292,262AAAD2A48CFA61AE8CB5E7C0A1741C62B69FAC9B1E1AE446EAA41A568B38E2,474,379,95,379,0,0,,
real_adsb,random_dropout_10,stage4B_3Day_nohup_20260819T132526Z_w114_20260821T215740Z::a6f5fc::20260821T215913__random_dropout_10,stage4B_3Day_nohup_20260819T132526Z_w114_20260821T215740Z::a6f5fc::20260821T215913,cv_ekf,894518918D023DCB60778B5FDEE6FA2A69B9D8A25CFC0CA9037EF75A46866422,262AAAD2A48CFA61AE8CB5E7C0A1741C62B69FAC9B1E1AE446EAA41A568B38E2,474,329,95,329,0,0,,
real_adsb,random_dropout_10,stage4B_3Day_nohup_20260819T132526Z_w114_20260821T215740Z::a6f5fc::20260821T215913__random_dropout_10,stage4B_3Day_nohup_20260819T132526Z_w114_20260821T215740Z::a6f5fc::20260821T215913,ca_ekf,894518918D023DCB60778B5FDEE6FA2A69B9D8A25CFC0CA9037EF75A46866422,262AAAD2A48CFA61AE8CB5E7C0A1741C62B69FAC9B1E1AE446EAA41A568B38E2,474,329,95,329,0,0,,
real_adsb,random_dropout_10,stage4B_3Day_nohup_20260819T132526Z_w114_20260821T215740Z::a6f5fc::20260821T215913__random_dropout_10,stage4B_3Day_nohup_20260819T132526Z_w114_20260821T215740Z::a6f5fc::20260821T215913,ct_ekf,894518918D023DCB60778B5FDEE6FA2A69B9D8A25CFC0CA9037EF75A46866422,262AAAD2A48CFA61AE8CB5E7C0A1741C62B69FAC9B1E1AE446EAA41A568B38E2,474,329,95,329,0,0,,
real_adsb,random_dropout_10,stage4B_3Day_nohup_20260819T132526Z_w114_20260821T215740Z::a6f5fc::20260821T215913__random_dropout_10,stage4B_3Day_nohup_20260819T132526Z_w114_20260821T215740Z::a6f5fc::20260821T215913,native_imm,894518918D023DCB60778B5FDEE6FA2A69B9D8A25CFC0CA9037EF75A46866422,262AAAD2A48CFA61AE8CB5E7C0A1741C62B69FAC9B1E1AE446EAA41A568B38E2,474,329,95,329,0,0,,
real_adsb,random_dropout_10,stage4B_3Day_nohup_20260819T132526Z_w114_20260821T215740Z::a6f5fc::20260821T215913__random_dropout_10,stage4B_3Day_nohup_20260819T132526Z_w114_20260821T215740Z::a6f5fc::20260821T215913,warm_ukf,894518918D023DCB60778B5FDEE6FA2A69B9D8A25CFC0CA9037EF75A46866422,262AAAD2A48CFA61AE8CB5E7C0A1741C62B69FAC9B1E1AE446EAA41A568B38E2,474,329,95,329,0,0,,
real_adsb,random_dropout_25,stage4B_3Day_nohup_20260819T132526Z_w114_20260821T215740Z::a6f5fc::20260821T215913__random_dropout_25,stage4B_3Day_nohup_20260819T132526Z_w114_20260821T215740Z::a6f5fc::20260821T215913,cv_ekf,133F7890D6ED45A012356F5943BC1A4E46761C5FF562210815C42E45A28A8C94,262AAAD2A48CFA61AE8CB5E7C0A1741C62B69FAC9B1E1AE446EAA41A568B38E2,474,284,95,284,0,0,,
real_adsb,random_dropout_25,stage4B_3Day_nohup_20260819T132526Z_w114_20260821T215740Z::a6f5fc::20260821T215913__random_dropout_25,stage4B_3Day_nohup_20260819T132526Z_w114_20260821T215740Z::a6f5fc::20260821T215913,ca_ekf,133F7890D6ED45A012356F5943BC1A4E46761C5FF562210815C42E45A28A8C94,262AAAD2A48CFA61AE8CB5E7C0A1741C62B69FAC9B1E1AE446EAA41A568B38E2,474,284,95,284,0,0,,
real_adsb,random_dropout_25,stage4B_3Day_nohup_20260819T132526Z_w114_20260821T215740Z::a6f5fc::20260821T215913__random_dropout_25,stage4B_3Day_nohup_20260819T132526Z_w114_20260821T215740Z::a6f5fc::20260821T215913,ct_ekf,133F7890D6ED45A012356F5943BC1A4E46761C5FF562210815C42E45A28A8C94,262AAAD2A48CFA61AE8CB5E7C0A1741C62B69FAC9B1E1AE446EAA41A568B38E2,474,284,95,284,0,0,,
real_adsb,random_dropout_25,stage4B_3Day_nohup_20260819T132526Z_w114_20260821T215740Z::a6f5fc::20260821T215913__random_dropout_25,stage4B_3Day_nohup_20260819T132526Z_w114_20260821T215740Z::a6f5fc::20260821T215913,native_imm,133F7890D6ED45A012356F5943BC1A4E46761C5FF562210815C42E45A28A8C94,262AAAD2A48CFA61AE8CB5E7C0A1741C62B69FAC9B1E1AE446EAA41A568B38E2,474,284,95,284,0,0,,
real_adsb,random_dropout_25,stage4B_3Day_nohup_20260819T132526Z_w114_20260821T215740Z::a6f5fc::20260821T215913__random_dropout_25,stage4B_3Day_nohup_20260819T132526Z_w114_20260821T215740Z::a6f5fc::20260821T215913,warm_ukf,133F7890D6ED45A012356F5943BC1A4E46761C5FF562210815C42E45A28A8C94,262AAAD2A48CFA61AE8CB5E7C0A1741C62B69FAC9B1E1AE446EAA41A568B38E2,474,284,95,284,0,0,,
real_adsb,burst_outage,stage4B_3Day_nohup_20260819T132526Z_w114_20260821T215740Z::a6f5fc::20260821T215913__burst_outage,stage4B_3Day_nohup_20260819T132526Z_w114_20260821T215740Z::a6f5fc::20260821T215913,cv_ekf,13E9ABEC92E962AEC03316394B90CD6BED6B7984BC65BCBA49A71674F1A84F35,262AAAD2A48CFA61AE8CB5E7C0A1741C62B69FAC9B1E1AE446EAA41A568B38E2,474,303,95,303,0,0,,
real_adsb,burst_outage,stage4B_3Day_nohup_20260819T132526Z_w114_20260821T215740Z::a6f5fc::20260821T215913__burst_outage,stage4B_3Day_nohup_20260819T132526Z_w114_20260821T215740Z::a6f5fc::20260821T215913,ca_ekf,13E9ABEC92E962AEC03316394B90CD6BED6B7984BC65BCBA49A71674F1A84F35,262AAAD2A48CFA61AE8CB5E7C0A1741C62B69FAC9B1E1AE446EAA41A568B38E2,474,303,95,303,0,0,,
real_adsb,burst_outage,stage4B_3Day_nohup_20260819T132526Z_w114_20260821T215740Z::a6f5fc::20260821T215913__burst_outage,stage4B_3Day_nohup_20260819T132526Z_w114_20260821T215740Z::a6f5fc::20260821T215913,ct_ekf,13E9ABEC92E962AEC03316394B90CD6BED6B7984BC65BCBA49A71674F1A84F35,262AAAD2A48CFA61AE8CB5E7C0A1741C62B69FAC9B1E1AE446EAA41A568B38E2,474,303,95,303,0,0,,
real_adsb,burst_outage,stage4B_3Day_nohup_20260819T132526Z_w114_20260821T215740Z::a6f5fc::20260821T215913__burst_outage,stage4B_3Day_nohup_20260819T132526Z_w114_20260821T215740Z::a6f5fc::20260821T215913,native_imm,13E9ABEC92E962AEC03316394B90CD6BED6B7984BC65BCBA49A71674F1A84F35,262AAAD2A48CFA61AE8CB5E7C0A1741C62B69FAC9B1E1AE446EAA41A568B38E2,474,303,95,303,0,0,,
real_adsb,burst_outage,stage4B_3Day_nohup_20260819T132526Z_w114_20260821T215740Z::a6f5fc::20260821T215913__burst_outage,stage4B_3Day_nohup_20260819T132526Z_w114_20260821T215740Z::a6f5fc::20260821T215913,warm_ukf,13E9ABEC92E962AEC03316394B90CD6BED6B7984BC65BCBA49A71674F1A84F35,262AAAD2A48CFA61AE8CB5E7C0A1741C62B69FAC9B1E1AE446EAA41A568B38E2,474,303,95,303,0,0,,
real_adsb,baseline,stage4B_3Day_nohup_20260819T132526Z_w125_20260822T032740Z::a3c8d1::20260822T033038__baseline,stage4B_3Day_nohup_20260819T132526Z_w125_20260822T032740Z::a3c8d1::20260822T033038,cv_ekf,AD6774283C8E42B5D9673C4291CEAB4B26A44BA49810B38AF27A35F941E28FE1,7018384EF7681BD461F7629E08AEF476D29630992145EF47D213929530668ADB,466,373,93,373,0,0,,
real_adsb,baseline,stage4B_3Day_nohup_20260819T132526Z_w125_20260822T032740Z::a3c8d1::20260822T033038__baseline,stage4B_3Day_nohup_20260819T132526Z_w125_20260822T032740Z::a3c8d1::20260822T033038,ca_ekf,AD6774283C8E42B5D9673C4291CEAB4B26A44BA49810B38AF27A35F941E28FE1,7018384EF7681BD461F7629E08AEF476D29630992145EF47D213929530668ADB,466,373,93,373,0,0,,
real_adsb,baseline,stage4B_3Day_nohup_20260819T132526Z_w125_20260822T032740Z::a3c8d1::20260822T033038__baseline,stage4B_3Day_nohup_20260819T132526Z_w125_20260822T032740Z::a3c8d1::20260822T033038,ct_ekf,AD6774283C8E42B5D9673C4291CEAB4B26A44BA49810B38AF27A35F941E28FE1,7018384EF7681BD461F7629E08AEF476D29630992145EF47D213929530668ADB,466,373,93,373,0,0,,
real_adsb,baseline,stage4B_3Day_nohup_20260819T132526Z_w125_20260822T032740Z::a3c8d1::20260822T033038__baseline,stage4B_3Day_nohup_20260819T132526Z_w125_20260822T032740Z::a3c8d1::20260822T033038,native_imm,AD6774283C8E42B5D9673C4291CEAB4B26A44BA49810B38AF27A35F941E28FE1,7018384EF7681BD461F7629E08AEF476D29630992145EF47D213929530668ADB,466,373,93,373,0,0,,
real_adsb,baseline,stage4B_3Day_nohup_20260819T132526Z_w125_20260822T032740Z::a3c8d1::20260822T033038__baseline,stage4B_3Day_nohup_20260819T132526Z_w125_20260822T032740Z::a3c8d1::20260822T033038,warm_ukf,AD6774283C8E42B5D9673C4291CEAB4B26A44BA49810B38AF27A35F941E28FE1,7018384EF7681BD461F7629E08AEF476D29630992145EF47D213929530668ADB,466,373,93,373,0,0,,
real_adsb,random_dropout_10,stage4B_3Day_nohup_20260819T132526Z_w125_20260822T032740Z::a3c8d1::20260822T033038__random_dropout_10,stage4B_3Day_nohup_20260819T132526Z_w125_20260822T032740Z::a3c8d1::20260822T033038,cv_ekf,5E2145F5702641129E8B0F3D9A258CA2E8823A8A4B31E5F0B63061D568C5DE37,7018384EF7681BD461F7629E08AEF476D29630992145EF47D213929530668ADB,466,324,93,324,0,0,,
real_adsb,random_dropout_10,stage4B_3Day_nohup_20260819T132526Z_w125_20260822T032740Z::a3c8d1::20260822T033038__random_dropout_10,stage4B_3Day_nohup_20260819T132526Z_w125_20260822T032740Z::a3c8d1::20260822T033038,ca_ekf,5E2145F5702641129E8B0F3D9A258CA2E8823A8A4B31E5F0B63061D568C5DE37,7018384EF7681BD461F7629E08AEF476D29630992145EF47D213929530668ADB,466,324,93,324,0,0,,
real_adsb,random_dropout_10,stage4B_3Day_nohup_20260819T132526Z_w125_20260822T032740Z::a3c8d1::20260822T033038__random_dropout_10,stage4B_3Day_nohup_20260819T132526Z_w125_20260822T032740Z::a3c8d1::20260822T033038,ct_ekf,5E2145F5702641129E8B0F3D9A258CA2E8823A8A4B31E5F0B63061D568C5DE37,7018384EF7681BD461F7629E08AEF476D29630992145EF47D213929530668ADB,466,324,93,324,0,0,,
real_adsb,random_dropout_10,stage4B_3Day_nohup_20260819T132526Z_w125_20260822T032740Z::a3c8d1::20260822T033038__random_dropout_10,stage4B_3Day_nohup_20260819T132526Z_w125_20260822T032740Z::a3c8d1::20260822T033038,native_imm,5E2145F5702641129E8B0F3D9A258CA2E8823A8A4B31E5F0B63061D568C5DE37,7018384EF7681BD461F7629E08AEF476D29630992145EF47D213929530668ADB,466,324,93,324,0,0,,
real_adsb,random_dropout_10,stage4B_3Day_nohup_20260819T132526Z_w125_20260822T032740Z::a3c8d1::20260822T033038__random_dropout_10,stage4B_3Day_nohup_20260819T132526Z_w125_20260822T032740Z::a3c8d1::20260822T033038,warm_ukf,5E2145F5702641129E8B0F3D9A258CA2E8823A8A4B31E5F0B63061D568C5DE37,7018384EF7681BD461F7629E08AEF476D29630992145EF47D213929530668ADB,466,324,93,324,0,0,,
real_adsb,random_dropout_25,stage4B_3Day_nohup_20260819T132526Z_w125_20260822T032740Z::a3c8d1::20260822T033038__random_dropout_25,stage4B_3Day_nohup_20260819T132526Z_w125_20260822T032740Z::a3c8d1::20260822T033038,cv_ekf,9F0014B4E9C1D51FCD6E0F18C7608B949A85A26F559D5746BD19F5F57D96419E,7018384EF7681BD461F7629E08AEF476D29630992145EF47D213929530668ADB,466,280,93,280,0,0,,
real_adsb,random_dropout_25,stage4B_3Day_nohup_20260819T132526Z_w125_20260822T032740Z::a3c8d1::20260822T033038__random_dropout_25,stage4B_3Day_nohup_20260819T132526Z_w125_20260822T032740Z::a3c8d1::20260822T033038,ca_ekf,9F0014B4E9C1D51FCD6E0F18C7608B949A85A26F559D5746BD19F5F57D96419E,7018384EF7681BD461F7629E08AEF476D29630992145EF47D213929530668ADB,466,280,93,280,0,0,,
real_adsb,random_dropout_25,stage4B_3Day_nohup_20260819T132526Z_w125_20260822T032740Z::a3c8d1::20260822T033038__random_dropout_25,stage4B_3Day_nohup_20260819T132526Z_w125_20260822T032740Z::a3c8d1::20260822T033038,ct_ekf,9F0014B4E9C1D51FCD6E0F18C7608B949A85A26F559D5746BD19F5F57D96419E,7018384EF7681BD461F7629E08AEF476D29630992145EF47D213929530668ADB,466,280,93,280,0,0,,
real_adsb,random_dropout_25,stage4B_3Day_nohup_20260819T132526Z_w125_20260822T032740Z::a3c8d1::20260822T033038__random_dropout_25,stage4B_3Day_nohup_20260819T132526Z_w125_20260822T032740Z::a3c8d1::20260822T033038,native_imm,9F0014B4E9C1D51FCD6E0F18C7608B949A85A26F559D5746BD19F5F57D96419E,7018384EF7681BD461F7629E08AEF476D29630992145EF47D213929530668ADB,466,280,93,280,0,0,,
real_adsb,random_dropout_25,stage4B_3Day_nohup_20260819T132526Z_w125_20260822T032740Z::a3c8d1::20260822T033038__random_dropout_25,stage4B_3Day_nohup_20260819T132526Z_w125_20260822T032740Z::a3c8d1::20260822T033038,warm_ukf,9F0014B4E9C1D51FCD6E0F18C7608B949A85A26F559D5746BD19F5F57D96419E,7018384EF7681BD461F7629E08AEF476D29630992145EF47D213929530668ADB,466,280,93,280,0,0,,
real_adsb,burst_outage,stage4B_3Day_nohup_20260819T132526Z_w125_20260822T032740Z::a3c8d1::20260822T033038__burst_outage,stage4B_3Day_nohup_20260819T132526Z_w125_20260822T032740Z::a3c8d1::20260822T033038,cv_ekf,93A19400E9C8096F4FFF46C7100B74116798A0975E801F7280C7BC3E5F474BB4,7018384EF7681BD461F7629E08AEF476D29630992145EF47D213929530668ADB,466,299,93,299,0,0,,
real_adsb,burst_outage,stage4B_3Day_nohup_20260819T132526Z_w125_20260822T032740Z::a3c8d1::20260822T033038__burst_outage,stage4B_3Day_nohup_20260819T132526Z_w125_20260822T032740Z::a3c8d1::20260822T033038,ca_ekf,93A19400E9C8096F4FFF46C7100B74116798A0975E801F7280C7BC3E5F474BB4,7018384EF7681BD461F7629E08AEF476D29630992145EF47D213929530668ADB,466,299,93,299,0,0,,
real_adsb,burst_outage,stage4B_3Day_nohup_20260819T132526Z_w125_20260822T032740Z::a3c8d1::20260822T033038__burst_outage,stage4B_3Day_nohup_20260819T132526Z_w125_20260822T032740Z::a3c8d1::20260822T033038,ct_ekf,93A19400E9C8096F4FFF46C7100B74116798A0975E801F7280C7BC3E5F474BB4,7018384EF7681BD461F7629E08AEF476D29630992145EF47D213929530668ADB,466,299,93,299,0,0,,
real_adsb,burst_outage,stage4B_3Day_nohup_20260819T132526Z_w125_20260822T032740Z::a3c8d1::20260822T033038__burst_outage,stage4B_3Day_nohup_20260819T132526Z_w125_20260822T032740Z::a3c8d1::20260822T033038,native_imm,93A19400E9C8096F4FFF46C7100B74116798A0975E801F7280C7BC3E5F474BB4,7018384EF7681BD461F7629E08AEF476D29630992145EF47D213929530668ADB,466,299,93,299,0,0,,
real_adsb,burst_outage,stage4B_3Day_nohup_20260819T132526Z_w125_20260822T032740Z::a3c8d1::20260822T033038__burst_outage,stage4B_3Day_nohup_20260819T132526Z_w125_20260822T032740Z::a3c8d1::20260822T033038,warm_ukf,93A19400E9C8096F4FFF46C7100B74116798A0975E801F7280C7BC3E5F474BB4,7018384EF7681BD461F7629E08AEF476D29630992145EF47D213929530668ADB,466,299,93,299,0,0,,
real_adsb,baseline,stage4B_3Day_nohup_20260819T132526Z_w019_20260819T222740Z::a3db0c::20260819T223301__baseline,stage4B_3Day_nohup_20260819T132526Z_w019_20260819T222740Z::a3db0c::20260819T223301,cv_ekf,E6CD48E17DD9831EC0963DE54378B2E28F908097D9872735CCAC47EA1891B966,E0004ED5BF9B0741348D22B94AFCA486309611C4671B12B15DE33FED31FD0A52,464,371,93,371,0,0,,
real_adsb,baseline,stage4B_3Day_nohup_20260819T132526Z_w019_20260819T222740Z::a3db0c::20260819T223301__baseline,stage4B_3Day_nohup_20260819T132526Z_w019_20260819T222740Z::a3db0c::20260819T223301,ca_ekf,E6CD48E17DD9831EC0963DE54378B2E28F908097D9872735CCAC47EA1891B966,E0004ED5BF9B0741348D22B94AFCA486309611C4671B12B15DE33FED31FD0A52,464,371,93,371,0,0,,
real_adsb,baseline,stage4B_3Day_nohup_20260819T132526Z_w019_20260819T222740Z::a3db0c::20260819T223301__baseline,stage4B_3Day_nohup_20260819T132526Z_w019_20260819T222740Z::a3db0c::20260819T223301,ct_ekf,E6CD48E17DD9831EC0963DE54378B2E28F908097D9872735CCAC47EA1891B966,E0004ED5BF9B0741348D22B94AFCA486309611C4671B12B15DE33FED31FD0A52,464,371,93,371,0,0,,
real_adsb,baseline,stage4B_3Day_nohup_20260819T132526Z_w019_20260819T222740Z::a3db0c::20260819T223301__baseline,stage4B_3Day_nohup_20260819T132526Z_w019_20260819T222740Z::a3db0c::20260819T223301,native_imm,E6CD48E17DD9831EC0963DE54378B2E28F908097D9872735CCAC47EA1891B966,E0004ED5BF9B0741348D22B94AFCA486309611C4671B12B15DE33FED31FD0A52,464,371,93,371,0,0,,
real_adsb,baseline,stage4B_3Day_nohup_20260819T132526Z_w019_20260819T222740Z::a3db0c::20260819T223301__baseline,stage4B_3Day_nohup_20260819T132526Z_w019_20260819T222740Z::a3db0c::20260819T223301,warm_ukf,E6CD48E17DD9831EC0963DE54378B2E28F908097D9872735CCAC47EA1891B966,E0004ED5BF9B0741348D22B94AFCA486309611C4671B12B15DE33FED31FD0A52,464,371,93,371,0,0,,
real_adsb,random_dropout_10,stage4B_3Day_nohup_20260819T132526Z_w019_20260819T222740Z::a3db0c::20260819T223301__random_dropout_10,stage4B_3Day_nohup_20260819T132526Z_w019_20260819T222740Z::a3db0c::20260819T223301,cv_ekf,6BD5A242BD29019DE3B5EFEFD0377DEAB7C46D88A519B2471E9D04ACCAB83DBB,E0004ED5BF9B0741348D22B94AFCA486309611C4671B12B15DE33FED31FD0A52,464,329,93,329,0,0,,
real_adsb,random_dropout_10,stage4B_3Day_nohup_20260819T132526Z_w019_20260819T222740Z::a3db0c::20260819T223301__random_dropout_10,stage4B_3Day_nohup_20260819T132526Z_w019_20260819T222740Z::a3db0c::20260819T223301,ca_ekf,6BD5A242BD29019DE3B5EFEFD0377DEAB7C46D88A519B2471E9D04ACCAB83DBB,E0004ED5BF9B0741348D22B94AFCA486309611C4671B12B15DE33FED31FD0A52,464,329,93,329,0,0,,
real_adsb,random_dropout_10,stage4B_3Day_nohup_20260819T132526Z_w019_20260819T222740Z::a3db0c::20260819T223301__random_dropout_10,stage4B_3Day_nohup_20260819T132526Z_w019_20260819T222740Z::a3db0c::20260819T223301,ct_ekf,6BD5A242BD29019DE3B5EFEFD0377DEAB7C46D88A519B2471E9D04ACCAB83DBB,E0004ED5BF9B0741348D22B94AFCA486309611C4671B12B15DE33FED31FD0A52,464,329,93,329,0,0,,
real_adsb,random_dropout_10,stage4B_3Day_nohup_20260819T132526Z_w019_20260819T222740Z::a3db0c::20260819T223301__random_dropout_10,stage4B_3Day_nohup_20260819T132526Z_w019_20260819T222740Z::a3db0c::20260819T223301,native_imm,6BD5A242BD29019DE3B5EFEFD0377DEAB7C46D88A519B2471E9D04ACCAB83DBB,E0004ED5BF9B0741348D22B94AFCA486309611C4671B12B15DE33FED31FD0A52,464,329,93,329,0,0,,
real_adsb,random_dropout_10,stage4B_3Day_nohup_20260819T132526Z_w019_20260819T222740Z::a3db0c::20260819T223301__random_dropout_10,stage4B_3Day_nohup_20260819T132526Z_w019_20260819T222740Z::a3db0c::20260819T223301,warm_ukf,6BD5A242BD29019DE3B5EFEFD0377DEAB7C46D88A519B2471E9D04ACCAB83DBB,E0004ED5BF9B0741348D22B94AFCA486309611C4671B12B15DE33FED31FD0A52,464,329,93,329,0,0,,
real_adsb,random_dropout_25,stage4B_3Day_nohup_20260819T132526Z_w019_20260819T222740Z::a3db0c::20260819T223301__random_dropout_25,stage4B_3Day_nohup_20260819T132526Z_w019_20260819T222740Z::a3db0c::20260819T223301,cv_ekf,A4F072CAF20E401F6C85F91B0A43EB61461F69242241FDA2642CA39B10C77A10,E0004ED5BF9B0741348D22B94AFCA486309611C4671B12B15DE33FED31FD0A52,464,272,93,272,0,0,,
real_adsb,random_dropout_25,stage4B_3Day_nohup_20260819T132526Z_w019_20260819T222740Z::a3db0c::20260819T223301__random_dropout_25,stage4B_3Day_nohup_20260819T132526Z_w019_20260819T222740Z::a3db0c::20260819T223301,ca_ekf,A4F072CAF20E401F6C85F91B0A43EB61461F69242241FDA2642CA39B10C77A10,E0004ED5BF9B0741348D22B94AFCA486309611C4671B12B15DE33FED31FD0A52,464,272,93,272,0,0,,
real_adsb,random_dropout_25,stage4B_3Day_nohup_20260819T132526Z_w019_20260819T222740Z::a3db0c::20260819T223301__random_dropout_25,stage4B_3Day_nohup_20260819T132526Z_w019_20260819T222740Z::a3db0c::20260819T223301,ct_ekf,A4F072CAF20E401F6C85F91B0A43EB61461F69242241FDA2642CA39B10C77A10,E0004ED5BF9B0741348D22B94AFCA486309611C4671B12B15DE33FED31FD0A52,464,272,93,272,0,0,,
real_adsb,random_dropout_25,stage4B_3Day_nohup_20260819T132526Z_w019_20260819T222740Z::a3db0c::20260819T223301__random_dropout_25,stage4B_3Day_nohup_20260819T132526Z_w019_20260819T222740Z::a3db0c::20260819T223301,native_imm,A4F072CAF20E401F6C85F91B0A43EB61461F69242241FDA2642CA39B10C77A10,E0004ED5BF9B0741348D22B94AFCA486309611C4671B12B15DE33FED31FD0A52,464,272,93,272,0,0,,
real_adsb,random_dropout_25,stage4B_3Day_nohup_20260819T132526Z_w019_20260819T222740Z::a3db0c::20260819T223301__random_dropout_25,stage4B_3Day_nohup_20260819T132526Z_w019_20260819T222740Z::a3db0c::20260819T223301,warm_ukf,A4F072CAF20E401F6C85F91B0A43EB61461F69242241FDA2642CA39B10C77A10,E0004ED5BF9B0741348D22B94AFCA486309611C4671B12B15DE33FED31FD0A52,464,272,93,272,0,0,,
real_adsb,burst_outage,stage4B_3Day_nohup_20260819T132526Z_w019_20260819T222740Z::a3db0c::20260819T223301__burst_outage,stage4B_3Day_nohup_20260819T132526Z_w019_20260819T222740Z::a3db0c::20260819T223301,cv_ekf,8249E2849603D1B2739F33CFF9B881FB1E7FEF149A15F0CB0DDF95877E956178,E0004ED5BF9B0741348D22B94AFCA486309611C4671B12B15DE33FED31FD0A52,464,297,93,297,0,0,,
real_adsb,burst_outage,stage4B_3Day_nohup_20260819T132526Z_w019_20260819T222740Z::a3db0c::20260819T223301__burst_outage,stage4B_3Day_nohup_20260819T132526Z_w019_20260819T222740Z::a3db0c::20260819T223301,ca_ekf,8249E2849603D1B2739F33CFF9B881FB1E7FEF149A15F0CB0DDF95877E956178,E0004ED5BF9B0741348D22B94AFCA486309611C4671B12B15DE33FED31FD0A52,464,297,93,297,0,0,,
real_adsb,burst_outage,stage4B_3Day_nohup_20260819T132526Z_w019_20260819T222740Z::a3db0c::20260819T223301__burst_outage,stage4B_3Day_nohup_20260819T132526Z_w019_20260819T222740Z::a3db0c::20260819T223301,ct_ekf,8249E2849603D1B2739F33CFF9B881FB1E7FEF149A15F0CB0DDF95877E956178,E0004ED5BF9B0741348D22B94AFCA486309611C4671B12B15DE33FED31FD0A52,464,297,93,297,0,0,,
real_adsb,burst_outage,stage4B_3Day_nohup_20260819T132526Z_w019_20260819T222740Z::a3db0c::20260819T223301__burst_outage,stage4B_3Day_nohup_20260819T132526Z_w019_20260819T222740Z::a3db0c::20260819T223301,native_imm,8249E2849603D1B2739F33CFF9B881FB1E7FEF149A15F0CB0DDF95877E956178,E0004ED5BF9B0741348D22B94AFCA486309611C4671B12B15DE33FED31FD0A52,464,297,93,297,0,0,,
real_adsb,burst_outage,stage4B_3Day_nohup_20260819T132526Z_w019_20260819T222740Z::a3db0c::20260819T223301__burst_outage,stage4B_3Day_nohup_20260819T132526Z_w019_20260819T222740Z::a3db0c::20260819T223301,warm_ukf,8249E2849603D1B2739F33CFF9B881FB1E7FEF149A15F0CB0DDF95877E956178,E0004ED5BF9B0741348D22B94AFCA486309611C4671B12B15DE33FED31FD0A52,464,297,93,297,0,0,,
real_adsb,baseline,stage4B_3Day_nohup_20260819T132526Z_w047_20260820T122740Z::a1f0b4::20260820T122908__baseline,stage4B_3Day_nohup_20260819T132526Z_w047_20260820T122740Z::a1f0b4::20260820T122908,cv_ekf,5702B9DF79C97EB79F93124BD8125CE638FF40B0BFDDB06311445F738452933B,8734B539BDF49584ED0D10F1C1B6C52FA3886219A5D1932129AD9B445AE8F024,461,369,92,369,0,0,,
real_adsb,baseline,stage4B_3Day_nohup_20260819T132526Z_w047_20260820T122740Z::a1f0b4::20260820T122908__baseline,stage4B_3Day_nohup_20260819T132526Z_w047_20260820T122740Z::a1f0b4::20260820T122908,ca_ekf,5702B9DF79C97EB79F93124BD8125CE638FF40B0BFDDB06311445F738452933B,8734B539BDF49584ED0D10F1C1B6C52FA3886219A5D1932129AD9B445AE8F024,461,369,92,369,0,0,,
real_adsb,baseline,stage4B_3Day_nohup_20260819T132526Z_w047_20260820T122740Z::a1f0b4::20260820T122908__baseline,stage4B_3Day_nohup_20260819T132526Z_w047_20260820T122740Z::a1f0b4::20260820T122908,ct_ekf,5702B9DF79C97EB79F93124BD8125CE638FF40B0BFDDB06311445F738452933B,8734B539BDF49584ED0D10F1C1B6C52FA3886219A5D1932129AD9B445AE8F024,461,369,92,369,0,0,,
real_adsb,baseline,stage4B_3Day_nohup_20260819T132526Z_w047_20260820T122740Z::a1f0b4::20260820T122908__baseline,stage4B_3Day_nohup_20260819T132526Z_w047_20260820T122740Z::a1f0b4::20260820T122908,native_imm,5702B9DF79C97EB79F93124BD8125CE638FF40B0BFDDB06311445F738452933B,8734B539BDF49584ED0D10F1C1B6C52FA3886219A5D1932129AD9B445AE8F024,461,369,92,369,0,0,,
real_adsb,baseline,stage4B_3Day_nohup_20260819T132526Z_w047_20260820T122740Z::a1f0b4::20260820T122908__baseline,stage4B_3Day_nohup_20260819T132526Z_w047_20260820T122740Z::a1f0b4::20260820T122908,warm_ukf,5702B9DF79C97EB79F93124BD8125CE638FF40B0BFDDB06311445F738452933B,8734B539BDF49584ED0D10F1C1B6C52FA3886219A5D1932129AD9B445AE8F024,461,369,92,369,0,0,,
real_adsb,random_dropout_10,stage4B_3Day_nohup_20260819T132526Z_w047_20260820T122740Z::a1f0b4::20260820T122908__random_dropout_10,stage4B_3Day_nohup_20260819T132526Z_w047_20260820T122740Z::a1f0b4::20260820T122908,cv_ekf,EC096FEB39207E3D04E409DC91FD9BA2F74ACCA9238026D8B1AE6EBBC3FDEC01,8734B539BDF49584ED0D10F1C1B6C52FA3886219A5D1932129AD9B445AE8F024,461,335,92,335,0,0,,
real_adsb,random_dropout_10,stage4B_3Day_nohup_20260819T132526Z_w047_20260820T122740Z::a1f0b4::20260820T122908__random_dropout_10,stage4B_3Day_nohup_20260819T132526Z_w047_20260820T122740Z::a1f0b4::20260820T122908,ca_ekf,EC096FEB39207E3D04E409DC91FD9BA2F74ACCA9238026D8B1AE6EBBC3FDEC01,8734B539BDF49584ED0D10F1C1B6C52FA3886219A5D1932129AD9B445AE8F024,461,335,92,335,0,0,,
real_adsb,random_dropout_10,stage4B_3Day_nohup_20260819T132526Z_w047_20260820T122740Z::a1f0b4::20260820T122908__random_dropout_10,stage4B_3Day_nohup_20260819T132526Z_w047_20260820T122740Z::a1f0b4::20260820T122908,ct_ekf,EC096FEB39207E3D04E409DC91FD9BA2F74ACCA9238026D8B1AE6EBBC3FDEC01,8734B539BDF49584ED0D10F1C1B6C52FA3886219A5D1932129AD9B445AE8F024,461,335,92,335,0,0,,
real_adsb,random_dropout_10,stage4B_3Day_nohup_20260819T132526Z_w047_20260820T122740Z::a1f0b4::20260820T122908__random_dropout_10,stage4B_3Day_nohup_20260819T132526Z_w047_20260820T122740Z::a1f0b4::20260820T122908,native_imm,EC096FEB39207E3D04E409DC91FD9BA2F74ACCA9238026D8B1AE6EBBC3FDEC01,8734B539BDF49584ED0D10F1C1B6C52FA3886219A5D1932129AD9B445AE8F024,461,335,92,335,0,0,,
real_adsb,random_dropout_10,stage4B_3Day_nohup_20260819T132526Z_w047_20260820T122740Z::a1f0b4::20260820T122908__random_dropout_10,stage4B_3Day_nohup_20260819T132526Z_w047_20260820T122740Z::a1f0b4::20260820T122908,warm_ukf,EC096FEB39207E3D04E409DC91FD9BA2F74ACCA9238026D8B1AE6EBBC3FDEC01,8734B539BDF49584ED0D10F1C1B6C52FA3886219A5D1932129AD9B445AE8F024,461,335,92,335,0,0,,
real_adsb,random_dropout_25,stage4B_3Day_nohup_20260819T132526Z_w047_20260820T122740Z::a1f0b4::20260820T122908__random_dropout_25,stage4B_3Day_nohup_20260819T132526Z_w047_20260820T122740Z::a1f0b4::20260820T122908,cv_ekf,AD59CEA43D4E7236B516024B29F9929DA579740610EE03D3A909BE705259F334,8734B539BDF49584ED0D10F1C1B6C52FA3886219A5D1932129AD9B445AE8F024,461,279,92,279,0,0,,
real_adsb,random_dropout_25,stage4B_3Day_nohup_20260819T132526Z_w047_20260820T122740Z::a1f0b4::20260820T122908__random_dropout_25,stage4B_3Day_nohup_20260819T132526Z_w047_20260820T122740Z::a1f0b4::20260820T122908,ca_ekf,AD59CEA43D4E7236B516024B29F9929DA579740610EE03D3A909BE705259F334,8734B539BDF49584ED0D10F1C1B6C52FA3886219A5D1932129AD9B445AE8F024,461,279,92,279,0,0,,
real_adsb,random_dropout_25,stage4B_3Day_nohup_20260819T132526Z_w047_20260820T122740Z::a1f0b4::20260820T122908__random_dropout_25,stage4B_3Day_nohup_20260819T132526Z_w047_20260820T122740Z::a1f0b4::20260820T122908,ct_ekf,AD59CEA43D4E7236B516024B29F9929DA579740610EE03D3A909BE705259F334,8734B539BDF49584ED0D10F1C1B6C52FA3886219A5D1932129AD9B445AE8F024,461,279,92,279,0,0,,
real_adsb,random_dropout_25,stage4B_3Day_nohup_20260819T132526Z_w047_20260820T122740Z::a1f0b4::20260820T122908__random_dropout_25,stage4B_3Day_nohup_20260819T132526Z_w047_20260820T122740Z::a1f0b4::20260820T122908,native_imm,AD59CEA43D4E7236B516024B29F9929DA579740610EE03D3A909BE705259F334,8734B539BDF49584ED0D10F1C1B6C52FA3886219A5D1932129AD9B445AE8F024,461,279,92,279,0,0,,
real_adsb,random_dropout_25,stage4B_3Day_nohup_20260819T132526Z_w047_20260820T122740Z::a1f0b4::20260820T122908__random_dropout_25,stage4B_3Day_nohup_20260819T132526Z_w047_20260820T122740Z::a1f0b4::20260820T122908,warm_ukf,AD59CEA43D4E7236B516024B29F9929DA579740610EE03D3A909BE705259F334,8734B539BDF49584ED0D10F1C1B6C52FA3886219A5D1932129AD9B445AE8F024,461,279,92,279,0,0,,
real_adsb,burst_outage,stage4B_3Day_nohup_20260819T132526Z_w047_20260820T122740Z::a1f0b4::20260820T122908__burst_outage,stage4B_3Day_nohup_20260819T132526Z_w047_20260820T122740Z::a1f0b4::20260820T122908,cv_ekf,7D0B84E7B7BE4EAB87898840A192E1F45A4976637EA8DFCA099A74C096903F32,8734B539BDF49584ED0D10F1C1B6C52FA3886219A5D1932129AD9B445AE8F024,461,295,92,295,0,0,,
real_adsb,burst_outage,stage4B_3Day_nohup_20260819T132526Z_w047_20260820T122740Z::a1f0b4::20260820T122908__burst_outage,stage4B_3Day_nohup_20260819T132526Z_w047_20260820T122740Z::a1f0b4::20260820T122908,ca_ekf,7D0B84E7B7BE4EAB87898840A192E1F45A4976637EA8DFCA099A74C096903F32,8734B539BDF49584ED0D10F1C1B6C52FA3886219A5D1932129AD9B445AE8F024,461,295,92,295,0,0,,
real_adsb,burst_outage,stage4B_3Day_nohup_20260819T132526Z_w047_20260820T122740Z::a1f0b4::20260820T122908__burst_outage,stage4B_3Day_nohup_20260819T132526Z_w047_20260820T122740Z::a1f0b4::20260820T122908,ct_ekf,7D0B84E7B7BE4EAB87898840A192E1F45A4976637EA8DFCA099A74C096903F32,8734B539BDF49584ED0D10F1C1B6C52FA3886219A5D1932129AD9B445AE8F024,461,295,92,295,0,0,,
real_adsb,burst_outage,stage4B_3Day_nohup_20260819T132526Z_w047_20260820T122740Z::a1f0b4::20260820T122908__burst_outage,stage4B_3Day_nohup_20260819T132526Z_w047_20260820T122740Z::a1f0b4::20260820T122908,native_imm,7D0B84E7B7BE4EAB87898840A192E1F45A4976637EA8DFCA099A74C096903F32,8734B539BDF49584ED0D10F1C1B6C52FA3886219A5D1932129AD9B445AE8F024,461,295,92,295,0,0,,
real_adsb,burst_outage,stage4B_3Day_nohup_20260819T132526Z_w047_20260820T122740Z::a1f0b4::20260820T122908__burst_outage,stage4B_3Day_nohup_20260819T132526Z_w047_20260820T122740Z::a1f0b4::20260820T122908,warm_ukf,7D0B84E7B7BE4EAB87898840A192E1F45A4976637EA8DFCA099A74C096903F32,8734B539BDF49584ED0D10F1C1B6C52FA3886219A5D1932129AD9B445AE8F024,461,295,92,295,0,0,,
real_adsb,baseline,stage4B_3Day_nohup_20260819T132526Z_w114_20260821T215740Z::aa2bc1::20260821T220024__baseline,stage4B_3Day_nohup_20260819T132526Z_w114_20260821T215740Z::aa2bc1::20260821T220024,cv_ekf,289ECD3C8917FC97ADF7B667C1128E2F2768DB00579E4CACF58FB0236F8C6783,6C2EA8EC3B2BFF093F602F19B47E732FD1F64A19D0F58D118D32AB0B5E8D748D,460,368,92,368,0,0,,
real_adsb,baseline,stage4B_3Day_nohup_20260819T132526Z_w114_20260821T215740Z::aa2bc1::20260821T220024__baseline,stage4B_3Day_nohup_20260819T132526Z_w114_20260821T215740Z::aa2bc1::20260821T220024,ca_ekf,289ECD3C8917FC97ADF7B667C1128E2F2768DB00579E4CACF58FB0236F8C6783,6C2EA8EC3B2BFF093F602F19B47E732FD1F64A19D0F58D118D32AB0B5E8D748D,460,368,92,368,0,0,,
real_adsb,baseline,stage4B_3Day_nohup_20260819T132526Z_w114_20260821T215740Z::aa2bc1::20260821T220024__baseline,stage4B_3Day_nohup_20260819T132526Z_w114_20260821T215740Z::aa2bc1::20260821T220024,ct_ekf,289ECD3C8917FC97ADF7B667C1128E2F2768DB00579E4CACF58FB0236F8C6783,6C2EA8EC3B2BFF093F602F19B47E732FD1F64A19D0F58D118D32AB0B5E8D748D,460,368,92,368,0,0,,
real_adsb,baseline,stage4B_3Day_nohup_20260819T132526Z_w114_20260821T215740Z::aa2bc1::20260821T220024__baseline,stage4B_3Day_nohup_20260819T132526Z_w114_20260821T215740Z::aa2bc1::20260821T220024,native_imm,289ECD3C8917FC97ADF7B667C1128E2F2768DB00579E4CACF58FB0236F8C6783,6C2EA8EC3B2BFF093F602F19B47E732FD1F64A19D0F58D118D32AB0B5E8D748D,460,368,92,368,0,0,,
real_adsb,baseline,stage4B_3Day_nohup_20260819T132526Z_w114_20260821T215740Z::aa2bc1::20260821T220024__baseline,stage4B_3Day_nohup_20260819T132526Z_w114_20260821T215740Z::aa2bc1::20260821T220024,warm_ukf,289ECD3C8917FC97ADF7B667C1128E2F2768DB00579E4CACF58FB0236F8C6783,6C2EA8EC3B2BFF093F602F19B47E732FD1F64A19D0F58D118D32AB0B5E8D748D,460,368,92,368,0,0,,
real_adsb,random_dropout_10,stage4B_3Day_nohup_20260819T132526Z_w114_20260821T215740Z::aa2bc1::20260821T220024__random_dropout_10,stage4B_3Day_nohup_20260819T132526Z_w114_20260821T215740Z::aa2bc1::20260821T220024,cv_ekf,0BC4CF63EA23A22D5149B6220AE131C7F27C236553F0AB7336E73CCBAC8872A7,6C2EA8EC3B2BFF093F602F19B47E732FD1F64A19D0F58D118D32AB0B5E8D748D,460,337,92,337,0,0,,
real_adsb,random_dropout_10,stage4B_3Day_nohup_20260819T132526Z_w114_20260821T215740Z::aa2bc1::20260821T220024__random_dropout_10,stage4B_3Day_nohup_20260819T132526Z_w114_20260821T215740Z::aa2bc1::20260821T220024,ca_ekf,0BC4CF63EA23A22D5149B6220AE131C7F27C236553F0AB7336E73CCBAC8872A7,6C2EA8EC3B2BFF093F602F19B47E732FD1F64A19D0F58D118D32AB0B5E8D748D,460,337,92,337,0,0,,
real_adsb,random_dropout_10,stage4B_3Day_nohup_20260819T132526Z_w114_20260821T215740Z::aa2bc1::20260821T220024__random_dropout_10,stage4B_3Day_nohup_20260819T132526Z_w114_20260821T215740Z::aa2bc1::20260821T220024,ct_ekf,0BC4CF63EA23A22D5149B6220AE131C7F27C236553F0AB7336E73CCBAC8872A7,6C2EA8EC3B2BFF093F602F19B47E732FD1F64A19D0F58D118D32AB0B5E8D748D,460,337,92,337,0,0,,
real_adsb,random_dropout_10,stage4B_3Day_nohup_20260819T132526Z_w114_20260821T215740Z::aa2bc1::20260821T220024__random_dropout_10,stage4B_3Day_nohup_20260819T132526Z_w114_20260821T215740Z::aa2bc1::20260821T220024,native_imm,0BC4CF63EA23A22D5149B6220AE131C7F27C236553F0AB7336E73CCBAC8872A7,6C2EA8EC3B2BFF093F602F19B47E732FD1F64A19D0F58D118D32AB0B5E8D748D,460,337,92,337,0,0,,
real_adsb,random_dropout_10,stage4B_3Day_nohup_20260819T132526Z_w114_20260821T215740Z::aa2bc1::20260821T220024__random_dropout_10,stage4B_3Day_nohup_20260819T132526Z_w114_20260821T215740Z::aa2bc1::20260821T220024,warm_ukf,0BC4CF63EA23A22D5149B6220AE131C7F27C236553F0AB7336E73CCBAC8872A7,6C2EA8EC3B2BFF093F602F19B47E732FD1F64A19D0F58D118D32AB0B5E8D748D,460,337,92,337,0,0,,
real_adsb,random_dropout_25,stage4B_3Day_nohup_20260819T132526Z_w114_20260821T215740Z::aa2bc1::20260821T220024__random_dropout_25,stage4B_3Day_nohup_20260819T132526Z_w114_20260821T215740Z::aa2bc1::20260821T220024,cv_ekf,C592EFED7BCDAF5CDA51C18F48C592CDEF2569C0EF4C8CA4E552F6E51F06ACA8,6C2EA8EC3B2BFF093F602F19B47E732FD1F64A19D0F58D118D32AB0B5E8D748D,460,286,92,286,0,0,,
real_adsb,random_dropout_25,stage4B_3Day_nohup_20260819T132526Z_w114_20260821T215740Z::aa2bc1::20260821T220024__random_dropout_25,stage4B_3Day_nohup_20260819T132526Z_w114_20260821T215740Z::aa2bc1::20260821T220024,ca_ekf,C592EFED7BCDAF5CDA51C18F48C592CDEF2569C0EF4C8CA4E552F6E51F06ACA8,6C2EA8EC3B2BFF093F602F19B47E732FD1F64A19D0F58D118D32AB0B5E8D748D,460,286,92,286,0,0,,
real_adsb,random_dropout_25,stage4B_3Day_nohup_20260819T132526Z_w114_20260821T215740Z::aa2bc1::20260821T220024__random_dropout_25,stage4B_3Day_nohup_20260819T132526Z_w114_20260821T215740Z::aa2bc1::20260821T220024,ct_ekf,C592EFED7BCDAF5CDA51C18F48C592CDEF2569C0EF4C8CA4E552F6E51F06ACA8,6C2EA8EC3B2BFF093F602F19B47E732FD1F64A19D0F58D118D32AB0B5E8D748D,460,286,92,286,0,0,,
real_adsb,random_dropout_25,stage4B_3Day_nohup_20260819T132526Z_w114_20260821T215740Z::aa2bc1::20260821T220024__random_dropout_25,stage4B_3Day_nohup_20260819T132526Z_w114_20260821T215740Z::aa2bc1::20260821T220024,native_imm,C592EFED7BCDAF5CDA51C18F48C592CDEF2569C0EF4C8CA4E552F6E51F06ACA8,6C2EA8EC3B2BFF093F602F19B47E732FD1F64A19D0F58D118D32AB0B5E8D748D,460,286,92,286,0,0,,
real_adsb,random_dropout_25,stage4B_3Day_nohup_20260819T132526Z_w114_20260821T215740Z::aa2bc1::20260821T220024__random_dropout_25,stage4B_3Day_nohup_20260819T132526Z_w114_20260821T215740Z::aa2bc1::20260821T220024,warm_ukf,C592EFED7BCDAF5CDA51C18F48C592CDEF2569C0EF4C8CA4E552F6E51F06ACA8,6C2EA8EC3B2BFF093F602F19B47E732FD1F64A19D0F58D118D32AB0B5E8D748D,460,286,92,286,0,0,,
real_adsb,burst_outage,stage4B_3Day_nohup_20260819T132526Z_w114_20260821T215740Z::aa2bc1::20260821T220024__burst_outage,stage4B_3Day_nohup_20260819T132526Z_w114_20260821T215740Z::aa2bc1::20260821T220024,cv_ekf,7D4543D4415CC6D19811F0001FF3CEB4D90EB9B81E7ED5357C6D57BEE61B2603,6C2EA8EC3B2BFF093F602F19B47E732FD1F64A19D0F58D118D32AB0B5E8D748D,460,295,92,295,0,0,,
real_adsb,burst_outage,stage4B_3Day_nohup_20260819T132526Z_w114_20260821T215740Z::aa2bc1::20260821T220024__burst_outage,stage4B_3Day_nohup_20260819T132526Z_w114_20260821T215740Z::aa2bc1::20260821T220024,ca_ekf,7D4543D4415CC6D19811F0001FF3CEB4D90EB9B81E7ED5357C6D57BEE61B2603,6C2EA8EC3B2BFF093F602F19B47E732FD1F64A19D0F58D118D32AB0B5E8D748D,460,295,92,295,0,0,,
real_adsb,burst_outage,stage4B_3Day_nohup_20260819T132526Z_w114_20260821T215740Z::aa2bc1::20260821T220024__burst_outage,stage4B_3Day_nohup_20260819T132526Z_w114_20260821T215740Z::aa2bc1::20260821T220024,ct_ekf,7D4543D4415CC6D19811F0001FF3CEB4D90EB9B81E7ED5357C6D57BEE61B2603,6C2EA8EC3B2BFF093F602F19B47E732FD1F64A19D0F58D118D32AB0B5E8D748D,460,295,92,295,0,0,,
real_adsb,burst_outage,stage4B_3Day_nohup_20260819T132526Z_w114_20260821T215740Z::aa2bc1::20260821T220024__burst_outage,stage4B_3Day_nohup_20260819T132526Z_w114_20260821T215740Z::aa2bc1::20260821T220024,native_imm,7D4543D4415CC6D19811F0001FF3CEB4D90EB9B81E7ED5357C6D57BEE61B2603,6C2EA8EC3B2BFF093F602F19B47E732FD1F64A19D0F58D118D32AB0B5E8D748D,460,295,92,295,0,0,,
real_adsb,burst_outage,stage4B_3Day_nohup_20260819T132526Z_w114_20260821T215740Z::aa2bc1::20260821T220024__burst_outage,stage4B_3Day_nohup_20260819T132526Z_w114_20260821T215740Z::aa2bc1::20260821T220024,warm_ukf,7D4543D4415CC6D19811F0001FF3CEB4D90EB9B81E7ED5357C6D57BEE61B2603,6C2EA8EC3B2BFF093F602F19B47E732FD1F64A19D0F58D118D32AB0B5E8D748D,460,295,92,295,0,0,,
real_adsb,baseline,stage4B_3Day_nohup_20260819T132526Z_w055_20260820T162740Z::a19dff::20260820T162858__baseline,stage4B_3Day_nohup_20260819T132526Z_w055_20260820T162740Z::a19dff::20260820T162858,cv_ekf,24AA540537DB478C42F993954B01EC670E0A53A4E7B6AD4E669A78E887B1BACA,35979C81068F39099410992CB6D1861D4D5F5FDE429E013BB9ECC046B35031FD,456,365,91,365,0,0,,
real_adsb,baseline,stage4B_3Day_nohup_20260819T132526Z_w055_20260820T162740Z::a19dff::20260820T162858__baseline,stage4B_3Day_nohup_20260819T132526Z_w055_20260820T162740Z::a19dff::20260820T162858,ca_ekf,24AA540537DB478C42F993954B01EC670E0A53A4E7B6AD4E669A78E887B1BACA,35979C81068F39099410992CB6D1861D4D5F5FDE429E013BB9ECC046B35031FD,456,365,91,365,0,0,,
real_adsb,baseline,stage4B_3Day_nohup_20260819T132526Z_w055_20260820T162740Z::a19dff::20260820T162858__baseline,stage4B_3Day_nohup_20260819T132526Z_w055_20260820T162740Z::a19dff::20260820T162858,ct_ekf,24AA540537DB478C42F993954B01EC670E0A53A4E7B6AD4E669A78E887B1BACA,35979C81068F39099410992CB6D1861D4D5F5FDE429E013BB9ECC046B35031FD,456,365,91,365,0,0,,
real_adsb,baseline,stage4B_3Day_nohup_20260819T132526Z_w055_20260820T162740Z::a19dff::20260820T162858__baseline,stage4B_3Day_nohup_20260819T132526Z_w055_20260820T162740Z::a19dff::20260820T162858,native_imm,24AA540537DB478C42F993954B01EC670E0A53A4E7B6AD4E669A78E887B1BACA,35979C81068F39099410992CB6D1861D4D5F5FDE429E013BB9ECC046B35031FD,456,365,91,365,0,0,,
real_adsb,baseline,stage4B_3Day_nohup_20260819T132526Z_w055_20260820T162740Z::a19dff::20260820T162858__baseline,stage4B_3Day_nohup_20260819T132526Z_w055_20260820T162740Z::a19dff::20260820T162858,warm_ukf,24AA540537DB478C42F993954B01EC670E0A53A4E7B6AD4E669A78E887B1BACA,35979C81068F39099410992CB6D1861D4D5F5FDE429E013BB9ECC046B35031FD,456,365,91,365,0,0,,
real_adsb,random_dropout_10,stage4B_3Day_nohup_20260819T132526Z_w055_20260820T162740Z::a19dff::20260820T162858__random_dropout_10,stage4B_3Day_nohup_20260819T132526Z_w055_20260820T162740Z::a19dff::20260820T162858,cv_ekf,25C1FF6DBF94E42A5D88B3B1E80A3B5E9D94D171981D80962090B50813FC47C6,35979C81068F39099410992CB6D1861D4D5F5FDE429E013BB9ECC046B35031FD,456,333,91,333,0,0,,
real_adsb,random_dropout_10,stage4B_3Day_nohup_20260819T132526Z_w055_20260820T162740Z::a19dff::20260820T162858__random_dropout_10,stage4B_3Day_nohup_20260819T132526Z_w055_20260820T162740Z::a19dff::20260820T162858,ca_ekf,25C1FF6DBF94E42A5D88B3B1E80A3B5E9D94D171981D80962090B50813FC47C6,35979C81068F39099410992CB6D1861D4D5F5FDE429E013BB9ECC046B35031FD,456,333,91,333,0,0,,
real_adsb,random_dropout_10,stage4B_3Day_nohup_20260819T132526Z_w055_20260820T162740Z::a19dff::20260820T162858__random_dropout_10,stage4B_3Day_nohup_20260819T132526Z_w055_20260820T162740Z::a19dff::20260820T162858,ct_ekf,25C1FF6DBF94E42A5D88B3B1E80A3B5E9D94D171981D80962090B50813FC47C6,35979C81068F39099410992CB6D1861D4D5F5FDE429E013BB9ECC046B35031FD,456,333,91,333,0,0,,
real_adsb,random_dropout_10,stage4B_3Day_nohup_20260819T132526Z_w055_20260820T162740Z::a19dff::20260820T162858__random_dropout_10,stage4B_3Day_nohup_20260819T132526Z_w055_20260820T162740Z::a19dff::20260820T162858,native_imm,25C1FF6DBF94E42A5D88B3B1E80A3B5E9D94D171981D80962090B50813FC47C6,35979C81068F39099410992CB6D1861D4D5F5FDE429E013BB9ECC046B35031FD,456,333,91,333,0,0,,
real_adsb,random_dropout_10,stage4B_3Day_nohup_20260819T132526Z_w055_20260820T162740Z::a19dff::20260820T162858__random_dropout_10,stage4B_3Day_nohup_20260819T132526Z_w055_20260820T162740Z::a19dff::20260820T162858,warm_ukf,25C1FF6DBF94E42A5D88B3B1E80A3B5E9D94D171981D80962090B50813FC47C6,35979C81068F39099410992CB6D1861D4D5F5FDE429E013BB9ECC046B35031FD,456,333,91,333,0,0,,
real_adsb,random_dropout_25,stage4B_3Day_nohup_20260819T132526Z_w055_20260820T162740Z::a19dff::20260820T162858__random_dropout_25,stage4B_3Day_nohup_20260819T132526Z_w055_20260820T162740Z::a19dff::20260820T162858,cv_ekf,68974D3559EE126E9CD1FAD5FEF61B8F923275B236B5B9D69A4FCCEE7D3FC45F,35979C81068F39099410992CB6D1861D4D5F5FDE429E013BB9ECC046B35031FD,456,267,91,267,0,0,,
real_adsb,random_dropout_25,stage4B_3Day_nohup_20260819T132526Z_w055_20260820T162740Z::a19dff::20260820T162858__random_dropout_25,stage4B_3Day_nohup_20260819T132526Z_w055_20260820T162740Z::a19dff::20260820T162858,ca_ekf,68974D3559EE126E9CD1FAD5FEF61B8F923275B236B5B9D69A4FCCEE7D3FC45F,35979C81068F39099410992CB6D1861D4D5F5FDE429E013BB9ECC046B35031FD,456,267,91,267,0,0,,
real_adsb,random_dropout_25,stage4B_3Day_nohup_20260819T132526Z_w055_20260820T162740Z::a19dff::20260820T162858__random_dropout_25,stage4B_3Day_nohup_20260819T132526Z_w055_20260820T162740Z::a19dff::20260820T162858,ct_ekf,68974D3559EE126E9CD1FAD5FEF61B8F923275B236B5B9D69A4FCCEE7D3FC45F,35979C81068F39099410992CB6D1861D4D5F5FDE429E013BB9ECC046B35031FD,456,267,91,267,0,0,,
real_adsb,random_dropout_25,stage4B_3Day_nohup_20260819T132526Z_w055_20260820T162740Z::a19dff::20260820T162858__random_dropout_25,stage4B_3Day_nohup_20260819T132526Z_w055_20260820T162740Z::a19dff::20260820T162858,native_imm,68974D3559EE126E9CD1FAD5FEF61B8F923275B236B5B9D69A4FCCEE7D3FC45F,35979C81068F39099410992CB6D1861D4D5F5FDE429E013BB9ECC046B35031FD,456,267,91,267,0,0,,
real_adsb,random_dropout_25,stage4B_3Day_nohup_20260819T132526Z_w055_20260820T162740Z::a19dff::20260820T162858__random_dropout_25,stage4B_3Day_nohup_20260819T132526Z_w055_20260820T162740Z::a19dff::20260820T162858,warm_ukf,68974D3559EE126E9CD1FAD5FEF61B8F923275B236B5B9D69A4FCCEE7D3FC45F,35979C81068F39099410992CB6D1861D4D5F5FDE429E013BB9ECC046B35031FD,456,267,91,267,0,0,,
real_adsb,burst_outage,stage4B_3Day_nohup_20260819T132526Z_w055_20260820T162740Z::a19dff::20260820T162858__burst_outage,stage4B_3Day_nohup_20260819T132526Z_w055_20260820T162740Z::a19dff::20260820T162858,cv_ekf,91767DFB6B8273E9E62992D9A0F2B6E49659C60B8B25FC00A62990BEB9022D8E,35979C81068F39099410992CB6D1861D4D5F5FDE429E013BB9ECC046B35031FD,456,292,91,292,0,0,,
real_adsb,burst_outage,stage4B_3Day_nohup_20260819T132526Z_w055_20260820T162740Z::a19dff::20260820T162858__burst_outage,stage4B_3Day_nohup_20260819T132526Z_w055_20260820T162740Z::a19dff::20260820T162858,ca_ekf,91767DFB6B8273E9E62992D9A0F2B6E49659C60B8B25FC00A62990BEB9022D8E,35979C81068F39099410992CB6D1861D4D5F5FDE429E013BB9ECC046B35031FD,456,292,91,292,0,0,,
real_adsb,burst_outage,stage4B_3Day_nohup_20260819T132526Z_w055_20260820T162740Z::a19dff::20260820T162858__burst_outage,stage4B_3Day_nohup_20260819T132526Z_w055_20260820T162740Z::a19dff::20260820T162858,ct_ekf,91767DFB6B8273E9E62992D9A0F2B6E49659C60B8B25FC00A62990BEB9022D8E,35979C81068F39099410992CB6D1861D4D5F5FDE429E013BB9ECC046B35031FD,456,292,91,292,0,0,,
real_adsb,burst_outage,stage4B_3Day_nohup_20260819T132526Z_w055_20260820T162740Z::a19dff::20260820T162858__burst_outage,stage4B_3Day_nohup_20260819T132526Z_w055_20260820T162740Z::a19dff::20260820T162858,native_imm,91767DFB6B8273E9E62992D9A0F2B6E49659C60B8B25FC00A62990BEB9022D8E,35979C81068F39099410992CB6D1861D4D5F5FDE429E013BB9ECC046B35031FD,456,292,91,292,0,0,,
real_adsb,burst_outage,stage4B_3Day_nohup_20260819T132526Z_w055_20260820T162740Z::a19dff::20260820T162858__burst_outage,stage4B_3Day_nohup_20260819T132526Z_w055_20260820T162740Z::a19dff::20260820T162858,warm_ukf,91767DFB6B8273E9E62992D9A0F2B6E49659C60B8B25FC00A62990BEB9022D8E,35979C81068F39099410992CB6D1861D4D5F5FDE429E013BB9ECC046B35031FD,456,292,91,292,0,0,,
real_adsb,baseline,stage4B_3Day_nohup_20260819T132526Z_w113_20260821T212740Z::a0b866::20260821T212929__baseline,stage4B_3Day_nohup_20260819T132526Z_w113_20260821T212740Z::a0b866::20260821T212929,cv_ekf,DF79999F491398FA7F44A001D9C5DDC9123308D2B520B1D58724934E2BA1FFFB,628E94925074F9659A87BB41AF3ADDFBD76AB04F93981E0EB89176093421D465,456,365,91,365,0,0,,
real_adsb,baseline,stage4B_3Day_nohup_20260819T132526Z_w113_20260821T212740Z::a0b866::20260821T212929__baseline,stage4B_3Day_nohup_20260819T132526Z_w113_20260821T212740Z::a0b866::20260821T212929,ca_ekf,DF79999F491398FA7F44A001D9C5DDC9123308D2B520B1D58724934E2BA1FFFB,628E94925074F9659A87BB41AF3ADDFBD76AB04F93981E0EB89176093421D465,456,365,91,365,0,0,,
real_adsb,baseline,stage4B_3Day_nohup_20260819T132526Z_w113_20260821T212740Z::a0b866::20260821T212929__baseline,stage4B_3Day_nohup_20260819T132526Z_w113_20260821T212740Z::a0b866::20260821T212929,ct_ekf,DF79999F491398FA7F44A001D9C5DDC9123308D2B520B1D58724934E2BA1FFFB,628E94925074F9659A87BB41AF3ADDFBD76AB04F93981E0EB89176093421D465,456,365,91,365,0,0,,
real_adsb,baseline,stage4B_3Day_nohup_20260819T132526Z_w113_20260821T212740Z::a0b866::20260821T212929__baseline,stage4B_3Day_nohup_20260819T132526Z_w113_20260821T212740Z::a0b866::20260821T212929,native_imm,DF79999F491398FA7F44A001D9C5DDC9123308D2B520B1D58724934E2BA1FFFB,628E94925074F9659A87BB41AF3ADDFBD76AB04F93981E0EB89176093421D465,456,365,91,365,0,0,,
real_adsb,baseline,stage4B_3Day_nohup_20260819T132526Z_w113_20260821T212740Z::a0b866::20260821T212929__baseline,stage4B_3Day_nohup_20260819T132526Z_w113_20260821T212740Z::a0b866::20260821T212929,warm_ukf,DF79999F491398FA7F44A001D9C5DDC9123308D2B520B1D58724934E2BA1FFFB,628E94925074F9659A87BB41AF3ADDFBD76AB04F93981E0EB89176093421D465,456,365,91,365,0,0,,
real_adsb,random_dropout_10,stage4B_3Day_nohup_20260819T132526Z_w113_20260821T212740Z::a0b866::20260821T212929__random_dropout_10,stage4B_3Day_nohup_20260819T132526Z_w113_20260821T212740Z::a0b866::20260821T212929,cv_ekf,694CD4F0A152DC22D4056DA69544B56F80DA901B83F9AFAF96FF3673B46754D5,628E94925074F9659A87BB41AF3ADDFBD76AB04F93981E0EB89176093421D465,456,325,91,325,0,0,,
real_adsb,random_dropout_10,stage4B_3Day_nohup_20260819T132526Z_w113_20260821T212740Z::a0b866::20260821T212929__random_dropout_10,stage4B_3Day_nohup_20260819T132526Z_w113_20260821T212740Z::a0b866::20260821T212929,ca_ekf,694CD4F0A152DC22D4056DA69544B56F80DA901B83F9AFAF96FF3673B46754D5,628E94925074F9659A87BB41AF3ADDFBD76AB04F93981E0EB89176093421D465,456,325,91,325,0,0,,
real_adsb,random_dropout_10,stage4B_3Day_nohup_20260819T132526Z_w113_20260821T212740Z::a0b866::20260821T212929__random_dropout_10,stage4B_3Day_nohup_20260819T132526Z_w113_20260821T212740Z::a0b866::20260821T212929,ct_ekf,694CD4F0A152DC22D4056DA69544B56F80DA901B83F9AFAF96FF3673B46754D5,628E94925074F9659A87BB41AF3ADDFBD76AB04F93981E0EB89176093421D465,456,325,91,325,0,0,,
real_adsb,random_dropout_10,stage4B_3Day_nohup_20260819T132526Z_w113_20260821T212740Z::a0b866::20260821T212929__random_dropout_10,stage4B_3Day_nohup_20260819T132526Z_w113_20260821T212740Z::a0b866::20260821T212929,native_imm,694CD4F0A152DC22D4056DA69544B56F80DA901B83F9AFAF96FF3673B46754D5,628E94925074F9659A87BB41AF3ADDFBD76AB04F93981E0EB89176093421D465,456,325,91,325,0,0,,
real_adsb,random_dropout_10,stage4B_3Day_nohup_20260819T132526Z_w113_20260821T212740Z::a0b866::20260821T212929__random_dropout_10,stage4B_3Day_nohup_20260819T132526Z_w113_20260821T212740Z::a0b866::20260821T212929,warm_ukf,694CD4F0A152DC22D4056DA69544B56F80DA901B83F9AFAF96FF3673B46754D5,628E94925074F9659A87BB41AF3ADDFBD76AB04F93981E0EB89176093421D465,456,325,91,325,0,0,,
real_adsb,random_dropout_25,stage4B_3Day_nohup_20260819T132526Z_w113_20260821T212740Z::a0b866::20260821T212929__random_dropout_25,stage4B_3Day_nohup_20260819T132526Z_w113_20260821T212740Z::a0b866::20260821T212929,cv_ekf,1AA88B14FADEA4863D58C749CA379022755F88734A236654B2DAC5E54C1FE093,628E94925074F9659A87BB41AF3ADDFBD76AB04F93981E0EB89176093421D465,456,287,91,287,0,0,,
real_adsb,random_dropout_25,stage4B_3Day_nohup_20260819T132526Z_w113_20260821T212740Z::a0b866::20260821T212929__random_dropout_25,stage4B_3Day_nohup_20260819T132526Z_w113_20260821T212740Z::a0b866::20260821T212929,ca_ekf,1AA88B14FADEA4863D58C749CA379022755F88734A236654B2DAC5E54C1FE093,628E94925074F9659A87BB41AF3ADDFBD76AB04F93981E0EB89176093421D465,456,287,91,287,0,0,,
real_adsb,random_dropout_25,stage4B_3Day_nohup_20260819T132526Z_w113_20260821T212740Z::a0b866::20260821T212929__random_dropout_25,stage4B_3Day_nohup_20260819T132526Z_w113_20260821T212740Z::a0b866::20260821T212929,ct_ekf,1AA88B14FADEA4863D58C749CA379022755F88734A236654B2DAC5E54C1FE093,628E94925074F9659A87BB41AF3ADDFBD76AB04F93981E0EB89176093421D465,456,287,91,287,0,0,,
real_adsb,random_dropout_25,stage4B_3Day_nohup_20260819T132526Z_w113_20260821T212740Z::a0b866::20260821T212929__random_dropout_25,stage4B_3Day_nohup_20260819T132526Z_w113_20260821T212740Z::a0b866::20260821T212929,native_imm,1AA88B14FADEA4863D58C749CA379022755F88734A236654B2DAC5E54C1FE093,628E94925074F9659A87BB41AF3ADDFBD76AB04F93981E0EB89176093421D465,456,287,91,287,0,0,,
real_adsb,random_dropout_25,stage4B_3Day_nohup_20260819T132526Z_w113_20260821T212740Z::a0b866::20260821T212929__random_dropout_25,stage4B_3Day_nohup_20260819T132526Z_w113_20260821T212740Z::a0b866::20260821T212929,warm_ukf,1AA88B14FADEA4863D58C749CA379022755F88734A236654B2DAC5E54C1FE093,628E94925074F9659A87BB41AF3ADDFBD76AB04F93981E0EB89176093421D465,456,287,91,287,0,0,,
real_adsb,burst_outage,stage4B_3Day_nohup_20260819T132526Z_w113_20260821T212740Z::a0b866::20260821T212929__burst_outage,stage4B_3Day_nohup_20260819T132526Z_w113_20260821T212740Z::a0b866::20260821T212929,cv_ekf,80F67A0D0A1D80A3C6C6E02D3778969AD90E4F86388F09A6F019D6FF295272A1,628E94925074F9659A87BB41AF3ADDFBD76AB04F93981E0EB89176093421D465,456,292,91,292,0,0,,
real_adsb,burst_outage,stage4B_3Day_nohup_20260819T132526Z_w113_20260821T212740Z::a0b866::20260821T212929__burst_outage,stage4B_3Day_nohup_20260819T132526Z_w113_20260821T212740Z::a0b866::20260821T212929,ca_ekf,80F67A0D0A1D80A3C6C6E02D3778969AD90E4F86388F09A6F019D6FF295272A1,628E94925074F9659A87BB41AF3ADDFBD76AB04F93981E0EB89176093421D465,456,292,91,292,0,0,,
real_adsb,burst_outage,stage4B_3Day_nohup_20260819T132526Z_w113_20260821T212740Z::a0b866::20260821T212929__burst_outage,stage4B_3Day_nohup_20260819T132526Z_w113_20260821T212740Z::a0b866::20260821T212929,ct_ekf,80F67A0D0A1D80A3C6C6E02D3778969AD90E4F86388F09A6F019D6FF295272A1,628E94925074F9659A87BB41AF3ADDFBD76AB04F93981E0EB89176093421D465,456,292,91,292,0,0,,
real_adsb,burst_outage,stage4B_3Day_nohup_20260819T132526Z_w113_20260821T212740Z::a0b866::20260821T212929__burst_outage,stage4B_3Day_nohup_20260819T132526Z_w113_20260821T212740Z::a0b866::20260821T212929,native_imm,80F67A0D0A1D80A3C6C6E02D3778969AD90E4F86388F09A6F019D6FF295272A1,628E94925074F9659A87BB41AF3ADDFBD76AB04F93981E0EB89176093421D465,456,292,91,292,0,0,,
real_adsb,burst_outage,stage4B_3Day_nohup_20260819T132526Z_w113_20260821T212740Z::a0b866::20260821T212929__burst_outage,stage4B_3Day_nohup_20260819T132526Z_w113_20260821T212740Z::a0b866::20260821T212929,warm_ukf,80F67A0D0A1D80A3C6C6E02D3778969AD90E4F86388F09A6F019D6FF295272A1,628E94925074F9659A87BB41AF3ADDFBD76AB04F93981E0EB89176093421D465,456,292,91,292,0,0,,
real_adsb,baseline,stage4B_3Day_nohup_20260819T132526Z_w042_20260820T095740Z::a7101e::20260820T095741__baseline,stage4B_3Day_nohup_20260819T132526Z_w042_20260820T095740Z::a7101e::20260820T095741,cv_ekf,038A3C7C28F573BF235BDFE6B9AAC0443892F06C2990E8F0976B95E31763B19C,9FB1D8E84CA85DFE4C645DE4EC91407C96055DF27066F1D9A678DA0F36CF6526,453,362,91,362,0,0,,
real_adsb,baseline,stage4B_3Day_nohup_20260819T132526Z_w042_20260820T095740Z::a7101e::20260820T095741__baseline,stage4B_3Day_nohup_20260819T132526Z_w042_20260820T095740Z::a7101e::20260820T095741,ca_ekf,038A3C7C28F573BF235BDFE6B9AAC0443892F06C2990E8F0976B95E31763B19C,9FB1D8E84CA85DFE4C645DE4EC91407C96055DF27066F1D9A678DA0F36CF6526,453,362,91,362,0,0,,
real_adsb,baseline,stage4B_3Day_nohup_20260819T132526Z_w042_20260820T095740Z::a7101e::20260820T095741__baseline,stage4B_3Day_nohup_20260819T132526Z_w042_20260820T095740Z::a7101e::20260820T095741,ct_ekf,038A3C7C28F573BF235BDFE6B9AAC0443892F06C2990E8F0976B95E31763B19C,9FB1D8E84CA85DFE4C645DE4EC91407C96055DF27066F1D9A678DA0F36CF6526,453,362,91,362,0,0,,
real_adsb,baseline,stage4B_3Day_nohup_20260819T132526Z_w042_20260820T095740Z::a7101e::20260820T095741__baseline,stage4B_3Day_nohup_20260819T132526Z_w042_20260820T095740Z::a7101e::20260820T095741,native_imm,038A3C7C28F573BF235BDFE6B9AAC0443892F06C2990E8F0976B95E31763B19C,9FB1D8E84CA85DFE4C645DE4EC91407C96055DF27066F1D9A678DA0F36CF6526,453,362,91,362,0,0,,
real_adsb,baseline,stage4B_3Day_nohup_20260819T132526Z_w042_20260820T095740Z::a7101e::20260820T095741__baseline,stage4B_3Day_nohup_20260819T132526Z_w042_20260820T095740Z::a7101e::20260820T095741,warm_ukf,038A3C7C28F573BF235BDFE6B9AAC0443892F06C2990E8F0976B95E31763B19C,9FB1D8E84CA85DFE4C645DE4EC91407C96055DF27066F1D9A678DA0F36CF6526,453,362,91,362,0,0,,
real_adsb,random_dropout_10,stage4B_3Day_nohup_20260819T132526Z_w042_20260820T095740Z::a7101e::20260820T095741__random_dropout_10,stage4B_3Day_nohup_20260819T132526Z_w042_20260820T095740Z::a7101e::20260820T095741,cv_ekf,7478C0523D57C6940ACE324844954AD344F3B602C46A7BA361EDC348110F3F9E,9FB1D8E84CA85DFE4C645DE4EC91407C96055DF27066F1D9A678DA0F36CF6526,453,333,91,333,0,0,,
real_adsb,random_dropout_10,stage4B_3Day_nohup_20260819T132526Z_w042_20260820T095740Z::a7101e::20260820T095741__random_dropout_10,stage4B_3Day_nohup_20260819T132526Z_w042_20260820T095740Z::a7101e::20260820T095741,ca_ekf,7478C0523D57C6940ACE324844954AD344F3B602C46A7BA361EDC348110F3F9E,9FB1D8E84CA85DFE4C645DE4EC91407C96055DF27066F1D9A678DA0F36CF6526,453,333,91,333,0,0,,
real_adsb,random_dropout_10,stage4B_3Day_nohup_20260819T132526Z_w042_20260820T095740Z::a7101e::20260820T095741__random_dropout_10,stage4B_3Day_nohup_20260819T132526Z_w042_20260820T095740Z::a7101e::20260820T095741,ct_ekf,7478C0523D57C6940ACE324844954AD344F3B602C46A7BA361EDC348110F3F9E,9FB1D8E84CA85DFE4C645DE4EC91407C96055DF27066F1D9A678DA0F36CF6526,453,333,91,333,0,0,,
real_adsb,random_dropout_10,stage4B_3Day_nohup_20260819T132526Z_w042_20260820T095740Z::a7101e::20260820T095741__random_dropout_10,stage4B_3Day_nohup_20260819T132526Z_w042_20260820T095740Z::a7101e::20260820T095741,native_imm,7478C0523D57C6940ACE324844954AD344F3B602C46A7BA361EDC348110F3F9E,9FB1D8E84CA85DFE4C645DE4EC91407C96055DF27066F1D9A678DA0F36CF6526,453,333,91,333,0,0,,
real_adsb,random_dropout_10,stage4B_3Day_nohup_20260819T132526Z_w042_20260820T095740Z::a7101e::20260820T095741__random_dropout_10,stage4B_3Day_nohup_20260819T132526Z_w042_20260820T095740Z::a7101e::20260820T095741,warm_ukf,7478C0523D57C6940ACE324844954AD344F3B602C46A7BA361EDC348110F3F9E,9FB1D8E84CA85DFE4C645DE4EC91407C96055DF27066F1D9A678DA0F36CF6526,453,333,91,333,0,0,,
real_adsb,random_dropout_25,stage4B_3Day_nohup_20260819T132526Z_w042_20260820T095740Z::a7101e::20260820T095741__random_dropout_25,stage4B_3Day_nohup_20260819T132526Z_w042_20260820T095740Z::a7101e::20260820T095741,cv_ekf,B5B35FCA6DA59DF7C61ABF26844AA03E7B7C880241D6BABE6CEB1BF2FCDC3546,9FB1D8E84CA85DFE4C645DE4EC91407C96055DF27066F1D9A678DA0F36CF6526,453,271,91,271,0,0,,
real_adsb,random_dropout_25,stage4B_3Day_nohup_20260819T132526Z_w042_20260820T095740Z::a7101e::20260820T095741__random_dropout_25,stage4B_3Day_nohup_20260819T132526Z_w042_20260820T095740Z::a7101e::20260820T095741,ca_ekf,B5B35FCA6DA59DF7C61ABF26844AA03E7B7C880241D6BABE6CEB1BF2FCDC3546,9FB1D8E84CA85DFE4C645DE4EC91407C96055DF27066F1D9A678DA0F36CF6526,453,271,91,271,0,0,,
real_adsb,random_dropout_25,stage4B_3Day_nohup_20260819T132526Z_w042_20260820T095740Z::a7101e::20260820T095741__random_dropout_25,stage4B_3Day_nohup_20260819T132526Z_w042_20260820T095740Z::a7101e::20260820T095741,ct_ekf,B5B35FCA6DA59DF7C61ABF26844AA03E7B7C880241D6BABE6CEB1BF2FCDC3546,9FB1D8E84CA85DFE4C645DE4EC91407C96055DF27066F1D9A678DA0F36CF6526,453,271,91,271,0,0,,
real_adsb,random_dropout_25,stage4B_3Day_nohup_20260819T132526Z_w042_20260820T095740Z::a7101e::20260820T095741__random_dropout_25,stage4B_3Day_nohup_20260819T132526Z_w042_20260820T095740Z::a7101e::20260820T095741,native_imm,B5B35FCA6DA59DF7C61ABF26844AA03E7B7C880241D6BABE6CEB1BF2FCDC3546,9FB1D8E84CA85DFE4C645DE4EC91407C96055DF27066F1D9A678DA0F36CF6526,453,271,91,271,0,0,,
real_adsb,random_dropout_25,stage4B_3Day_nohup_20260819T132526Z_w042_20260820T095740Z::a7101e::20260820T095741__random_dropout_25,stage4B_3Day_nohup_20260819T132526Z_w042_20260820T095740Z::a7101e::20260820T095741,warm_ukf,B5B35FCA6DA59DF7C61ABF26844AA03E7B7C880241D6BABE6CEB1BF2FCDC3546,9FB1D8E84CA85DFE4C645DE4EC91407C96055DF27066F1D9A678DA0F36CF6526,453,271,91,271,0,0,,
real_adsb,burst_outage,stage4B_3Day_nohup_20260819T132526Z_w042_20260820T095740Z::a7101e::20260820T095741__burst_outage,stage4B_3Day_nohup_20260819T132526Z_w042_20260820T095740Z::a7101e::20260820T095741,cv_ekf,876784CE0FC0B7B9513E45066E3426EC1E3A18550BD6ADFB463FD74E6E4016BF,9FB1D8E84CA85DFE4C645DE4EC91407C96055DF27066F1D9A678DA0F36CF6526,453,290,91,290,0,0,,
real_adsb,burst_outage,stage4B_3Day_nohup_20260819T132526Z_w042_20260820T095740Z::a7101e::20260820T095741__burst_outage,stage4B_3Day_nohup_20260819T132526Z_w042_20260820T095740Z::a7101e::20260820T095741,ca_ekf,876784CE0FC0B7B9513E45066E3426EC1E3A18550BD6ADFB463FD74E6E4016BF,9FB1D8E84CA85DFE4C645DE4EC91407C96055DF27066F1D9A678DA0F36CF6526,453,290,91,290,0,0,,
real_adsb,burst_outage,stage4B_3Day_nohup_20260819T132526Z_w042_20260820T095740Z::a7101e::20260820T095741__burst_outage,stage4B_3Day_nohup_20260819T132526Z_w042_20260820T095740Z::a7101e::20260820T095741,ct_ekf,876784CE0FC0B7B9513E45066E3426EC1E3A18550BD6ADFB463FD74E6E4016BF,9FB1D8E84CA85DFE4C645DE4EC91407C96055DF27066F1D9A678DA0F36CF6526,453,290,91,290,0,0,,
real_adsb,burst_outage,stage4B_3Day_nohup_20260819T132526Z_w042_20260820T095740Z::a7101e::20260820T095741__burst_outage,stage4B_3Day_nohup_20260819T132526Z_w042_20260820T095740Z::a7101e::20260820T095741,native_imm,876784CE0FC0B7B9513E45066E3426EC1E3A18550BD6ADFB463FD74E6E4016BF,9FB1D8E84CA85DFE4C645DE4EC91407C96055DF27066F1D9A678DA0F36CF6526,453,290,91,290,0,0,,
real_adsb,burst_outage,stage4B_3Day_nohup_20260819T132526Z_w042_20260820T095740Z::a7101e::20260820T095741__burst_outage,stage4B_3Day_nohup_20260819T132526Z_w042_20260820T095740Z::a7101e::20260820T095741,warm_ukf,876784CE0FC0B7B9513E45066E3426EC1E3A18550BD6ADFB463FD74E6E4016BF,9FB1D8E84CA85DFE4C645DE4EC91407C96055DF27066F1D9A678DA0F36CF6526,453,290,91,290,0,0,,
real_adsb,baseline,stage4B_3Day_nohup_20260819T132526Z_w113_20260821T212740Z::a350c3::20260821T212752__baseline,stage4B_3Day_nohup_20260819T132526Z_w113_20260821T212740Z::a350c3::20260821T212752,cv_ekf,AD178C23E1045266D5086DCB1BF747B4F282B9A39617702B4E8B39CD7959178A,0005D2F1208603BAFB25B6BC1FBE9E7D8CB1301B275A26A5E9414D8590FD6E5B,453,362,91,362,0,0,,
real_adsb,baseline,stage4B_3Day_nohup_20260819T132526Z_w113_20260821T212740Z::a350c3::20260821T212752__baseline,stage4B_3Day_nohup_20260819T132526Z_w113_20260821T212740Z::a350c3::20260821T212752,ca_ekf,AD178C23E1045266D5086DCB1BF747B4F282B9A39617702B4E8B39CD7959178A,0005D2F1208603BAFB25B6BC1FBE9E7D8CB1301B275A26A5E9414D8590FD6E5B,453,362,91,362,0,0,,
real_adsb,baseline,stage4B_3Day_nohup_20260819T132526Z_w113_20260821T212740Z::a350c3::20260821T212752__baseline,stage4B_3Day_nohup_20260819T132526Z_w113_20260821T212740Z::a350c3::20260821T212752,ct_ekf,AD178C23E1045266D5086DCB1BF747B4F282B9A39617702B4E8B39CD7959178A,0005D2F1208603BAFB25B6BC1FBE9E7D8CB1301B275A26A5E9414D8590FD6E5B,453,362,91,362,0,0,,
real_adsb,baseline,stage4B_3Day_nohup_20260819T132526Z_w113_20260821T212740Z::a350c3::20260821T212752__baseline,stage4B_3Day_nohup_20260819T132526Z_w113_20260821T212740Z::a350c3::20260821T212752,native_imm,AD178C23E1045266D5086DCB1BF747B4F282B9A39617702B4E8B39CD7959178A,0005D2F1208603BAFB25B6BC1FBE9E7D8CB1301B275A26A5E9414D8590FD6E5B,453,362,91,362,0,0,,
real_adsb,baseline,stage4B_3Day_nohup_20260819T132526Z_w113_20260821T212740Z::a350c3::20260821T212752__baseline,stage4B_3Day_nohup_20260819T132526Z_w113_20260821T212740Z::a350c3::20260821T212752,warm_ukf,AD178C23E1045266D5086DCB1BF747B4F282B9A39617702B4E8B39CD7959178A,0005D2F1208603BAFB25B6BC1FBE9E7D8CB1301B275A26A5E9414D8590FD6E5B,453,362,91,362,0,0,,
real_adsb,random_dropout_10,stage4B_3Day_nohup_20260819T132526Z_w113_20260821T212740Z::a350c3::20260821T212752__random_dropout_10,stage4B_3Day_nohup_20260819T132526Z_w113_20260821T212740Z::a350c3::20260821T212752,cv_ekf,8E95182D6DACD9B0589C80526E4161762A6F27CE02B2A9BAB9032661FF6AF1F8,0005D2F1208603BAFB25B6BC1FBE9E7D8CB1301B275A26A5E9414D8590FD6E5B,453,328,91,328,0,0,,
real_adsb,random_dropout_10,stage4B_3Day_nohup_20260819T132526Z_w113_20260821T212740Z::a350c3::20260821T212752__random_dropout_10,stage4B_3Day_nohup_20260819T132526Z_w113_20260821T212740Z::a350c3::20260821T212752,ca_ekf,8E95182D6DACD9B0589C80526E4161762A6F27CE02B2A9BAB9032661FF6AF1F8,0005D2F1208603BAFB25B6BC1FBE9E7D8CB1301B275A26A5E9414D8590FD6E5B,453,328,91,328,0,0,,
real_adsb,random_dropout_10,stage4B_3Day_nohup_20260819T132526Z_w113_20260821T212740Z::a350c3::20260821T212752__random_dropout_10,stage4B_3Day_nohup_20260819T132526Z_w113_20260821T212740Z::a350c3::20260821T212752,ct_ekf,8E95182D6DACD9B0589C80526E4161762A6F27CE02B2A9BAB9032661FF6AF1F8,0005D2F1208603BAFB25B6BC1FBE9E7D8CB1301B275A26A5E9414D8590FD6E5B,453,328,91,328,0,0,,
real_adsb,random_dropout_10,stage4B_3Day_nohup_20260819T132526Z_w113_20260821T212740Z::a350c3::20260821T212752__random_dropout_10,stage4B_3Day_nohup_20260819T132526Z_w113_20260821T212740Z::a350c3::20260821T212752,native_imm,8E95182D6DACD9B0589C80526E4161762A6F27CE02B2A9BAB9032661FF6AF1F8,0005D2F1208603BAFB25B6BC1FBE9E7D8CB1301B275A26A5E9414D8590FD6E5B,453,328,91,328,0,0,,
real_adsb,random_dropout_10,stage4B_3Day_nohup_20260819T132526Z_w113_20260821T212740Z::a350c3::20260821T212752__random_dropout_10,stage4B_3Day_nohup_20260819T132526Z_w113_20260821T212740Z::a350c3::20260821T212752,warm_ukf,8E95182D6DACD9B0589C80526E4161762A6F27CE02B2A9BAB9032661FF6AF1F8,0005D2F1208603BAFB25B6BC1FBE9E7D8CB1301B275A26A5E9414D8590FD6E5B,453,328,91,328,0,0,,
real_adsb,random_dropout_25,stage4B_3Day_nohup_20260819T132526Z_w113_20260821T212740Z::a350c3::20260821T212752__random_dropout_25,stage4B_3Day_nohup_20260819T132526Z_w113_20260821T212740Z::a350c3::20260821T212752,cv_ekf,6FB80F176CC7395A55F45632CF33C3E24442D2C9FF46CEEA18142DA15F899C49,0005D2F1208603BAFB25B6BC1FBE9E7D8CB1301B275A26A5E9414D8590FD6E5B,453,278,91,278,0,0,,
real_adsb,random_dropout_25,stage4B_3Day_nohup_20260819T132526Z_w113_20260821T212740Z::a350c3::20260821T212752__random_dropout_25,stage4B_3Day_nohup_20260819T132526Z_w113_20260821T212740Z::a350c3::20260821T212752,ca_ekf,6FB80F176CC7395A55F45632CF33C3E24442D2C9FF46CEEA18142DA15F899C49,0005D2F1208603BAFB25B6BC1FBE9E7D8CB1301B275A26A5E9414D8590FD6E5B,453,278,91,278,0,0,,
real_adsb,random_dropout_25,stage4B_3Day_nohup_20260819T132526Z_w113_20260821T212740Z::a350c3::20260821T212752__random_dropout_25,stage4B_3Day_nohup_20260819T132526Z_w113_20260821T212740Z::a350c3::20260821T212752,ct_ekf,6FB80F176CC7395A55F45632CF33C3E24442D2C9FF46CEEA18142DA15F899C49,0005D2F1208603BAFB25B6BC1FBE9E7D8CB1301B275A26A5E9414D8590FD6E5B,453,278,91,278,0,0,,
real_adsb,random_dropout_25,stage4B_3Day_nohup_20260819T132526Z_w113_20260821T212740Z::a350c3::20260821T212752__random_dropout_25,stage4B_3Day_nohup_20260819T132526Z_w113_20260821T212740Z::a350c3::20260821T212752,native_imm,6FB80F176CC7395A55F45632CF33C3E24442D2C9FF46CEEA18142DA15F899C49,0005D2F1208603BAFB25B6BC1FBE9E7D8CB1301B275A26A5E9414D8590FD6E5B,453,278,91,278,0,0,,
real_adsb,random_dropout_25,stage4B_3Day_nohup_20260819T132526Z_w113_20260821T212740Z::a350c3::20260821T212752__random_dropout_25,stage4B_3Day_nohup_20260819T132526Z_w113_20260821T212740Z::a350c3::20260821T212752,warm_ukf,6FB80F176CC7395A55F45632CF33C3E24442D2C9FF46CEEA18142DA15F899C49,0005D2F1208603BAFB25B6BC1FBE9E7D8CB1301B275A26A5E9414D8590FD6E5B,453,278,91,278,0,0,,
real_adsb,burst_outage,stage4B_3Day_nohup_20260819T132526Z_w113_20260821T212740Z::a350c3::20260821T212752__burst_outage,stage4B_3Day_nohup_20260819T132526Z_w113_20260821T212740Z::a350c3::20260821T212752,cv_ekf,60BFC2FB69DF9D49D0C42D7F27D223C820E650F2648130EECF3F283E8247898F,0005D2F1208603BAFB25B6BC1FBE9E7D8CB1301B275A26A5E9414D8590FD6E5B,453,290,91,290,0,0,,
real_adsb,burst_outage,stage4B_3Day_nohup_20260819T132526Z_w113_20260821T212740Z::a350c3::20260821T212752__burst_outage,stage4B_3Day_nohup_20260819T132526Z_w113_20260821T212740Z::a350c3::20260821T212752,ca_ekf,60BFC2FB69DF9D49D0C42D7F27D223C820E650F2648130EECF3F283E8247898F,0005D2F1208603BAFB25B6BC1FBE9E7D8CB1301B275A26A5E9414D8590FD6E5B,453,290,91,290,0,0,,
real_adsb,burst_outage,stage4B_3Day_nohup_20260819T132526Z_w113_20260821T212740Z::a350c3::20260821T212752__burst_outage,stage4B_3Day_nohup_20260819T132526Z_w113_20260821T212740Z::a350c3::20260821T212752,ct_ekf,60BFC2FB69DF9D49D0C42D7F27D223C820E650F2648130EECF3F283E8247898F,0005D2F1208603BAFB25B6BC1FBE9E7D8CB1301B275A26A5E9414D8590FD6E5B,453,290,91,290,0,0,,
real_adsb,burst_outage,stage4B_3Day_nohup_20260819T132526Z_w113_20260821T212740Z::a350c3::20260821T212752__burst_outage,stage4B_3Day_nohup_20260819T132526Z_w113_20260821T212740Z::a350c3::20260821T212752,native_imm,60BFC2FB69DF9D49D0C42D7F27D223C820E650F2648130EECF3F283E8247898F,0005D2F1208603BAFB25B6BC1FBE9E7D8CB1301B275A26A5E9414D8590FD6E5B,453,290,91,290,0,0,,
real_adsb,burst_outage,stage4B_3Day_nohup_20260819T132526Z_w113_20260821T212740Z::a350c3::20260821T212752__burst_outage,stage4B_3Day_nohup_20260819T132526Z_w113_20260821T212740Z::a350c3::20260821T212752,warm_ukf,60BFC2FB69DF9D49D0C42D7F27D223C820E650F2648130EECF3F283E8247898F,0005D2F1208603BAFB25B6BC1FBE9E7D8CB1301B275A26A5E9414D8590FD6E5B,453,290,91,290,0,0,,
real_adsb,baseline,stage4B_3Day_nohup_20260819T132526Z_w105_20260821T172740Z::a4105b::20260821T173304__baseline,stage4B_3Day_nohup_20260819T132526Z_w105_20260821T172740Z::a4105b::20260821T173304,cv_ekf,723D017A526FD90F140CBAACD876E05C5288731D0037AA712706CE3FBC742A4F,46E5B00E0DF44AB306B5726624D8B8A030B88B9A8D091E4ABD83433A125BE657,451,361,90,361,0,0,,
real_adsb,baseline,stage4B_3Day_nohup_20260819T132526Z_w105_20260821T172740Z::a4105b::20260821T173304__baseline,stage4B_3Day_nohup_20260819T132526Z_w105_20260821T172740Z::a4105b::20260821T173304,ca_ekf,723D017A526FD90F140CBAACD876E05C5288731D0037AA712706CE3FBC742A4F,46E5B00E0DF44AB306B5726624D8B8A030B88B9A8D091E4ABD83433A125BE657,451,361,90,361,0,0,,
real_adsb,baseline,stage4B_3Day_nohup_20260819T132526Z_w105_20260821T172740Z::a4105b::20260821T173304__baseline,stage4B_3Day_nohup_20260819T132526Z_w105_20260821T172740Z::a4105b::20260821T173304,ct_ekf,723D017A526FD90F140CBAACD876E05C5288731D0037AA712706CE3FBC742A4F,46E5B00E0DF44AB306B5726624D8B8A030B88B9A8D091E4ABD83433A125BE657,451,361,90,361,0,0,,
real_adsb,baseline,stage4B_3Day_nohup_20260819T132526Z_w105_20260821T172740Z::a4105b::20260821T173304__baseline,stage4B_3Day_nohup_20260819T132526Z_w105_20260821T172740Z::a4105b::20260821T173304,native_imm,723D017A526FD90F140CBAACD876E05C5288731D0037AA712706CE3FBC742A4F,46E5B00E0DF44AB306B5726624D8B8A030B88B9A8D091E4ABD83433A125BE657,451,361,90,361,0,0,,
real_adsb,baseline,stage4B_3Day_nohup_20260819T132526Z_w105_20260821T172740Z::a4105b::20260821T173304__baseline,stage4B_3Day_nohup_20260819T132526Z_w105_20260821T172740Z::a4105b::20260821T173304,warm_ukf,723D017A526FD90F140CBAACD876E05C5288731D0037AA712706CE3FBC742A4F,46E5B00E0DF44AB306B5726624D8B8A030B88B9A8D091E4ABD83433A125BE657,451,361,90,361,0,0,,
real_adsb,random_dropout_10,stage4B_3Day_nohup_20260819T132526Z_w105_20260821T172740Z::a4105b::20260821T173304__random_dropout_10,stage4B_3Day_nohup_20260819T132526Z_w105_20260821T172740Z::a4105b::20260821T173304,cv_ekf,16BE39040FF1DFBB3C08ED5AF094CB10C13A9F49085E707D04C3AFF2DF3FC2B1,46E5B00E0DF44AB306B5726624D8B8A030B88B9A8D091E4ABD83433A125BE657,451,328,90,328,0,0,,
real_adsb,random_dropout_10,stage4B_3Day_nohup_20260819T132526Z_w105_20260821T172740Z::a4105b::20260821T173304__random_dropout_10,stage4B_3Day_nohup_20260819T132526Z_w105_20260821T172740Z::a4105b::20260821T173304,ca_ekf,16BE39040FF1DFBB3C08ED5AF094CB10C13A9F49085E707D04C3AFF2DF3FC2B1,46E5B00E0DF44AB306B5726624D8B8A030B88B9A8D091E4ABD83433A125BE657,451,328,90,328,0,0,,
real_adsb,random_dropout_10,stage4B_3Day_nohup_20260819T132526Z_w105_20260821T172740Z::a4105b::20260821T173304__random_dropout_10,stage4B_3Day_nohup_20260819T132526Z_w105_20260821T172740Z::a4105b::20260821T173304,ct_ekf,16BE39040FF1DFBB3C08ED5AF094CB10C13A9F49085E707D04C3AFF2DF3FC2B1,46E5B00E0DF44AB306B5726624D8B8A030B88B9A8D091E4ABD83433A125BE657,451,328,90,328,0,0,,
real_adsb,random_dropout_10,stage4B_3Day_nohup_20260819T132526Z_w105_20260821T172740Z::a4105b::20260821T173304__random_dropout_10,stage4B_3Day_nohup_20260819T132526Z_w105_20260821T172740Z::a4105b::20260821T173304,native_imm,16BE39040FF1DFBB3C08ED5AF094CB10C13A9F49085E707D04C3AFF2DF3FC2B1,46E5B00E0DF44AB306B5726624D8B8A030B88B9A8D091E4ABD83433A125BE657,451,328,90,328,0,0,,
real_adsb,random_dropout_10,stage4B_3Day_nohup_20260819T132526Z_w105_20260821T172740Z::a4105b::20260821T173304__random_dropout_10,stage4B_3Day_nohup_20260819T132526Z_w105_20260821T172740Z::a4105b::20260821T173304,warm_ukf,16BE39040FF1DFBB3C08ED5AF094CB10C13A9F49085E707D04C3AFF2DF3FC2B1,46E5B00E0DF44AB306B5726624D8B8A030B88B9A8D091E4ABD83433A125BE657,451,328,90,328,0,0,,
real_adsb,random_dropout_25,stage4B_3Day_nohup_20260819T132526Z_w105_20260821T172740Z::a4105b::20260821T173304__random_dropout_25,stage4B_3Day_nohup_20260819T132526Z_w105_20260821T172740Z::a4105b::20260821T173304,cv_ekf,9BA6FB92FFAFAADAEE4B29BA7E5E7FB582C70F7C850343A94568FCA97CE9312E,46E5B00E0DF44AB306B5726624D8B8A030B88B9A8D091E4ABD83433A125BE657,451,262,90,262,0,0,,
real_adsb,random_dropout_25,stage4B_3Day_nohup_20260819T132526Z_w105_20260821T172740Z::a4105b::20260821T173304__random_dropout_25,stage4B_3Day_nohup_20260819T132526Z_w105_20260821T172740Z::a4105b::20260821T173304,ca_ekf,9BA6FB92FFAFAADAEE4B29BA7E5E7FB582C70F7C850343A94568FCA97CE9312E,46E5B00E0DF44AB306B5726624D8B8A030B88B9A8D091E4ABD83433A125BE657,451,262,90,262,0,0,,
real_adsb,random_dropout_25,stage4B_3Day_nohup_20260819T132526Z_w105_20260821T172740Z::a4105b::20260821T173304__random_dropout_25,stage4B_3Day_nohup_20260819T132526Z_w105_20260821T172740Z::a4105b::20260821T173304,ct_ekf,9BA6FB92FFAFAADAEE4B29BA7E5E7FB582C70F7C850343A94568FCA97CE9312E,46E5B00E0DF44AB306B5726624D8B8A030B88B9A8D091E4ABD83433A125BE657,451,262,90,262,0,0,,
real_adsb,random_dropout_25,stage4B_3Day_nohup_20260819T132526Z_w105_20260821T172740Z::a4105b::20260821T173304__random_dropout_25,stage4B_3Day_nohup_20260819T132526Z_w105_20260821T172740Z::a4105b::20260821T173304,native_imm,9BA6FB92FFAFAADAEE4B29BA7E5E7FB582C70F7C850343A94568FCA97CE9312E,46E5B00E0DF44AB306B5726624D8B8A030B88B9A8D091E4ABD83433A125BE657,451,262,90,262,0,0,,
real_adsb,random_dropout_25,stage4B_3Day_nohup_20260819T132526Z_w105_20260821T172740Z::a4105b::20260821T173304__random_dropout_25,stage4B_3Day_nohup_20260819T132526Z_w105_20260821T172740Z::a4105b::20260821T173304,warm_ukf,9BA6FB92FFAFAADAEE4B29BA7E5E7FB582C70F7C850343A94568FCA97CE9312E,46E5B00E0DF44AB306B5726624D8B8A030B88B9A8D091E4ABD83433A125BE657,451,262,90,262,0,0,,
real_adsb,burst_outage,stage4B_3Day_nohup_20260819T132526Z_w105_20260821T172740Z::a4105b::20260821T173304__burst_outage,stage4B_3Day_nohup_20260819T132526Z_w105_20260821T172740Z::a4105b::20260821T173304,cv_ekf,8580DC0E93E3AE5606F1524FC042EAFEC371BD39CFBD0F4A19D4B5DAF2751DD7,46E5B00E0DF44AB306B5726624D8B8A030B88B9A8D091E4ABD83433A125BE657,451,289,90,289,0,0,,
real_adsb,burst_outage,stage4B_3Day_nohup_20260819T132526Z_w105_20260821T172740Z::a4105b::20260821T173304__burst_outage,stage4B_3Day_nohup_20260819T132526Z_w105_20260821T172740Z::a4105b::20260821T173304,ca_ekf,8580DC0E93E3AE5606F1524FC042EAFEC371BD39CFBD0F4A19D4B5DAF2751DD7,46E5B00E0DF44AB306B5726624D8B8A030B88B9A8D091E4ABD83433A125BE657,451,289,90,289,0,0,,
real_adsb,burst_outage,stage4B_3Day_nohup_20260819T132526Z_w105_20260821T172740Z::a4105b::20260821T173304__burst_outage,stage4B_3Day_nohup_20260819T132526Z_w105_20260821T172740Z::a4105b::20260821T173304,ct_ekf,8580DC0E93E3AE5606F1524FC042EAFEC371BD39CFBD0F4A19D4B5DAF2751DD7,46E5B00E0DF44AB306B5726624D8B8A030B88B9A8D091E4ABD83433A125BE657,451,289,90,289,0,0,,
real_adsb,burst_outage,stage4B_3Day_nohup_20260819T132526Z_w105_20260821T172740Z::a4105b::20260821T173304__burst_outage,stage4B_3Day_nohup_20260819T132526Z_w105_20260821T172740Z::a4105b::20260821T173304,native_imm,8580DC0E93E3AE5606F1524FC042EAFEC371BD39CFBD0F4A19D4B5DAF2751DD7,46E5B00E0DF44AB306B5726624D8B8A030B88B9A8D091E4ABD83433A125BE657,451,289,90,289,0,0,,
real_adsb,burst_outage,stage4B_3Day_nohup_20260819T132526Z_w105_20260821T172740Z::a4105b::20260821T173304__burst_outage,stage4B_3Day_nohup_20260819T132526Z_w105_20260821T172740Z::a4105b::20260821T173304,warm_ukf,8580DC0E93E3AE5606F1524FC042EAFEC371BD39CFBD0F4A19D4B5DAF2751DD7,46E5B00E0DF44AB306B5726624D8B8A030B88B9A8D091E4ABD83433A125BE657,451,289,90,289,0,0,,
real_adsb,baseline,stage4B_3Day_nohup_20260819T132526Z_w054_20260820T155740Z::a78e09::20260820T155926__baseline,stage4B_3Day_nohup_20260819T132526Z_w054_20260820T155740Z::a78e09::20260820T155926,cv_ekf,A7E08CCD0F27F4853643FD7B2AA5F94A5BBA5D20FA445EEFE306014270E16382,8BBC5E2B5E3BB622181E8BF6E7188DF9A1B11F8BDF4C109B73295A6FFD5DB882,448,358,90,358,0,0,,
real_adsb,baseline,stage4B_3Day_nohup_20260819T132526Z_w054_20260820T155740Z::a78e09::20260820T155926__baseline,stage4B_3Day_nohup_20260819T132526Z_w054_20260820T155740Z::a78e09::20260820T155926,ca_ekf,A7E08CCD0F27F4853643FD7B2AA5F94A5BBA5D20FA445EEFE306014270E16382,8BBC5E2B5E3BB622181E8BF6E7188DF9A1B11F8BDF4C109B73295A6FFD5DB882,448,358,90,358,0,0,,
real_adsb,baseline,stage4B_3Day_nohup_20260819T132526Z_w054_20260820T155740Z::a78e09::20260820T155926__baseline,stage4B_3Day_nohup_20260819T132526Z_w054_20260820T155740Z::a78e09::20260820T155926,ct_ekf,A7E08CCD0F27F4853643FD7B2AA5F94A5BBA5D20FA445EEFE306014270E16382,8BBC5E2B5E3BB622181E8BF6E7188DF9A1B11F8BDF4C109B73295A6FFD5DB882,448,358,90,358,0,0,,
real_adsb,baseline,stage4B_3Day_nohup_20260819T132526Z_w054_20260820T155740Z::a78e09::20260820T155926__baseline,stage4B_3Day_nohup_20260819T132526Z_w054_20260820T155740Z::a78e09::20260820T155926,native_imm,A7E08CCD0F27F4853643FD7B2AA5F94A5BBA5D20FA445EEFE306014270E16382,8BBC5E2B5E3BB622181E8BF6E7188DF9A1B11F8BDF4C109B73295A6FFD5DB882,448,358,90,358,0,0,,
real_adsb,baseline,stage4B_3Day_nohup_20260819T132526Z_w054_20260820T155740Z::a78e09::20260820T155926__baseline,stage4B_3Day_nohup_20260819T132526Z_w054_20260820T155740Z::a78e09::20260820T155926,warm_ukf,A7E08CCD0F27F4853643FD7B2AA5F94A5BBA5D20FA445EEFE306014270E16382,8BBC5E2B5E3BB622181E8BF6E7188DF9A1B11F8BDF4C109B73295A6FFD5DB882,448,358,90,358,0,0,,
real_adsb,random_dropout_10,stage4B_3Day_nohup_20260819T132526Z_w054_20260820T155740Z::a78e09::20260820T155926__random_dropout_10,stage4B_3Day_nohup_20260819T132526Z_w054_20260820T155740Z::a78e09::20260820T155926,cv_ekf,AEA148D7BE36506DDBE0261C3EAE1D9D603CF01A121A4F8DC1ED188B92AB603A,8BBC5E2B5E3BB622181E8BF6E7188DF9A1B11F8BDF4C109B73295A6FFD5DB882,448,312,90,312,0,0,,
real_adsb,random_dropout_10,stage4B_3Day_nohup_20260819T132526Z_w054_20260820T155740Z::a78e09::20260820T155926__random_dropout_10,stage4B_3Day_nohup_20260819T132526Z_w054_20260820T155740Z::a78e09::20260820T155926,ca_ekf,AEA148D7BE36506DDBE0261C3EAE1D9D603CF01A121A4F8DC1ED188B92AB603A,8BBC5E2B5E3BB622181E8BF6E7188DF9A1B11F8BDF4C109B73295A6FFD5DB882,448,312,90,312,0,0,,
real_adsb,random_dropout_10,stage4B_3Day_nohup_20260819T132526Z_w054_20260820T155740Z::a78e09::20260820T155926__random_dropout_10,stage4B_3Day_nohup_20260819T132526Z_w054_20260820T155740Z::a78e09::20260820T155926,ct_ekf,AEA148D7BE36506DDBE0261C3EAE1D9D603CF01A121A4F8DC1ED188B92AB603A,8BBC5E2B5E3BB622181E8BF6E7188DF9A1B11F8BDF4C109B73295A6FFD5DB882,448,312,90,312,0,0,,
real_adsb,random_dropout_10,stage4B_3Day_nohup_20260819T132526Z_w054_20260820T155740Z::a78e09::20260820T155926__random_dropout_10,stage4B_3Day_nohup_20260819T132526Z_w054_20260820T155740Z::a78e09::20260820T155926,native_imm,AEA148D7BE36506DDBE0261C3EAE1D9D603CF01A121A4F8DC1ED188B92AB603A,8BBC5E2B5E3BB622181E8BF6E7188DF9A1B11F8BDF4C109B73295A6FFD5DB882,448,312,90,312,0,0,,
real_adsb,random_dropout_10,stage4B_3Day_nohup_20260819T132526Z_w054_20260820T155740Z::a78e09::20260820T155926__random_dropout_10,stage4B_3Day_nohup_20260819T132526Z_w054_20260820T155740Z::a78e09::20260820T155926,warm_ukf,AEA148D7BE36506DDBE0261C3EAE1D9D603CF01A121A4F8DC1ED188B92AB603A,8BBC5E2B5E3BB622181E8BF6E7188DF9A1B11F8BDF4C109B73295A6FFD5DB882,448,312,90,312,0,0,,
real_adsb,random_dropout_25,stage4B_3Day_nohup_20260819T132526Z_w054_20260820T155740Z::a78e09::20260820T155926__random_dropout_25,stage4B_3Day_nohup_20260819T132526Z_w054_20260820T155740Z::a78e09::20260820T155926,cv_ekf,40E5F3385953A341FC9C0358961D3D84B1E14A282F44872BC568DED396DA2767,8BBC5E2B5E3BB622181E8BF6E7188DF9A1B11F8BDF4C109B73295A6FFD5DB882,448,272,90,272,0,0,,
real_adsb,random_dropout_25,stage4B_3Day_nohup_20260819T132526Z_w054_20260820T155740Z::a78e09::20260820T155926__random_dropout_25,stage4B_3Day_nohup_20260819T132526Z_w054_20260820T155740Z::a78e09::20260820T155926,ca_ekf,40E5F3385953A341FC9C0358961D3D84B1E14A282F44872BC568DED396DA2767,8BBC5E2B5E3BB622181E8BF6E7188DF9A1B11F8BDF4C109B73295A6FFD5DB882,448,272,90,272,0,0,,
real_adsb,random_dropout_25,stage4B_3Day_nohup_20260819T132526Z_w054_20260820T155740Z::a78e09::20260820T155926__random_dropout_25,stage4B_3Day_nohup_20260819T132526Z_w054_20260820T155740Z::a78e09::20260820T155926,ct_ekf,40E5F3385953A341FC9C0358961D3D84B1E14A282F44872BC568DED396DA2767,8BBC5E2B5E3BB622181E8BF6E7188DF9A1B11F8BDF4C109B73295A6FFD5DB882,448,272,90,272,0,0,,
real_adsb,random_dropout_25,stage4B_3Day_nohup_20260819T132526Z_w054_20260820T155740Z::a78e09::20260820T155926__random_dropout_25,stage4B_3Day_nohup_20260819T132526Z_w054_20260820T155740Z::a78e09::20260820T155926,native_imm,40E5F3385953A341FC9C0358961D3D84B1E14A282F44872BC568DED396DA2767,8BBC5E2B5E3BB622181E8BF6E7188DF9A1B11F8BDF4C109B73295A6FFD5DB882,448,272,90,272,0,0,,
real_adsb,random_dropout_25,stage4B_3Day_nohup_20260819T132526Z_w054_20260820T155740Z::a78e09::20260820T155926__random_dropout_25,stage4B_3Day_nohup_20260819T132526Z_w054_20260820T155740Z::a78e09::20260820T155926,warm_ukf,40E5F3385953A341FC9C0358961D3D84B1E14A282F44872BC568DED396DA2767,8BBC5E2B5E3BB622181E8BF6E7188DF9A1B11F8BDF4C109B73295A6FFD5DB882,448,272,90,272,0,0,,
real_adsb,burst_outage,stage4B_3Day_nohup_20260819T132526Z_w054_20260820T155740Z::a78e09::20260820T155926__burst_outage,stage4B_3Day_nohup_20260819T132526Z_w054_20260820T155740Z::a78e09::20260820T155926,cv_ekf,7710D8B9D287CAF766B35240CB9F528E77F1E5CFCC6CB167B4FE6EF2F947596A,8BBC5E2B5E3BB622181E8BF6E7188DF9A1B11F8BDF4C109B73295A6FFD5DB882,448,287,90,287,0,0,,
real_adsb,burst_outage,stage4B_3Day_nohup_20260819T132526Z_w054_20260820T155740Z::a78e09::20260820T155926__burst_outage,stage4B_3Day_nohup_20260819T132526Z_w054_20260820T155740Z::a78e09::20260820T155926,ca_ekf,7710D8B9D287CAF766B35240CB9F528E77F1E5CFCC6CB167B4FE6EF2F947596A,8BBC5E2B5E3BB622181E8BF6E7188DF9A1B11F8BDF4C109B73295A6FFD5DB882,448,287,90,287,0,0,,
real_adsb,burst_outage,stage4B_3Day_nohup_20260819T132526Z_w054_20260820T155740Z::a78e09::20260820T155926__burst_outage,stage4B_3Day_nohup_20260819T132526Z_w054_20260820T155740Z::a78e09::20260820T155926,ct_ekf,7710D8B9D287CAF766B35240CB9F528E77F1E5CFCC6CB167B4FE6EF2F947596A,8BBC5E2B5E3BB622181E8BF6E7188DF9A1B11F8BDF4C109B73295A6FFD5DB882,448,287,90,287,0,0,,
real_adsb,burst_outage,stage4B_3Day_nohup_20260819T132526Z_w054_20260820T155740Z::a78e09::20260820T155926__burst_outage,stage4B_3Day_nohup_20260819T132526Z_w054_20260820T155740Z::a78e09::20260820T155926,native_imm,7710D8B9D287CAF766B35240CB9F528E77F1E5CFCC6CB167B4FE6EF2F947596A,8BBC5E2B5E3BB622181E8BF6E7188DF9A1B11F8BDF4C109B73295A6FFD5DB882,448,287,90,287,0,0,,
real_adsb,burst_outage,stage4B_3Day_nohup_20260819T132526Z_w054_20260820T155740Z::a78e09::20260820T155926__burst_outage,stage4B_3Day_nohup_20260819T132526Z_w054_20260820T155740Z::a78e09::20260820T155926,warm_ukf,7710D8B9D287CAF766B35240CB9F528E77F1E5CFCC6CB167B4FE6EF2F947596A,8BBC5E2B5E3BB622181E8BF6E7188DF9A1B11F8BDF4C109B73295A6FFD5DB882,448,287,90,287,0,0,,
real_adsb,baseline,stage4B_3Day_nohup_20260819T132526Z_w054_20260820T155740Z::a56f8e::20260820T155742__baseline,stage4B_3Day_nohup_20260819T132526Z_w054_20260820T155740Z::a56f8e::20260820T155742,cv_ekf,EC03175CB1B74FCA505189334438ECA79D1F538B4DF8B02B4FE3E30C4E203466,523A798ED0FC1838E429673ED18BCDA4702BEAA663C32430CDB5B48BA31BCADF,441,353,88,353,0,0,,
real_adsb,baseline,stage4B_3Day_nohup_20260819T132526Z_w054_20260820T155740Z::a56f8e::20260820T155742__baseline,stage4B_3Day_nohup_20260819T132526Z_w054_20260820T155740Z::a56f8e::20260820T155742,ca_ekf,EC03175CB1B74FCA505189334438ECA79D1F538B4DF8B02B4FE3E30C4E203466,523A798ED0FC1838E429673ED18BCDA4702BEAA663C32430CDB5B48BA31BCADF,441,353,88,353,0,0,,
real_adsb,baseline,stage4B_3Day_nohup_20260819T132526Z_w054_20260820T155740Z::a56f8e::20260820T155742__baseline,stage4B_3Day_nohup_20260819T132526Z_w054_20260820T155740Z::a56f8e::20260820T155742,ct_ekf,EC03175CB1B74FCA505189334438ECA79D1F538B4DF8B02B4FE3E30C4E203466,523A798ED0FC1838E429673ED18BCDA4702BEAA663C32430CDB5B48BA31BCADF,441,353,88,353,0,0,,
real_adsb,baseline,stage4B_3Day_nohup_20260819T132526Z_w054_20260820T155740Z::a56f8e::20260820T155742__baseline,stage4B_3Day_nohup_20260819T132526Z_w054_20260820T155740Z::a56f8e::20260820T155742,native_imm,EC03175CB1B74FCA505189334438ECA79D1F538B4DF8B02B4FE3E30C4E203466,523A798ED0FC1838E429673ED18BCDA4702BEAA663C32430CDB5B48BA31BCADF,441,353,88,353,0,0,,
real_adsb,baseline,stage4B_3Day_nohup_20260819T132526Z_w054_20260820T155740Z::a56f8e::20260820T155742__baseline,stage4B_3Day_nohup_20260819T132526Z_w054_20260820T155740Z::a56f8e::20260820T155742,warm_ukf,EC03175CB1B74FCA505189334438ECA79D1F538B4DF8B02B4FE3E30C4E203466,523A798ED0FC1838E429673ED18BCDA4702BEAA663C32430CDB5B48BA31BCADF,441,353,88,353,0,0,,
real_adsb,random_dropout_10,stage4B_3Day_nohup_20260819T132526Z_w054_20260820T155740Z::a56f8e::20260820T155742__random_dropout_10,stage4B_3Day_nohup_20260819T132526Z_w054_20260820T155740Z::a56f8e::20260820T155742,cv_ekf,24924FB9B1C18B777206F7BAD096EDD674AE37C448C27ED79B186B852ACEACB6,523A798ED0FC1838E429673ED18BCDA4702BEAA663C32430CDB5B48BA31BCADF,441,326,88,326,0,0,,
real_adsb,random_dropout_10,stage4B_3Day_nohup_20260819T132526Z_w054_20260820T155740Z::a56f8e::20260820T155742__random_dropout_10,stage4B_3Day_nohup_20260819T132526Z_w054_20260820T155740Z::a56f8e::20260820T155742,ca_ekf,24924FB9B1C18B777206F7BAD096EDD674AE37C448C27ED79B186B852ACEACB6,523A798ED0FC1838E429673ED18BCDA4702BEAA663C32430CDB5B48BA31BCADF,441,326,88,326,0,0,,
real_adsb,random_dropout_10,stage4B_3Day_nohup_20260819T132526Z_w054_20260820T155740Z::a56f8e::20260820T155742__random_dropout_10,stage4B_3Day_nohup_20260819T132526Z_w054_20260820T155740Z::a56f8e::20260820T155742,ct_ekf,24924FB9B1C18B777206F7BAD096EDD674AE37C448C27ED79B186B852ACEACB6,523A798ED0FC1838E429673ED18BCDA4702BEAA663C32430CDB5B48BA31BCADF,441,326,88,326,0,0,,
real_adsb,random_dropout_10,stage4B_3Day_nohup_20260819T132526Z_w054_20260820T155740Z::a56f8e::20260820T155742__random_dropout_10,stage4B_3Day_nohup_20260819T132526Z_w054_20260820T155740Z::a56f8e::20260820T155742,native_imm,24924FB9B1C18B777206F7BAD096EDD674AE37C448C27ED79B186B852ACEACB6,523A798ED0FC1838E429673ED18BCDA4702BEAA663C32430CDB5B48BA31BCADF,441,326,88,326,0,0,,
real_adsb,random_dropout_10,stage4B_3Day_nohup_20260819T132526Z_w054_20260820T155740Z::a56f8e::20260820T155742__random_dropout_10,stage4B_3Day_nohup_20260819T132526Z_w054_20260820T155740Z::a56f8e::20260820T155742,warm_ukf,24924FB9B1C18B777206F7BAD096EDD674AE37C448C27ED79B186B852ACEACB6,523A798ED0FC1838E429673ED18BCDA4702BEAA663C32430CDB5B48BA31BCADF,441,326,88,326,0,0,,
real_adsb,random_dropout_25,stage4B_3Day_nohup_20260819T132526Z_w054_20260820T155740Z::a56f8e::20260820T155742__random_dropout_25,stage4B_3Day_nohup_20260819T132526Z_w054_20260820T155740Z::a56f8e::20260820T155742,cv_ekf,6EA26027A1C2D1C1B545AE78D6F42AC189A836D93A1F47F296F9D0FE462925FD,523A798ED0FC1838E429673ED18BCDA4702BEAA663C32430CDB5B48BA31BCADF,441,264,88,264,0,0,,
real_adsb,random_dropout_25,stage4B_3Day_nohup_20260819T132526Z_w054_20260820T155740Z::a56f8e::20260820T155742__random_dropout_25,stage4B_3Day_nohup_20260819T132526Z_w054_20260820T155740Z::a56f8e::20260820T155742,ca_ekf,6EA26027A1C2D1C1B545AE78D6F42AC189A836D93A1F47F296F9D0FE462925FD,523A798ED0FC1838E429673ED18BCDA4702BEAA663C32430CDB5B48BA31BCADF,441,264,88,264,0,0,,
real_adsb,random_dropout_25,stage4B_3Day_nohup_20260819T132526Z_w054_20260820T155740Z::a56f8e::20260820T155742__random_dropout_25,stage4B_3Day_nohup_20260819T132526Z_w054_20260820T155740Z::a56f8e::20260820T155742,ct_ekf,6EA26027A1C2D1C1B545AE78D6F42AC189A836D93A1F47F296F9D0FE462925FD,523A798ED0FC1838E429673ED18BCDA4702BEAA663C32430CDB5B48BA31BCADF,441,264,88,264,0,0,,
real_adsb,random_dropout_25,stage4B_3Day_nohup_20260819T132526Z_w054_20260820T155740Z::a56f8e::20260820T155742__random_dropout_25,stage4B_3Day_nohup_20260819T132526Z_w054_20260820T155740Z::a56f8e::20260820T155742,native_imm,6EA26027A1C2D1C1B545AE78D6F42AC189A836D93A1F47F296F9D0FE462925FD,523A798ED0FC1838E429673ED18BCDA4702BEAA663C32430CDB5B48BA31BCADF,441,264,88,264,0,0,,
real_adsb,random_dropout_25,stage4B_3Day_nohup_20260819T132526Z_w054_20260820T155740Z::a56f8e::20260820T155742__random_dropout_25,stage4B_3Day_nohup_20260819T132526Z_w054_20260820T155740Z::a56f8e::20260820T155742,warm_ukf,6EA26027A1C2D1C1B545AE78D6F42AC189A836D93A1F47F296F9D0FE462925FD,523A798ED0FC1838E429673ED18BCDA4702BEAA663C32430CDB5B48BA31BCADF,441,264,88,264,0,0,,
real_adsb,burst_outage,stage4B_3Day_nohup_20260819T132526Z_w054_20260820T155740Z::a56f8e::20260820T155742__burst_outage,stage4B_3Day_nohup_20260819T132526Z_w054_20260820T155740Z::a56f8e::20260820T155742,cv_ekf,8729B02A75C09DADFD9F7B537AC5D204CF5D01D2706C586ABDFD0AB52ECFF10B,523A798ED0FC1838E429673ED18BCDA4702BEAA663C32430CDB5B48BA31BCADF,441,283,88,283,0,0,,
real_adsb,burst_outage,stage4B_3Day_nohup_20260819T132526Z_w054_20260820T155740Z::a56f8e::20260820T155742__burst_outage,stage4B_3Day_nohup_20260819T132526Z_w054_20260820T155740Z::a56f8e::20260820T155742,ca_ekf,8729B02A75C09DADFD9F7B537AC5D204CF5D01D2706C586ABDFD0AB52ECFF10B,523A798ED0FC1838E429673ED18BCDA4702BEAA663C32430CDB5B48BA31BCADF,441,283,88,283,0,0,,
real_adsb,burst_outage,stage4B_3Day_nohup_20260819T132526Z_w054_20260820T155740Z::a56f8e::20260820T155742__burst_outage,stage4B_3Day_nohup_20260819T132526Z_w054_20260820T155740Z::a56f8e::20260820T155742,ct_ekf,8729B02A75C09DADFD9F7B537AC5D204CF5D01D2706C586ABDFD0AB52ECFF10B,523A798ED0FC1838E429673ED18BCDA4702BEAA663C32430CDB5B48BA31BCADF,441,283,88,283,0,0,,
real_adsb,burst_outage,stage4B_3Day_nohup_20260819T132526Z_w054_20260820T155740Z::a56f8e::20260820T155742__burst_outage,stage4B_3Day_nohup_20260819T132526Z_w054_20260820T155740Z::a56f8e::20260820T155742,native_imm,8729B02A75C09DADFD9F7B537AC5D204CF5D01D2706C586ABDFD0AB52ECFF10B,523A798ED0FC1838E429673ED18BCDA4702BEAA663C32430CDB5B48BA31BCADF,441,283,88,283,0,0,,
real_adsb,burst_outage,stage4B_3Day_nohup_20260819T132526Z_w054_20260820T155740Z::a56f8e::20260820T155742__burst_outage,stage4B_3Day_nohup_20260819T132526Z_w054_20260820T155740Z::a56f8e::20260820T155742,warm_ukf,8729B02A75C09DADFD9F7B537AC5D204CF5D01D2706C586ABDFD0AB52ECFF10B,523A798ED0FC1838E429673ED18BCDA4702BEAA663C32430CDB5B48BA31BCADF,441,283,88,283,0,0,,
real_adsb,baseline,stage4B_3Day_nohup_20260819T132526Z_w052_20260820T145740Z::aa6ade::20260820T145746__baseline,stage4B_3Day_nohup_20260819T132526Z_w052_20260820T145740Z::aa6ade::20260820T145746,cv_ekf,17B2E06AEA3FC1808C7A5BB56A43BBB3D664EF76FDB9FC6E4C7AEF4DBA568793,1C136E2A5E5B42C6B42AF30A00135B38BE06F6D0849591822B5251D722ACAC3D,436,349,87,349,0,0,,
real_adsb,baseline,stage4B_3Day_nohup_20260819T132526Z_w052_20260820T145740Z::aa6ade::20260820T145746__baseline,stage4B_3Day_nohup_20260819T132526Z_w052_20260820T145740Z::aa6ade::20260820T145746,ca_ekf,17B2E06AEA3FC1808C7A5BB56A43BBB3D664EF76FDB9FC6E4C7AEF4DBA568793,1C136E2A5E5B42C6B42AF30A00135B38BE06F6D0849591822B5251D722ACAC3D,436,349,87,349,0,0,,
real_adsb,baseline,stage4B_3Day_nohup_20260819T132526Z_w052_20260820T145740Z::aa6ade::20260820T145746__baseline,stage4B_3Day_nohup_20260819T132526Z_w052_20260820T145740Z::aa6ade::20260820T145746,ct_ekf,17B2E06AEA3FC1808C7A5BB56A43BBB3D664EF76FDB9FC6E4C7AEF4DBA568793,1C136E2A5E5B42C6B42AF30A00135B38BE06F6D0849591822B5251D722ACAC3D,436,349,87,349,0,0,,
real_adsb,baseline,stage4B_3Day_nohup_20260819T132526Z_w052_20260820T145740Z::aa6ade::20260820T145746__baseline,stage4B_3Day_nohup_20260819T132526Z_w052_20260820T145740Z::aa6ade::20260820T145746,native_imm,17B2E06AEA3FC1808C7A5BB56A43BBB3D664EF76FDB9FC6E4C7AEF4DBA568793,1C136E2A5E5B42C6B42AF30A00135B38BE06F6D0849591822B5251D722ACAC3D,436,349,87,349,0,0,,
real_adsb,baseline,stage4B_3Day_nohup_20260819T132526Z_w052_20260820T145740Z::aa6ade::20260820T145746__baseline,stage4B_3Day_nohup_20260819T132526Z_w052_20260820T145740Z::aa6ade::20260820T145746,warm_ukf,17B2E06AEA3FC1808C7A5BB56A43BBB3D664EF76FDB9FC6E4C7AEF4DBA568793,1C136E2A5E5B42C6B42AF30A00135B38BE06F6D0849591822B5251D722ACAC3D,436,349,87,349,0,0,,
real_adsb,random_dropout_10,stage4B_3Day_nohup_20260819T132526Z_w052_20260820T145740Z::aa6ade::20260820T145746__random_dropout_10,stage4B_3Day_nohup_20260819T132526Z_w052_20260820T145740Z::aa6ade::20260820T145746,cv_ekf,CEDA65796D7D1C05B7DD1E3F8FEB1D9E414B3B42DD7284C72F1E5A678844BA37,1C136E2A5E5B42C6B42AF30A00135B38BE06F6D0849591822B5251D722ACAC3D,436,319,87,319,0,0,,
real_adsb,random_dropout_10,stage4B_3Day_nohup_20260819T132526Z_w052_20260820T145740Z::aa6ade::20260820T145746__random_dropout_10,stage4B_3Day_nohup_20260819T132526Z_w052_20260820T145740Z::aa6ade::20260820T145746,ca_ekf,CEDA65796D7D1C05B7DD1E3F8FEB1D9E414B3B42DD7284C72F1E5A678844BA37,1C136E2A5E5B42C6B42AF30A00135B38BE06F6D0849591822B5251D722ACAC3D,436,319,87,319,0,0,,
real_adsb,random_dropout_10,stage4B_3Day_nohup_20260819T132526Z_w052_20260820T145740Z::aa6ade::20260820T145746__random_dropout_10,stage4B_3Day_nohup_20260819T132526Z_w052_20260820T145740Z::aa6ade::20260820T145746,ct_ekf,CEDA65796D7D1C05B7DD1E3F8FEB1D9E414B3B42DD7284C72F1E5A678844BA37,1C136E2A5E5B42C6B42AF30A00135B38BE06F6D0849591822B5251D722ACAC3D,436,319,87,319,0,0,,
real_adsb,random_dropout_10,stage4B_3Day_nohup_20260819T132526Z_w052_20260820T145740Z::aa6ade::20260820T145746__random_dropout_10,stage4B_3Day_nohup_20260819T132526Z_w052_20260820T145740Z::aa6ade::20260820T145746,native_imm,CEDA65796D7D1C05B7DD1E3F8FEB1D9E414B3B42DD7284C72F1E5A678844BA37,1C136E2A5E5B42C6B42AF30A00135B38BE06F6D0849591822B5251D722ACAC3D,436,319,87,319,0,0,,
real_adsb,random_dropout_10,stage4B_3Day_nohup_20260819T132526Z_w052_20260820T145740Z::aa6ade::20260820T145746__random_dropout_10,stage4B_3Day_nohup_20260819T132526Z_w052_20260820T145740Z::aa6ade::20260820T145746,warm_ukf,CEDA65796D7D1C05B7DD1E3F8FEB1D9E414B3B42DD7284C72F1E5A678844BA37,1C136E2A5E5B42C6B42AF30A00135B38BE06F6D0849591822B5251D722ACAC3D,436,319,87,319,0,0,,
real_adsb,random_dropout_25,stage4B_3Day_nohup_20260819T132526Z_w052_20260820T145740Z::aa6ade::20260820T145746__random_dropout_25,stage4B_3Day_nohup_20260819T132526Z_w052_20260820T145740Z::aa6ade::20260820T145746,cv_ekf,844ED117D0B6BB5E5212CBAACEDBF71266324D1161171213EE46E95AE3BB87E5,1C136E2A5E5B42C6B42AF30A00135B38BE06F6D0849591822B5251D722ACAC3D,436,255,87,255,0,0,,
real_adsb,random_dropout_25,stage4B_3Day_nohup_20260819T132526Z_w052_20260820T145740Z::aa6ade::20260820T145746__random_dropout_25,stage4B_3Day_nohup_20260819T132526Z_w052_20260820T145740Z::aa6ade::20260820T145746,ca_ekf,844ED117D0B6BB5E5212CBAACEDBF71266324D1161171213EE46E95AE3BB87E5,1C136E2A5E5B42C6B42AF30A00135B38BE06F6D0849591822B5251D722ACAC3D,436,255,87,255,0,0,,
real_adsb,random_dropout_25,stage4B_3Day_nohup_20260819T132526Z_w052_20260820T145740Z::aa6ade::20260820T145746__random_dropout_25,stage4B_3Day_nohup_20260819T132526Z_w052_20260820T145740Z::aa6ade::20260820T145746,ct_ekf,844ED117D0B6BB5E5212CBAACEDBF71266324D1161171213EE46E95AE3BB87E5,1C136E2A5E5B42C6B42AF30A00135B38BE06F6D0849591822B5251D722ACAC3D,436,255,87,255,0,0,,
real_adsb,random_dropout_25,stage4B_3Day_nohup_20260819T132526Z_w052_20260820T145740Z::aa6ade::20260820T145746__random_dropout_25,stage4B_3Day_nohup_20260819T132526Z_w052_20260820T145740Z::aa6ade::20260820T145746,native_imm,844ED117D0B6BB5E5212CBAACEDBF71266324D1161171213EE46E95AE3BB87E5,1C136E2A5E5B42C6B42AF30A00135B38BE06F6D0849591822B5251D722ACAC3D,436,255,87,255,0,0,,
real_adsb,random_dropout_25,stage4B_3Day_nohup_20260819T132526Z_w052_20260820T145740Z::aa6ade::20260820T145746__random_dropout_25,stage4B_3Day_nohup_20260819T132526Z_w052_20260820T145740Z::aa6ade::20260820T145746,warm_ukf,844ED117D0B6BB5E5212CBAACEDBF71266324D1161171213EE46E95AE3BB87E5,1C136E2A5E5B42C6B42AF30A00135B38BE06F6D0849591822B5251D722ACAC3D,436,255,87,255,0,0,,
real_adsb,burst_outage,stage4B_3Day_nohup_20260819T132526Z_w052_20260820T145740Z::aa6ade::20260820T145746__burst_outage,stage4B_3Day_nohup_20260819T132526Z_w052_20260820T145740Z::aa6ade::20260820T145746,cv_ekf,7B60ADC5D293E734E24932C83EB2AF599C48DF90068955FD061678B3BD393CAF,1C136E2A5E5B42C6B42AF30A00135B38BE06F6D0849591822B5251D722ACAC3D,436,279,87,279,0,0,,
real_adsb,burst_outage,stage4B_3Day_nohup_20260819T132526Z_w052_20260820T145740Z::aa6ade::20260820T145746__burst_outage,stage4B_3Day_nohup_20260819T132526Z_w052_20260820T145740Z::aa6ade::20260820T145746,ca_ekf,7B60ADC5D293E734E24932C83EB2AF599C48DF90068955FD061678B3BD393CAF,1C136E2A5E5B42C6B42AF30A00135B38BE06F6D0849591822B5251D722ACAC3D,436,279,87,279,0,0,,
real_adsb,burst_outage,stage4B_3Day_nohup_20260819T132526Z_w052_20260820T145740Z::aa6ade::20260820T145746__burst_outage,stage4B_3Day_nohup_20260819T132526Z_w052_20260820T145740Z::aa6ade::20260820T145746,ct_ekf,7B60ADC5D293E734E24932C83EB2AF599C48DF90068955FD061678B3BD393CAF,1C136E2A5E5B42C6B42AF30A00135B38BE06F6D0849591822B5251D722ACAC3D,436,279,87,279,0,0,,
real_adsb,burst_outage,stage4B_3Day_nohup_20260819T132526Z_w052_20260820T145740Z::aa6ade::20260820T145746__burst_outage,stage4B_3Day_nohup_20260819T132526Z_w052_20260820T145740Z::aa6ade::20260820T145746,native_imm,7B60ADC5D293E734E24932C83EB2AF599C48DF90068955FD061678B3BD393CAF,1C136E2A5E5B42C6B42AF30A00135B38BE06F6D0849591822B5251D722ACAC3D,436,279,87,279,0,0,,
real_adsb,burst_outage,stage4B_3Day_nohup_20260819T132526Z_w052_20260820T145740Z::aa6ade::20260820T145746__burst_outage,stage4B_3Day_nohup_20260819T132526Z_w052_20260820T145740Z::aa6ade::20260820T145746,warm_ukf,7B60ADC5D293E734E24932C83EB2AF599C48DF90068955FD061678B3BD393CAF,1C136E2A5E5B42C6B42AF30A00135B38BE06F6D0849591822B5251D722ACAC3D,436,279,87,279,0,0,,
real_adsb,baseline,stage4B_3Day_nohup_20260819T132526Z_w128_20260822T045740Z::a2b7f5::20260822T050126__baseline,stage4B_3Day_nohup_20260819T132526Z_w128_20260822T045740Z::a2b7f5::20260822T050126,cv_ekf,08BA82566F7D88631F6557B1A07DA41F7332F0E13ECCED28129BE178E1465330,0970622337B4230D70DF058ADBA22B4895723619E907DCF265EA07C325193CF3,436,349,87,349,0,0,,
real_adsb,baseline,stage4B_3Day_nohup_20260819T132526Z_w128_20260822T045740Z::a2b7f5::20260822T050126__baseline,stage4B_3Day_nohup_20260819T132526Z_w128_20260822T045740Z::a2b7f5::20260822T050126,ca_ekf,08BA82566F7D88631F6557B1A07DA41F7332F0E13ECCED28129BE178E1465330,0970622337B4230D70DF058ADBA22B4895723619E907DCF265EA07C325193CF3,436,349,87,349,0,0,,
real_adsb,baseline,stage4B_3Day_nohup_20260819T132526Z_w128_20260822T045740Z::a2b7f5::20260822T050126__baseline,stage4B_3Day_nohup_20260819T132526Z_w128_20260822T045740Z::a2b7f5::20260822T050126,ct_ekf,08BA82566F7D88631F6557B1A07DA41F7332F0E13ECCED28129BE178E1465330,0970622337B4230D70DF058ADBA22B4895723619E907DCF265EA07C325193CF3,436,349,87,349,0,0,,
real_adsb,baseline,stage4B_3Day_nohup_20260819T132526Z_w128_20260822T045740Z::a2b7f5::20260822T050126__baseline,stage4B_3Day_nohup_20260819T132526Z_w128_20260822T045740Z::a2b7f5::20260822T050126,native_imm,08BA82566F7D88631F6557B1A07DA41F7332F0E13ECCED28129BE178E1465330,0970622337B4230D70DF058ADBA22B4895723619E907DCF265EA07C325193CF3,436,349,87,349,0,0,,
real_adsb,baseline,stage4B_3Day_nohup_20260819T132526Z_w128_20260822T045740Z::a2b7f5::20260822T050126__baseline,stage4B_3Day_nohup_20260819T132526Z_w128_20260822T045740Z::a2b7f5::20260822T050126,warm_ukf,08BA82566F7D88631F6557B1A07DA41F7332F0E13ECCED28129BE178E1465330,0970622337B4230D70DF058ADBA22B4895723619E907DCF265EA07C325193CF3,436,349,87,349,0,0,,
real_adsb,random_dropout_10,stage4B_3Day_nohup_20260819T132526Z_w128_20260822T045740Z::a2b7f5::20260822T050126__random_dropout_10,stage4B_3Day_nohup_20260819T132526Z_w128_20260822T045740Z::a2b7f5::20260822T050126,cv_ekf,07CA4C4C9740D4C4CCBA96312DD410AFEFBDAF20FADCAC3A1F212CC69184F984,0970622337B4230D70DF058ADBA22B4895723619E907DCF265EA07C325193CF3,436,308,87,308,0,0,,
real_adsb,random_dropout_10,stage4B_3Day_nohup_20260819T132526Z_w128_20260822T045740Z::a2b7f5::20260822T050126__random_dropout_10,stage4B_3Day_nohup_20260819T132526Z_w128_20260822T045740Z::a2b7f5::20260822T050126,ca_ekf,07CA4C4C9740D4C4CCBA96312DD410AFEFBDAF20FADCAC3A1F212CC69184F984,0970622337B4230D70DF058ADBA22B4895723619E907DCF265EA07C325193CF3,436,308,87,308,0,0,,
real_adsb,random_dropout_10,stage4B_3Day_nohup_20260819T132526Z_w128_20260822T045740Z::a2b7f5::20260822T050126__random_dropout_10,stage4B_3Day_nohup_20260819T132526Z_w128_20260822T045740Z::a2b7f5::20260822T050126,ct_ekf,07CA4C4C9740D4C4CCBA96312DD410AFEFBDAF20FADCAC3A1F212CC69184F984,0970622337B4230D70DF058ADBA22B4895723619E907DCF265EA07C325193CF3,436,308,87,308,0,0,,
real_adsb,random_dropout_10,stage4B_3Day_nohup_20260819T132526Z_w128_20260822T045740Z::a2b7f5::20260822T050126__random_dropout_10,stage4B_3Day_nohup_20260819T132526Z_w128_20260822T045740Z::a2b7f5::20260822T050126,native_imm,07CA4C4C9740D4C4CCBA96312DD410AFEFBDAF20FADCAC3A1F212CC69184F984,0970622337B4230D70DF058ADBA22B4895723619E907DCF265EA07C325193CF3,436,308,87,308,0,0,,
real_adsb,random_dropout_10,stage4B_3Day_nohup_20260819T132526Z_w128_20260822T045740Z::a2b7f5::20260822T050126__random_dropout_10,stage4B_3Day_nohup_20260819T132526Z_w128_20260822T045740Z::a2b7f5::20260822T050126,warm_ukf,07CA4C4C9740D4C4CCBA96312DD410AFEFBDAF20FADCAC3A1F212CC69184F984,0970622337B4230D70DF058ADBA22B4895723619E907DCF265EA07C325193CF3,436,308,87,308,0,0,,
real_adsb,random_dropout_25,stage4B_3Day_nohup_20260819T132526Z_w128_20260822T045740Z::a2b7f5::20260822T050126__random_dropout_25,stage4B_3Day_nohup_20260819T132526Z_w128_20260822T045740Z::a2b7f5::20260822T050126,cv_ekf,C7D90E5CF786B45F71B11721EDD6BDCA7F0D6EB7EE880E7FEB70967507C6B2DC,0970622337B4230D70DF058ADBA22B4895723619E907DCF265EA07C325193CF3,436,263,87,263,0,0,,
real_adsb,random_dropout_25,stage4B_3Day_nohup_20260819T132526Z_w128_20260822T045740Z::a2b7f5::20260822T050126__random_dropout_25,stage4B_3Day_nohup_20260819T132526Z_w128_20260822T045740Z::a2b7f5::20260822T050126,ca_ekf,C7D90E5CF786B45F71B11721EDD6BDCA7F0D6EB7EE880E7FEB70967507C6B2DC,0970622337B4230D70DF058ADBA22B4895723619E907DCF265EA07C325193CF3,436,263,87,263,0,0,,
real_adsb,random_dropout_25,stage4B_3Day_nohup_20260819T132526Z_w128_20260822T045740Z::a2b7f5::20260822T050126__random_dropout_25,stage4B_3Day_nohup_20260819T132526Z_w128_20260822T045740Z::a2b7f5::20260822T050126,ct_ekf,C7D90E5CF786B45F71B11721EDD6BDCA7F0D6EB7EE880E7FEB70967507C6B2DC,0970622337B4230D70DF058ADBA22B4895723619E907DCF265EA07C325193CF3,436,263,87,263,0,0,,
real_adsb,random_dropout_25,stage4B_3Day_nohup_20260819T132526Z_w128_20260822T045740Z::a2b7f5::20260822T050126__random_dropout_25,stage4B_3Day_nohup_20260819T132526Z_w128_20260822T045740Z::a2b7f5::20260822T050126,native_imm,C7D90E5CF786B45F71B11721EDD6BDCA7F0D6EB7EE880E7FEB70967507C6B2DC,0970622337B4230D70DF058ADBA22B4895723619E907DCF265EA07C325193CF3,436,263,87,263,0,0,,
real_adsb,random_dropout_25,stage4B_3Day_nohup_20260819T132526Z_w128_20260822T045740Z::a2b7f5::20260822T050126__random_dropout_25,stage4B_3Day_nohup_20260819T132526Z_w128_20260822T045740Z::a2b7f5::20260822T050126,warm_ukf,C7D90E5CF786B45F71B11721EDD6BDCA7F0D6EB7EE880E7FEB70967507C6B2DC,0970622337B4230D70DF058ADBA22B4895723619E907DCF265EA07C325193CF3,436,263,87,263,0,0,,
real_adsb,burst_outage,stage4B_3Day_nohup_20260819T132526Z_w128_20260822T045740Z::a2b7f5::20260822T050126__burst_outage,stage4B_3Day_nohup_20260819T132526Z_w128_20260822T045740Z::a2b7f5::20260822T050126,cv_ekf,E1BFE7168300B1741C713DB0111F216FDCF894E81251FFFE060D4E0EBDCA9767,0970622337B4230D70DF058ADBA22B4895723619E907DCF265EA07C325193CF3,436,279,87,279,0,0,,
real_adsb,burst_outage,stage4B_3Day_nohup_20260819T132526Z_w128_20260822T045740Z::a2b7f5::20260822T050126__burst_outage,stage4B_3Day_nohup_20260819T132526Z_w128_20260822T045740Z::a2b7f5::20260822T050126,ca_ekf,E1BFE7168300B1741C713DB0111F216FDCF894E81251FFFE060D4E0EBDCA9767,0970622337B4230D70DF058ADBA22B4895723619E907DCF265EA07C325193CF3,436,279,87,279,0,0,,
real_adsb,burst_outage,stage4B_3Day_nohup_20260819T132526Z_w128_20260822T045740Z::a2b7f5::20260822T050126__burst_outage,stage4B_3Day_nohup_20260819T132526Z_w128_20260822T045740Z::a2b7f5::20260822T050126,ct_ekf,E1BFE7168300B1741C713DB0111F216FDCF894E81251FFFE060D4E0EBDCA9767,0970622337B4230D70DF058ADBA22B4895723619E907DCF265EA07C325193CF3,436,279,87,279,0,0,,
real_adsb,burst_outage,stage4B_3Day_nohup_20260819T132526Z_w128_20260822T045740Z::a2b7f5::20260822T050126__burst_outage,stage4B_3Day_nohup_20260819T132526Z_w128_20260822T045740Z::a2b7f5::20260822T050126,native_imm,E1BFE7168300B1741C713DB0111F216FDCF894E81251FFFE060D4E0EBDCA9767,0970622337B4230D70DF058ADBA22B4895723619E907DCF265EA07C325193CF3,436,279,87,279,0,0,,
real_adsb,burst_outage,stage4B_3Day_nohup_20260819T132526Z_w128_20260822T045740Z::a2b7f5::20260822T050126__burst_outage,stage4B_3Day_nohup_20260819T132526Z_w128_20260822T045740Z::a2b7f5::20260822T050126,warm_ukf,E1BFE7168300B1741C713DB0111F216FDCF894E81251FFFE060D4E0EBDCA9767,0970622337B4230D70DF058ADBA22B4895723619E907DCF265EA07C325193CF3,436,279,87,279,0,0,,
real_adsb,baseline,stage4B_3Day_nohup_20260819T132526Z_w101_20260821T152740Z::a94b72::20260821T153237__baseline,stage4B_3Day_nohup_20260819T132526Z_w101_20260821T152740Z::a94b72::20260821T153237,cv_ekf,05C44E34DB1E4F8A15677940BDD40EAF9DF9F6C6F64E34C36CA847EE5D3C3A47,AC38C1508DDEA5961F1169C1B65767B42205B0D54752AAD181426287A1DCB9C7,435,348,87,348,0,0,,
real_adsb,baseline,stage4B_3Day_nohup_20260819T132526Z_w101_20260821T152740Z::a94b72::20260821T153237__baseline,stage4B_3Day_nohup_20260819T132526Z_w101_20260821T152740Z::a94b72::20260821T153237,ca_ekf,05C44E34DB1E4F8A15677940BDD40EAF9DF9F6C6F64E34C36CA847EE5D3C3A47,AC38C1508DDEA5961F1169C1B65767B42205B0D54752AAD181426287A1DCB9C7,435,348,87,348,0,0,,
real_adsb,baseline,stage4B_3Day_nohup_20260819T132526Z_w101_20260821T152740Z::a94b72::20260821T153237__baseline,stage4B_3Day_nohup_20260819T132526Z_w101_20260821T152740Z::a94b72::20260821T153237,ct_ekf,05C44E34DB1E4F8A15677940BDD40EAF9DF9F6C6F64E34C36CA847EE5D3C3A47,AC38C1508DDEA5961F1169C1B65767B42205B0D54752AAD181426287A1DCB9C7,435,348,87,348,0,0,,
real_adsb,baseline,stage4B_3Day_nohup_20260819T132526Z_w101_20260821T152740Z::a94b72::20260821T153237__baseline,stage4B_3Day_nohup_20260819T132526Z_w101_20260821T152740Z::a94b72::20260821T153237,native_imm,05C44E34DB1E4F8A15677940BDD40EAF9DF9F6C6F64E34C36CA847EE5D3C3A47,AC38C1508DDEA5961F1169C1B65767B42205B0D54752AAD181426287A1DCB9C7,435,348,87,348,0,0,,
real_adsb,baseline,stage4B_3Day_nohup_20260819T132526Z_w101_20260821T152740Z::a94b72::20260821T153237__baseline,stage4B_3Day_nohup_20260819T132526Z_w101_20260821T152740Z::a94b72::20260821T153237,warm_ukf,05C44E34DB1E4F8A15677940BDD40EAF9DF9F6C6F64E34C36CA847EE5D3C3A47,AC38C1508DDEA5961F1169C1B65767B42205B0D54752AAD181426287A1DCB9C7,435,348,87,348,0,0,,
real_adsb,random_dropout_10,stage4B_3Day_nohup_20260819T132526Z_w101_20260821T152740Z::a94b72::20260821T153237__random_dropout_10,stage4B_3Day_nohup_20260819T132526Z_w101_20260821T152740Z::a94b72::20260821T153237,cv_ekf,D8EB221F2B65B10EC2A112DA26072DDF865B8673ED8B51E1F60C4C61A3CD2FA1,AC38C1508DDEA5961F1169C1B65767B42205B0D54752AAD181426287A1DCB9C7,435,319,87,319,0,0,,
real_adsb,random_dropout_10,stage4B_3Day_nohup_20260819T132526Z_w101_20260821T152740Z::a94b72::20260821T153237__random_dropout_10,stage4B_3Day_nohup_20260819T132526Z_w101_20260821T152740Z::a94b72::20260821T153237,ca_ekf,D8EB221F2B65B10EC2A112DA26072DDF865B8673ED8B51E1F60C4C61A3CD2FA1,AC38C1508DDEA5961F1169C1B65767B42205B0D54752AAD181426287A1DCB9C7,435,319,87,319,0,0,,
real_adsb,random_dropout_10,stage4B_3Day_nohup_20260819T132526Z_w101_20260821T152740Z::a94b72::20260821T153237__random_dropout_10,stage4B_3Day_nohup_20260819T132526Z_w101_20260821T152740Z::a94b72::20260821T153237,ct_ekf,D8EB221F2B65B10EC2A112DA26072DDF865B8673ED8B51E1F60C4C61A3CD2FA1,AC38C1508DDEA5961F1169C1B65767B42205B0D54752AAD181426287A1DCB9C7,435,319,87,319,0,0,,
real_adsb,random_dropout_10,stage4B_3Day_nohup_20260819T132526Z_w101_20260821T152740Z::a94b72::20260821T153237__random_dropout_10,stage4B_3Day_nohup_20260819T132526Z_w101_20260821T152740Z::a94b72::20260821T153237,native_imm,D8EB221F2B65B10EC2A112DA26072DDF865B8673ED8B51E1F60C4C61A3CD2FA1,AC38C1508DDEA5961F1169C1B65767B42205B0D54752AAD181426287A1DCB9C7,435,319,87,319,0,0,,
real_adsb,random_dropout_10,stage4B_3Day_nohup_20260819T132526Z_w101_20260821T152740Z::a94b72::20260821T153237__random_dropout_10,stage4B_3Day_nohup_20260819T132526Z_w101_20260821T152740Z::a94b72::20260821T153237,warm_ukf,D8EB221F2B65B10EC2A112DA26072DDF865B8673ED8B51E1F60C4C61A3CD2FA1,AC38C1508DDEA5961F1169C1B65767B42205B0D54752AAD181426287A1DCB9C7,435,319,87,319,0,0,,
real_adsb,random_dropout_25,stage4B_3Day_nohup_20260819T132526Z_w101_20260821T152740Z::a94b72::20260821T153237__random_dropout_25,stage4B_3Day_nohup_20260819T132526Z_w101_20260821T152740Z::a94b72::20260821T153237,cv_ekf,F56FF065829A06E709B095F638A7118A2822117B53EC1A4EF455B4B88288BEA1,AC38C1508DDEA5961F1169C1B65767B42205B0D54752AAD181426287A1DCB9C7,435,252,87,252,0,0,,
real_adsb,random_dropout_25,stage4B_3Day_nohup_20260819T132526Z_w101_20260821T152740Z::a94b72::20260821T153237__random_dropout_25,stage4B_3Day_nohup_20260819T132526Z_w101_20260821T152740Z::a94b72::20260821T153237,ca_ekf,F56FF065829A06E709B095F638A7118A2822117B53EC1A4EF455B4B88288BEA1,AC38C1508DDEA5961F1169C1B65767B42205B0D54752AAD181426287A1DCB9C7,435,252,87,252,0,0,,
real_adsb,random_dropout_25,stage4B_3Day_nohup_20260819T132526Z_w101_20260821T152740Z::a94b72::20260821T153237__random_dropout_25,stage4B_3Day_nohup_20260819T132526Z_w101_20260821T152740Z::a94b72::20260821T153237,ct_ekf,F56FF065829A06E709B095F638A7118A2822117B53EC1A4EF455B4B88288BEA1,AC38C1508DDEA5961F1169C1B65767B42205B0D54752AAD181426287A1DCB9C7,435,252,87,252,0,0,,
real_adsb,random_dropout_25,stage4B_3Day_nohup_20260819T132526Z_w101_20260821T152740Z::a94b72::20260821T153237__random_dropout_25,stage4B_3Day_nohup_20260819T132526Z_w101_20260821T152740Z::a94b72::20260821T153237,native_imm,F56FF065829A06E709B095F638A7118A2822117B53EC1A4EF455B4B88288BEA1,AC38C1508DDEA5961F1169C1B65767B42205B0D54752AAD181426287A1DCB9C7,435,252,87,252,0,0,,
real_adsb,random_dropout_25,stage4B_3Day_nohup_20260819T132526Z_w101_20260821T152740Z::a94b72::20260821T153237__random_dropout_25,stage4B_3Day_nohup_20260819T132526Z_w101_20260821T152740Z::a94b72::20260821T153237,warm_ukf,F56FF065829A06E709B095F638A7118A2822117B53EC1A4EF455B4B88288BEA1,AC38C1508DDEA5961F1169C1B65767B42205B0D54752AAD181426287A1DCB9C7,435,252,87,252,0,0,,
real_adsb,burst_outage,stage4B_3Day_nohup_20260819T132526Z_w101_20260821T152740Z::a94b72::20260821T153237__burst_outage,stage4B_3Day_nohup_20260819T132526Z_w101_20260821T152740Z::a94b72::20260821T153237,cv_ekf,43B7FA66F73E4508E32B7EE515BB2268EF4552D2C4541C93BD4AFA914BCA0389,AC38C1508DDEA5961F1169C1B65767B42205B0D54752AAD181426287A1DCB9C7,435,279,87,279,0,0,,
real_adsb,burst_outage,stage4B_3Day_nohup_20260819T132526Z_w101_20260821T152740Z::a94b72::20260821T153237__burst_outage,stage4B_3Day_nohup_20260819T132526Z_w101_20260821T152740Z::a94b72::20260821T153237,ca_ekf,43B7FA66F73E4508E32B7EE515BB2268EF4552D2C4541C93BD4AFA914BCA0389,AC38C1508DDEA5961F1169C1B65767B42205B0D54752AAD181426287A1DCB9C7,435,279,87,279,0,0,,
real_adsb,burst_outage,stage4B_3Day_nohup_20260819T132526Z_w101_20260821T152740Z::a94b72::20260821T153237__burst_outage,stage4B_3Day_nohup_20260819T132526Z_w101_20260821T152740Z::a94b72::20260821T153237,ct_ekf,43B7FA66F73E4508E32B7EE515BB2268EF4552D2C4541C93BD4AFA914BCA0389,AC38C1508DDEA5961F1169C1B65767B42205B0D54752AAD181426287A1DCB9C7,435,279,87,279,0,0,,
real_adsb,burst_outage,stage4B_3Day_nohup_20260819T132526Z_w101_20260821T152740Z::a94b72::20260821T153237__burst_outage,stage4B_3Day_nohup_20260819T132526Z_w101_20260821T152740Z::a94b72::20260821T153237,native_imm,43B7FA66F73E4508E32B7EE515BB2268EF4552D2C4541C93BD4AFA914BCA0389,AC38C1508DDEA5961F1169C1B65767B42205B0D54752AAD181426287A1DCB9C7,435,279,87,279,0,0,,
real_adsb,burst_outage,stage4B_3Day_nohup_20260819T132526Z_w101_20260821T152740Z::a94b72::20260821T153237__burst_outage,stage4B_3Day_nohup_20260819T132526Z_w101_20260821T152740Z::a94b72::20260821T153237,warm_ukf,43B7FA66F73E4508E32B7EE515BB2268EF4552D2C4541C93BD4AFA914BCA0389,AC38C1508DDEA5961F1169C1B65767B42205B0D54752AAD181426287A1DCB9C7,435,279,87,279,0,0,,
real_adsb,baseline,stage4B_3Day_nohup_20260819T132526Z_w004_20260819T145740Z::ac7a84::20260819T145950__baseline,stage4B_3Day_nohup_20260819T132526Z_w004_20260819T145740Z::ac7a84::20260819T145950,cv_ekf,57A5A4BEFC42B556370FDA3825DECBC3FE67DD960E8361D1AA5F891AFE2110E7,51C552E06B495A64671912DFDAC4D6923B00313B6764A609EC5512AC740A2B53,433,346,87,346,0,0,,
real_adsb,baseline,stage4B_3Day_nohup_20260819T132526Z_w004_20260819T145740Z::ac7a84::20260819T145950__baseline,stage4B_3Day_nohup_20260819T132526Z_w004_20260819T145740Z::ac7a84::20260819T145950,ca_ekf,57A5A4BEFC42B556370FDA3825DECBC3FE67DD960E8361D1AA5F891AFE2110E7,51C552E06B495A64671912DFDAC4D6923B00313B6764A609EC5512AC740A2B53,433,346,87,346,0,0,,
real_adsb,baseline,stage4B_3Day_nohup_20260819T132526Z_w004_20260819T145740Z::ac7a84::20260819T145950__baseline,stage4B_3Day_nohup_20260819T132526Z_w004_20260819T145740Z::ac7a84::20260819T145950,ct_ekf,57A5A4BEFC42B556370FDA3825DECBC3FE67DD960E8361D1AA5F891AFE2110E7,51C552E06B495A64671912DFDAC4D6923B00313B6764A609EC5512AC740A2B53,433,346,87,346,0,0,,
real_adsb,baseline,stage4B_3Day_nohup_20260819T132526Z_w004_20260819T145740Z::ac7a84::20260819T145950__baseline,stage4B_3Day_nohup_20260819T132526Z_w004_20260819T145740Z::ac7a84::20260819T145950,native_imm,57A5A4BEFC42B556370FDA3825DECBC3FE67DD960E8361D1AA5F891AFE2110E7,51C552E06B495A64671912DFDAC4D6923B00313B6764A609EC5512AC740A2B53,433,346,87,346,0,0,,
real_adsb,baseline,stage4B_3Day_nohup_20260819T132526Z_w004_20260819T145740Z::ac7a84::20260819T145950__baseline,stage4B_3Day_nohup_20260819T132526Z_w004_20260819T145740Z::ac7a84::20260819T145950,warm_ukf,57A5A4BEFC42B556370FDA3825DECBC3FE67DD960E8361D1AA5F891AFE2110E7,51C552E06B495A64671912DFDAC4D6923B00313B6764A609EC5512AC740A2B53,433,346,87,346,0,0,,
real_adsb,random_dropout_10,stage4B_3Day_nohup_20260819T132526Z_w004_20260819T145740Z::ac7a84::20260819T145950__random_dropout_10,stage4B_3Day_nohup_20260819T132526Z_w004_20260819T145740Z::ac7a84::20260819T145950,cv_ekf,09272EE53EFCC31D12A67918AB3D35F85CF18338ACE6128B2D4CF8C618C1FF4C,51C552E06B495A64671912DFDAC4D6923B00313B6764A609EC5512AC740A2B53,433,310,87,310,0,0,,
real_adsb,random_dropout_10,stage4B_3Day_nohup_20260819T132526Z_w004_20260819T145740Z::ac7a84::20260819T145950__random_dropout_10,stage4B_3Day_nohup_20260819T132526Z_w004_20260819T145740Z::ac7a84::20260819T145950,ca_ekf,09272EE53EFCC31D12A67918AB3D35F85CF18338ACE6128B2D4CF8C618C1FF4C,51C552E06B495A64671912DFDAC4D6923B00313B6764A609EC5512AC740A2B53,433,310,87,310,0,0,,
real_adsb,random_dropout_10,stage4B_3Day_nohup_20260819T132526Z_w004_20260819T145740Z::ac7a84::20260819T145950__random_dropout_10,stage4B_3Day_nohup_20260819T132526Z_w004_20260819T145740Z::ac7a84::20260819T145950,ct_ekf,09272EE53EFCC31D12A67918AB3D35F85CF18338ACE6128B2D4CF8C618C1FF4C,51C552E06B495A64671912DFDAC4D6923B00313B6764A609EC5512AC740A2B53,433,310,87,310,0,0,,
real_adsb,random_dropout_10,stage4B_3Day_nohup_20260819T132526Z_w004_20260819T145740Z::ac7a84::20260819T145950__random_dropout_10,stage4B_3Day_nohup_20260819T132526Z_w004_20260819T145740Z::ac7a84::20260819T145950,native_imm,09272EE53EFCC31D12A67918AB3D35F85CF18338ACE6128B2D4CF8C618C1FF4C,51C552E06B495A64671912DFDAC4D6923B00313B6764A609EC5512AC740A2B53,433,310,87,310,0,0,,
real_adsb,random_dropout_10,stage4B_3Day_nohup_20260819T132526Z_w004_20260819T145740Z::ac7a84::20260819T145950__random_dropout_10,stage4B_3Day_nohup_20260819T132526Z_w004_20260819T145740Z::ac7a84::20260819T145950,warm_ukf,09272EE53EFCC31D12A67918AB3D35F85CF18338ACE6128B2D4CF8C618C1FF4C,51C552E06B495A64671912DFDAC4D6923B00313B6764A609EC5512AC740A2B53,433,310,87,310,0,0,,
real_adsb,random_dropout_25,stage4B_3Day_nohup_20260819T132526Z_w004_20260819T145740Z::ac7a84::20260819T145950__random_dropout_25,stage4B_3Day_nohup_20260819T132526Z_w004_20260819T145740Z::ac7a84::20260819T145950,cv_ekf,A5D476597C62B7629F2EF3F159A303BC12E429C75D51CB56E8ED0DA7329DDADB,51C552E06B495A64671912DFDAC4D6923B00313B6764A609EC5512AC740A2B53,433,256,87,256,0,0,,
real_adsb,random_dropout_25,stage4B_3Day_nohup_20260819T132526Z_w004_20260819T145740Z::ac7a84::20260819T145950__random_dropout_25,stage4B_3Day_nohup_20260819T132526Z_w004_20260819T145740Z::ac7a84::20260819T145950,ca_ekf,A5D476597C62B7629F2EF3F159A303BC12E429C75D51CB56E8ED0DA7329DDADB,51C552E06B495A64671912DFDAC4D6923B00313B6764A609EC5512AC740A2B53,433,256,87,256,0,0,,
real_adsb,random_dropout_25,stage4B_3Day_nohup_20260819T132526Z_w004_20260819T145740Z::ac7a84::20260819T145950__random_dropout_25,stage4B_3Day_nohup_20260819T132526Z_w004_20260819T145740Z::ac7a84::20260819T145950,ct_ekf,A5D476597C62B7629F2EF3F159A303BC12E429C75D51CB56E8ED0DA7329DDADB,51C552E06B495A64671912DFDAC4D6923B00313B6764A609EC5512AC740A2B53,433,256,87,256,0,0,,
real_adsb,random_dropout_25,stage4B_3Day_nohup_20260819T132526Z_w004_20260819T145740Z::ac7a84::20260819T145950__random_dropout_25,stage4B_3Day_nohup_20260819T132526Z_w004_20260819T145740Z::ac7a84::20260819T145950,native_imm,A5D476597C62B7629F2EF3F159A303BC12E429C75D51CB56E8ED0DA7329DDADB,51C552E06B495A64671912DFDAC4D6923B00313B6764A609EC5512AC740A2B53,433,256,87,256,0,0,,
real_adsb,random_dropout_25,stage4B_3Day_nohup_20260819T132526Z_w004_20260819T145740Z::ac7a84::20260819T145950__random_dropout_25,stage4B_3Day_nohup_20260819T132526Z_w004_20260819T145740Z::ac7a84::20260819T145950,warm_ukf,A5D476597C62B7629F2EF3F159A303BC12E429C75D51CB56E8ED0DA7329DDADB,51C552E06B495A64671912DFDAC4D6923B00313B6764A609EC5512AC740A2B53,433,256,87,256,0,0,,
real_adsb,burst_outage,stage4B_3Day_nohup_20260819T132526Z_w004_20260819T145740Z::ac7a84::20260819T145950__burst_outage,stage4B_3Day_nohup_20260819T132526Z_w004_20260819T145740Z::ac7a84::20260819T145950,cv_ekf,9AEFA67BA13CEAFCAE23361DB897659B3CA83546D038B6F436B01323774B967F,51C552E06B495A64671912DFDAC4D6923B00313B6764A609EC5512AC740A2B53,433,277,87,277,0,0,,
real_adsb,burst_outage,stage4B_3Day_nohup_20260819T132526Z_w004_20260819T145740Z::ac7a84::20260819T145950__burst_outage,stage4B_3Day_nohup_20260819T132526Z_w004_20260819T145740Z::ac7a84::20260819T145950,ca_ekf,9AEFA67BA13CEAFCAE23361DB897659B3CA83546D038B6F436B01323774B967F,51C552E06B495A64671912DFDAC4D6923B00313B6764A609EC5512AC740A2B53,433,277,87,277,0,0,,
real_adsb,burst_outage,stage4B_3Day_nohup_20260819T132526Z_w004_20260819T145740Z::ac7a84::20260819T145950__burst_outage,stage4B_3Day_nohup_20260819T132526Z_w004_20260819T145740Z::ac7a84::20260819T145950,ct_ekf,9AEFA67BA13CEAFCAE23361DB897659B3CA83546D038B6F436B01323774B967F,51C552E06B495A64671912DFDAC4D6923B00313B6764A609EC5512AC740A2B53,433,277,87,277,0,0,,
real_adsb,burst_outage,stage4B_3Day_nohup_20260819T132526Z_w004_20260819T145740Z::ac7a84::20260819T145950__burst_outage,stage4B_3Day_nohup_20260819T132526Z_w004_20260819T145740Z::ac7a84::20260819T145950,native_imm,9AEFA67BA13CEAFCAE23361DB897659B3CA83546D038B6F436B01323774B967F,51C552E06B495A64671912DFDAC4D6923B00313B6764A609EC5512AC740A2B53,433,277,87,277,0,0,,
real_adsb,burst_outage,stage4B_3Day_nohup_20260819T132526Z_w004_20260819T145740Z::ac7a84::20260819T145950__burst_outage,stage4B_3Day_nohup_20260819T132526Z_w004_20260819T145740Z::ac7a84::20260819T145950,warm_ukf,9AEFA67BA13CEAFCAE23361DB897659B3CA83546D038B6F436B01323774B967F,51C552E06B495A64671912DFDAC4D6923B00313B6764A609EC5512AC740A2B53,433,277,87,277,0,0,,
real_adsb,baseline,stage4B_3Day_nohup_20260819T132526Z_w007_20260819T162740Z::a19dff::20260819T162816__baseline,stage4B_3Day_nohup_20260819T132526Z_w007_20260819T162740Z::a19dff::20260819T162816,cv_ekf,21A154EDC1CD576A098BBEBC45B2387FDF421F63BDDBB63D6E2537E5E9AF9285,F4EF4279B0D5A5CC04CDA5D453AD4B7846DFDB8A9A6E7F074E6F314BD4F3D886,432,346,86,346,0,0,,
real_adsb,baseline,stage4B_3Day_nohup_20260819T132526Z_w007_20260819T162740Z::a19dff::20260819T162816__baseline,stage4B_3Day_nohup_20260819T132526Z_w007_20260819T162740Z::a19dff::20260819T162816,ca_ekf,21A154EDC1CD576A098BBEBC45B2387FDF421F63BDDBB63D6E2537E5E9AF9285,F4EF4279B0D5A5CC04CDA5D453AD4B7846DFDB8A9A6E7F074E6F314BD4F3D886,432,346,86,346,0,0,,
real_adsb,baseline,stage4B_3Day_nohup_20260819T132526Z_w007_20260819T162740Z::a19dff::20260819T162816__baseline,stage4B_3Day_nohup_20260819T132526Z_w007_20260819T162740Z::a19dff::20260819T162816,ct_ekf,21A154EDC1CD576A098BBEBC45B2387FDF421F63BDDBB63D6E2537E5E9AF9285,F4EF4279B0D5A5CC04CDA5D453AD4B7846DFDB8A9A6E7F074E6F314BD4F3D886,432,346,86,346,0,0,,
real_adsb,baseline,stage4B_3Day_nohup_20260819T132526Z_w007_20260819T162740Z::a19dff::20260819T162816__baseline,stage4B_3Day_nohup_20260819T132526Z_w007_20260819T162740Z::a19dff::20260819T162816,native_imm,21A154EDC1CD576A098BBEBC45B2387FDF421F63BDDBB63D6E2537E5E9AF9285,F4EF4279B0D5A5CC04CDA5D453AD4B7846DFDB8A9A6E7F074E6F314BD4F3D886,432,346,86,346,0,0,,
real_adsb,baseline,stage4B_3Day_nohup_20260819T132526Z_w007_20260819T162740Z::a19dff::20260819T162816__baseline,stage4B_3Day_nohup_20260819T132526Z_w007_20260819T162740Z::a19dff::20260819T162816,warm_ukf,21A154EDC1CD576A098BBEBC45B2387FDF421F63BDDBB63D6E2537E5E9AF9285,F4EF4279B0D5A5CC04CDA5D453AD4B7846DFDB8A9A6E7F074E6F314BD4F3D886,432,346,86,346,0,0,,
real_adsb,random_dropout_10,stage4B_3Day_nohup_20260819T132526Z_w007_20260819T162740Z::a19dff::20260819T162816__random_dropout_10,stage4B_3Day_nohup_20260819T132526Z_w007_20260819T162740Z::a19dff::20260819T162816,cv_ekf,30B032D1F724729335DB5C884BEE3A588723AF67798FF1B2403ED50AE53C9470,F4EF4279B0D5A5CC04CDA5D453AD4B7846DFDB8A9A6E7F074E6F314BD4F3D886,432,305,86,305,0,0,,
real_adsb,random_dropout_10,stage4B_3Day_nohup_20260819T132526Z_w007_20260819T162740Z::a19dff::20260819T162816__random_dropout_10,stage4B_3Day_nohup_20260819T132526Z_w007_20260819T162740Z::a19dff::20260819T162816,ca_ekf,30B032D1F724729335DB5C884BEE3A588723AF67798FF1B2403ED50AE53C9470,F4EF4279B0D5A5CC04CDA5D453AD4B7846DFDB8A9A6E7F074E6F314BD4F3D886,432,305,86,305,0,0,,
real_adsb,random_dropout_10,stage4B_3Day_nohup_20260819T132526Z_w007_20260819T162740Z::a19dff::20260819T162816__random_dropout_10,stage4B_3Day_nohup_20260819T132526Z_w007_20260819T162740Z::a19dff::20260819T162816,ct_ekf,30B032D1F724729335DB5C884BEE3A588723AF67798FF1B2403ED50AE53C9470,F4EF4279B0D5A5CC04CDA5D453AD4B7846DFDB8A9A6E7F074E6F314BD4F3D886,432,305,86,305,0,0,,
real_adsb,random_dropout_10,stage4B_3Day_nohup_20260819T132526Z_w007_20260819T162740Z::a19dff::20260819T162816__random_dropout_10,stage4B_3Day_nohup_20260819T132526Z_w007_20260819T162740Z::a19dff::20260819T162816,native_imm,30B032D1F724729335DB5C884BEE3A588723AF67798FF1B2403ED50AE53C9470,F4EF4279B0D5A5CC04CDA5D453AD4B7846DFDB8A9A6E7F074E6F314BD4F3D886,432,305,86,305,0,0,,
real_adsb,random_dropout_10,stage4B_3Day_nohup_20260819T132526Z_w007_20260819T162740Z::a19dff::20260819T162816__random_dropout_10,stage4B_3Day_nohup_20260819T132526Z_w007_20260819T162740Z::a19dff::20260819T162816,warm_ukf,30B032D1F724729335DB5C884BEE3A588723AF67798FF1B2403ED50AE53C9470,F4EF4279B0D5A5CC04CDA5D453AD4B7846DFDB8A9A6E7F074E6F314BD4F3D886,432,305,86,305,0,0,,
real_adsb,random_dropout_25,stage4B_3Day_nohup_20260819T132526Z_w007_20260819T162740Z::a19dff::20260819T162816__random_dropout_25,stage4B_3Day_nohup_20260819T132526Z_w007_20260819T162740Z::a19dff::20260819T162816,cv_ekf,B86BAB6761A9EB2DDA5A9897D75EC1E415F90EC90AFFBD89C9B66C04ED61E3CA,F4EF4279B0D5A5CC04CDA5D453AD4B7846DFDB8A9A6E7F074E6F314BD4F3D886,432,265,86,265,0,0,,
real_adsb,random_dropout_25,stage4B_3Day_nohup_20260819T132526Z_w007_20260819T162740Z::a19dff::20260819T162816__random_dropout_25,stage4B_3Day_nohup_20260819T132526Z_w007_20260819T162740Z::a19dff::20260819T162816,ca_ekf,B86BAB6761A9EB2DDA5A9897D75EC1E415F90EC90AFFBD89C9B66C04ED61E3CA,F4EF4279B0D5A5CC04CDA5D453AD4B7846DFDB8A9A6E7F074E6F314BD4F3D886,432,265,86,265,0,0,,
real_adsb,random_dropout_25,stage4B_3Day_nohup_20260819T132526Z_w007_20260819T162740Z::a19dff::20260819T162816__random_dropout_25,stage4B_3Day_nohup_20260819T132526Z_w007_20260819T162740Z::a19dff::20260819T162816,ct_ekf,B86BAB6761A9EB2DDA5A9897D75EC1E415F90EC90AFFBD89C9B66C04ED61E3CA,F4EF4279B0D5A5CC04CDA5D453AD4B7846DFDB8A9A6E7F074E6F314BD4F3D886,432,265,86,265,0,0,,
real_adsb,random_dropout_25,stage4B_3Day_nohup_20260819T132526Z_w007_20260819T162740Z::a19dff::20260819T162816__random_dropout_25,stage4B_3Day_nohup_20260819T132526Z_w007_20260819T162740Z::a19dff::20260819T162816,native_imm,B86BAB6761A9EB2DDA5A9897D75EC1E415F90EC90AFFBD89C9B66C04ED61E3CA,F4EF4279B0D5A5CC04CDA5D453AD4B7846DFDB8A9A6E7F074E6F314BD4F3D886,432,265,86,265,0,0,,
real_adsb,random_dropout_25,stage4B_3Day_nohup_20260819T132526Z_w007_20260819T162740Z::a19dff::20260819T162816__random_dropout_25,stage4B_3Day_nohup_20260819T132526Z_w007_20260819T162740Z::a19dff::20260819T162816,warm_ukf,B86BAB6761A9EB2DDA5A9897D75EC1E415F90EC90AFFBD89C9B66C04ED61E3CA,F4EF4279B0D5A5CC04CDA5D453AD4B7846DFDB8A9A6E7F074E6F314BD4F3D886,432,265,86,265,0,0,,
real_adsb,burst_outage,stage4B_3Day_nohup_20260819T132526Z_w007_20260819T162740Z::a19dff::20260819T162816__burst_outage,stage4B_3Day_nohup_20260819T132526Z_w007_20260819T162740Z::a19dff::20260819T162816,cv_ekf,BCF40962A520ACCB787B953A70567F312AE12F8B895CBE6A45F2F38D13A81B62,F4EF4279B0D5A5CC04CDA5D453AD4B7846DFDB8A9A6E7F074E6F314BD4F3D886,432,277,86,277,0,0,,
real_adsb,burst_outage,stage4B_3Day_nohup_20260819T132526Z_w007_20260819T162740Z::a19dff::20260819T162816__burst_outage,stage4B_3Day_nohup_20260819T132526Z_w007_20260819T162740Z::a19dff::20260819T162816,ca_ekf,BCF40962A520ACCB787B953A70567F312AE12F8B895CBE6A45F2F38D13A81B62,F4EF4279B0D5A5CC04CDA5D453AD4B7846DFDB8A9A6E7F074E6F314BD4F3D886,432,277,86,277,0,0,,
real_adsb,burst_outage,stage4B_3Day_nohup_20260819T132526Z_w007_20260819T162740Z::a19dff::20260819T162816__burst_outage,stage4B_3Day_nohup_20260819T132526Z_w007_20260819T162740Z::a19dff::20260819T162816,ct_ekf,BCF40962A520ACCB787B953A70567F312AE12F8B895CBE6A45F2F38D13A81B62,F4EF4279B0D5A5CC04CDA5D453AD4B7846DFDB8A9A6E7F074E6F314BD4F3D886,432,277,86,277,0,0,,
real_adsb,burst_outage,stage4B_3Day_nohup_20260819T132526Z_w007_20260819T162740Z::a19dff::20260819T162816__burst_outage,stage4B_3Day_nohup_20260819T132526Z_w007_20260819T162740Z::a19dff::20260819T162816,native_imm,BCF40962A520ACCB787B953A70567F312AE12F8B895CBE6A45F2F38D13A81B62,F4EF4279B0D5A5CC04CDA5D453AD4B7846DFDB8A9A6E7F074E6F314BD4F3D886,432,277,86,277,0,0,,
real_adsb,burst_outage,stage4B_3Day_nohup_20260819T132526Z_w007_20260819T162740Z::a19dff::20260819T162816__burst_outage,stage4B_3Day_nohup_20260819T132526Z_w007_20260819T162740Z::a19dff::20260819T162816,warm_ukf,BCF40962A520ACCB787B953A70567F312AE12F8B895CBE6A45F2F38D13A81B62,F4EF4279B0D5A5CC04CDA5D453AD4B7846DFDB8A9A6E7F074E6F314BD4F3D886,432,277,86,277,0,0,,
real_adsb,baseline,stage4B_3Day_nohup_20260819T132526Z_w009_20260819T172740Z::ab0ed6::20260819T173007__baseline,stage4B_3Day_nohup_20260819T132526Z_w009_20260819T172740Z::ab0ed6::20260819T173007,cv_ekf,A04B625643FFB10966068E1E250A562BDE0AECD03816D9BCCDA60419DCD1B3D4,DF307819092829C3D67505A2D5B8B0A05FAE21EA732F50BB52BE6B2588D4E04D,420,336,84,336,0,0,,
real_adsb,baseline,stage4B_3Day_nohup_20260819T132526Z_w009_20260819T172740Z::ab0ed6::20260819T173007__baseline,stage4B_3Day_nohup_20260819T132526Z_w009_20260819T172740Z::ab0ed6::20260819T173007,ca_ekf,A04B625643FFB10966068E1E250A562BDE0AECD03816D9BCCDA60419DCD1B3D4,DF307819092829C3D67505A2D5B8B0A05FAE21EA732F50BB52BE6B2588D4E04D,420,336,84,336,0,0,,
real_adsb,baseline,stage4B_3Day_nohup_20260819T132526Z_w009_20260819T172740Z::ab0ed6::20260819T173007__baseline,stage4B_3Day_nohup_20260819T132526Z_w009_20260819T172740Z::ab0ed6::20260819T173007,ct_ekf,A04B625643FFB10966068E1E250A562BDE0AECD03816D9BCCDA60419DCD1B3D4,DF307819092829C3D67505A2D5B8B0A05FAE21EA732F50BB52BE6B2588D4E04D,420,336,84,336,0,0,,
real_adsb,baseline,stage4B_3Day_nohup_20260819T132526Z_w009_20260819T172740Z::ab0ed6::20260819T173007__baseline,stage4B_3Day_nohup_20260819T132526Z_w009_20260819T172740Z::ab0ed6::20260819T173007,native_imm,A04B625643FFB10966068E1E250A562BDE0AECD03816D9BCCDA60419DCD1B3D4,DF307819092829C3D67505A2D5B8B0A05FAE21EA732F50BB52BE6B2588D4E04D,420,336,84,336,0,0,,
real_adsb,baseline,stage4B_3Day_nohup_20260819T132526Z_w009_20260819T172740Z::ab0ed6::20260819T173007__baseline,stage4B_3Day_nohup_20260819T132526Z_w009_20260819T172740Z::ab0ed6::20260819T173007,warm_ukf,A04B625643FFB10966068E1E250A562BDE0AECD03816D9BCCDA60419DCD1B3D4,DF307819092829C3D67505A2D5B8B0A05FAE21EA732F50BB52BE6B2588D4E04D,420,336,84,336,0,0,,
real_adsb,random_dropout_10,stage4B_3Day_nohup_20260819T132526Z_w009_20260819T172740Z::ab0ed6::20260819T173007__random_dropout_10,stage4B_3Day_nohup_20260819T132526Z_w009_20260819T172740Z::ab0ed6::20260819T173007,cv_ekf,9A09D922BEA6CB68263A01832F9D8CBDA2A0893464EFAB3F395FDBA421CA3433,DF307819092829C3D67505A2D5B8B0A05FAE21EA732F50BB52BE6B2588D4E04D,420,306,84,306,0,0,,
real_adsb,random_dropout_10,stage4B_3Day_nohup_20260819T132526Z_w009_20260819T172740Z::ab0ed6::20260819T173007__random_dropout_10,stage4B_3Day_nohup_20260819T132526Z_w009_20260819T172740Z::ab0ed6::20260819T173007,ca_ekf,9A09D922BEA6CB68263A01832F9D8CBDA2A0893464EFAB3F395FDBA421CA3433,DF307819092829C3D67505A2D5B8B0A05FAE21EA732F50BB52BE6B2588D4E04D,420,306,84,306,0,0,,
real_adsb,random_dropout_10,stage4B_3Day_nohup_20260819T132526Z_w009_20260819T172740Z::ab0ed6::20260819T173007__random_dropout_10,stage4B_3Day_nohup_20260819T132526Z_w009_20260819T172740Z::ab0ed6::20260819T173007,ct_ekf,9A09D922BEA6CB68263A01832F9D8CBDA2A0893464EFAB3F395FDBA421CA3433,DF307819092829C3D67505A2D5B8B0A05FAE21EA732F50BB52BE6B2588D4E04D,420,306,84,306,0,0,,
real_adsb,random_dropout_10,stage4B_3Day_nohup_20260819T132526Z_w009_20260819T172740Z::ab0ed6::20260819T173007__random_dropout_10,stage4B_3Day_nohup_20260819T132526Z_w009_20260819T172740Z::ab0ed6::20260819T173007,native_imm,9A09D922BEA6CB68263A01832F9D8CBDA2A0893464EFAB3F395FDBA421CA3433,DF307819092829C3D67505A2D5B8B0A05FAE21EA732F50BB52BE6B2588D4E04D,420,306,84,306,0,0,,
real_adsb,random_dropout_10,stage4B_3Day_nohup_20260819T132526Z_w009_20260819T172740Z::ab0ed6::20260819T173007__random_dropout_10,stage4B_3Day_nohup_20260819T132526Z_w009_20260819T172740Z::ab0ed6::20260819T173007,warm_ukf,9A09D922BEA6CB68263A01832F9D8CBDA2A0893464EFAB3F395FDBA421CA3433,DF307819092829C3D67505A2D5B8B0A05FAE21EA732F50BB52BE6B2588D4E04D,420,306,84,306,0,0,,
real_adsb,random_dropout_25,stage4B_3Day_nohup_20260819T132526Z_w009_20260819T172740Z::ab0ed6::20260819T173007__random_dropout_25,stage4B_3Day_nohup_20260819T132526Z_w009_20260819T172740Z::ab0ed6::20260819T173007,cv_ekf,A70E1A884B4FB6B4BF75DC84AD2D8CE3B874482913578D93D2F30BFBD3B90066,DF307819092829C3D67505A2D5B8B0A05FAE21EA732F50BB52BE6B2588D4E04D,420,262,84,262,0,0,,
real_adsb,random_dropout_25,stage4B_3Day_nohup_20260819T132526Z_w009_20260819T172740Z::ab0ed6::20260819T173007__random_dropout_25,stage4B_3Day_nohup_20260819T132526Z_w009_20260819T172740Z::ab0ed6::20260819T173007,ca_ekf,A70E1A884B4FB6B4BF75DC84AD2D8CE3B874482913578D93D2F30BFBD3B90066,DF307819092829C3D67505A2D5B8B0A05FAE21EA732F50BB52BE6B2588D4E04D,420,262,84,262,0,0,,
real_adsb,random_dropout_25,stage4B_3Day_nohup_20260819T132526Z_w009_20260819T172740Z::ab0ed6::20260819T173007__random_dropout_25,stage4B_3Day_nohup_20260819T132526Z_w009_20260819T172740Z::ab0ed6::20260819T173007,ct_ekf,A70E1A884B4FB6B4BF75DC84AD2D8CE3B874482913578D93D2F30BFBD3B90066,DF307819092829C3D67505A2D5B8B0A05FAE21EA732F50BB52BE6B2588D4E04D,420,262,84,262,0,0,,
real_adsb,random_dropout_25,stage4B_3Day_nohup_20260819T132526Z_w009_20260819T172740Z::ab0ed6::20260819T173007__random_dropout_25,stage4B_3Day_nohup_20260819T132526Z_w009_20260819T172740Z::ab0ed6::20260819T173007,native_imm,A70E1A884B4FB6B4BF75DC84AD2D8CE3B874482913578D93D2F30BFBD3B90066,DF307819092829C3D67505A2D5B8B0A05FAE21EA732F50BB52BE6B2588D4E04D,420,262,84,262,0,0,,
real_adsb,random_dropout_25,stage4B_3Day_nohup_20260819T132526Z_w009_20260819T172740Z::ab0ed6::20260819T173007__random_dropout_25,stage4B_3Day_nohup_20260819T132526Z_w009_20260819T172740Z::ab0ed6::20260819T173007,warm_ukf,A70E1A884B4FB6B4BF75DC84AD2D8CE3B874482913578D93D2F30BFBD3B90066,DF307819092829C3D67505A2D5B8B0A05FAE21EA732F50BB52BE6B2588D4E04D,420,262,84,262,0,0,,
real_adsb,burst_outage,stage4B_3Day_nohup_20260819T132526Z_w009_20260819T172740Z::ab0ed6::20260819T173007__burst_outage,stage4B_3Day_nohup_20260819T132526Z_w009_20260819T172740Z::ab0ed6::20260819T173007,cv_ekf,3205BF767A31E525B5D1E4652161E5324498B5D3ECD75A9D66BDC17DA27A5672,DF307819092829C3D67505A2D5B8B0A05FAE21EA732F50BB52BE6B2588D4E04D,420,269,84,269,0,0,,
real_adsb,burst_outage,stage4B_3Day_nohup_20260819T132526Z_w009_20260819T172740Z::ab0ed6::20260819T173007__burst_outage,stage4B_3Day_nohup_20260819T132526Z_w009_20260819T172740Z::ab0ed6::20260819T173007,ca_ekf,3205BF767A31E525B5D1E4652161E5324498B5D3ECD75A9D66BDC17DA27A5672,DF307819092829C3D67505A2D5B8B0A05FAE21EA732F50BB52BE6B2588D4E04D,420,269,84,269,0,0,,
real_adsb,burst_outage,stage4B_3Day_nohup_20260819T132526Z_w009_20260819T172740Z::ab0ed6::20260819T173007__burst_outage,stage4B_3Day_nohup_20260819T132526Z_w009_20260819T172740Z::ab0ed6::20260819T173007,ct_ekf,3205BF767A31E525B5D1E4652161E5324498B5D3ECD75A9D66BDC17DA27A5672,DF307819092829C3D67505A2D5B8B0A05FAE21EA732F50BB52BE6B2588D4E04D,420,269,84,269,0,0,,
real_adsb,burst_outage,stage4B_3Day_nohup_20260819T132526Z_w009_20260819T172740Z::ab0ed6::20260819T173007__burst_outage,stage4B_3Day_nohup_20260819T132526Z_w009_20260819T172740Z::ab0ed6::20260819T173007,native_imm,3205BF767A31E525B5D1E4652161E5324498B5D3ECD75A9D66BDC17DA27A5672,DF307819092829C3D67505A2D5B8B0A05FAE21EA732F50BB52BE6B2588D4E04D,420,269,84,269,0,0,,
real_adsb,burst_outage,stage4B_3Day_nohup_20260819T132526Z_w009_20260819T172740Z::ab0ed6::20260819T173007__burst_outage,stage4B_3Day_nohup_20260819T132526Z_w009_20260819T172740Z::ab0ed6::20260819T173007,warm_ukf,3205BF767A31E525B5D1E4652161E5324498B5D3ECD75A9D66BDC17DA27A5672,DF307819092829C3D67505A2D5B8B0A05FAE21EA732F50BB52BE6B2588D4E04D,420,269,84,269,0,0,,
real_adsb,baseline,stage4B_3Day_nohup_20260819T132526Z_w002_20260819T135740Z::a27088::20260819T135741__baseline,stage4B_3Day_nohup_20260819T132526Z_w002_20260819T135740Z::a27088::20260819T135741,cv_ekf,324C46CA73C9753E998CF8E028B6EC941313694A71E5EF9C43D8C4F1BC45699E,4646C84A4BAD0A1A7D83B132A0EA0875FC8882FFA8E90B44E1E1AEDE29EBB16D,419,335,84,335,0,0,,
real_adsb,baseline,stage4B_3Day_nohup_20260819T132526Z_w002_20260819T135740Z::a27088::20260819T135741__baseline,stage4B_3Day_nohup_20260819T132526Z_w002_20260819T135740Z::a27088::20260819T135741,ca_ekf,324C46CA73C9753E998CF8E028B6EC941313694A71E5EF9C43D8C4F1BC45699E,4646C84A4BAD0A1A7D83B132A0EA0875FC8882FFA8E90B44E1E1AEDE29EBB16D,419,335,84,335,0,0,,
real_adsb,baseline,stage4B_3Day_nohup_20260819T132526Z_w002_20260819T135740Z::a27088::20260819T135741__baseline,stage4B_3Day_nohup_20260819T132526Z_w002_20260819T135740Z::a27088::20260819T135741,ct_ekf,324C46CA73C9753E998CF8E028B6EC941313694A71E5EF9C43D8C4F1BC45699E,4646C84A4BAD0A1A7D83B132A0EA0875FC8882FFA8E90B44E1E1AEDE29EBB16D,419,335,84,335,0,0,,
real_adsb,baseline,stage4B_3Day_nohup_20260819T132526Z_w002_20260819T135740Z::a27088::20260819T135741__baseline,stage4B_3Day_nohup_20260819T132526Z_w002_20260819T135740Z::a27088::20260819T135741,native_imm,324C46CA73C9753E998CF8E028B6EC941313694A71E5EF9C43D8C4F1BC45699E,4646C84A4BAD0A1A7D83B132A0EA0875FC8882FFA8E90B44E1E1AEDE29EBB16D,419,335,84,335,0,0,,
real_adsb,baseline,stage4B_3Day_nohup_20260819T132526Z_w002_20260819T135740Z::a27088::20260819T135741__baseline,stage4B_3Day_nohup_20260819T132526Z_w002_20260819T135740Z::a27088::20260819T135741,warm_ukf,324C46CA73C9753E998CF8E028B6EC941313694A71E5EF9C43D8C4F1BC45699E,4646C84A4BAD0A1A7D83B132A0EA0875FC8882FFA8E90B44E1E1AEDE29EBB16D,419,335,84,335,0,0,,
real_adsb,random_dropout_10,stage4B_3Day_nohup_20260819T132526Z_w002_20260819T135740Z::a27088::20260819T135741__random_dropout_10,stage4B_3Day_nohup_20260819T132526Z_w002_20260819T135740Z::a27088::20260819T135741,cv_ekf,97C785386B3E785E0DAF8DEE218B5D1480E29E584A0EB5D4276DFC633D1F807F,4646C84A4BAD0A1A7D83B132A0EA0875FC8882FFA8E90B44E1E1AEDE29EBB16D,419,299,84,299,0,0,,
real_adsb,random_dropout_10,stage4B_3Day_nohup_20260819T132526Z_w002_20260819T135740Z::a27088::20260819T135741__random_dropout_10,stage4B_3Day_nohup_20260819T132526Z_w002_20260819T135740Z::a27088::20260819T135741,ca_ekf,97C785386B3E785E0DAF8DEE218B5D1480E29E584A0EB5D4276DFC633D1F807F,4646C84A4BAD0A1A7D83B132A0EA0875FC8882FFA8E90B44E1E1AEDE29EBB16D,419,299,84,299,0,0,,
real_adsb,random_dropout_10,stage4B_3Day_nohup_20260819T132526Z_w002_20260819T135740Z::a27088::20260819T135741__random_dropout_10,stage4B_3Day_nohup_20260819T132526Z_w002_20260819T135740Z::a27088::20260819T135741,ct_ekf,97C785386B3E785E0DAF8DEE218B5D1480E29E584A0EB5D4276DFC633D1F807F,4646C84A4BAD0A1A7D83B132A0EA0875FC8882FFA8E90B44E1E1AEDE29EBB16D,419,299,84,299,0,0,,
real_adsb,random_dropout_10,stage4B_3Day_nohup_20260819T132526Z_w002_20260819T135740Z::a27088::20260819T135741__random_dropout_10,stage4B_3Day_nohup_20260819T132526Z_w002_20260819T135740Z::a27088::20260819T135741,native_imm,97C785386B3E785E0DAF8DEE218B5D1480E29E584A0EB5D4276DFC633D1F807F,4646C84A4BAD0A1A7D83B132A0EA0875FC8882FFA8E90B44E1E1AEDE29EBB16D,419,299,84,299,0,0,,
real_adsb,random_dropout_10,stage4B_3Day_nohup_20260819T132526Z_w002_20260819T135740Z::a27088::20260819T135741__random_dropout_10,stage4B_3Day_nohup_20260819T132526Z_w002_20260819T135740Z::a27088::20260819T135741,warm_ukf,97C785386B3E785E0DAF8DEE218B5D1480E29E584A0EB5D4276DFC633D1F807F,4646C84A4BAD0A1A7D83B132A0EA0875FC8882FFA8E90B44E1E1AEDE29EBB16D,419,299,84,299,0,0,,
real_adsb,random_dropout_25,stage4B_3Day_nohup_20260819T132526Z_w002_20260819T135740Z::a27088::20260819T135741__random_dropout_25,stage4B_3Day_nohup_20260819T132526Z_w002_20260819T135740Z::a27088::20260819T135741,cv_ekf,A39FE0D432A4C5F6200A86B78A97ADD39F549E92C956D70B86C192AB1DFD0E7E,4646C84A4BAD0A1A7D83B132A0EA0875FC8882FFA8E90B44E1E1AEDE29EBB16D,419,241,84,241,0,0,,
real_adsb,random_dropout_25,stage4B_3Day_nohup_20260819T132526Z_w002_20260819T135740Z::a27088::20260819T135741__random_dropout_25,stage4B_3Day_nohup_20260819T132526Z_w002_20260819T135740Z::a27088::20260819T135741,ca_ekf,A39FE0D432A4C5F6200A86B78A97ADD39F549E92C956D70B86C192AB1DFD0E7E,4646C84A4BAD0A1A7D83B132A0EA0875FC8882FFA8E90B44E1E1AEDE29EBB16D,419,241,84,241,0,0,,
real_adsb,random_dropout_25,stage4B_3Day_nohup_20260819T132526Z_w002_20260819T135740Z::a27088::20260819T135741__random_dropout_25,stage4B_3Day_nohup_20260819T132526Z_w002_20260819T135740Z::a27088::20260819T135741,ct_ekf,A39FE0D432A4C5F6200A86B78A97ADD39F549E92C956D70B86C192AB1DFD0E7E,4646C84A4BAD0A1A7D83B132A0EA0875FC8882FFA8E90B44E1E1AEDE29EBB16D,419,241,84,241,0,0,,
real_adsb,random_dropout_25,stage4B_3Day_nohup_20260819T132526Z_w002_20260819T135740Z::a27088::20260819T135741__random_dropout_25,stage4B_3Day_nohup_20260819T132526Z_w002_20260819T135740Z::a27088::20260819T135741,native_imm,A39FE0D432A4C5F6200A86B78A97ADD39F549E92C956D70B86C192AB1DFD0E7E,4646C84A4BAD0A1A7D83B132A0EA0875FC8882FFA8E90B44E1E1AEDE29EBB16D,419,241,84,241,0,0,,
real_adsb,random_dropout_25,stage4B_3Day_nohup_20260819T132526Z_w002_20260819T135740Z::a27088::20260819T135741__random_dropout_25,stage4B_3Day_nohup_20260819T132526Z_w002_20260819T135740Z::a27088::20260819T135741,warm_ukf,A39FE0D432A4C5F6200A86B78A97ADD39F549E92C956D70B86C192AB1DFD0E7E,4646C84A4BAD0A1A7D83B132A0EA0875FC8882FFA8E90B44E1E1AEDE29EBB16D,419,241,84,241,0,0,,
real_adsb,burst_outage,stage4B_3Day_nohup_20260819T132526Z_w002_20260819T135740Z::a27088::20260819T135741__burst_outage,stage4B_3Day_nohup_20260819T132526Z_w002_20260819T135740Z::a27088::20260819T135741,cv_ekf,DB8CDBAC12A162C9860EEEA6358C1BA860E41EABB9A81CE3CCC16C1FE0BA7645,4646C84A4BAD0A1A7D83B132A0EA0875FC8882FFA8E90B44E1E1AEDE29EBB16D,419,268,84,268,0,0,,
real_adsb,burst_outage,stage4B_3Day_nohup_20260819T132526Z_w002_20260819T135740Z::a27088::20260819T135741__burst_outage,stage4B_3Day_nohup_20260819T132526Z_w002_20260819T135740Z::a27088::20260819T135741,ca_ekf,DB8CDBAC12A162C9860EEEA6358C1BA860E41EABB9A81CE3CCC16C1FE0BA7645,4646C84A4BAD0A1A7D83B132A0EA0875FC8882FFA8E90B44E1E1AEDE29EBB16D,419,268,84,268,0,0,,
real_adsb,burst_outage,stage4B_3Day_nohup_20260819T132526Z_w002_20260819T135740Z::a27088::20260819T135741__burst_outage,stage4B_3Day_nohup_20260819T132526Z_w002_20260819T135740Z::a27088::20260819T135741,ct_ekf,DB8CDBAC12A162C9860EEEA6358C1BA860E41EABB9A81CE3CCC16C1FE0BA7645,4646C84A4BAD0A1A7D83B132A0EA0875FC8882FFA8E90B44E1E1AEDE29EBB16D,419,268,84,268,0,0,,
real_adsb,burst_outage,stage4B_3Day_nohup_20260819T132526Z_w002_20260819T135740Z::a27088::20260819T135741__burst_outage,stage4B_3Day_nohup_20260819T132526Z_w002_20260819T135740Z::a27088::20260819T135741,native_imm,DB8CDBAC12A162C9860EEEA6358C1BA860E41EABB9A81CE3CCC16C1FE0BA7645,4646C84A4BAD0A1A7D83B132A0EA0875FC8882FFA8E90B44E1E1AEDE29EBB16D,419,268,84,268,0,0,,
real_adsb,burst_outage,stage4B_3Day_nohup_20260819T132526Z_w002_20260819T135740Z::a27088::20260819T135741__burst_outage,stage4B_3Day_nohup_20260819T132526Z_w002_20260819T135740Z::a27088::20260819T135741,warm_ukf,DB8CDBAC12A162C9860EEEA6358C1BA860E41EABB9A81CE3CCC16C1FE0BA7645,4646C84A4BAD0A1A7D83B132A0EA0875FC8882FFA8E90B44E1E1AEDE29EBB16D,419,268,84,268,0,0,,
real_adsb,baseline,stage4B_3Day_nohup_20260819T132526Z_w005_20260819T152740Z::aa9633::20260819T152741__baseline,stage4B_3Day_nohup_20260819T132526Z_w005_20260819T152740Z::aa9633::20260819T152741,cv_ekf,91041962826AE52B5FAF2E516BBBD9D199E7B1FFE62EB0979E759B602363E2E2,A7028D1384F03687955D3454B792A920502CCA7149B53A7FF9415D0509105838,417,334,83,334,0,0,,
real_adsb,baseline,stage4B_3Day_nohup_20260819T132526Z_w005_20260819T152740Z::aa9633::20260819T152741__baseline,stage4B_3Day_nohup_20260819T132526Z_w005_20260819T152740Z::aa9633::20260819T152741,ca_ekf,91041962826AE52B5FAF2E516BBBD9D199E7B1FFE62EB0979E759B602363E2E2,A7028D1384F03687955D3454B792A920502CCA7149B53A7FF9415D0509105838,417,334,83,334,0,0,,
real_adsb,baseline,stage4B_3Day_nohup_20260819T132526Z_w005_20260819T152740Z::aa9633::20260819T152741__baseline,stage4B_3Day_nohup_20260819T132526Z_w005_20260819T152740Z::aa9633::20260819T152741,ct_ekf,91041962826AE52B5FAF2E516BBBD9D199E7B1FFE62EB0979E759B602363E2E2,A7028D1384F03687955D3454B792A920502CCA7149B53A7FF9415D0509105838,417,334,83,334,0,0,,
real_adsb,baseline,stage4B_3Day_nohup_20260819T132526Z_w005_20260819T152740Z::aa9633::20260819T152741__baseline,stage4B_3Day_nohup_20260819T132526Z_w005_20260819T152740Z::aa9633::20260819T152741,native_imm,91041962826AE52B5FAF2E516BBBD9D199E7B1FFE62EB0979E759B602363E2E2,A7028D1384F03687955D3454B792A920502CCA7149B53A7FF9415D0509105838,417,334,83,334,0,0,,
real_adsb,baseline,stage4B_3Day_nohup_20260819T132526Z_w005_20260819T152740Z::aa9633::20260819T152741__baseline,stage4B_3Day_nohup_20260819T132526Z_w005_20260819T152740Z::aa9633::20260819T152741,warm_ukf,91041962826AE52B5FAF2E516BBBD9D199E7B1FFE62EB0979E759B602363E2E2,A7028D1384F03687955D3454B792A920502CCA7149B53A7FF9415D0509105838,417,334,83,334,0,0,,
real_adsb,random_dropout_10,stage4B_3Day_nohup_20260819T132526Z_w005_20260819T152740Z::aa9633::20260819T152741__random_dropout_10,stage4B_3Day_nohup_20260819T132526Z_w005_20260819T152740Z::aa9633::20260819T152741,cv_ekf,627C8D62FEBBBA8DE2B9AC8A94489C8A3A757607960020F07E4ACBA21936216E,A7028D1384F03687955D3454B792A920502CCA7149B53A7FF9415D0509105838,417,298,83,298,0,0,,
real_adsb,random_dropout_10,stage4B_3Day_nohup_20260819T132526Z_w005_20260819T152740Z::aa9633::20260819T152741__random_dropout_10,stage4B_3Day_nohup_20260819T132526Z_w005_20260819T152740Z::aa9633::20260819T152741,ca_ekf,627C8D62FEBBBA8DE2B9AC8A94489C8A3A757607960020F07E4ACBA21936216E,A7028D1384F03687955D3454B792A920502CCA7149B53A7FF9415D0509105838,417,298,83,298,0,0,,
real_adsb,random_dropout_10,stage4B_3Day_nohup_20260819T132526Z_w005_20260819T152740Z::aa9633::20260819T152741__random_dropout_10,stage4B_3Day_nohup_20260819T132526Z_w005_20260819T152740Z::aa9633::20260819T152741,ct_ekf,627C8D62FEBBBA8DE2B9AC8A94489C8A3A757607960020F07E4ACBA21936216E,A7028D1384F03687955D3454B792A920502CCA7149B53A7FF9415D0509105838,417,298,83,298,0,0,,
real_adsb,random_dropout_10,stage4B_3Day_nohup_20260819T132526Z_w005_20260819T152740Z::aa9633::20260819T152741__random_dropout_10,stage4B_3Day_nohup_20260819T132526Z_w005_20260819T152740Z::aa9633::20260819T152741,native_imm,627C8D62FEBBBA8DE2B9AC8A94489C8A3A757607960020F07E4ACBA21936216E,A7028D1384F03687955D3454B792A920502CCA7149B53A7FF9415D0509105838,417,298,83,298,0,0,,
real_adsb,random_dropout_10,stage4B_3Day_nohup_20260819T132526Z_w005_20260819T152740Z::aa9633::20260819T152741__random_dropout_10,stage4B_3Day_nohup_20260819T132526Z_w005_20260819T152740Z::aa9633::20260819T152741,warm_ukf,627C8D62FEBBBA8DE2B9AC8A94489C8A3A757607960020F07E4ACBA21936216E,A7028D1384F03687955D3454B792A920502CCA7149B53A7FF9415D0509105838,417,298,83,298,0,0,,
real_adsb,random_dropout_25,stage4B_3Day_nohup_20260819T132526Z_w005_20260819T152740Z::aa9633::20260819T152741__random_dropout_25,stage4B_3Day_nohup_20260819T132526Z_w005_20260819T152740Z::aa9633::20260819T152741,cv_ekf,9973F41E5D965A58C47BA06D0311AAF752BE57DAE991451DA9341BCCEAF39122,A7028D1384F03687955D3454B792A920502CCA7149B53A7FF9415D0509105838,417,241,83,241,0,0,,
real_adsb,random_dropout_25,stage4B_3Day_nohup_20260819T132526Z_w005_20260819T152740Z::aa9633::20260819T152741__random_dropout_25,stage4B_3Day_nohup_20260819T132526Z_w005_20260819T152740Z::aa9633::20260819T152741,ca_ekf,9973F41E5D965A58C47BA06D0311AAF752BE57DAE991451DA9341BCCEAF39122,A7028D1384F03687955D3454B792A920502CCA7149B53A7FF9415D0509105838,417,241,83,241,0,0,,
real_adsb,random_dropout_25,stage4B_3Day_nohup_20260819T132526Z_w005_20260819T152740Z::aa9633::20260819T152741__random_dropout_25,stage4B_3Day_nohup_20260819T132526Z_w005_20260819T152740Z::aa9633::20260819T152741,ct_ekf,9973F41E5D965A58C47BA06D0311AAF752BE57DAE991451DA9341BCCEAF39122,A7028D1384F03687955D3454B792A920502CCA7149B53A7FF9415D0509105838,417,241,83,241,0,0,,
real_adsb,random_dropout_25,stage4B_3Day_nohup_20260819T132526Z_w005_20260819T152740Z::aa9633::20260819T152741__random_dropout_25,stage4B_3Day_nohup_20260819T132526Z_w005_20260819T152740Z::aa9633::20260819T152741,native_imm,9973F41E5D965A58C47BA06D0311AAF752BE57DAE991451DA9341BCCEAF39122,A7028D1384F03687955D3454B792A920502CCA7149B53A7FF9415D0509105838,417,241,83,241,0,0,,
real_adsb,random_dropout_25,stage4B_3Day_nohup_20260819T132526Z_w005_20260819T152740Z::aa9633::20260819T152741__random_dropout_25,stage4B_3Day_nohup_20260819T132526Z_w005_20260819T152740Z::aa9633::20260819T152741,warm_ukf,9973F41E5D965A58C47BA06D0311AAF752BE57DAE991451DA9341BCCEAF39122,A7028D1384F03687955D3454B792A920502CCA7149B53A7FF9415D0509105838,417,241,83,241,0,0,,
real_adsb,burst_outage,stage4B_3Day_nohup_20260819T132526Z_w005_20260819T152740Z::aa9633::20260819T152741__burst_outage,stage4B_3Day_nohup_20260819T132526Z_w005_20260819T152740Z::aa9633::20260819T152741,cv_ekf,66C1E3434D71C38C749E4571D8795066EDBCF63EC99F61CD461FFA8EE316CBCA,A7028D1384F03687955D3454B792A920502CCA7149B53A7FF9415D0509105838,417,267,83,267,0,0,,
real_adsb,burst_outage,stage4B_3Day_nohup_20260819T132526Z_w005_20260819T152740Z::aa9633::20260819T152741__burst_outage,stage4B_3Day_nohup_20260819T132526Z_w005_20260819T152740Z::aa9633::20260819T152741,ca_ekf,66C1E3434D71C38C749E4571D8795066EDBCF63EC99F61CD461FFA8EE316CBCA,A7028D1384F03687955D3454B792A920502CCA7149B53A7FF9415D0509105838,417,267,83,267,0,0,,
real_adsb,burst_outage,stage4B_3Day_nohup_20260819T132526Z_w005_20260819T152740Z::aa9633::20260819T152741__burst_outage,stage4B_3Day_nohup_20260819T132526Z_w005_20260819T152740Z::aa9633::20260819T152741,ct_ekf,66C1E3434D71C38C749E4571D8795066EDBCF63EC99F61CD461FFA8EE316CBCA,A7028D1384F03687955D3454B792A920502CCA7149B53A7FF9415D0509105838,417,267,83,267,0,0,,
real_adsb,burst_outage,stage4B_3Day_nohup_20260819T132526Z_w005_20260819T152740Z::aa9633::20260819T152741__burst_outage,stage4B_3Day_nohup_20260819T132526Z_w005_20260819T152740Z::aa9633::20260819T152741,native_imm,66C1E3434D71C38C749E4571D8795066EDBCF63EC99F61CD461FFA8EE316CBCA,A7028D1384F03687955D3454B792A920502CCA7149B53A7FF9415D0509105838,417,267,83,267,0,0,,
real_adsb,burst_outage,stage4B_3Day_nohup_20260819T132526Z_w005_20260819T152740Z::aa9633::20260819T152741__burst_outage,stage4B_3Day_nohup_20260819T132526Z_w005_20260819T152740Z::aa9633::20260819T152741,warm_ukf,66C1E3434D71C38C749E4571D8795066EDBCF63EC99F61CD461FFA8EE316CBCA,A7028D1384F03687955D3454B792A920502CCA7149B53A7FF9415D0509105838,417,267,83,267,0,0,,
real_adsb,baseline,stage4B_3Day_nohup_20260819T132526Z_w141_20260822T112740Z::addadb::20260822T113000__baseline,stage4B_3Day_nohup_20260819T132526Z_w141_20260822T112740Z::addadb::20260822T113000,cv_ekf,B25451A9DE8D9FD32FEB0F01C6368DB145D6229778151F07F3F60AE1283234A2,59ACBC65401024EE0A3CE47D7C587CF1479AD68B31672630D5F5653DB9E20F41,413,330,83,330,0,0,,
real_adsb,baseline,stage4B_3Day_nohup_20260819T132526Z_w141_20260822T112740Z::addadb::20260822T113000__baseline,stage4B_3Day_nohup_20260819T132526Z_w141_20260822T112740Z::addadb::20260822T113000,ca_ekf,B25451A9DE8D9FD32FEB0F01C6368DB145D6229778151F07F3F60AE1283234A2,59ACBC65401024EE0A3CE47D7C587CF1479AD68B31672630D5F5653DB9E20F41,413,330,83,330,0,0,,
real_adsb,baseline,stage4B_3Day_nohup_20260819T132526Z_w141_20260822T112740Z::addadb::20260822T113000__baseline,stage4B_3Day_nohup_20260819T132526Z_w141_20260822T112740Z::addadb::20260822T113000,ct_ekf,B25451A9DE8D9FD32FEB0F01C6368DB145D6229778151F07F3F60AE1283234A2,59ACBC65401024EE0A3CE47D7C587CF1479AD68B31672630D5F5653DB9E20F41,413,330,83,330,0,0,,
real_adsb,baseline,stage4B_3Day_nohup_20260819T132526Z_w141_20260822T112740Z::addadb::20260822T113000__baseline,stage4B_3Day_nohup_20260819T132526Z_w141_20260822T112740Z::addadb::20260822T113000,native_imm,B25451A9DE8D9FD32FEB0F01C6368DB145D6229778151F07F3F60AE1283234A2,59ACBC65401024EE0A3CE47D7C587CF1479AD68B31672630D5F5653DB9E20F41,413,330,83,330,0,0,,
real_adsb,baseline,stage4B_3Day_nohup_20260819T132526Z_w141_20260822T112740Z::addadb::20260822T113000__baseline,stage4B_3Day_nohup_20260819T132526Z_w141_20260822T112740Z::addadb::20260822T113000,warm_ukf,B25451A9DE8D9FD32FEB0F01C6368DB145D6229778151F07F3F60AE1283234A2,59ACBC65401024EE0A3CE47D7C587CF1479AD68B31672630D5F5653DB9E20F41,413,330,83,330,0,0,,
real_adsb,random_dropout_10,stage4B_3Day_nohup_20260819T132526Z_w141_20260822T112740Z::addadb::20260822T113000__random_dropout_10,stage4B_3Day_nohup_20260819T132526Z_w141_20260822T112740Z::addadb::20260822T113000,cv_ekf,D3514CD051FBF6596CBD48C962263F4A04B8E52FEB0F859B3647963147F0EF86,59ACBC65401024EE0A3CE47D7C587CF1479AD68B31672630D5F5653DB9E20F41,413,304,83,304,0,0,,
real_adsb,random_dropout_10,stage4B_3Day_nohup_20260819T132526Z_w141_20260822T112740Z::addadb::20260822T113000__random_dropout_10,stage4B_3Day_nohup_20260819T132526Z_w141_20260822T112740Z::addadb::20260822T113000,ca_ekf,D3514CD051FBF6596CBD48C962263F4A04B8E52FEB0F859B3647963147F0EF86,59ACBC65401024EE0A3CE47D7C587CF1479AD68B31672630D5F5653DB9E20F41,413,304,83,304,0,0,,
real_adsb,random_dropout_10,stage4B_3Day_nohup_20260819T132526Z_w141_20260822T112740Z::addadb::20260822T113000__random_dropout_10,stage4B_3Day_nohup_20260819T132526Z_w141_20260822T112740Z::addadb::20260822T113000,ct_ekf,D3514CD051FBF6596CBD48C962263F4A04B8E52FEB0F859B3647963147F0EF86,59ACBC65401024EE0A3CE47D7C587CF1479AD68B31672630D5F5653DB9E20F41,413,304,83,304,0,0,,
real_adsb,random_dropout_10,stage4B_3Day_nohup_20260819T132526Z_w141_20260822T112740Z::addadb::20260822T113000__random_dropout_10,stage4B_3Day_nohup_20260819T132526Z_w141_20260822T112740Z::addadb::20260822T113000,native_imm,D3514CD051FBF6596CBD48C962263F4A04B8E52FEB0F859B3647963147F0EF86,59ACBC65401024EE0A3CE47D7C587CF1479AD68B31672630D5F5653DB9E20F41,413,304,83,304,0,0,,
real_adsb,random_dropout_10,stage4B_3Day_nohup_20260819T132526Z_w141_20260822T112740Z::addadb::20260822T113000__random_dropout_10,stage4B_3Day_nohup_20260819T132526Z_w141_20260822T112740Z::addadb::20260822T113000,warm_ukf,D3514CD051FBF6596CBD48C962263F4A04B8E52FEB0F859B3647963147F0EF86,59ACBC65401024EE0A3CE47D7C587CF1479AD68B31672630D5F5653DB9E20F41,413,304,83,304,0,0,,
real_adsb,random_dropout_25,stage4B_3Day_nohup_20260819T132526Z_w141_20260822T112740Z::addadb::20260822T113000__random_dropout_25,stage4B_3Day_nohup_20260819T132526Z_w141_20260822T112740Z::addadb::20260822T113000,cv_ekf,75FAD5BC00BC86F690CF6069FBD8159A6D39F9FAA8B39342DED6D4FDA951DF4F,59ACBC65401024EE0A3CE47D7C587CF1479AD68B31672630D5F5653DB9E20F41,413,242,83,242,0,0,,
real_adsb,random_dropout_25,stage4B_3Day_nohup_20260819T132526Z_w141_20260822T112740Z::addadb::20260822T113000__random_dropout_25,stage4B_3Day_nohup_20260819T132526Z_w141_20260822T112740Z::addadb::20260822T113000,ca_ekf,75FAD5BC00BC86F690CF6069FBD8159A6D39F9FAA8B39342DED6D4FDA951DF4F,59ACBC65401024EE0A3CE47D7C587CF1479AD68B31672630D5F5653DB9E20F41,413,242,83,242,0,0,,
real_adsb,random_dropout_25,stage4B_3Day_nohup_20260819T132526Z_w141_20260822T112740Z::addadb::20260822T113000__random_dropout_25,stage4B_3Day_nohup_20260819T132526Z_w141_20260822T112740Z::addadb::20260822T113000,ct_ekf,75FAD5BC00BC86F690CF6069FBD8159A6D39F9FAA8B39342DED6D4FDA951DF4F,59ACBC65401024EE0A3CE47D7C587CF1479AD68B31672630D5F5653DB9E20F41,413,242,83,242,0,0,,
real_adsb,random_dropout_25,stage4B_3Day_nohup_20260819T132526Z_w141_20260822T112740Z::addadb::20260822T113000__random_dropout_25,stage4B_3Day_nohup_20260819T132526Z_w141_20260822T112740Z::addadb::20260822T113000,native_imm,75FAD5BC00BC86F690CF6069FBD8159A6D39F9FAA8B39342DED6D4FDA951DF4F,59ACBC65401024EE0A3CE47D7C587CF1479AD68B31672630D5F5653DB9E20F41,413,242,83,242,0,0,,
real_adsb,random_dropout_25,stage4B_3Day_nohup_20260819T132526Z_w141_20260822T112740Z::addadb::20260822T113000__random_dropout_25,stage4B_3Day_nohup_20260819T132526Z_w141_20260822T112740Z::addadb::20260822T113000,warm_ukf,75FAD5BC00BC86F690CF6069FBD8159A6D39F9FAA8B39342DED6D4FDA951DF4F,59ACBC65401024EE0A3CE47D7C587CF1479AD68B31672630D5F5653DB9E20F41,413,242,83,242,0,0,,
real_adsb,burst_outage,stage4B_3Day_nohup_20260819T132526Z_w141_20260822T112740Z::addadb::20260822T113000__burst_outage,stage4B_3Day_nohup_20260819T132526Z_w141_20260822T112740Z::addadb::20260822T113000,cv_ekf,4C717819047510025B165B6CED09B5CFA44319F51E2271214CE1898E4B44CB19,59ACBC65401024EE0A3CE47D7C587CF1479AD68B31672630D5F5653DB9E20F41,413,264,83,264,0,0,,
real_adsb,burst_outage,stage4B_3Day_nohup_20260819T132526Z_w141_20260822T112740Z::addadb::20260822T113000__burst_outage,stage4B_3Day_nohup_20260819T132526Z_w141_20260822T112740Z::addadb::20260822T113000,ca_ekf,4C717819047510025B165B6CED09B5CFA44319F51E2271214CE1898E4B44CB19,59ACBC65401024EE0A3CE47D7C587CF1479AD68B31672630D5F5653DB9E20F41,413,264,83,264,0,0,,
real_adsb,burst_outage,stage4B_3Day_nohup_20260819T132526Z_w141_20260822T112740Z::addadb::20260822T113000__burst_outage,stage4B_3Day_nohup_20260819T132526Z_w141_20260822T112740Z::addadb::20260822T113000,ct_ekf,4C717819047510025B165B6CED09B5CFA44319F51E2271214CE1898E4B44CB19,59ACBC65401024EE0A3CE47D7C587CF1479AD68B31672630D5F5653DB9E20F41,413,264,83,264,0,0,,
real_adsb,burst_outage,stage4B_3Day_nohup_20260819T132526Z_w141_20260822T112740Z::addadb::20260822T113000__burst_outage,stage4B_3Day_nohup_20260819T132526Z_w141_20260822T112740Z::addadb::20260822T113000,native_imm,4C717819047510025B165B6CED09B5CFA44319F51E2271214CE1898E4B44CB19,59ACBC65401024EE0A3CE47D7C587CF1479AD68B31672630D5F5653DB9E20F41,413,264,83,264,0,0,,
real_adsb,burst_outage,stage4B_3Day_nohup_20260819T132526Z_w141_20260822T112740Z::addadb::20260822T113000__burst_outage,stage4B_3Day_nohup_20260819T132526Z_w141_20260822T112740Z::addadb::20260822T113000,warm_ukf,4C717819047510025B165B6CED09B5CFA44319F51E2271214CE1898E4B44CB19,59ACBC65401024EE0A3CE47D7C587CF1479AD68B31672630D5F5653DB9E20F41,413,264,83,264,0,0,,
real_adsb,baseline,stage4B_3Day_nohup_20260819T132526Z_w076_20260821T025740Z::ac709b::20260821T025742__baseline,stage4B_3Day_nohup_20260819T132526Z_w076_20260821T025740Z::ac709b::20260821T025742,cv_ekf,CC41328736EBDC0FC886884F694A7186AB1760CB5CC937432CE1FF22F5E1FA6E,0387103C9A3696C0D8BCA29CB3EC0E957A181184C1F55DDFABC2D35739C4C457,411,329,82,329,0,0,,
real_adsb,baseline,stage4B_3Day_nohup_20260819T132526Z_w076_20260821T025740Z::ac709b::20260821T025742__baseline,stage4B_3Day_nohup_20260819T132526Z_w076_20260821T025740Z::ac709b::20260821T025742,ca_ekf,CC41328736EBDC0FC886884F694A7186AB1760CB5CC937432CE1FF22F5E1FA6E,0387103C9A3696C0D8BCA29CB3EC0E957A181184C1F55DDFABC2D35739C4C457,411,329,82,329,0,0,,
real_adsb,baseline,stage4B_3Day_nohup_20260819T132526Z_w076_20260821T025740Z::ac709b::20260821T025742__baseline,stage4B_3Day_nohup_20260819T132526Z_w076_20260821T025740Z::ac709b::20260821T025742,ct_ekf,CC41328736EBDC0FC886884F694A7186AB1760CB5CC937432CE1FF22F5E1FA6E,0387103C9A3696C0D8BCA29CB3EC0E957A181184C1F55DDFABC2D35739C4C457,411,329,82,329,0,0,,
real_adsb,baseline,stage4B_3Day_nohup_20260819T132526Z_w076_20260821T025740Z::ac709b::20260821T025742__baseline,stage4B_3Day_nohup_20260819T132526Z_w076_20260821T025740Z::ac709b::20260821T025742,native_imm,CC41328736EBDC0FC886884F694A7186AB1760CB5CC937432CE1FF22F5E1FA6E,0387103C9A3696C0D8BCA29CB3EC0E957A181184C1F55DDFABC2D35739C4C457,411,329,82,329,0,0,,
real_adsb,baseline,stage4B_3Day_nohup_20260819T132526Z_w076_20260821T025740Z::ac709b::20260821T025742__baseline,stage4B_3Day_nohup_20260819T132526Z_w076_20260821T025740Z::ac709b::20260821T025742,warm_ukf,CC41328736EBDC0FC886884F694A7186AB1760CB5CC937432CE1FF22F5E1FA6E,0387103C9A3696C0D8BCA29CB3EC0E957A181184C1F55DDFABC2D35739C4C457,411,329,82,329,0,0,,
real_adsb,random_dropout_10,stage4B_3Day_nohup_20260819T132526Z_w076_20260821T025740Z::ac709b::20260821T025742__random_dropout_10,stage4B_3Day_nohup_20260819T132526Z_w076_20260821T025740Z::ac709b::20260821T025742,cv_ekf,4BE2860E35C9B1BA45CD219DCBC6C9F83F4626981D9F6BAD222A9F014FDE19A5,0387103C9A3696C0D8BCA29CB3EC0E957A181184C1F55DDFABC2D35739C4C457,411,298,82,298,0,0,,
real_adsb,random_dropout_10,stage4B_3Day_nohup_20260819T132526Z_w076_20260821T025740Z::ac709b::20260821T025742__random_dropout_10,stage4B_3Day_nohup_20260819T132526Z_w076_20260821T025740Z::ac709b::20260821T025742,ca_ekf,4BE2860E35C9B1BA45CD219DCBC6C9F83F4626981D9F6BAD222A9F014FDE19A5,0387103C9A3696C0D8BCA29CB3EC0E957A181184C1F55DDFABC2D35739C4C457,411,298,82,298,0,0,,
real_adsb,random_dropout_10,stage4B_3Day_nohup_20260819T132526Z_w076_20260821T025740Z::ac709b::20260821T025742__random_dropout_10,stage4B_3Day_nohup_20260819T132526Z_w076_20260821T025740Z::ac709b::20260821T025742,ct_ekf,4BE2860E35C9B1BA45CD219DCBC6C9F83F4626981D9F6BAD222A9F014FDE19A5,0387103C9A3696C0D8BCA29CB3EC0E957A181184C1F55DDFABC2D35739C4C457,411,298,82,298,0,0,,
real_adsb,random_dropout_10,stage4B_3Day_nohup_20260819T132526Z_w076_20260821T025740Z::ac709b::20260821T025742__random_dropout_10,stage4B_3Day_nohup_20260819T132526Z_w076_20260821T025740Z::ac709b::20260821T025742,native_imm,4BE2860E35C9B1BA45CD219DCBC6C9F83F4626981D9F6BAD222A9F014FDE19A5,0387103C9A3696C0D8BCA29CB3EC0E957A181184C1F55DDFABC2D35739C4C457,411,298,82,298,0,0,,
real_adsb,random_dropout_10,stage4B_3Day_nohup_20260819T132526Z_w076_20260821T025740Z::ac709b::20260821T025742__random_dropout_10,stage4B_3Day_nohup_20260819T132526Z_w076_20260821T025740Z::ac709b::20260821T025742,warm_ukf,4BE2860E35C9B1BA45CD219DCBC6C9F83F4626981D9F6BAD222A9F014FDE19A5,0387103C9A3696C0D8BCA29CB3EC0E957A181184C1F55DDFABC2D35739C4C457,411,298,82,298,0,0,,
real_adsb,random_dropout_25,stage4B_3Day_nohup_20260819T132526Z_w076_20260821T025740Z::ac709b::20260821T025742__random_dropout_25,stage4B_3Day_nohup_20260819T132526Z_w076_20260821T025740Z::ac709b::20260821T025742,cv_ekf,B69DBF46AB615A8387851E08D7DD84D188964DB5985F71BCC11E67DD73506D96,0387103C9A3696C0D8BCA29CB3EC0E957A181184C1F55DDFABC2D35739C4C457,411,252,82,252,0,0,,
real_adsb,random_dropout_25,stage4B_3Day_nohup_20260819T132526Z_w076_20260821T025740Z::ac709b::20260821T025742__random_dropout_25,stage4B_3Day_nohup_20260819T132526Z_w076_20260821T025740Z::ac709b::20260821T025742,ca_ekf,B69DBF46AB615A8387851E08D7DD84D188964DB5985F71BCC11E67DD73506D96,0387103C9A3696C0D8BCA29CB3EC0E957A181184C1F55DDFABC2D35739C4C457,411,252,82,252,0,0,,
real_adsb,random_dropout_25,stage4B_3Day_nohup_20260819T132526Z_w076_20260821T025740Z::ac709b::20260821T025742__random_dropout_25,stage4B_3Day_nohup_20260819T132526Z_w076_20260821T025740Z::ac709b::20260821T025742,ct_ekf,B69DBF46AB615A8387851E08D7DD84D188964DB5985F71BCC11E67DD73506D96,0387103C9A3696C0D8BCA29CB3EC0E957A181184C1F55DDFABC2D35739C4C457,411,252,82,252,0,0,,
real_adsb,random_dropout_25,stage4B_3Day_nohup_20260819T132526Z_w076_20260821T025740Z::ac709b::20260821T025742__random_dropout_25,stage4B_3Day_nohup_20260819T132526Z_w076_20260821T025740Z::ac709b::20260821T025742,native_imm,B69DBF46AB615A8387851E08D7DD84D188964DB5985F71BCC11E67DD73506D96,0387103C9A3696C0D8BCA29CB3EC0E957A181184C1F55DDFABC2D35739C4C457,411,252,82,252,0,0,,
real_adsb,random_dropout_25,stage4B_3Day_nohup_20260819T132526Z_w076_20260821T025740Z::ac709b::20260821T025742__random_dropout_25,stage4B_3Day_nohup_20260819T132526Z_w076_20260821T025740Z::ac709b::20260821T025742,warm_ukf,B69DBF46AB615A8387851E08D7DD84D188964DB5985F71BCC11E67DD73506D96,0387103C9A3696C0D8BCA29CB3EC0E957A181184C1F55DDFABC2D35739C4C457,411,252,82,252,0,0,,
real_adsb,burst_outage,stage4B_3Day_nohup_20260819T132526Z_w076_20260821T025740Z::ac709b::20260821T025742__burst_outage,stage4B_3Day_nohup_20260819T132526Z_w076_20260821T025740Z::ac709b::20260821T025742,cv_ekf,F04B7476A82D21643532677DBE95E1C79FCBCE36204D333D6D02FB2FAEF7E6D3,0387103C9A3696C0D8BCA29CB3EC0E957A181184C1F55DDFABC2D35739C4C457,411,263,82,263,0,0,,
real_adsb,burst_outage,stage4B_3Day_nohup_20260819T132526Z_w076_20260821T025740Z::ac709b::20260821T025742__burst_outage,stage4B_3Day_nohup_20260819T132526Z_w076_20260821T025740Z::ac709b::20260821T025742,ca_ekf,F04B7476A82D21643532677DBE95E1C79FCBCE36204D333D6D02FB2FAEF7E6D3,0387103C9A3696C0D8BCA29CB3EC0E957A181184C1F55DDFABC2D35739C4C457,411,263,82,263,0,0,,
real_adsb,burst_outage,stage4B_3Day_nohup_20260819T132526Z_w076_20260821T025740Z::ac709b::20260821T025742__burst_outage,stage4B_3Day_nohup_20260819T132526Z_w076_20260821T025740Z::ac709b::20260821T025742,ct_ekf,F04B7476A82D21643532677DBE95E1C79FCBCE36204D333D6D02FB2FAEF7E6D3,0387103C9A3696C0D8BCA29CB3EC0E957A181184C1F55DDFABC2D35739C4C457,411,263,82,263,0,0,,
real_adsb,burst_outage,stage4B_3Day_nohup_20260819T132526Z_w076_20260821T025740Z::ac709b::20260821T025742__burst_outage,stage4B_3Day_nohup_20260819T132526Z_w076_20260821T025740Z::ac709b::20260821T025742,native_imm,F04B7476A82D21643532677DBE95E1C79FCBCE36204D333D6D02FB2FAEF7E6D3,0387103C9A3696C0D8BCA29CB3EC0E957A181184C1F55DDFABC2D35739C4C457,411,263,82,263,0,0,,
real_adsb,burst_outage,stage4B_3Day_nohup_20260819T132526Z_w076_20260821T025740Z::ac709b::20260821T025742__burst_outage,stage4B_3Day_nohup_20260819T132526Z_w076_20260821T025740Z::ac709b::20260821T025742,warm_ukf,F04B7476A82D21643532677DBE95E1C79FCBCE36204D333D6D02FB2FAEF7E6D3,0387103C9A3696C0D8BCA29CB3EC0E957A181184C1F55DDFABC2D35739C4C457,411,263,82,263,0,0,,
real_adsb,baseline,stage4B_3Day_nohup_20260819T132526Z_w119_20260822T002740Z::a3a0cc::20260822T002840__baseline,stage4B_3Day_nohup_20260819T132526Z_w119_20260822T002740Z::a3a0cc::20260822T002840,cv_ekf,C1F95C922CFB1A223338CE8092FD00BCF426E56FE26A8170BC31839CB30835EC,530BF79507719073FF901F1A5F94511BA1654A38BE05F382AAABCA1891A8375C,411,329,82,329,0,0,,
real_adsb,baseline,stage4B_3Day_nohup_20260819T132526Z_w119_20260822T002740Z::a3a0cc::20260822T002840__baseline,stage4B_3Day_nohup_20260819T132526Z_w119_20260822T002740Z::a3a0cc::20260822T002840,ca_ekf,C1F95C922CFB1A223338CE8092FD00BCF426E56FE26A8170BC31839CB30835EC,530BF79507719073FF901F1A5F94511BA1654A38BE05F382AAABCA1891A8375C,411,329,82,329,0,0,,
real_adsb,baseline,stage4B_3Day_nohup_20260819T132526Z_w119_20260822T002740Z::a3a0cc::20260822T002840__baseline,stage4B_3Day_nohup_20260819T132526Z_w119_20260822T002740Z::a3a0cc::20260822T002840,ct_ekf,C1F95C922CFB1A223338CE8092FD00BCF426E56FE26A8170BC31839CB30835EC,530BF79507719073FF901F1A5F94511BA1654A38BE05F382AAABCA1891A8375C,411,329,82,329,0,0,,
real_adsb,baseline,stage4B_3Day_nohup_20260819T132526Z_w119_20260822T002740Z::a3a0cc::20260822T002840__baseline,stage4B_3Day_nohup_20260819T132526Z_w119_20260822T002740Z::a3a0cc::20260822T002840,native_imm,C1F95C922CFB1A223338CE8092FD00BCF426E56FE26A8170BC31839CB30835EC,530BF79507719073FF901F1A5F94511BA1654A38BE05F382AAABCA1891A8375C,411,329,82,329,0,0,,
real_adsb,baseline,stage4B_3Day_nohup_20260819T132526Z_w119_20260822T002740Z::a3a0cc::20260822T002840__baseline,stage4B_3Day_nohup_20260819T132526Z_w119_20260822T002740Z::a3a0cc::20260822T002840,warm_ukf,C1F95C922CFB1A223338CE8092FD00BCF426E56FE26A8170BC31839CB30835EC,530BF79507719073FF901F1A5F94511BA1654A38BE05F382AAABCA1891A8375C,411,329,82,329,0,0,,
real_adsb,random_dropout_10,stage4B_3Day_nohup_20260819T132526Z_w119_20260822T002740Z::a3a0cc::20260822T002840__random_dropout_10,stage4B_3Day_nohup_20260819T132526Z_w119_20260822T002740Z::a3a0cc::20260822T002840,cv_ekf,643CA7C287A7EB1ADFBDA81DFFF0B4247C4C7DB6BA42BD833ED7A3CB6E72DC66,530BF79507719073FF901F1A5F94511BA1654A38BE05F382AAABCA1891A8375C,411,290,82,290,0,0,,
real_adsb,random_dropout_10,stage4B_3Day_nohup_20260819T132526Z_w119_20260822T002740Z::a3a0cc::20260822T002840__random_dropout_10,stage4B_3Day_nohup_20260819T132526Z_w119_20260822T002740Z::a3a0cc::20260822T002840,ca_ekf,643CA7C287A7EB1ADFBDA81DFFF0B4247C4C7DB6BA42BD833ED7A3CB6E72DC66,530BF79507719073FF901F1A5F94511BA1654A38BE05F382AAABCA1891A8375C,411,290,82,290,0,0,,
real_adsb,random_dropout_10,stage4B_3Day_nohup_20260819T132526Z_w119_20260822T002740Z::a3a0cc::20260822T002840__random_dropout_10,stage4B_3Day_nohup_20260819T132526Z_w119_20260822T002740Z::a3a0cc::20260822T002840,ct_ekf,643CA7C287A7EB1ADFBDA81DFFF0B4247C4C7DB6BA42BD833ED7A3CB6E72DC66,530BF79507719073FF901F1A5F94511BA1654A38BE05F382AAABCA1891A8375C,411,290,82,290,0,0,,
real_adsb,random_dropout_10,stage4B_3Day_nohup_20260819T132526Z_w119_20260822T002740Z::a3a0cc::20260822T002840__random_dropout_10,stage4B_3Day_nohup_20260819T132526Z_w119_20260822T002740Z::a3a0cc::20260822T002840,native_imm,643CA7C287A7EB1ADFBDA81DFFF0B4247C4C7DB6BA42BD833ED7A3CB6E72DC66,530BF79507719073FF901F1A5F94511BA1654A38BE05F382AAABCA1891A8375C,411,290,82,290,0,0,,
real_adsb,random_dropout_10,stage4B_3Day_nohup_20260819T132526Z_w119_20260822T002740Z::a3a0cc::20260822T002840__random_dropout_10,stage4B_3Day_nohup_20260819T132526Z_w119_20260822T002740Z::a3a0cc::20260822T002840,warm_ukf,643CA7C287A7EB1ADFBDA81DFFF0B4247C4C7DB6BA42BD833ED7A3CB6E72DC66,530BF79507719073FF901F1A5F94511BA1654A38BE05F382AAABCA1891A8375C,411,290,82,290,0,0,,
real_adsb,random_dropout_25,stage4B_3Day_nohup_20260819T132526Z_w119_20260822T002740Z::a3a0cc::20260822T002840__random_dropout_25,stage4B_3Day_nohup_20260819T132526Z_w119_20260822T002740Z::a3a0cc::20260822T002840,cv_ekf,8263DD8C312766E72BF986CCD513CC19578FF6A6FF825F916B6B1AB6AFCCCAB0,530BF79507719073FF901F1A5F94511BA1654A38BE05F382AAABCA1891A8375C,411,241,82,241,0,0,,
real_adsb,random_dropout_25,stage4B_3Day_nohup_20260819T132526Z_w119_20260822T002740Z::a3a0cc::20260822T002840__random_dropout_25,stage4B_3Day_nohup_20260819T132526Z_w119_20260822T002740Z::a3a0cc::20260822T002840,ca_ekf,8263DD8C312766E72BF986CCD513CC19578FF6A6FF825F916B6B1AB6AFCCCAB0,530BF79507719073FF901F1A5F94511BA1654A38BE05F382AAABCA1891A8375C,411,241,82,241,0,0,,
real_adsb,random_dropout_25,stage4B_3Day_nohup_20260819T132526Z_w119_20260822T002740Z::a3a0cc::20260822T002840__random_dropout_25,stage4B_3Day_nohup_20260819T132526Z_w119_20260822T002740Z::a3a0cc::20260822T002840,ct_ekf,8263DD8C312766E72BF986CCD513CC19578FF6A6FF825F916B6B1AB6AFCCCAB0,530BF79507719073FF901F1A5F94511BA1654A38BE05F382AAABCA1891A8375C,411,241,82,241,0,0,,
real_adsb,random_dropout_25,stage4B_3Day_nohup_20260819T132526Z_w119_20260822T002740Z::a3a0cc::20260822T002840__random_dropout_25,stage4B_3Day_nohup_20260819T132526Z_w119_20260822T002740Z::a3a0cc::20260822T002840,native_imm,8263DD8C312766E72BF986CCD513CC19578FF6A6FF825F916B6B1AB6AFCCCAB0,530BF79507719073FF901F1A5F94511BA1654A38BE05F382AAABCA1891A8375C,411,241,82,241,0,0,,
real_adsb,random_dropout_25,stage4B_3Day_nohup_20260819T132526Z_w119_20260822T002740Z::a3a0cc::20260822T002840__random_dropout_25,stage4B_3Day_nohup_20260819T132526Z_w119_20260822T002740Z::a3a0cc::20260822T002840,warm_ukf,8263DD8C312766E72BF986CCD513CC19578FF6A6FF825F916B6B1AB6AFCCCAB0,530BF79507719073FF901F1A5F94511BA1654A38BE05F382AAABCA1891A8375C,411,241,82,241,0,0,,
real_adsb,burst_outage,stage4B_3Day_nohup_20260819T132526Z_w119_20260822T002740Z::a3a0cc::20260822T002840__burst_outage,stage4B_3Day_nohup_20260819T132526Z_w119_20260822T002740Z::a3a0cc::20260822T002840,cv_ekf,7C54460A765B09A9310332BE92F6044D1AC3AB788AA68D062E592EF4094BAAC9,530BF79507719073FF901F1A5F94511BA1654A38BE05F382AAABCA1891A8375C,411,263,82,263,0,0,,
real_adsb,burst_outage,stage4B_3Day_nohup_20260819T132526Z_w119_20260822T002740Z::a3a0cc::20260822T002840__burst_outage,stage4B_3Day_nohup_20260819T132526Z_w119_20260822T002740Z::a3a0cc::20260822T002840,ca_ekf,7C54460A765B09A9310332BE92F6044D1AC3AB788AA68D062E592EF4094BAAC9,530BF79507719073FF901F1A5F94511BA1654A38BE05F382AAABCA1891A8375C,411,263,82,263,0,0,,
real_adsb,burst_outage,stage4B_3Day_nohup_20260819T132526Z_w119_20260822T002740Z::a3a0cc::20260822T002840__burst_outage,stage4B_3Day_nohup_20260819T132526Z_w119_20260822T002740Z::a3a0cc::20260822T002840,ct_ekf,7C54460A765B09A9310332BE92F6044D1AC3AB788AA68D062E592EF4094BAAC9,530BF79507719073FF901F1A5F94511BA1654A38BE05F382AAABCA1891A8375C,411,263,82,263,0,0,,
real_adsb,burst_outage,stage4B_3Day_nohup_20260819T132526Z_w119_20260822T002740Z::a3a0cc::20260822T002840__burst_outage,stage4B_3Day_nohup_20260819T132526Z_w119_20260822T002740Z::a3a0cc::20260822T002840,native_imm,7C54460A765B09A9310332BE92F6044D1AC3AB788AA68D062E592EF4094BAAC9,530BF79507719073FF901F1A5F94511BA1654A38BE05F382AAABCA1891A8375C,411,263,82,263,0,0,,
real_adsb,burst_outage,stage4B_3Day_nohup_20260819T132526Z_w119_20260822T002740Z::a3a0cc::20260822T002840__burst_outage,stage4B_3Day_nohup_20260819T132526Z_w119_20260822T002740Z::a3a0cc::20260822T002840,warm_ukf,7C54460A765B09A9310332BE92F6044D1AC3AB788AA68D062E592EF4094BAAC9,530BF79507719073FF901F1A5F94511BA1654A38BE05F382AAABCA1891A8375C,411,263,82,263,0,0,,
