domain,profile,caseID,eventID,motionScenario,modelID,estimateStage,targetReference,sampleCount,eventCount,positionRMSEMeters,positionMedianErrorMeters,positionP95ErrorMeters,velocityRMSEMetersPerSecond,velocityMedianErrorMetersPerSecond,velocityP95ErrorMetersPerSecond,meanNEES,stateCoverage95,positionCoverage95,divergenceCount,invalidCovarianceCount
synthetic_canonical,ideal,cv_level__ideal,synthetic_canonical::cv_level__ideal,cv_level,cv_ekf,prior,latent_kinematic_truth,240,1,0,0,0,0,0,0,0,1,1,0,0
synthetic_canonical,ideal,cv_level__ideal,synthetic_canonical::cv_level__ideal,cv_level,cv_ekf,posterior,latent_kinematic_truth,240,1,0,0,0,0,0,0,0,1,1,0,0
synthetic_canonical,ideal,cv_level__ideal,synthetic_canonical::cv_level__ideal,cv_level,ca_ekf,prior,latent_kinematic_truth,240,1,0,0,0,0,0,0,0,1,1,0,0
synthetic_canonical,ideal,cv_level__ideal,synthetic_canonical::cv_level__ideal,cv_level,ca_ekf,posterior,latent_kinematic_truth,240,1,0,0,0,0,0,0,0,1,1,0,0
synthetic_canonical,ideal,cv_level__ideal,synthetic_canonical::cv_level__ideal,cv_level,ct_ekf,prior,latent_kinematic_truth,240,1,8.75226115057425e-14,0,5.6843418860808e-14,3.88940215894523e-13,1.56319401867222e-13,9.16600129130529e-13,1.49584073631969e-25,1,1,0,0
synthetic_canonical,ideal,cv_level__ideal,synthetic_canonical::cv_level__ideal,cv_level,ct_ekf,posterior,latent_kinematic_truth,240,1,5.81626900617808e-15,0,0,3.81394472514473e-13,1.49213974509621e-13,9.02389274415327e-13,1.45814583261535e-25,1,1,0,0
synthetic_canonical,ideal,cv_level__ideal,synthetic_canonical::cv_level__ideal,cv_level,native_imm,prior,latent_kinematic_truth,240,1,0.0197297736189308,0.00604244497872991,0.00763632338450279,0.000147981707636987,3.34219920573255e-05,3.35944537052e-05,0.000324488603865062,1,1,0,0
synthetic_canonical,ideal,cv_level__ideal,synthetic_canonical::cv_level__ideal,cv_level,native_imm,posterior,latent_kinematic_truth,240,1,4.33819151138119e-12,3.63820083814577e-12,8.13496651366863e-12,3.62471520329362e-12,2.56317321287242e-12,6.10954649211744e-12,7.28406712970564e-23,1,1,0,0
synthetic_canonical,ideal,cv_level__ideal,synthetic_canonical::cv_level__ideal,cv_level,warm_ukf,prior,latent_kinematic_truth,240,1,113.147015128,7.68227705006865,18.1054684051791,6.25691977258009,5.85486674720008,8.30991858094029,1.65581980773878,1,1,0,0
synthetic_canonical,ideal,cv_level__ideal,synthetic_canonical::cv_level__ideal,cv_level,warm_ukf,posterior,latent_kinematic_truth,240,1,0.0479439259143395,0.0469150152198981,0.0761926464474289,6.13784782443164,5.87908634107521,8.29816130332521,1.21976622327273,1,1,0,0
synthetic_canonical,empirical_timing,cv_level__empirical_timing,synthetic_canonical::cv_level__empirical_timing,cv_level,cv_ekf,prior,latent_kinematic_truth,240,1,0,0,0,0,0,0,0,1,1,0,0
synthetic_canonical,empirical_timing,cv_level__empirical_timing,synthetic_canonical::cv_level__empirical_timing,cv_level,cv_ekf,posterior,latent_kinematic_truth,240,1,0,0,0,0,0,0,0,1,1,0,0
synthetic_canonical,empirical_timing,cv_level__empirical_timing,synthetic_canonical::cv_level__empirical_timing,cv_level,ca_ekf,prior,latent_kinematic_truth,240,1,0,0,0,0,0,0,0,1,1,0,0
synthetic_canonical,empirical_timing,cv_level__empirical_timing,synthetic_canonical::cv_level__empirical_timing,cv_level,ca_ekf,posterior,latent_kinematic_truth,240,1,0,0,0,0,0,0,0,1,1,0,0
synthetic_canonical,empirical_timing,cv_level__empirical_timing,synthetic_canonical::cv_level__empirical_timing,cv_level,ct_ekf,prior,latent_kinematic_truth,240,1,2.0374433513328e-13,0,3.37507799486048e-13,3.99857358997404e-13,1.4210854715202e-13,9.59232693276135e-13,9.62038797988584e-26,1,1,0,0
synthetic_canonical,empirical_timing,cv_level__empirical_timing,synthetic_canonical::cv_level__empirical_timing,cv_level,ct_ekf,posterior,latent_kinematic_truth,240,1,1.40624946346615e-13,0,9.9475983006414e-14,3.92127972631211e-13,1.4210854715202e-13,9.45021838560933e-13,9.1508920242913e-26,1,1,0,0
synthetic_canonical,empirical_timing,cv_level__empirical_timing,synthetic_canonical::cv_level__empirical_timing,cv_level,native_imm,prior,latent_kinematic_truth,240,1,0.294655536688817,0.01941056064959,0.79656067877457,0.00169804689877461,0.000116736446909964,0.00465197247145868,0.000929223112012356,1,1,0,0
synthetic_canonical,empirical_timing,cv_level__empirical_timing,synthetic_canonical::cv_level__empirical_timing,cv_level,native_imm,posterior,latent_kinematic_truth,240,1,0.252879275548796,0.00236942099925403,0.682442063448069,0.00145504868976187,1.52833030245952e-05,0.00400126233883469,0.00055022095169344,1,1,0,0
synthetic_canonical,empirical_timing,cv_level__empirical_timing,synthetic_canonical::cv_level__empirical_timing,cv_level,warm_ukf,prior,latent_kinematic_truth,240,1,172.530400248467,10.5813308327131,188.87037535104,7.81607512610564,6.29493910812099,15.2983463439783,2.16640088504637,1,1,0,0
synthetic_canonical,empirical_timing,cv_level__empirical_timing,synthetic_canonical::cv_level__empirical_timing,cv_level,warm_ukf,posterior,latent_kinematic_truth,240,1,115.322986603504,1.27211854816649,37.8121334775332,7.88928117141278,6.32396487967203,15.4859493504491,1.88177634687311,1,1,0,0
synthetic_canonical,degraded,cv_level__degraded,synthetic_canonical::cv_level__degraded,cv_level,cv_ekf,prior,latent_kinematic_truth,240,1,32.9243985423208,23.4492597961193,65.7406761936254,3.19459621818,2.5168514758582,4.78362156719764,2.30277104904557,1,1,0,0
synthetic_canonical,degraded,cv_level__degraded,synthetic_canonical::cv_level__degraded,cv_level,cv_ekf,posterior,latent_kinematic_truth,240,1,31.3513135355932,22.1318210780963,62.1911522730802,3.19254536093303,2.5168514758582,4.78362156719764,2.37102802895632,1,0.995833333333333,0,0
synthetic_canonical,degraded,cv_level__degraded,synthetic_canonical::cv_level__degraded,cv_level,ca_ekf,prior,latent_kinematic_truth,240,1,49.2579300236238,38.0803044033282,92.1561117012188,9.35292492339111,7.83764130113997,15.6521846947921,2.79643199817852,1,1,0,0
synthetic_canonical,degraded,cv_level__degraded,synthetic_canonical::cv_level__degraded,cv_level,ca_ekf,posterior,latent_kinematic_truth,240,1,45.2756186991673,34.8026478237615,87.8960931391958,8.90603522836685,7.4380798529766,14.8584814180865,2.88413063798502,1,1,0,0
synthetic_canonical,degraded,cv_level__degraded,synthetic_canonical::cv_level__degraded,cv_level,ct_ekf,prior,latent_kinematic_truth,240,1,33.0016828995312,23.352373709241,66.2122225172724,3.21629890408834,2.59315205350197,4.88110387347885,2.31052287951572,1,1,0,0
synthetic_canonical,degraded,cv_level__degraded,synthetic_canonical::cv_level__degraded,cv_level,ct_ekf,posterior,latent_kinematic_truth,240,1,31.4178104548366,22.151161757405,62.5585807315853,3.21166700701606,2.58569747445846,4.87449842472884,2.37816935300645,1,0.995833333333333,0,0
synthetic_canonical,degraded,cv_level__degraded,synthetic_canonical::cv_level__degraded,cv_level,native_imm,prior,latent_kinematic_truth,240,1,60.4300947885817,41.6808928911173,115.762587225446,13.5415688645165,9.06199190585524,25.9595357521038,2.03189261352278,1,1,0,0
synthetic_canonical,degraded,cv_level__degraded,synthetic_canonical::cv_level__degraded,cv_level,native_imm,posterior,latent_kinematic_truth,240,1,54.8677494121232,36.6752989555431,104.870424237215,12.7560055770386,8.67460211764416,23.9529359481466,2.17191052441139,1,1,0,0
synthetic_canonical,degraded,cv_level__degraded,synthetic_canonical::cv_level__degraded,cv_level,warm_ukf,prior,latent_kinematic_truth,240,1,160.986870484385,39.8361863575469,392.814424147595,11.7332574291487,10.0627718309179,18.8661754508229,5.03708110242574,0.966666666666667,0.9875,0,0
synthetic_canonical,degraded,cv_level__degraded,synthetic_canonical::cv_level__degraded,cv_level,warm_ukf,posterior,latent_kinematic_truth,240,1,108.343980310942,35.9993135986309,350.077406703474,11.7855936764174,10.1171921714454,19.1591409946779,5.16643111646508,0.9625,0.9875,0,0
synthetic_canonical,ideal,cv_climb__ideal,synthetic_canonical::cv_climb__ideal,cv_climb,cv_ekf,prior,latent_kinematic_truth,240,1,0,0,0,0,0,0,0,1,1,0,0
synthetic_canonical,ideal,cv_climb__ideal,synthetic_canonical::cv_climb__ideal,cv_climb,cv_ekf,posterior,latent_kinematic_truth,240,1,0,0,0,0,0,0,0,1,1,0,0
synthetic_canonical,ideal,cv_climb__ideal,synthetic_canonical::cv_climb__ideal,cv_climb,ca_ekf,prior,latent_kinematic_truth,240,1,0,0,0,0,0,0,0,1,1,0,0
synthetic_canonical,ideal,cv_climb__ideal,synthetic_canonical::cv_climb__ideal,cv_climb,ca_ekf,posterior,latent_kinematic_truth,240,1,0,0,0,0,0,0,0,1,1,0,0
synthetic_canonical,ideal,cv_climb__ideal,synthetic_canonical::cv_climb__ideal,cv_climb,ct_ekf,prior,latent_kinematic_truth,240,1,6.81544083155989e-14,0,2.8421709430404e-14,4.68281265982773e-13,2.98427949019242e-13,1.00186525742174e-12,2.16581330702979e-25,1,1,0,0
synthetic_canonical,ideal,cv_climb__ideal,synthetic_canonical::cv_climb__ideal,cv_climb,ct_ekf,posterior,latent_kinematic_truth,240,1,1.23496197651073e-15,0,0,4.6302005487443e-13,2.91322521661641e-13,9.87654402706539e-13,2.15042709577926e-25,1,1,0,0
synthetic_canonical,ideal,cv_climb__ideal,synthetic_canonical::cv_climb__ideal,cv_climb,native_imm,prior,latent_kinematic_truth,240,1,0.0100925956570978,0.00363236058605673,0.0051903028081117,0.000141789028038735,3.20941548477018e-05,3.22493292531232e-05,9.87827059418661e-05,1,1,0,0
synthetic_canonical,ideal,cv_climb__ideal,synthetic_canonical::cv_climb__ideal,cv_climb,native_imm,posterior,latent_kinematic_truth,240,1,2.83715679595384e-12,1.87497136067471e-12,5.184764129822e-12,4.67735339253042e-12,2.83108095010706e-12,8.49151319301229e-12,5.71489486893977e-23,1,1,0,0
synthetic_canonical,ideal,cv_climb__ideal,synthetic_canonical::cv_climb__ideal,cv_climb,warm_ukf,prior,latent_kinematic_truth,240,1,236.586304768304,10.3858646709046,25.9929572579312,38.6639679137805,40.1002599353226,48.49701869427,21.1818565512231,0.208333333333333,1,0,0
synthetic_canonical,ideal,cv_climb__ideal,synthetic_canonical::cv_climb__ideal,cv_climb,warm_ukf,posterior,latent_kinematic_truth,240,1,0.0530448560949757,0.0520521932764604,0.0702616421682903,38.6369414867102,39.9543349858067,48.5672410329802,20.5792165488377,0.216666666666667,1,0,0
synthetic_canonical,empirical_timing,cv_climb__empirical_timing,synthetic_canonical::cv_climb__empirical_timing,cv_climb,cv_ekf,prior,latent_kinematic_truth,240,1,0,0,0,0,0,0,0,1,1,0,0
synthetic_canonical,empirical_timing,cv_climb__empirical_timing,synthetic_canonical::cv_climb__empirical_timing,cv_climb,cv_ekf,posterior,latent_kinematic_truth,240,1,0,0,0,0,0,0,0,1,1,0,0
synthetic_canonical,empirical_timing,cv_climb__empirical_timing,synthetic_canonical::cv_climb__empirical_timing,cv_climb,ca_ekf,prior,latent_kinematic_truth,240,1,0,0,0,0,0,0,0,1,1,0,0
synthetic_canonical,empirical_timing,cv_climb__empirical_timing,synthetic_canonical::cv_climb__empirical_timing,cv_climb,ca_ekf,posterior,latent_kinematic_truth,240,1,0,0,0,0,0,0,0,1,1,0,0
synthetic_canonical,empirical_timing,cv_climb__empirical_timing,synthetic_canonical::cv_climb__empirical_timing,cv_climb,ct_ekf,prior,latent_kinematic_truth,240,1,7.29547252534005e-14,0,5.6843418860808e-14,4.6888194165738e-13,2.98427949019242e-13,1.00186525742174e-12,1.48106615897053e-25,1,1,0,0
synthetic_canonical,empirical_timing,cv_climb__empirical_timing,synthetic_canonical::cv_climb__empirical_timing,cv_climb,ct_ekf,posterior,latent_kinematic_truth,240,1,1.88940693069549e-14,0,0,4.63603044817239e-13,2.98427949019242e-13,9.87654402706539e-13,1.47523285180637e-25,1,1,0,0
synthetic_canonical,empirical_timing,cv_climb__empirical_timing,synthetic_canonical::cv_climb__empirical_timing,cv_climb,native_imm,prior,latent_kinematic_truth,240,1,0.134790897678633,0.0102685549734418,0.254390163974735,0.00119224239247074,0.000113590729605875,0.00207697514402869,0.000400145036613638,1,1,0,0
synthetic_canonical,empirical_timing,cv_climb__empirical_timing,synthetic_canonical::cv_climb__empirical_timing,cv_climb,native_imm,posterior,latent_kinematic_truth,240,1,0.114391950952313,0.00121929587298315,0.194413236071241,0.00101330288393277,1.17226960585553e-05,0.00161756648537692,0.00021795513204529,1,1,0,0
synthetic_canonical,empirical_timing,cv_climb__empirical_timing,synthetic_canonical::cv_climb__empirical_timing,cv_climb,warm_ukf,prior,latent_kinematic_truth,240,1,266.62271858899,15.4060869595003,229.127216198983,23.0869503348589,23.8177202443516,27.5106672179814,16.6272010617594,0.395833333333333,1,0,0
synthetic_canonical,empirical_timing,cv_climb__empirical_timing,synthetic_canonical::cv_climb__empirical_timing,cv_climb,warm_ukf,posterior,latent_kinematic_truth,240,1,219.861912421755,4.12643353956728,62.3889826834151,22.8916452593089,23.5790528601678,27.320102237794,16.1706059447638,0.416666666666667,1,0,0
synthetic_canonical,degraded,cv_climb__degraded,synthetic_canonical::cv_climb__degraded,cv_climb,cv_ekf,prior,latent_kinematic_truth,240,1,28.5742016208022,26.1335233755182,43.9991314428214,3.50248871854623,2.46980798482507,7.9984728653074,2.18990319278977,1,1,0,0
synthetic_canonical,degraded,cv_climb__degraded,synthetic_canonical::cv_climb__degraded,cv_climb,cv_ekf,posterior,latent_kinematic_truth,240,1,27.3341201547482,24.9901706248055,41.8938559013338,3.49146902553108,2.46980798482507,7.9984728653074,2.256580220432,1,1,0,0
synthetic_canonical,degraded,cv_climb__degraded,synthetic_canonical::cv_climb__degraded,cv_climb,ca_ekf,prior,latent_kinematic_truth,240,1,48.8476296352932,40.6853275514055,87.2151875313318,10.4500958148189,8.80960621412663,16.7128198127065,2.92071796478387,1,1,0,0
synthetic_canonical,degraded,cv_climb__degraded,synthetic_canonical::cv_climb__degraded,cv_climb,ca_ekf,posterior,latent_kinematic_truth,240,1,44.5282091753699,36.7852691930078,80.018786811077,9.92909507818313,8.33531169651161,15.787610612707,3.00213552345526,1,1,0,0
synthetic_canonical,degraded,cv_climb__degraded,synthetic_canonical::cv_climb__degraded,cv_climb,ct_ekf,prior,latent_kinematic_truth,240,1,28.5181363255394,26.0002328498631,44.0143280102118,3.50750105163828,2.52410663845172,7.99510766243364,2.19718543812869,1,1,0,0
synthetic_canonical,degraded,cv_climb__degraded,synthetic_canonical::cv_climb__degraded,cv_climb,ct_ekf,posterior,latent_kinematic_truth,240,1,27.2759466493247,24.9947822263467,42.1620874667164,3.49492010275168,2.51543159985321,7.99498619417427,2.26344528784794,1,1,0,0
synthetic_canonical,degraded,cv_climb__degraded,synthetic_canonical::cv_climb__degraded,cv_climb,native_imm,prior,latent_kinematic_truth,240,1,52.8337070930747,41.7789315340624,98.8297354317873,13.5512538207952,9.84351519645152,27.1438901541302,2.09868916477945,1,1,0,0
synthetic_canonical,degraded,cv_climb__degraded,synthetic_canonical::cv_climb__degraded,cv_climb,native_imm,posterior,latent_kinematic_truth,240,1,47.6948793929568,37.2042498252484,89.4263363461904,12.8210202454707,9.45533526724615,25.0117030809894,2.23494744762379,1,1,0,0
synthetic_canonical,degraded,cv_climb__degraded,synthetic_canonical::cv_climb__degraded,cv_climb,warm_ukf,prior,latent_kinematic_truth,240,1,112.415300868777,49.0967590901184,140.123472828593,36.0876324569707,27.4505030708695,58.430654747513,36.9229701782375,0.141666666666667,1,0,0
synthetic_canonical,degraded,cv_climb__degraded,synthetic_canonical::cv_climb__degraded,cv_climb,warm_ukf,posterior,latent_kinematic_truth,240,1,94.8482833513384,41.9682162642657,123.455137487425,36.0744951271015,27.3702302543894,58.3445991307336,36.9828458536856,0.141666666666667,1,0,0
synthetic_canonical,ideal,horizontal_acceleration__ideal,synthetic_canonical::horizontal_acceleration__ideal,horizontal_acceleration,cv_ekf,prior,latent_kinematic_truth,240,1,0.451397760377067,0.321762893595595,0.644802249639978,0.713733259641026,0.507356133438379,1.01680113004276,0.192482166184386,1,1,0,0
synthetic_canonical,ideal,horizontal_acceleration__ideal,synthetic_canonical::horizontal_acceleration__ideal,horizontal_acceleration,cv_ekf,posterior,latent_kinematic_truth,240,1,0.165659948606762,0.118084822898545,0.236638101682267,0.434428682838054,0.307355152276346,0.616801167355348,0.117703642993009,1,1,0,0
synthetic_canonical,ideal,horizontal_acceleration__ideal,synthetic_canonical::horizontal_acceleration__ideal,horizontal_acceleration,ca_ekf,prior,latent_kinematic_truth,240,1,0.13854712819092,0.000243835695056475,0.437493246451805,0.226857276574951,0.000359591484973287,0.716648312666873,0.0322909569714254,1,1,0,0
synthetic_canonical,ideal,horizontal_acceleration__ideal,synthetic_canonical::horizontal_acceleration__ideal,horizontal_acceleration,ca_ekf,posterior,latent_kinematic_truth,240,1,0.0509072607461673,8.95922215404719e-05,0.160750530294111,0.146047920892015,0.000252870952212056,0.462617596252426,0.0252379381040434,1,1,0,0
synthetic_canonical,ideal,horizontal_acceleration__ideal,synthetic_canonical::horizontal_acceleration__ideal,horizontal_acceleration,ct_ekf,prior,latent_kinematic_truth,240,1,0.454221143330259,0.323786914242434,0.648947324589065,0.715960134702779,0.508949407545513,1.02013168820283,0.196319179834298,1,1,0,0
synthetic_canonical,ideal,horizontal_acceleration__ideal,synthetic_canonical::horizontal_acceleration__ideal,horizontal_acceleration,ct_ekf,posterior,latent_kinematic_truth,240,1,0.167375941235288,0.119312216628216,0.239130601309679,0.436670012903281,0.308948434859023,0.620131710319379,0.120293492676303,1,1,0,0
synthetic_canonical,ideal,horizontal_acceleration__ideal,synthetic_canonical::horizontal_acceleration__ideal,horizontal_acceleration,native_imm,prior,latent_kinematic_truth,240,1,0.453998214284556,0.323094842955905,0.653843130231957,0.707756153833853,0.502989587425606,1.00821654835106,0.142704367613273,1,1,0,0
synthetic_canonical,ideal,horizontal_acceleration__ideal,synthetic_canonical::horizontal_acceleration__ideal,horizontal_acceleration,native_imm,posterior,latent_kinematic_truth,240,1,0.168850447827352,0.120428816645257,0.241293028958361,0.433919124141568,0.307053102981382,0.616207607973442,0.113051205372103,1,1,0,0
synthetic_canonical,ideal,horizontal_acceleration__ideal,synthetic_canonical::horizontal_acceleration__ideal,horizontal_acceleration,warm_ukf,prior,latent_kinematic_truth,240,1,90.3848662011144,11.0443253126249,56.3961842912143,13.538409327619,10.9865048621965,20.4968862623455,5.09111740271241,1,1,0,0
synthetic_canonical,ideal,horizontal_acceleration__ideal,synthetic_canonical::horizontal_acceleration__ideal,horizontal_acceleration,warm_ukf,posterior,latent_kinematic_truth,240,1,0.0510846752160574,0.0500178810333483,0.0725444863476807,13.5321699156606,10.8588873054121,20.6245780291738,4.48560379096075,1,1,0,0
synthetic_canonical,empirical_timing,horizontal_acceleration__empirical_timing,synthetic_canonical::horizontal_acceleration__empirical_timing,horizontal_acceleration,cv_ekf,prior,latent_kinematic_truth,240,1,3.43526347668369,0.650575812879891,9.13489610021054,1.54970604757624,0.766783261111328,3.8232740310498,0.359387383658505,1,1,0,0
synthetic_canonical,empirical_timing,horizontal_acceleration__empirical_timing,synthetic_canonical::horizontal_acceleration__empirical_timing,horizontal_acceleration,cv_ekf,posterior,latent_kinematic_truth,240,1,2.78306903505926,0.225313065334172,7.32325909277669,1.32073794307833,0.505478495958292,3.42327403290003,0.285640341726763,1,1,0,0
synthetic_canonical,empirical_timing,horizontal_acceleration__empirical_timing,synthetic_canonical::horizontal_acceleration__empirical_timing,horizontal_acceleration,ca_ekf,prior,latent_kinematic_truth,240,1,4.08077710913796,0.00787400666938722,9.38275981837435,1.29210161474049,0.00737670742495917,3.71773524162891,0.0526445429560953,1,1,0,0
synthetic_canonical,empirical_timing,horizontal_acceleration__empirical_timing,synthetic_canonical::horizontal_acceleration__empirical_timing,horizontal_acceleration,ca_ekf,posterior,latent_kinematic_truth,240,1,3.49260968323407,0.00306395118731104,7.61528580252306,1.16968047699467,0.00580197335138101,3.35216099321168,0.0475047954981597,1,1,0,0
synthetic_canonical,empirical_timing,horizontal_acceleration__empirical_timing,synthetic_canonical::horizontal_acceleration__empirical_timing,horizontal_acceleration,ct_ekf,prior,latent_kinematic_truth,240,1,3.44007277394414,0.65514547382866,9.15117654832567,1.55155112152377,0.766943711707826,3.82666429494541,0.366025766756888,1,1,0,0
synthetic_canonical,empirical_timing,horizontal_acceleration__empirical_timing,synthetic_canonical::horizontal_acceleration__empirical_timing,horizontal_acceleration,ct_ekf,posterior,latent_kinematic_truth,240,1,2.78712669630744,0.22763970769201,7.33784440712428,1.32244239583408,0.507545906730544,3.42666429232844,0.291051256596513,1,1,0,0
synthetic_canonical,empirical_timing,horizontal_acceleration__empirical_timing,synthetic_canonical::horizontal_acceleration__empirical_timing,horizontal_acceleration,native_imm,prior,latent_kinematic_truth,240,1,3.39074223018241,0.644873973668772,8.91653125898758,1.50971106932814,0.511838085984973,3.77561697229304,0.138366461018785,1,1,0,0
synthetic_canonical,empirical_timing,horizontal_acceleration__empirical_timing,synthetic_canonical::horizontal_acceleration__empirical_timing,horizontal_acceleration,native_imm,posterior,latent_kinematic_truth,240,1,2.750515779212,0.235618750047768,7.17721913643589,1.2844682267519,0.343548918355743,3.38093487639302,0.1244688704757,1,1,0,0
synthetic_canonical,empirical_timing,horizontal_acceleration__empirical_timing,synthetic_canonical::horizontal_acceleration__empirical_timing,horizontal_acceleration,warm_ukf,prior,latent_kinematic_truth,240,1,480.52107950665,16.8305054888598,1370.68258944746,13.1173286697279,11.6619808689173,18.9677783445176,7.01104802426094,0.895833333333333,0.979166666666667,0,0
synthetic_canonical,empirical_timing,horizontal_acceleration__empirical_timing,synthetic_canonical::horizontal_acceleration__empirical_timing,horizontal_acceleration,warm_ukf,posterior,latent_kinematic_truth,240,1,447.480718594099,8.37556361280526,1369.02656367268,13.1882565972845,11.8071382627477,18.9702295191187,6.55184475927176,0.908333333333333,0.9875,0,0
synthetic_canonical,degraded,horizontal_acceleration__degraded,synthetic_canonical::horizontal_acceleration__degraded,horizontal_acceleration,cv_ekf,prior,latent_kinematic_truth,240,1,43.198889058848,31.374046838971,83.7917802308668,5.98391606092431,4.83736025556645,10.2867665548483,3.63694400287081,1,0.9625,0,0
synthetic_canonical,degraded,horizontal_acceleration__degraded,synthetic_canonical::horizontal_acceleration__degraded,horizontal_acceleration,cv_ekf,posterior,latent_kinematic_truth,240,1,40.5660134347888,29.3971951374336,79.8945867588724,5.775738121755,4.61875380545097,10.039272414425,3.62220333007847,1,0.9625,0,0
synthetic_canonical,degraded,horizontal_acceleration__degraded,synthetic_canonical::horizontal_acceleration__degraded,horizontal_acceleration,ca_ekf,prior,latent_kinematic_truth,240,1,74.3589945603876,39.6668236528609,172.722410394065,11.5139950510939,9.23491661236813,22.2379080129083,2.90274994894548,1,0.995833333333333,0,0
synthetic_canonical,degraded,horizontal_acceleration__degraded,synthetic_canonical::horizontal_acceleration__degraded,horizontal_acceleration,ca_ekf,posterior,latent_kinematic_truth,240,1,69.3790137494947,35.8939197860208,161.892530082181,11.007492758335,8.64076826554531,21.5712598655516,2.98161460444166,1,0.995833333333333,0,0
synthetic_canonical,degraded,horizontal_acceleration__degraded,synthetic_canonical::horizontal_acceleration__degraded,horizontal_acceleration,ct_ekf,prior,latent_kinematic_truth,240,1,43.3395941341559,31.536904580701,84.0898079234223,6.01346067643411,4.89312706380269,10.2824630729191,3.67417011803685,1,0.9625,0,0
synthetic_canonical,degraded,horizontal_acceleration__degraded,synthetic_canonical::horizontal_acceleration__degraded,horizontal_acceleration,ct_ekf,posterior,latent_kinematic_truth,240,1,40.6916721230654,29.555496979594,80.3658160361599,5.80422615482853,4.77224105530987,10.0586220074085,3.6578772082033,1,0.9625,0,0
synthetic_canonical,degraded,horizontal_acceleration__degraded,synthetic_canonical::horizontal_acceleration__degraded,horizontal_acceleration,native_imm,prior,latent_kinematic_truth,240,1,69.3074316548116,46.3359260339508,142.681307664855,15.704812179532,11.283936016053,28.4914188148598,2.24878629314175,1,1,0,0
synthetic_canonical,degraded,horizontal_acceleration__degraded,synthetic_canonical::horizontal_acceleration__degraded,horizontal_acceleration,native_imm,posterior,latent_kinematic_truth,240,1,63.3563359078303,39.9324576795021,135.470505393082,14.6689004760241,10.6901128862226,26.9078077550976,2.37748035044023,1,1,0,0
synthetic_canonical,degraded,horizontal_acceleration__degraded,synthetic_canonical::horizontal_acceleration__degraded,horizontal_acceleration,warm_ukf,prior,latent_kinematic_truth,240,1,351.251016547424,52.0285246190213,712.359494262014,13.0273904402045,12.3345719070187,21.2566425219193,10.355301758202,0.745833333333333,0.983333333333333,0,0
synthetic_canonical,degraded,horizontal_acceleration__degraded,synthetic_canonical::horizontal_acceleration__degraded,horizontal_acceleration,warm_ukf,posterior,latent_kinematic_truth,240,1,314.401006291953,43.4802935859947,208.888058120493,12.998360228789,12.4183321705354,20.727052082988,10.4247342756112,0.745833333333333,0.979166666666667,0,0
synthetic_canonical,ideal,vertical_acceleration__ideal,synthetic_canonical::vertical_acceleration__ideal,vertical_acceleration,cv_ekf,prior,latent_kinematic_truth,240,1,0.155528284525903,0.111309702255312,0.225004590586195,0.181373267200376,0.129214764435127,0.262522024741573,0.0429195501727362,1,1,0,0
synthetic_canonical,ideal,vertical_acceleration__ideal,synthetic_canonical::vertical_acceleration__ideal,vertical_acceleration,cv_ekf,posterior,latent_kinematic_truth,240,1,0.0783544400112147,0.0560773200490985,0.113356285958616,0.129311659938895,0.0917293783826865,0.187522024741573,0.0307332185328066,1,1,0,0
synthetic_canonical,ideal,vertical_acceleration__ideal,synthetic_canonical::vertical_acceleration__ideal,vertical_acceleration,ca_ekf,prior,latent_kinematic_truth,240,1,0.0891774982621776,0.00421613126354714,0.24175432092261,0.0913361873547435,0.00396839167460748,0.249196498944951,0.0351666578790677,1,1,0,0
synthetic_canonical,ideal,vertical_acceleration__ideal,synthetic_canonical::vertical_acceleration__ideal,vertical_acceleration,ca_ekf,posterior,latent_kinematic_truth,240,1,0.0509362658139968,0.00240816374343922,0.138084882569729,0.0713264900892562,0.00246879545013615,0.200355794096593,0.0306242891229609,1,1,0,0
synthetic_canonical,ideal,vertical_acceleration__ideal,synthetic_canonical::vertical_acceleration__ideal,vertical_acceleration,ct_ekf,prior,latent_kinematic_truth,240,1,0.162841691427604,0.116593740445751,0.236281441242227,0.185586423314456,0.132241299119705,0.269472904606965,0.049090886061536,1,1,0,0
synthetic_canonical,ideal,vertical_acceleration__ideal,synthetic_canonical::vertical_acceleration__ideal,vertical_acceleration,ct_ekf,posterior,latent_kinematic_truth,240,1,0.0835814809078746,0.0598438729398367,0.121275777701157,0.133552101682647,0.0947566414526926,0.194472904606965,0.0354803363384713,1,1,0,0
synthetic_canonical,ideal,vertical_acceleration__ideal,synthetic_canonical::vertical_acceleration__ideal,vertical_acceleration,native_imm,prior,latent_kinematic_truth,240,1,0.175645493581841,0.126886166429722,0.254907676534229,0.188973116637528,0.13465207123053,0.275859292719722,0.0316508947131032,1,1,0,0
synthetic_canonical,ideal,vertical_acceleration__ideal,synthetic_canonical::vertical_acceleration__ideal,vertical_acceleration,native_imm,posterior,latent_kinematic_truth,240,1,0.0934420765391162,0.0669573387799574,0.136282812900845,0.13896225175078,0.0985993856389546,0.203862087706617,0.0363761376869309,1,1,0,0
synthetic_canonical,ideal,vertical_acceleration__ideal,synthetic_canonical::vertical_acceleration__ideal,vertical_acceleration,warm_ukf,prior,latent_kinematic_truth,240,1,112.44527133605,8.07653973987358,212.608652708153,14.8215572587653,13.9888029775267,20.9942339797706,6.57347723896169,0.879166666666667,1,0,0
synthetic_canonical,ideal,vertical_acceleration__ideal,synthetic_canonical::vertical_acceleration__ideal,vertical_acceleration,warm_ukf,posterior,latent_kinematic_truth,240,1,0.0464937325287261,0.0455537368556424,0.0710598502019435,14.7575214110995,13.9003765247843,20.7151554008686,6.09104193925892,0.891666666666667,1,0,0
synthetic_canonical,empirical_timing,vertical_acceleration__empirical_timing,synthetic_canonical::vertical_acceleration__empirical_timing,vertical_acceleration,cv_ekf,prior,latent_kinematic_truth,240,1,1.90724823874958,0.228780383722096,5.39525843653837,0.345305744979419,0.269743488631722,0.642487498213839,0.0788334691994949,1,1,0,0
synthetic_canonical,empirical_timing,vertical_acceleration__empirical_timing,synthetic_canonical::vertical_acceleration__empirical_timing,vertical_acceleration,cv_ekf,posterior,latent_kinematic_truth,240,1,1.78978638348874,0.11218081005245,5.07401468743183,0.307707288925592,0.194743488631722,0.642487498213839,0.0669201047894648,1,1,0,0
synthetic_canonical,empirical_timing,vertical_acceleration__empirical_timing,synthetic_canonical::vertical_acceleration__empirical_timing,vertical_acceleration,ca_ekf,prior,latent_kinematic_truth,240,1,1.62183168931513,0.0212996867121547,2.94877461987608,0.359952769391956,0.0167637760348083,0.939840803684517,0.0461048470906982,1,1,0,0
synthetic_canonical,empirical_timing,vertical_acceleration__empirical_timing,synthetic_canonical::vertical_acceleration__empirical_timing,vertical_acceleration,ca_ekf,posterior,latent_kinematic_truth,240,1,1.45833689944885,0.0138074131705253,2.49762701169766,0.334601107657309,0.0140752892188472,0.86474962902784,0.0426482979744589,1,1,0,0
synthetic_canonical,empirical_timing,vertical_acceleration__empirical_timing,synthetic_canonical::vertical_acceleration__empirical_timing,vertical_acceleration,ct_ekf,prior,latent_kinematic_truth,240,1,1.93269227247776,0.24082443091902,5.46582728927342,0.350022589198125,0.276479342079588,0.649128198515687,0.0895242403256793,1,1,0,0
synthetic_canonical,empirical_timing,vertical_acceleration__empirical_timing,synthetic_canonical::vertical_acceleration__empirical_timing,vertical_acceleration,ct_ekf,posterior,latent_kinematic_truth,240,1,1.81354655357977,0.119556932987052,5.14126319001525,0.31224746191606,0.201479342079588,0.649128198515687,0.0762187516848215,1,1,0,0
synthetic_canonical,empirical_timing,vertical_acceleration__empirical_timing,synthetic_canonical::vertical_acceleration__empirical_timing,vertical_acceleration,native_imm,prior,latent_kinematic_truth,240,1,2.07458939883297,0.226248851111492,5.86599623877925,0.336509128541949,0.259562633630734,0.643671073902848,0.0244947518814211,1,1,0,0
synthetic_canonical,empirical_timing,vertical_acceleration__empirical_timing,synthetic_canonical::vertical_acceleration__empirical_timing,vertical_acceleration,native_imm,posterior,latent_kinematic_truth,240,1,1.94945690595086,0.118057146249968,5.5078872616669,0.301178730421581,0.188691463087114,0.641109061564642,0.0275807143017296,1,1,0,0
synthetic_canonical,empirical_timing,vertical_acceleration__empirical_timing,synthetic_canonical::vertical_acceleration__empirical_timing,vertical_acceleration,warm_ukf,prior,latent_kinematic_truth,240,1,310.180974013393,14.1695529675985,826.113973819634,16.9523230816293,17.7819693346653,21.9489190708373,8.13319903588373,0.895833333333333,0.991666666666667,0,0
synthetic_canonical,empirical_timing,vertical_acceleration__empirical_timing,synthetic_canonical::vertical_acceleration__empirical_timing,vertical_acceleration,warm_ukf,posterior,latent_kinematic_truth,240,1,225.190438144378,6.26910988716227,646.692451034573,16.8738014345233,17.646745074089,21.8719904307838,7.87225830369711,0.904166666666667,0.991666666666667,0,0
synthetic_canonical,degraded,vertical_acceleration__degraded,synthetic_canonical::vertical_acceleration__degraded,vertical_acceleration,cv_ekf,prior,latent_kinematic_truth,240,1,31.9548687886009,27.7390209795111,47.7699086013255,2.88121379752691,2.59867428654931,4.1898830534947,2.63739218436787,1,0.995833333333333,0,0
synthetic_canonical,degraded,vertical_acceleration__degraded,synthetic_canonical::vertical_acceleration__degraded,vertical_acceleration,cv_ekf,posterior,latent_kinematic_truth,240,1,30.9142624482737,26.6669584621231,46.3966740506896,2.87128228898439,2.59149914274461,4.1898830534947,2.72464790686125,1,0.995833333333333,0,0
synthetic_canonical,degraded,vertical_acceleration__degraded,synthetic_canonical::vertical_acceleration__degraded,vertical_acceleration,ca_ekf,prior,latent_kinematic_truth,240,1,72.0314912869178,47.8175532651699,151.563852853274,10.9938704374434,8.98367367346612,20.3012852365439,3.30587631079198,0.995833333333333,0.9875,0,0
synthetic_canonical,degraded,vertical_acceleration__degraded,synthetic_canonical::vertical_acceleration__degraded,vertical_acceleration,ca_ekf,posterior,latent_kinematic_truth,240,1,67.5762325254053,44.2957424486021,142.789827662156,10.5170585006652,8.4983668430143,19.2907891055605,3.41392379215071,0.995833333333333,0.9875,0,0
synthetic_canonical,degraded,vertical_acceleration__degraded,synthetic_canonical::vertical_acceleration__degraded,vertical_acceleration,ct_ekf,prior,latent_kinematic_truth,240,1,31.9359078788674,27.4999356957872,48.027554654945,2.91291757369167,2.6357661597355,4.19337719928187,2.6680463804562,1,0.995833333333333,0,0
synthetic_canonical,degraded,vertical_acceleration__degraded,synthetic_canonical::vertical_acceleration__degraded,vertical_acceleration,ct_ekf,posterior,latent_kinematic_truth,240,1,30.8792494164176,26.5357958147694,46.4716012196781,2.8997692795835,2.61190379646728,4.19256164570606,2.75425680562403,1,0.995833333333333,0,0
synthetic_canonical,degraded,vertical_acceleration__degraded,synthetic_canonical::vertical_acceleration__degraded,vertical_acceleration,native_imm,prior,latent_kinematic_truth,240,1,59.2714026912601,47.6233376679959,104.07089021142,16.5296536651529,10.0167534715765,34.0455898205155,2.2713493389859,1,1,0,0
synthetic_canonical,degraded,vertical_acceleration__degraded,synthetic_canonical::vertical_acceleration__degraded,vertical_acceleration,native_imm,posterior,latent_kinematic_truth,240,1,53.5935114750574,42.591146752198,97.9873392605348,15.2934369828627,9.79271763201084,31.3042312531051,2.44983838388914,1,1,0,0
synthetic_canonical,degraded,vertical_acceleration__degraded,synthetic_canonical::vertical_acceleration__degraded,vertical_acceleration,warm_ukf,prior,latent_kinematic_truth,240,1,688.764132538454,50.1366988575845,2359.88388333333,19.9417380194808,19.1159785476888,25.2107128838938,12.4887176373869,0.666666666666667,0.975,0,0
synthetic_canonical,degraded,vertical_acceleration__degraded,synthetic_canonical::vertical_acceleration__degraded,vertical_acceleration,warm_ukf,posterior,latent_kinematic_truth,240,1,656.388077731163,43.6685137145173,2359.57519839349,19.9165746010452,19.1159785476888,25.1289188747288,12.6240715026759,0.654166666666667,0.975,0,0
synthetic_canonical,ideal,left_turn__ideal,synthetic_canonical::left_turn__ideal,left_turn,cv_ekf,prior,latent_kinematic_truth,240,1,1.94810285153397,1.38231370876605,2.76694775807392,3.07443976113114,2.17911351589167,4.3600687911977,3.56433905995524,1,1,0,0
synthetic_canonical,ideal,left_turn__ideal,synthetic_canonical::left_turn__ideal,left_turn,cv_ekf,posterior,latent_kinematic_truth,240,1,0.715455366747292,0.507489814315394,1.01638382414619,1.86771582014345,1.32040788555267,2.64277174192315,2.17055854695348,1,1,0,0
synthetic_canonical,ideal,left_turn__ideal,synthetic_canonical::left_turn__ideal,left_turn,ca_ekf,prior,latent_kinematic_truth,240,1,0.430630035542525,0.147011790542191,0.972564408452904,0.705317519520622,0.231894783090341,1.50083640616878,0.306505662348734,1,1,0,0
synthetic_canonical,ideal,left_turn__ideal,synthetic_canonical::left_turn__ideal,left_turn,ca_ekf,posterior,latent_kinematic_truth,240,1,0.157765965852642,0.0539240200248248,0.356160833534715,0.452253696927604,0.140396577919567,0.797867216280431,0.238567523793959,1,1,0,0
synthetic_canonical,ideal,left_turn__ideal,synthetic_canonical::left_turn__ideal,left_turn,ct_ekf,prior,latent_kinematic_truth,240,1,1.82052632365356,1.18636430462902,2.7279563318614,2.86820866035684,1.86682948474569,4.29257360460868,3.13442811504037,1,1,0,0
synthetic_canonical,ideal,left_turn__ideal,synthetic_canonical::left_turn__ideal,left_turn,ct_ekf,posterior,latent_kinematic_truth,240,1,0.670340815308381,0.436713169044528,1.00432170607097,1.74540671587023,1.13200297589146,2.60638494095056,1.91405508779565,1,1,0,0
synthetic_canonical,ideal,left_turn__ideal,synthetic_canonical::left_turn__ideal,left_turn,native_imm,prior,latent_kinematic_truth,240,1,0.362558241913397,0.120379675620371,0.630621195464709,0.668492039997475,0.258172670124193,1.36229047903056,0.0449320316624985,1,1,0,0
synthetic_canonical,ideal,left_turn__ideal,synthetic_canonical::left_turn__ideal,left_turn,native_imm,posterior,latent_kinematic_truth,240,1,0.11024293267209,0.0257147281297065,0.158005810261616,0.377295160043977,0.121762134514402,0.608876128954796,0.0410554032390745,1,1,0,0
synthetic_canonical,ideal,left_turn__ideal,synthetic_canonical::left_turn__ideal,left_turn,warm_ukf,prior,latent_kinematic_truth,240,1,272.3305252052,10.6563605280728,300.848860611413,37.2437088596412,38.1742059036458,57.2548400581159,21.8449755513154,0.383333333333333,1,0,0
synthetic_canonical,ideal,left_turn__ideal,synthetic_canonical::left_turn__ideal,left_turn,warm_ukf,posterior,latent_kinematic_truth,240,1,0.0604486479084864,0.0544389526834503,0.102190146106755,36.3248479184808,37.9575477470469,55.6154277886973,21.1252804895393,0.4125,1,0,0
synthetic_canonical,empirical_timing,left_turn__empirical_timing,synthetic_canonical::left_turn__empirical_timing,left_turn,cv_ekf,prior,latent_kinematic_truth,240,1,42.4919945059551,1.75523792789386,82.175101770604,9.46678048248206,2.1878573080557,24.0419922430338,8.01440896549556,0.820833333333333,0.8125,0,0
synthetic_canonical,empirical_timing,left_turn__empirical_timing,synthetic_canonical::left_turn__empirical_timing,left_turn,cv_ekf,posterior,latent_kinematic_truth,240,1,38.3601077245625,0.451091384865484,70.5861075284702,8.62531176386219,1.32009498258651,22.3308994315115,6.62201903147514,0.8625,0.866666666666667,0,0
synthetic_canonical,empirical_timing,left_turn__empirical_timing,synthetic_canonical::left_turn__empirical_timing,left_turn,ca_ekf,prior,latent_kinematic_truth,240,1,5.88469464282847,0.2781347344811,8.54187849468401,1.68473010083624,0.286367705981479,3.97269909114953,0.329104719323243,1,1,0,0
synthetic_canonical,empirical_timing,left_turn__empirical_timing,synthetic_canonical::left_turn__empirical_timing,left_turn,ca_ekf,posterior,latent_kinematic_truth,240,1,5.17619131939,0.0770937372878501,7.04964019854459,1.45418104963326,0.222410289498082,3.07765041226984,0.266254119810244,1,1,0,0
synthetic_canonical,empirical_timing,left_turn__empirical_timing,synthetic_canonical::left_turn__empirical_timing,left_turn,ct_ekf,prior,latent_kinematic_truth,240,1,39.6277261275215,2.68381303236127,73.6943663759942,8.73392313678959,4.16066149581115,21.5582924912403,6.89491098265149,0.870833333333333,0.833333333333333,0,0
synthetic_canonical,empirical_timing,left_turn__empirical_timing,synthetic_canonical::left_turn__empirical_timing,left_turn,ct_ekf,posterior,latent_kinematic_truth,240,1,35.8307971824342,0.956561936755068,64.0436150631361,7.95148221326057,2.61078926898397,20.0236822257396,5.67566501857093,0.891666666666667,0.879166666666667,0,0
synthetic_canonical,empirical_timing,left_turn__empirical_timing,synthetic_canonical::left_turn__empirical_timing,left_turn,native_imm,prior,latent_kinematic_truth,240,1,7.35007140835892,0.328534877673376,10.2562165795208,2.04381189910972,0.318228738983785,4.5655634716613,0.0435921741197724,1,1,0,0
synthetic_canonical,empirical_timing,left_turn__empirical_timing,synthetic_canonical::left_turn__empirical_timing,left_turn,native_imm,posterior,latent_kinematic_truth,240,1,6.45605862383151,0.135604469515382,8.36246424205324,1.7909496225641,0.169142532461046,3.56044861493281,0.0398917190500134,1,1,0,0
synthetic_canonical,empirical_timing,left_turn__empirical_timing,synthetic_canonical::left_turn__empirical_timing,left_turn,warm_ukf,prior,latent_kinematic_truth,240,1,1980.50437089882,26.7805090783562,5902.91600455342,40.8853247582207,33.268130112067,72.4746329131238,35.4673549644895,0.329166666666667,0.904166666666667,0,0
synthetic_canonical,empirical_timing,left_turn__empirical_timing,synthetic_canonical::left_turn__empirical_timing,left_turn,warm_ukf,posterior,latent_kinematic_truth,240,1,1922.00950440965,11.4066501725571,5897.59778040913,39.9991255135312,31.6720155396739,70.7279702272818,34.8149307242082,0.3375,0.908333333333333,0,0
synthetic_canonical,degraded,left_turn__degraded,synthetic_canonical::left_turn__degraded,left_turn,cv_ekf,prior,latent_kinematic_truth,240,1,235.75962826402,67.0568986935482,645.334214213664,27.2226445499761,12.0486249482478,65.7775326953502,32.6517253694929,0.458333333333333,0.458333333333333,0,0
synthetic_canonical,degraded,left_turn__degraded,synthetic_canonical::left_turn__degraded,left_turn,cv_ekf,posterior,latent_kinematic_truth,240,1,223.682962689294,60.5072829567957,613.181169761758,26.2081090897197,11.4736728792243,64.1324897733537,31.4243567017083,0.458333333333333,0.4625,0,0
synthetic_canonical,degraded,left_turn__degraded,synthetic_canonical::left_turn__degraded,left_turn,ca_ekf,prior,latent_kinematic_truth,240,1,123.851143299804,52.994998612355,279.482853739549,16.1680666679429,13.5383739259545,28.3058353850364,3.93215689211578,1,0.983333333333333,0,0
synthetic_canonical,degraded,left_turn__degraded,synthetic_canonical::left_turn__degraded,left_turn,ca_ekf,posterior,latent_kinematic_truth,240,1,117.309820787846,47.7060621573951,268.488810104934,15.4932492579187,12.9608255060628,27.3458508820992,4.03547183886651,1,0.975,0,0
synthetic_canonical,degraded,left_turn__degraded,synthetic_canonical::left_turn__degraded,left_turn,ct_ekf,prior,latent_kinematic_truth,240,1,220.633690646197,59.7378278317596,606.008863664893,25.5567622722503,9.61617912580441,61.4190106473927,28.7706302254831,0.508333333333333,0.475,0,0
synthetic_canonical,degraded,left_turn__degraded,synthetic_canonical::left_turn__degraded,left_turn,ct_ekf,posterior,latent_kinematic_truth,240,1,209.343446556428,52.3384223185407,576.023502580026,24.6013911897915,9.41905707121422,59.8896429500956,27.7279213724967,0.508333333333333,0.479166666666667,0,0
synthetic_canonical,degraded,left_turn__degraded,synthetic_canonical::left_turn__degraded,left_turn,native_imm,prior,latent_kinematic_truth,240,1,85.2520430449966,46.2226871513919,190.314210183166,14.1566476671718,10.2128645297273,26.939401565638,2.22029652148538,1,1,0,0
synthetic_canonical,degraded,left_turn__degraded,synthetic_canonical::left_turn__degraded,left_turn,native_imm,posterior,latent_kinematic_truth,240,1,80.3857377862345,41.5479949268235,182.171055283141,13.3454608979883,9.82292860892352,25.2611360745757,2.38934831787956,1,1,0,0
synthetic_canonical,degraded,left_turn__degraded,synthetic_canonical::left_turn__degraded,left_turn,warm_ukf,prior,latent_kinematic_truth,240,1,755.759407851072,76.5765289194166,2330.50083820254,46.8980719503199,43.0647785293681,94.7528540667734,33.1651906224921,0.383333333333333,0.775,0,0
synthetic_canonical,degraded,left_turn__degraded,synthetic_canonical::left_turn__degraded,left_turn,warm_ukf,posterior,latent_kinematic_truth,240,1,710.619236985616,65.1821859362718,1130.69342220626,46.0448231143588,42.9976605544627,92.9876248168416,33.0520785661447,0.3875,0.783333333333333,0,0
synthetic_canonical,ideal,right_turn__ideal,synthetic_canonical::right_turn__ideal,right_turn,cv_ekf,prior,latent_kinematic_truth,240,1,2.9258641724953,2.07906820542717,4.15766602424775,4.61981530317775,3.27694277974921,6.55326816920261,8.03113234999155,0.508333333333333,0.5125,0,0
synthetic_canonical,ideal,right_turn__ideal,synthetic_canonical::right_turn__ideal,right_turn,cv_ekf,posterior,latent_kinematic_truth,240,1,1.07385131109065,0.76328759147878,1.52673589380746,2.80563452846868,1.98578536889098,3.97153811853767,4.88918962480336,1,1,0,0
synthetic_canonical,ideal,right_turn__ideal,synthetic_canonical::right_turn__ideal,right_turn,ca_ekf,prior,latent_kinematic_truth,240,1,0.64787104863561,0.218137875413469,1.47207263127691,1.06086023674805,0.345222825522318,2.27805800445013,0.693817600808685,0.975,1,0,0
synthetic_canonical,ideal,right_turn__ideal,synthetic_canonical::right_turn__ideal,right_turn,ca_ekf,posterior,latent_kinematic_truth,240,1,0.237422702380897,0.079581623829486,0.539340478012153,0.680276668844625,0.208529606396808,1.20951351510246,0.539999717072671,0.983333333333333,1,0,0
synthetic_canonical,ideal,right_turn__ideal,synthetic_canonical::right_turn__ideal,right_turn,ct_ekf,prior,latent_kinematic_truth,240,1,2.58160179267243,1.62549244375378,4.01567739912822,4.07412304199558,2.43498703223412,6.33057336536854,6.29781871110074,0.804166666666667,0.804166666666667,0,0
synthetic_canonical,ideal,right_turn__ideal,synthetic_canonical::right_turn__ideal,right_turn,ct_ekf,posterior,latent_kinematic_truth,240,1,0.948931039915989,0.597547947976375,1.4754807926586,2.47815321709778,1.79615553376372,3.84275787822248,3.84805697681392,1,1,0,0
synthetic_canonical,ideal,right_turn__ideal,synthetic_canonical::right_turn__ideal,right_turn,native_imm,prior,latent_kinematic_truth,240,1,0.38944106644386,0.114400817540332,0.264394916775757,0.785816389053332,0.268452918333,0.606565085067759,0.0510117991867924,1,1,0,0
synthetic_canonical,ideal,right_turn__ideal,synthetic_canonical::right_turn__ideal,right_turn,native_imm,posterior,latent_kinematic_truth,240,1,0.101195196315394,0.0185128421870813,0.0423778733263682,0.420225862910284,0.110251499190296,0.229059161035671,0.0469301613250711,1,1,0,0
synthetic_canonical,ideal,right_turn__ideal,synthetic_canonical::right_turn__ideal,right_turn,warm_ukf,prior,latent_kinematic_truth,240,1,125.397908850822,12.6733587103253,32.4888763593132,37.772464282974,32.1354670469332,65.0010502222667,23.2670615215467,0.395833333333333,1,0,0
synthetic_canonical,ideal,right_turn__ideal,synthetic_canonical::right_turn__ideal,right_turn,warm_ukf,posterior,latent_kinematic_truth,240,1,0.086757176051878,0.0673702780953497,0.142616558248466,36.474849067664,31.1170676218328,62.8860924925389,22.0610652476713,0.45,1,0,0
synthetic_canonical,empirical_timing,right_turn__empirical_timing,synthetic_canonical::right_turn__empirical_timing,right_turn,cv_ekf,prior,latent_kinematic_truth,240,1,27.037741003588,3.00751400842634,41.2524859535491,9.8309133008973,3.87293900885137,22.0071131046495,13.9993072030753,0.504166666666667,0.5125,0,0
synthetic_canonical,empirical_timing,right_turn__empirical_timing,synthetic_canonical::right_turn__empirical_timing,right_turn,cv_ekf,posterior,latent_kinematic_truth,240,1,23.0646188562457,0.646631320736454,30.894406709073,8.41239793366699,2.31526272079976,19.4277710678733,10.8635349799206,0.716666666666667,0.741666666666667,0,0
synthetic_canonical,empirical_timing,right_turn__empirical_timing,synthetic_canonical::right_turn__empirical_timing,right_turn,ca_ekf,prior,latent_kinematic_truth,240,1,2.81155983501792,0.223948843063609,5.38321267104666,1.71897101378435,0.36612073791484,4.75626435813177,0.775077812423497,0.966666666666667,0.991666666666667,0,0
synthetic_canonical,empirical_timing,right_turn__empirical_timing,synthetic_canonical::right_turn__empirical_timing,right_turn,ca_ekf,posterior,latent_kinematic_truth,240,1,2.22245753501383,0.074936128221469,2.95262570909208,1.30269217935387,0.224923384364565,3.69335332631323,0.638962235413238,0.975,1,0,0
synthetic_canonical,empirical_timing,right_turn__empirical_timing,synthetic_canonical::right_turn__empirical_timing,right_turn,ct_ekf,prior,latent_kinematic_truth,240,1,24.1741946152651,3.40351428994131,36.2598698831895,8.7282389730828,5.0928566890868,19.3655643494436,10.9577790669074,0.620833333333333,0.6375,0,0
synthetic_canonical,empirical_timing,right_turn__empirical_timing,synthetic_canonical::right_turn__empirical_timing,right_turn,ct_ekf,posterior,latent_kinematic_truth,240,1,20.6365951258721,1.23233346322921,27.1641229539347,7.47794245725478,3.29458549121181,17.0977380274064,8.51591280976864,0.795833333333333,0.825,0,0
synthetic_canonical,empirical_timing,right_turn__empirical_timing,synthetic_canonical::right_turn__empirical_timing,right_turn,native_imm,prior,latent_kinematic_truth,240,1,3.4006292803057,0.134934376344064,3.86406978382501,1.70882153065801,0.300002113063415,4.05503924136196,0.0432508567053981,1,1,0,0
synthetic_canonical,empirical_timing,right_turn__empirical_timing,synthetic_canonical::right_turn__empirical_timing,right_turn,native_imm,posterior,latent_kinematic_truth,240,1,2.75942411491277,0.0203210501144229,2.43384109378281,1.31857225608732,0.128009311444376,2.80305474282549,0.0374954312658222,1,1,0,0
synthetic_canonical,empirical_timing,right_turn__empirical_timing,synthetic_canonical::right_turn__empirical_timing,right_turn,warm_ukf,prior,latent_kinematic_truth,240,1,195.057219529372,20.1049747162131,256.974674411189,40.6212774133532,39.3143687426181,58.3344531769177,26.9863536188859,0.275,0.954166666666667,0,0
synthetic_canonical,empirical_timing,right_turn__empirical_timing,synthetic_canonical::right_turn__empirical_timing,right_turn,warm_ukf,posterior,latent_kinematic_truth,240,1,106.765945721404,5.64819968999497,95.8175660010905,39.3171882190787,37.9208596757479,56.2586053687735,25.8900622637531,0.291666666666667,0.983333333333333,0,0
synthetic_canonical,degraded,right_turn__degraded,synthetic_canonical::right_turn__degraded,right_turn,cv_ekf,prior,latent_kinematic_truth,240,1,170.360792484999,72.3220528564313,366.269921941424,31.6820731174175,17.1599484347917,61.7234541276136,57.2790555713458,0.45,0.4625,0,0
synthetic_canonical,degraded,right_turn__degraded,synthetic_canonical::right_turn__degraded,right_turn,cv_ekf,posterior,latent_kinematic_truth,240,1,156.396975901497,64.6207137264417,336.247980819634,30.0498894495912,14.6999641941672,59.1972356976219,54.4573336411539,0.445833333333333,0.458333333333333,0,0
synthetic_canonical,degraded,right_turn__degraded,synthetic_canonical::right_turn__degraded,right_turn,ca_ekf,prior,latent_kinematic_truth,240,1,51.5048107520632,42.741437271442,90.1407084541252,12.4375762825516,10.374536457387,21.2917820279075,3.92099944565597,1,1,0,0
synthetic_canonical,degraded,right_turn__degraded,synthetic_canonical::right_turn__degraded,right_turn,ca_ekf,posterior,latent_kinematic_truth,240,1,46.718882300619,38.4218495187481,82.807697117832,11.6263656308529,9.69400598570035,20.2458426807927,4.00369021168409,1,1,0,0
synthetic_canonical,degraded,right_turn__degraded,synthetic_canonical::right_turn__degraded,right_turn,ct_ekf,prior,latent_kinematic_truth,240,1,156.493394314777,73.6576726725421,343.396202649168,28.7472285406541,17.5073994321449,57.5483477632652,45.7498950626349,0.329166666666667,0.466666666666667,0,0
synthetic_canonical,degraded,right_turn__degraded,synthetic_canonical::right_turn__degraded,right_turn,ct_ekf,posterior,latent_kinematic_truth,240,1,143.977626013966,62.4506326196671,315.417586507238,27.2913488635429,17.1894968803243,55.2106092977121,43.6462778485302,0.3375,0.470833333333333,0,0
synthetic_canonical,degraded,right_turn__degraded,synthetic_canonical::right_turn__degraded,right_turn,native_imm,prior,latent_kinematic_truth,240,1,57.3933472355704,45.9075188851173,105.699256456177,15.103406397832,12.1969104599445,28.0887461831358,2.47376218729757,1,1,0,0
synthetic_canonical,degraded,right_turn__degraded,synthetic_canonical::right_turn__degraded,right_turn,native_imm,posterior,latent_kinematic_truth,240,1,52.0536471341875,40.1412320694106,95.741691565241,14.0374125760273,11.2619533716295,25.1191724459333,2.66391954533669,1,1,0,0
synthetic_canonical,degraded,right_turn__degraded,synthetic_canonical::right_turn__degraded,right_turn,warm_ukf,prior,latent_kinematic_truth,240,1,147.827544981051,82.1056685010062,309.739893411039,46.8962674282645,42.0758389022383,73.7514927963147,37.0798784523117,0.179166666666667,0.595833333333333,0,0
synthetic_canonical,degraded,right_turn__degraded,synthetic_canonical::right_turn__degraded,right_turn,warm_ukf,posterior,latent_kinematic_truth,240,1,129.596076832038,65.8815270381103,263.75711919586,45.5494767601308,41.8814046034822,72.5699722792803,36.5211755058929,0.166666666666667,0.65,0,0
synthetic_canonical,ideal,motion_transitions__ideal,synthetic_canonical::motion_transitions__ideal,motion_transitions,cv_ekf,prior,latent_kinematic_truth,240,1,2.20479774043091,0.298229542556248,4.39329818292319,3.48239589026021,0.347244150875044,6.92301152940169,4.61066733047825,0.758333333333333,0.758333333333333,0,0
synthetic_canonical,ideal,motion_transitions__ideal,synthetic_canonical::motion_transitions__ideal,motion_transitions,cv_ekf,posterior,latent_kinematic_truth,240,1,0.810652581065752,0.149552356025652,1.61379386262462,2.12131715682768,0.247244150875216,4.19642381380547,2.82363544260138,0.9875,1,0,0
synthetic_canonical,ideal,motion_transitions__ideal,synthetic_canonical::motion_transitions__ideal,motion_transitions,ca_ekf,prior,latent_kinematic_truth,240,1,0.688755334049399,0.0734048705888606,1.52569266129561,1.12567284370964,0.0931540573047172,2.37299385316093,0.803517915929927,0.975,1,0,0
synthetic_canonical,ideal,motion_transitions__ideal,synthetic_canonical::motion_transitions__ideal,motion_transitions,ca_ekf,posterior,latent_kinematic_truth,240,1,0.254426244221786,0.0269375942696273,0.557300311442533,0.722821538360109,0.0701078003444057,1.25497235943555,0.628675155085784,0.979166666666667,1,0,0
synthetic_canonical,ideal,motion_transitions__ideal,synthetic_canonical::motion_transitions__ideal,motion_transitions,ct_ekf,prior,latent_kinematic_truth,240,1,2.08991671141089,0.620368120625458,4.26420416170851,3.29788054912576,0.919638746237667,6.71636725055015,4.17326334424072,0.758333333333333,0.7625,0,0
synthetic_canonical,ideal,motion_transitions__ideal,synthetic_canonical::motion_transitions__ideal,motion_transitions,ct_ekf,posterior,latent_kinematic_truth,240,1,0.769887614729277,0.251894103289108,1.56851952033505,2.01191972595114,0.575718462351304,4.0786836236686,2.56462572613499,0.9875,1,0,0
synthetic_canonical,ideal,motion_transitions__ideal,synthetic_canonical::motion_transitions__ideal,motion_transitions,native_imm,prior,latent_kinematic_truth,240,1,0.533380799041903,0.232728175586577,0.737884543869224,0.969759920251666,0.358870850786557,1.16803132869881,0.15116038606799,1,1,0,0
synthetic_canonical,ideal,motion_transitions__ideal,synthetic_canonical::motion_transitions__ideal,motion_transitions,native_imm,posterior,latent_kinematic_truth,240,1,0.174131653922924,0.0783648823518423,0.271384684136367,0.546763875816323,0.216275048812734,0.716932171232251,0.131382831204032,1,1,0,0
synthetic_canonical,ideal,motion_transitions__ideal,synthetic_canonical::motion_transitions__ideal,motion_transitions,warm_ukf,prior,latent_kinematic_truth,240,1,53.7891834618758,13.0837939692695,28.0187707790248,26.6833335092081,16.4884328950694,50.4971119164096,13.2222428257297,0.65,1,0,0
synthetic_canonical,ideal,motion_transitions__ideal,synthetic_canonical::motion_transitions__ideal,motion_transitions,warm_ukf,posterior,latent_kinematic_truth,240,1,0.0660515394219497,0.0567875787112608,0.113179127864204,25.8809747206952,16.3209995629157,49.1697761679484,12.296735830003,0.6625,1,0,0
synthetic_canonical,empirical_timing,motion_transitions__empirical_timing,synthetic_canonical::motion_transitions__empirical_timing,motion_transitions,cv_ekf,prior,latent_kinematic_truth,240,1,113.723470736404,0.770930589985369,272.346711191565,18.7572459106381,1.21228543161494,54.3933165919327,18.3847831001169,0.766666666666667,0.770833333333333,0,0
synthetic_canonical,empirical_timing,motion_transitions__empirical_timing,synthetic_canonical::motion_transitions__empirical_timing,motion_transitions,cv_ekf,posterior,latent_kinematic_truth,240,1,105.04944121101,0.322051122271326,245.858172905211,17.7669775388693,0.765232165499603,51.6983869107256,16.6729789694443,0.816666666666667,0.829166666666667,0,0
synthetic_canonical,empirical_timing,motion_transitions__empirical_timing,synthetic_canonical::motion_transitions__empirical_timing,motion_transitions,ca_ekf,prior,latent_kinematic_truth,240,1,61.6162979270947,0.309221260181057,143.336441483234,10.4807164478242,0.450026840857895,29.0289150748295,1.31460312101143,0.975,0.991666666666667,0,0
synthetic_canonical,empirical_timing,motion_transitions__empirical_timing,synthetic_canonical::motion_transitions__empirical_timing,motion_transitions,ca_ekf,posterior,latent_kinematic_truth,240,1,56.8075875656196,0.115746680245103,129.259935010326,9.88775051812523,0.295779970788289,27.5396636071957,1.21959268954745,0.979166666666667,0.995833333333333,0,0
synthetic_canonical,empirical_timing,motion_transitions__empirical_timing,synthetic_canonical::motion_transitions__empirical_timing,motion_transitions,ct_ekf,prior,latent_kinematic_truth,240,1,112.494271245628,1.70834278522013,269.359903915329,18.5203294396232,1.63739809481763,53.7887821217806,17.1586538867777,0.766666666666667,0.775,0,0
synthetic_canonical,empirical_timing,motion_transitions__empirical_timing,synthetic_canonical::motion_transitions__empirical_timing,motion_transitions,ct_ekf,posterior,latent_kinematic_truth,240,1,103.915596164182,0.853347898534872,243.166462260253,17.5543891407174,1.27003965196365,51.1239719495871,15.6209898128849,0.816666666666667,0.833333333333333,0,0
synthetic_canonical,empirical_timing,motion_transitions__empirical_timing,synthetic_canonical::motion_transitions__empirical_timing,motion_transitions,native_imm,prior,latent_kinematic_truth,240,1,47.163218280653,0.736749411637916,103.804607689823,8.64803669581437,1.00703378193868,23.4303279822468,0.16920596007542,1,1,0,0
synthetic_canonical,empirical_timing,motion_transitions__empirical_timing,synthetic_canonical::motion_transitions__empirical_timing,motion_transitions,native_imm,posterior,latent_kinematic_truth,240,1,43.1774210780176,0.279221933246968,92.4948321572682,8.08244064468289,0.675700041941051,21.9301240778265,0.154165692496772,1,1,0,0
synthetic_canonical,empirical_timing,motion_transitions__empirical_timing,synthetic_canonical::motion_transitions__empirical_timing,motion_transitions,warm_ukf,prior,latent_kinematic_truth,240,1,341.5333702083,30.7647351453718,767.910966077103,34.0620177661885,24.831761474689,62.7730696338576,21.5282778091446,0.420833333333333,0.9125,0,0
synthetic_canonical,empirical_timing,motion_transitions__empirical_timing,synthetic_canonical::motion_transitions__empirical_timing,motion_transitions,warm_ukf,posterior,latent_kinematic_truth,240,1,318.317257370275,18.0282244538996,703.084488361243,33.235303086494,24.831761474689,60.3508511916037,20.8058360227384,0.441666666666667,0.925,0,0
synthetic_canonical,degraded,motion_transitions__degraded,synthetic_canonical::motion_transitions__degraded,motion_transitions,cv_ekf,prior,latent_kinematic_truth,240,1,173.1601003186,46.2844223058938,396.198345916436,28.692377857784,6.16077835349394,66.8523249077022,37.0351827900742,0.683333333333333,0.720833333333333,0,0
synthetic_canonical,degraded,motion_transitions__degraded,synthetic_canonical::motion_transitions__degraded,motion_transitions,cv_ekf,posterior,latent_kinematic_truth,240,1,160.286420864561,43.8285989909771,363.458442647927,27.5110468937127,6.16077835349394,64.1587128987927,35.5679679267949,0.6875,0.725,0,0
synthetic_canonical,degraded,motion_transitions__degraded,synthetic_canonical::motion_transitions__degraded,motion_transitions,ca_ekf,prior,latent_kinematic_truth,240,1,193.853536588734,51.3988813811772,466.354874259291,28.5195183237723,12.9987380965679,75.8722345924405,4.03512580283525,0.991666666666667,0.991666666666667,0,0
synthetic_canonical,degraded,motion_transitions__degraded,synthetic_canonical::motion_transitions__degraded,motion_transitions,ca_ekf,posterior,latent_kinematic_truth,240,1,180.848348871166,47.0572959053001,429.175957472495,27.333261940855,12.2796761230702,72.9355344393496,4.11103834926658,0.991666666666667,0.991666666666667,0,0
synthetic_canonical,degraded,motion_transitions__degraded,synthetic_canonical::motion_transitions__degraded,motion_transitions,ct_ekf,prior,latent_kinematic_truth,240,1,172.304406786374,51.5963474181636,395.319887054931,28.1969430923342,8.16173002129441,66.7521136438737,34.3004892679847,0.670833333333333,0.720833333333333,0,0
synthetic_canonical,degraded,motion_transitions__degraded,synthetic_canonical::motion_transitions__degraded,motion_transitions,ct_ekf,posterior,latent_kinematic_truth,240,1,159.649719803598,48.9993405604962,362.629180981717,27.0447247500168,7.85741980815363,64.0609983196992,33.0059534492463,0.670833333333333,0.729166666666667,0,0
synthetic_canonical,degraded,motion_transitions__degraded,synthetic_canonical::motion_transitions__degraded,motion_transitions,native_imm,prior,latent_kinematic_truth,240,1,170.578945562941,51.784515419666,388.715643734676,27.7925881462342,17.0425142035553,61.5732105017995,2.28373537383125,0.991666666666667,0.991666666666667,0,0
synthetic_canonical,degraded,motion_transitions__degraded,synthetic_canonical::motion_transitions__degraded,motion_transitions,native_imm,posterior,latent_kinematic_truth,240,1,158.366714330107,48.1355609025159,360.851561601683,26.506454082082,15.7585410226931,58.996004388805,2.45232853288572,0.991666666666667,0.991666666666667,0,0
synthetic_canonical,degraded,motion_transitions__degraded,synthetic_canonical::motion_transitions__degraded,motion_transitions,warm_ukf,prior,latent_kinematic_truth,240,1,241.506574409983,63.8446120918468,738.085233517243,32.6783173754341,29.9742825608585,50.1443094366577,26.8322917417607,0.2,0.904166666666667,0,0
synthetic_canonical,degraded,motion_transitions__degraded,synthetic_canonical::motion_transitions__degraded,motion_transitions,warm_ukf,posterior,latent_kinematic_truth,240,1,213.650441421831,57.4703242947191,671.32847768666,32.179379355275,29.6789037025325,49.7873281575028,26.647303385305,0.195833333333333,0.920833333333333,0,0
synthetic_in_distribution,ideal,in_distribution_001__ideal,synthetic_in_distribution::in_distribution_001__ideal,mixed_motion,cv_ekf,prior,latent_kinematic_truth,1200,1,1.97885868860451,0.859139174533699,4.12849027515252,3.12346660692551,1.35489035588983,6.50641051475094,3.71826389392948,0.8725,0.875,0,0
synthetic_in_distribution,ideal,in_distribution_001__ideal,synthetic_in_distribution::in_distribution_001__ideal,mixed_motion,cv_ekf,posterior,latent_kinematic_truth,1200,1,0.728364118546627,0.315238125371333,1.51646340357473,1.90215516883352,0.820713841746928,3.94436511826427,2.27752359486059,0.9675,1,0,0
synthetic_in_distribution,ideal,in_distribution_001__ideal,synthetic_in_distribution::in_distribution_001__ideal,mixed_motion,ca_ekf,prior,latent_kinematic_truth,1200,1,0.601237822101198,0.0390161227340746,0.827211524306509,0.975048200518265,0.0491303748130067,1.33332418039687,0.630775634424686,0.984166666666667,0.995,0,0
synthetic_in_distribution,ideal,in_distribution_001__ideal,synthetic_in_distribution::in_distribution_001__ideal,mixed_motion,ca_ekf,posterior,latent_kinematic_truth,1200,1,0.225318597602066,0.0169658961298497,0.364816693603606,0.627701418551495,0.0336187818831758,0.801844320777043,0.49591394259779,0.988333333333333,1,0,0
synthetic_in_distribution,ideal,in_distribution_001__ideal,synthetic_in_distribution::in_distribution_001__ideal,mixed_motion,ct_ekf,prior,latent_kinematic_truth,1200,1,1.96659034163086,0.889306871039305,3.99269804068122,3.09585072787413,1.39842013071282,6.27451414323912,3.70105864896756,0.876666666666667,0.878333333333333,0,0
synthetic_in_distribution,ideal,in_distribution_001__ideal,synthetic_in_distribution::in_distribution_001__ideal,mixed_motion,ct_ekf,posterior,latent_kinematic_truth,1200,1,0.726570156454244,0.327650321484827,1.47152404195497,1.88876690063774,0.848917218675139,3.80956615591824,2.27291555317841,0.968333333333333,1,0,0
synthetic_in_distribution,ideal,in_distribution_001__ideal,synthetic_in_distribution::in_distribution_001__ideal,mixed_motion,native_imm,prior,latent_kinematic_truth,1200,1,0.65672312772934,0.28356690719056,1.42403416968285,1.09627069918949,0.367452616279522,2.18917366267534,0.267738724779069,1,1,0,0
synthetic_in_distribution,ideal,in_distribution_001__ideal,synthetic_in_distribution::in_distribution_001__ideal,mixed_motion,native_imm,posterior,latent_kinematic_truth,1200,1,0.235945129867266,0.140322163164159,0.461363421223363,0.64242653196304,0.226636561273786,1.33682350241858,0.218743917790574,1,1,0,0
synthetic_in_distribution,ideal,in_distribution_001__ideal,synthetic_in_distribution::in_distribution_001__ideal,mixed_motion,warm_ukf,prior,latent_kinematic_truth,1200,1,98.0307070182869,17.2059891912219,38.5697565024271,75.4249493092708,73.93943669231,102.294587677798,73.2070404048356,0.0183333333333333,1,0,0
synthetic_in_distribution,ideal,in_distribution_001__ideal,synthetic_in_distribution::in_distribution_001__ideal,mixed_motion,warm_ukf,posterior,latent_kinematic_truth,1200,1,0.0668391218478597,0.0539764590368846,0.119214966291906,74.8165345067087,73.1219633197578,101.0313576626,72.1359614384318,0.0233333333333333,1,0,0
synthetic_in_distribution,empirical_timing,in_distribution_001__empirical_timing,synthetic_in_distribution::in_distribution_001__empirical_timing,mixed_motion,cv_ekf,prior,latent_kinematic_truth,1200,1,40.3948995431411,1.9596142253512,93.4950750614438,9.06372035458925,1.89621663764027,20.1512420503868,7.87633915534561,0.7675,0.758333333333333,0,0
synthetic_in_distribution,empirical_timing,in_distribution_001__empirical_timing,synthetic_in_distribution::in_distribution_001__empirical_timing,mixed_motion,cv_ekf,posterior,latent_kinematic_truth,1200,1,36.5715825052954,0.892038062136446,85.1105877766232,8.18623166979643,1.41920516833482,18.5003549670716,6.44851400583629,0.8275,0.845,0,0
synthetic_in_distribution,empirical_timing,in_distribution_001__empirical_timing,synthetic_in_distribution::in_distribution_001__empirical_timing,mixed_motion,ca_ekf,prior,latent_kinematic_truth,1200,1,42.170784899377,0.166210236811615,42.4973287126455,7.43152216698957,0.181691681535139,13.6678185045093,1.03173704808706,0.9825,0.9775,0,0
synthetic_in_distribution,empirical_timing,in_distribution_001__empirical_timing,synthetic_in_distribution::in_distribution_001__empirical_timing,mixed_motion,ca_ekf,posterior,latent_kinematic_truth,1200,1,38.7602143603213,0.0656214060526881,37.6690943922828,7.00181040769567,0.124540833729069,11.6937331479455,0.923434045765042,0.986666666666667,0.981666666666667,0,0
synthetic_in_distribution,empirical_timing,in_distribution_001__empirical_timing,synthetic_in_distribution::in_distribution_001__empirical_timing,mixed_motion,ct_ekf,prior,latent_kinematic_truth,1200,1,42.3416024343185,2.17028041299129,97.9686695444161,9.31247472044607,2.08442592753136,20.7534431166728,8.05464640550332,0.765833333333333,0.7525,0,0
synthetic_in_distribution,empirical_timing,in_distribution_001__empirical_timing,synthetic_in_distribution::in_distribution_001__empirical_timing,mixed_motion,ct_ekf,posterior,latent_kinematic_truth,1200,1,38.3799219376788,1.00679712819882,88.793223457843,8.44594476011747,1.75495072000121,19.6355061165422,6.63992421013052,0.828333333333333,0.835833333333333,0,0
synthetic_in_distribution,empirical_timing,in_distribution_001__empirical_timing,synthetic_in_distribution::in_distribution_001__empirical_timing,mixed_motion,native_imm,prior,latent_kinematic_truth,1200,1,35.6952067098524,0.799778729998944,68.9443722459831,6.51985946640027,0.760817088165048,14.3851237762533,0.27000091654775,1,1,0,0
synthetic_in_distribution,empirical_timing,in_distribution_001__empirical_timing,synthetic_in_distribution::in_distribution_001__empirical_timing,mixed_motion,native_imm,posterior,latent_kinematic_truth,1200,1,32.7455000540199,0.326494762166742,62.9520882281164,6.11471583119421,0.54453007947497,13.3287326381831,0.24451635872709,1,1,0,0
synthetic_in_distribution,empirical_timing,in_distribution_001__empirical_timing,synthetic_in_distribution::in_distribution_001__empirical_timing,mixed_motion,warm_ukf,prior,latent_kinematic_truth,1200,1,274.491826725103,30.9277237709558,407.055648633582,77.0270387072465,70.4998809945975,114.168042232192,78.9715408687769,0.0166666666666667,0.934166666666667,0,0
synthetic_in_distribution,empirical_timing,in_distribution_001__empirical_timing,synthetic_in_distribution::in_distribution_001__empirical_timing,mixed_motion,warm_ukf,posterior,latent_kinematic_truth,1200,1,238.685978516872,16.6893006025331,353.467689885101,76.4096082564228,70.0501367234953,113.09642662295,78.0138626701474,0.0175,0.951666666666667,0,0
synthetic_in_distribution,degraded,in_distribution_001__degraded,synthetic_in_distribution::in_distribution_001__degraded,mixed_motion,cv_ekf,prior,latent_kinematic_truth,1200,1,125.068067640163,54.9503399050261,285.034067560976,21.3263073477553,9.10342414933117,43.5844116059725,27.3955048675674,0.570833333333333,0.594166666666667,0,0
synthetic_in_distribution,degraded,in_distribution_001__degraded,synthetic_in_distribution::in_distribution_001__degraded,mixed_motion,cv_ekf,posterior,latent_kinematic_truth,1200,1,116.25369420004,50.5787788206104,266.432782587363,20.2714949195031,8.46459612081347,41.0451447861723,26.1832993130834,0.5725,0.605,0,0
synthetic_in_distribution,degraded,in_distribution_001__degraded,synthetic_in_distribution::in_distribution_001__degraded,mixed_motion,ca_ekf,prior,latent_kinematic_truth,1200,1,107.651240151024,52.0147605731166,193.980252024691,17.7660563288112,10.9675822608997,35.5544707344859,4.54891476835127,0.968333333333333,0.97,0,0
synthetic_in_distribution,degraded,in_distribution_001__degraded,synthetic_in_distribution::in_distribution_001__degraded,mixed_motion,ca_ekf,posterior,latent_kinematic_truth,1200,1,100.044642043486,47.1226933561369,180.720711515961,16.8484818975504,10.3053541359296,33.5542915233809,4.60280979128138,0.9675,0.9675,0,0
synthetic_in_distribution,degraded,in_distribution_001__degraded,synthetic_in_distribution::in_distribution_001__degraded,mixed_motion,ct_ekf,prior,latent_kinematic_truth,1200,1,129.892267047239,56.0604568664257,291.581912402927,21.5456026988019,9.45707302599288,43.4935162827411,27.4963183185771,0.553333333333333,0.586666666666667,0,0
synthetic_in_distribution,degraded,in_distribution_001__degraded,synthetic_in_distribution::in_distribution_001__degraded,mixed_motion,ct_ekf,posterior,latent_kinematic_truth,1200,1,121.001457664656,52.4237518849896,274.203920531984,20.4951714535197,8.90997884002014,41.790169026991,26.2976368170395,0.553333333333333,0.595833333333333,0,0
synthetic_in_distribution,degraded,in_distribution_001__degraded,synthetic_in_distribution::in_distribution_001__degraded,mixed_motion,native_imm,prior,latent_kinematic_truth,1200,1,149.387384450289,55.2536020354973,277.010531534503,24.4871699919002,14.0722873655063,45.6997390978997,2.85782664534207,1,0.985833333333333,0,0
synthetic_in_distribution,degraded,in_distribution_001__degraded,synthetic_in_distribution::in_distribution_001__degraded,mixed_motion,native_imm,posterior,latent_kinematic_truth,1200,1,139.220000978182,49.3015627466183,258.237989478613,23.3270472271164,13.2738990962114,43.5853908723971,3.01132952396422,0.999166666666667,0.975833333333333,0,0
synthetic_in_distribution,degraded,in_distribution_001__degraded,synthetic_in_distribution::in_distribution_001__degraded,mixed_motion,warm_ukf,prior,latent_kinematic_truth,1200,1,468.499491957039,77.4154909645224,748.150375688114,78.0418774193472,73.0201216610123,115.93193238145,108.191674412245,0.0158333333333333,0.824166666666667,0,0
synthetic_in_distribution,degraded,in_distribution_001__degraded,synthetic_in_distribution::in_distribution_001__degraded,mixed_motion,warm_ukf,posterior,latent_kinematic_truth,1200,1,411.252055323266,66.0991311548496,620.295193468156,77.4098814903666,72.4881911756386,115.238110511166,107.855771593619,0.0166666666666667,0.840833333333333,0,0
synthetic_in_distribution,ideal,in_distribution_002__ideal,synthetic_in_distribution::in_distribution_002__ideal,mixed_motion,cv_ekf,prior,latent_kinematic_truth,1200,1,2.36297694491463,0.945576008547314,4.53576405467063,3.7334347691208,1.49041155883753,7.14316285893678,5.273367248322,0.825,0.826666666666667,0,0
synthetic_in_distribution,ideal,in_distribution_002__ideal,synthetic_in_distribution::in_distribution_002__ideal,mixed_motion,cv_ekf,posterior,latent_kinematic_truth,1200,1,0.868313357209322,0.347193985028991,1.66861295287523,2.27013817235147,0.903116866694871,4.33049421536397,3.22275811872758,0.996666666666667,1,0,0
synthetic_in_distribution,ideal,in_distribution_002__ideal,synthetic_in_distribution::in_distribution_002__ideal,mixed_motion,ca_ekf,prior,latent_kinematic_truth,1200,1,0.613930672393564,0.0981690327966872,1.51041791101925,1.02201299279701,0.15546800432942,2.49951526616138,0.620020827305363,0.986666666666667,0.998333333333333,0,0
synthetic_in_distribution,ideal,in_distribution_002__ideal,synthetic_in_distribution::in_distribution_002__ideal,mixed_motion,ca_ekf,posterior,latent_kinematic_truth,1200,1,0.223647176295422,0.0358239281940379,0.532406775605387,0.647131651818859,0.0939130044792249,1.53969235376123,0.48391603242645,0.99,1,0,0
synthetic_in_distribution,ideal,in_distribution_002__ideal,synthetic_in_distribution::in_distribution_002__ideal,mixed_motion,ct_ekf,prior,latent_kinematic_truth,1200,1,2.36432376465557,1.30129523960903,4.72842466450879,3.72806006678176,2.03989344688435,7.4451064728578,5.31293359773835,0.869166666666667,0.870833333333333,0,0
synthetic_in_distribution,ideal,in_distribution_002__ideal,synthetic_in_distribution::in_distribution_002__ideal,mixed_motion,ct_ekf,posterior,latent_kinematic_truth,1200,1,0.871221001512722,0.476783998531007,1.73960053740369,2.26985478821934,1.23608174664922,4.52053466793526,3.2544059127124,0.946666666666667,1,0,0
synthetic_in_distribution,ideal,in_distribution_002__ideal,synthetic_in_distribution::in_distribution_002__ideal,mixed_motion,native_imm,prior,latent_kinematic_truth,1200,1,0.710848648912155,0.276639025401158,1.33927288668297,1.19633457295376,0.454177466311693,2.04820590233548,0.307169392454985,1,1,0,0
synthetic_in_distribution,ideal,in_distribution_002__ideal,synthetic_in_distribution::in_distribution_002__ideal,mixed_motion,native_imm,posterior,latent_kinematic_truth,1200,1,0.250939827201568,0.127664078492671,0.469180352155162,0.697538950593579,0.26654894172857,1.25224530451473,0.243955876974771,1,1,0,0
synthetic_in_distribution,ideal,in_distribution_002__ideal,synthetic_in_distribution::in_distribution_002__ideal,mixed_motion,warm_ukf,prior,latent_kinematic_truth,1200,1,123.90382120483,18.8137690848203,49.7253159818483,79.6445731002327,77.0427631501515,116.59844929544,85.5373388771569,0.0241666666666667,1,0,0
synthetic_in_distribution,ideal,in_distribution_002__ideal,synthetic_in_distribution::in_distribution_002__ideal,mixed_motion,warm_ukf,posterior,latent_kinematic_truth,1200,1,0.0751944689439526,0.0611183647959938,0.13282029506341,79.3305472859189,77.1205149218686,116.881670485176,84.2231529289206,0.0258333333333333,1,0,0
synthetic_in_distribution,empirical_timing,in_distribution_002__empirical_timing,synthetic_in_distribution::in_distribution_002__empirical_timing,mixed_motion,cv_ekf,prior,latent_kinematic_truth,1200,1,61.4416554917907,2.15770316594123,80.8647850361595,13.0440314604167,2.32447892107522,27.2863374041657,13.8209809044396,0.685833333333333,0.6975,0,0
synthetic_in_distribution,empirical_timing,in_distribution_002__empirical_timing,synthetic_in_distribution::in_distribution_002__empirical_timing,mixed_motion,cv_ekf,posterior,latent_kinematic_truth,1200,1,55.781664237736,0.859943187295451,70.2073880918788,11.9750368014249,1.66208088389134,24.8682785151428,11.7923440429269,0.766666666666667,0.795833333333333,0,0
synthetic_in_distribution,empirical_timing,in_distribution_002__empirical_timing,synthetic_in_distribution::in_distribution_002__empirical_timing,mixed_motion,ca_ekf,prior,latent_kinematic_truth,1200,1,16.3048883021224,0.210281342180226,18.9987222037542,4.03043418724012,0.293457527989093,7.04668651397071,0.681201870052403,0.9875,0.9975,0,0
synthetic_in_distribution,empirical_timing,in_distribution_002__empirical_timing,synthetic_in_distribution::in_distribution_002__empirical_timing,mixed_motion,ca_ekf,posterior,latent_kinematic_truth,1200,1,14.5534181871484,0.0711918067792559,16.0458207848691,3.64458408560393,0.188347632894134,5.78444099931725,0.571868980532964,0.9925,1,0,0
synthetic_in_distribution,empirical_timing,in_distribution_002__empirical_timing,synthetic_in_distribution::in_distribution_002__empirical_timing,mixed_motion,ct_ekf,prior,latent_kinematic_truth,1200,1,63.3862899135375,3.11412419266494,94.3406208099734,13.1906396629205,4.09133803316233,25.4092255763575,13.8547441364402,0.711666666666667,0.71,0,0
synthetic_in_distribution,empirical_timing,in_distribution_002__empirical_timing,synthetic_in_distribution::in_distribution_002__empirical_timing,mixed_motion,ct_ekf,posterior,latent_kinematic_truth,1200,1,57.6379197058136,1.33994420836807,83.3346447372923,12.1307848275374,2.84345696144864,23.4879403139223,11.8189206624986,0.768333333333333,0.804166666666667,0,0
synthetic_in_distribution,empirical_timing,in_distribution_002__empirical_timing,synthetic_in_distribution::in_distribution_002__empirical_timing,mixed_motion,native_imm,prior,latent_kinematic_truth,1200,1,33.8831740673364,0.936886633341521,47.5269354336469,6.7190185661689,1.19320200934761,12.0643376578029,0.300214728272013,1,1,0,0
synthetic_in_distribution,empirical_timing,in_distribution_002__empirical_timing,synthetic_in_distribution::in_distribution_002__empirical_timing,mixed_motion,native_imm,posterior,latent_kinematic_truth,1200,1,30.8112930250335,0.344970363528223,41.6393275392886,6.23150193385803,0.766948964196149,10.8255796924577,0.273862098648725,1,1,0,0
synthetic_in_distribution,empirical_timing,in_distribution_002__empirical_timing,synthetic_in_distribution::in_distribution_002__empirical_timing,mixed_motion,warm_ukf,prior,latent_kinematic_truth,1200,1,329.096872364223,33.5506955114609,364.501179356513,84.7323571350874,76.93544228906,129.230418079379,101.750411304328,0.0133333333333333,0.890833333333333,0,0
synthetic_in_distribution,empirical_timing,in_distribution_002__empirical_timing,synthetic_in_distribution::in_distribution_002__empirical_timing,mixed_motion,warm_ukf,posterior,latent_kinematic_truth,1200,1,283.332868420618,17.098184698573,306.245073408713,84.351108616936,76.6432481908605,129.005812387883,100.103082299954,0.015,0.921666666666667,0,0
synthetic_in_distribution,degraded,in_distribution_002__degraded,synthetic_in_distribution::in_distribution_002__degraded,mixed_motion,cv_ekf,prior,latent_kinematic_truth,1200,1,154.894700001816,63.0987980789905,269.53474569401,26.9931543442687,10.6217328768606,52.1683620442026,39.6071676644348,0.524166666666667,0.546666666666667,0,0
synthetic_in_distribution,degraded,in_distribution_002__degraded,synthetic_in_distribution::in_distribution_002__degraded,mixed_motion,cv_ekf,posterior,latent_kinematic_truth,1200,1,143.112822863573,56.3577835604375,245.146490404123,25.6989100761722,10.025857159276,50.3811075495728,37.8688329287293,0.53,0.56,0,0
synthetic_in_distribution,degraded,in_distribution_002__degraded,synthetic_in_distribution::in_distribution_002__degraded,mixed_motion,ca_ekf,prior,latent_kinematic_truth,1200,1,109.447443166168,47.8275163787914,214.975177761338,17.3165834398031,11.2687859146599,33.1059379134031,4.74073629500669,0.9775,0.973333333333333,0,0
synthetic_in_distribution,degraded,in_distribution_002__degraded,synthetic_in_distribution::in_distribution_002__degraded,mixed_motion,ca_ekf,posterior,latent_kinematic_truth,1200,1,102.245257392474,43.9009095018301,198.969396370061,16.406520401553,10.4397121496903,31.3826656978321,4.81626702923608,0.9725,0.970833333333333,0,0
synthetic_in_distribution,degraded,in_distribution_002__degraded,synthetic_in_distribution::in_distribution_002__degraded,mixed_motion,ct_ekf,prior,latent_kinematic_truth,1200,1,157.220185924014,65.0815769212893,269.869553696006,27.3500450550469,13.192179196096,52.7766233352616,39.8036775263964,0.495833333333333,0.5025,0,0
synthetic_in_distribution,degraded,in_distribution_002__degraded,synthetic_in_distribution::in_distribution_002__degraded,mixed_motion,ct_ekf,posterior,latent_kinematic_truth,1200,1,145.251917309618,57.0784825261545,247.445383101733,26.0330355293412,12.4076399265988,49.9410202719097,38.0622891573319,0.505833333333333,0.519166666666667,0,0
synthetic_in_distribution,degraded,in_distribution_002__degraded,synthetic_in_distribution::in_distribution_002__degraded,mixed_motion,native_imm,prior,latent_kinematic_truth,1200,1,111.447759843383,51.7735309658249,197.021038336792,21.550491490372,13.0811015472422,46.1168385100462,2.86592891020012,0.995,0.991666666666667,0,0
synthetic_in_distribution,degraded,in_distribution_002__degraded,synthetic_in_distribution::in_distribution_002__degraded,mixed_motion,native_imm,posterior,latent_kinematic_truth,1200,1,103.154983423088,46.1680871192727,183.016201841767,20.2065550686529,12.2564827857833,42.9253786914168,3.05105360189339,0.995,0.984166666666667,0,0
synthetic_in_distribution,degraded,in_distribution_002__degraded,synthetic_in_distribution::in_distribution_002__degraded,mixed_motion,warm_ukf,prior,latent_kinematic_truth,1200,1,546.693889801296,87.663152210387,1198.70653240934,95.5915002162164,87.3542302285639,139.418391454539,193.934468945451,0.00583333333333333,0.655833333333333,0,0
synthetic_in_distribution,degraded,in_distribution_002__degraded,synthetic_in_distribution::in_distribution_002__degraded,mixed_motion,warm_ukf,posterior,latent_kinematic_truth,1200,1,492.393083363231,71.1998456436767,721.293278485307,95.1107949445444,87.2812853789507,138.241945550221,193.212537253484,0.00583333333333333,0.688333333333333,0,0
synthetic_in_distribution,ideal,in_distribution_003__ideal,synthetic_in_distribution::in_distribution_003__ideal,mixed_motion,cv_ekf,prior,latent_kinematic_truth,1200,1,3.31006440163764,2.49371963994649,5.42119094686165,5.22967773348382,3.93162760423056,8.54494158175649,10.3486212415933,0.618333333333333,0.621666666666667,0,0
synthetic_in_distribution,ideal,in_distribution_003__ideal,synthetic_in_distribution::in_distribution_003__ideal,mixed_motion,cv_ekf,posterior,latent_kinematic_truth,1200,1,1.2162569365211,0.915363704261961,1.99152887377023,3.18141599443016,2.38223448726601,5.1790554812116,6.32365703681861,0.688333333333333,1,0,0
synthetic_in_distribution,ideal,in_distribution_003__ideal,synthetic_in_distribution::in_distribution_003__ideal,mixed_motion,ca_ekf,prior,latent_kinematic_truth,1200,1,0.888819707292583,0.225379081724223,2.23790621069696,1.45609094239323,0.307413931564768,3.39300563858041,1.3025515007263,0.963333333333333,0.980833333333333,0,0
synthetic_in_distribution,ideal,in_distribution_003__ideal,synthetic_in_distribution::in_distribution_003__ideal,mixed_motion,ca_ekf,posterior,latent_kinematic_truth,1200,1,0.326363796041562,0.0910093995248107,0.820814828177983,0.929982067931868,0.183756164397414,2.11281991229209,1.01314258732815,0.970833333333333,1,0,0
synthetic_in_distribution,ideal,in_distribution_003__ideal,synthetic_in_distribution::in_distribution_003__ideal,mixed_motion,ct_ekf,prior,latent_kinematic_truth,1200,1,3.31384128559275,2.59246919343085,5.59516798598066,5.22263517892276,4.08602894941137,8.79798262736432,10.440764126717,0.551666666666667,0.558333333333333,0,0
synthetic_in_distribution,ideal,in_distribution_003__ideal,synthetic_in_distribution::in_distribution_003__ideal,mixed_motion,ct_ekf,posterior,latent_kinematic_truth,1200,1,1.22163121168009,0.954480748765492,2.06162504700833,3.18210000137318,2.53966811018106,5.34710388220759,6.39354961668946,0.8325,1,0,0
synthetic_in_distribution,ideal,in_distribution_003__ideal,synthetic_in_distribution::in_distribution_003__ideal,mixed_motion,native_imm,prior,latent_kinematic_truth,1200,1,0.695512947777031,0.330487885456292,1.15474795362982,1.2524643112784,0.354369382773223,2.30249724155741,0.303992886718513,1,1,0,0
synthetic_in_distribution,ideal,in_distribution_003__ideal,synthetic_in_distribution::in_distribution_003__ideal,mixed_motion,native_imm,posterior,latent_kinematic_truth,1200,1,0.231855570048018,0.174190986400981,0.431278415575667,0.707286401457394,0.259432286439666,1.13403198158629,0.241323838765704,1,1,0,0
synthetic_in_distribution,ideal,in_distribution_003__ideal,synthetic_in_distribution::in_distribution_003__ideal,mixed_motion,warm_ukf,prior,latent_kinematic_truth,1200,1,117.118266318744,20.4532103438021,50.9342526213166,58.4184547837143,41.8955546605711,119.54515142504,46.8067498815527,0.123333333333333,0.996666666666667,0,0
synthetic_in_distribution,ideal,in_distribution_003__ideal,synthetic_in_distribution::in_distribution_003__ideal,mixed_motion,warm_ukf,posterior,latent_kinematic_truth,1200,1,0.0855964305150369,0.0628596453686183,0.159131479618341,57.8586473810472,41.770584177195,119.278452591746,45.189242099623,0.15,1,0,0
synthetic_in_distribution,empirical_timing,in_distribution_003__empirical_timing,synthetic_in_distribution::in_distribution_003__empirical_timing,mixed_motion,cv_ekf,prior,latent_kinematic_truth,1200,1,91.8088661115912,4.63449726847905,161.189400574871,18.0905329045199,5.38774049976071,40.4431599325471,26.5617072566355,0.546666666666667,0.558333333333333,0,0
synthetic_in_distribution,empirical_timing,in_distribution_003__empirical_timing,synthetic_in_distribution::in_distribution_003__empirical_timing,mixed_motion,cv_ekf,posterior,latent_kinematic_truth,1200,1,83.976732009169,1.6931380444517,142.597135426423,16.7349132529419,4.05230835578556,37.5910329536485,22.6013034855321,0.586666666666667,0.723333333333333,0,0
synthetic_in_distribution,empirical_timing,in_distribution_003__empirical_timing,synthetic_in_distribution::in_distribution_003__empirical_timing,mixed_motion,ca_ekf,prior,latent_kinematic_truth,1200,1,26.7963396285767,0.494255962223993,45.0284751247168,6.71995265518802,0.771160523780527,15.3046379838663,1.4467981821594,0.971666666666667,0.986666666666667,0,0
synthetic_in_distribution,empirical_timing,in_distribution_003__empirical_timing,synthetic_in_distribution::in_distribution_003__empirical_timing,mixed_motion,ca_ekf,posterior,latent_kinematic_truth,1200,1,23.833038429395,0.173791757901637,38.652668929378,6.09387441044509,0.474717562367364,13.5896491652024,1.23461369388318,0.978333333333333,0.995833333333333,0,0
synthetic_in_distribution,empirical_timing,in_distribution_003__empirical_timing,synthetic_in_distribution::in_distribution_003__empirical_timing,mixed_motion,ct_ekf,prior,latent_kinematic_truth,1200,1,90.5101688345977,4.7699971076623,181.664839929857,18.0347744042195,6.33829527088297,43.8707147993942,26.5142116585968,0.521666666666667,0.526666666666667,0,0
synthetic_in_distribution,empirical_timing,in_distribution_003__empirical_timing,synthetic_in_distribution::in_distribution_003__empirical_timing,mixed_motion,ct_ekf,posterior,latent_kinematic_truth,1200,1,82.6812922060425,1.80366434333101,159.148264273113,16.6735198586092,4.2935371650868,41.1671054070642,22.5321112184437,0.5925,0.705,0,0
synthetic_in_distribution,empirical_timing,in_distribution_003__empirical_timing,synthetic_in_distribution::in_distribution_003__empirical_timing,mixed_motion,native_imm,prior,latent_kinematic_truth,1200,1,22.1839687935234,0.818504748486536,42.7175775759857,5.62923039263851,1.13514023033391,12.6739805430024,0.306748507446401,1,1,0,0
synthetic_in_distribution,empirical_timing,in_distribution_003__empirical_timing,synthetic_in_distribution::in_distribution_003__empirical_timing,mixed_motion,native_imm,posterior,latent_kinematic_truth,1200,1,19.7397031238105,0.319915445712961,36.9035777731496,5.11335902118617,0.73612096166362,11.6030912393028,0.273902217882236,1,1,0,0
synthetic_in_distribution,empirical_timing,in_distribution_003__empirical_timing,synthetic_in_distribution::in_distribution_003__empirical_timing,mixed_motion,warm_ukf,prior,latent_kinematic_truth,1200,1,1002.8191021348,33.9938830336203,528.586247232992,59.5929545635571,43.4521210933204,112.930569369938,50.4966217225875,0.143333333333333,0.848333333333333,0,0
synthetic_in_distribution,empirical_timing,in_distribution_003__empirical_timing,synthetic_in_distribution::in_distribution_003__empirical_timing,mixed_motion,warm_ukf,posterior,latent_kinematic_truth,1200,1,960.512423495687,15.3950552150809,500.403045085811,58.8508798536378,42.7961284023855,113.101013979534,48.9148460961911,0.1725,0.8925,0,0
synthetic_in_distribution,degraded,in_distribution_003__degraded,synthetic_in_distribution::in_distribution_003__degraded,mixed_motion,cv_ekf,prior,latent_kinematic_truth,1200,1,230.152944103561,79.9221197771677,502.556445211556,38.5530572195441,22.1572825299345,78.6216898123342,76.8603668720821,0.3775,0.455,0,0
synthetic_in_distribution,degraded,in_distribution_003__degraded,synthetic_in_distribution::in_distribution_003__degraded,mixed_motion,cv_ekf,posterior,latent_kinematic_truth,1200,1,213.277059921222,69.6907089739867,466.722908277601,36.8371616186491,21.7049491111034,75.641650145723,73.4026110341666,0.384166666666667,0.466666666666667,0,0
synthetic_in_distribution,degraded,in_distribution_003__degraded,synthetic_in_distribution::in_distribution_003__degraded,mixed_motion,ca_ekf,prior,latent_kinematic_truth,1200,1,95.0347420713629,48.2205483725845,214.108266630027,20.2135914953995,12.5325032643774,43.251540158074,5.03781790211364,0.966666666666667,0.959166666666667,0,0
synthetic_in_distribution,degraded,in_distribution_003__degraded,synthetic_in_distribution::in_distribution_003__degraded,mixed_motion,ca_ekf,posterior,latent_kinematic_truth,1200,1,86.4271736393277,43.6155855374313,193.937742839573,18.8961620459529,11.5763982571824,40.6342034446485,5.04596547151264,0.965833333333333,0.96,0,0
synthetic_in_distribution,degraded,in_distribution_003__degraded,synthetic_in_distribution::in_distribution_003__degraded,mixed_motion,ct_ekf,prior,latent_kinematic_truth,1200,1,229.980333760089,85.1172750809635,517.13776596804,38.6516707507548,22.5501577921438,76.0122303247326,77.0569779882824,0.346666666666667,0.411666666666667,0,0
synthetic_in_distribution,degraded,in_distribution_003__degraded,synthetic_in_distribution::in_distribution_003__degraded,mixed_motion,ct_ekf,posterior,latent_kinematic_truth,1200,1,213.027951578305,75.1872781777997,482.886247729515,36.9123342882967,21.2847869093253,72.8990134681887,73.5691588130704,0.353333333333333,0.4275,0,0
synthetic_in_distribution,degraded,in_distribution_003__degraded,synthetic_in_distribution::in_distribution_003__degraded,mixed_motion,native_imm,prior,latent_kinematic_truth,1200,1,140.327662787681,48.3418972116019,245.112883120502,24.71887496745,14.5224425868003,48.0200724563197,2.77298830714183,0.999166666666667,0.994166666666667,0,0
synthetic_in_distribution,degraded,in_distribution_003__degraded,synthetic_in_distribution::in_distribution_003__degraded,mixed_motion,native_imm,posterior,latent_kinematic_truth,1200,1,129.896919200264,43.125128092569,223.912546152388,23.4207184484033,13.34152973671,46.0432919041993,2.92047375761034,0.999166666666667,0.9925,0,0
synthetic_in_distribution,degraded,in_distribution_003__degraded,synthetic_in_distribution::in_distribution_003__degraded,mixed_motion,warm_ukf,prior,latent_kinematic_truth,1200,1,501.990268804223,85.1955171258012,1030.21384661875,64.3646549882491,47.4410310711079,131.945380242594,70.8673341784791,0.100833333333333,0.654166666666667,0,0
synthetic_in_distribution,degraded,in_distribution_003__degraded,synthetic_in_distribution::in_distribution_003__degraded,mixed_motion,warm_ukf,posterior,latent_kinematic_truth,1200,1,423.027470768429,68.9127808676017,724.232617850209,63.604408512578,47.0672386049202,130.956001061826,70.0350164314587,0.103333333333333,0.69,0,0
synthetic_in_distribution,ideal,in_distribution_004__ideal,synthetic_in_distribution::in_distribution_004__ideal,mixed_motion,cv_ekf,prior,latent_kinematic_truth,1200,1,4.27523412177227,0.361504500287992,7.75538282544463,6.75545228253995,0.487145101685061,12.2944050327703,17.256675388088,0.706666666666667,0.710833333333333,0,0
synthetic_in_distribution,ideal,in_distribution_004__ideal,synthetic_in_distribution::in_distribution_004__ideal,mixed_motion,cv_ekf,posterior,latent_kinematic_truth,1200,1,1.57059941906597,0.182124317565467,2.84709703176157,4.10969335996526,0.297865320095614,7.64071836727517,10.5428486247922,0.71,0.716666666666667,0,0
synthetic_in_distribution,ideal,in_distribution_004__ideal,synthetic_in_distribution::in_distribution_004__ideal,mixed_motion,ca_ekf,prior,latent_kinematic_truth,1200,1,1.142925976936,0.0512880897092609,1.61358569168861,1.86552082608061,0.0528642234029114,2.50657103242265,2.15982310685239,0.964166666666667,0.973333333333333,0,0
synthetic_in_distribution,ideal,in_distribution_004__ideal,synthetic_in_distribution::in_distribution_004__ideal,mixed_motion,ca_ekf,posterior,latent_kinematic_truth,1200,1,0.420520043567942,0.0260992758850677,0.588929313799523,1.19466717646359,0.0411801971158228,1.55631415820897,1.67957882018308,0.969166666666667,0.989166666666667,0,0
synthetic_in_distribution,ideal,in_distribution_004__ideal,synthetic_in_distribution::in_distribution_004__ideal,mixed_motion,ct_ekf,prior,latent_kinematic_truth,1200,1,4.21554753897176,1.08693574828565,7.98269723498236,6.647049691498,1.70118795837728,12.5534678492826,16.8847807697591,0.6475,0.650833333333333,0,0
synthetic_in_distribution,ideal,in_distribution_004__ideal,synthetic_in_distribution::in_distribution_004__ideal,mixed_motion,ct_ekf,posterior,latent_kinematic_truth,1200,1,1.55303765739855,0.399706832263479,2.94071174322176,4.04945494403009,1.03053854440334,7.67898990101151,10.3389289243364,0.710833333333333,0.765,0,0
synthetic_in_distribution,ideal,in_distribution_004__ideal,synthetic_in_distribution::in_distribution_004__ideal,mixed_motion,native_imm,prior,latent_kinematic_truth,1200,1,0.65980981376454,0.313745970691927,1.07541461412838,1.25493737051895,0.437001570972455,1.66058844938634,0.268561693688574,1,1,0,0
synthetic_in_distribution,ideal,in_distribution_004__ideal,synthetic_in_distribution::in_distribution_004__ideal,mixed_motion,native_imm,posterior,latent_kinematic_truth,1200,1,0.213549094346999,0.115656832747546,0.419734269581935,0.667593879302038,0.294926262808272,0.996871400680188,0.214275398723525,1,1,0,0
synthetic_in_distribution,ideal,in_distribution_004__ideal,synthetic_in_distribution::in_distribution_004__ideal,mixed_motion,warm_ukf,prior,latent_kinematic_truth,1200,1,138.450512858619,17.5795167213595,45.3800978986522,57.6326960432668,45.9606940311952,110.010676490312,55.5870756641156,0.055,0.971666666666667,0,0
synthetic_in_distribution,ideal,in_distribution_004__ideal,synthetic_in_distribution::in_distribution_004__ideal,mixed_motion,warm_ukf,posterior,latent_kinematic_truth,1200,1,0.102695042732924,0.0591212865771382,0.217966010975719,56.125578202663,45.1914658352425,105.767035824349,53.6780125665859,0.0658333333333333,1,0,0
synthetic_in_distribution,empirical_timing,in_distribution_004__empirical_timing,synthetic_in_distribution::in_distribution_004__empirical_timing,mixed_motion,cv_ekf,prior,latent_kinematic_truth,1200,1,129.335555114588,1.35655113092639,223.54392650982,25.1021293534322,1.28039942390176,57.8015214564912,47.5626373220163,0.6475,0.654166666666667,0,0
synthetic_in_distribution,empirical_timing,in_distribution_004__empirical_timing,synthetic_in_distribution::in_distribution_004__empirical_timing,mixed_motion,cv_ekf,posterior,latent_kinematic_truth,1200,1,118.346418267383,0.697405892531691,197.519235338416,23.2638118791812,1.08148841091086,53.5543233993106,40.9273814744941,0.660833333333333,0.695833333333333,0,0
synthetic_in_distribution,empirical_timing,in_distribution_004__empirical_timing,synthetic_in_distribution::in_distribution_004__empirical_timing,mixed_motion,ca_ekf,prior,latent_kinematic_truth,1200,1,39.8559640651103,0.12735327455117,35.1384798711028,9.86279627436084,0.162454368117672,16.4161747735482,2.45382046214484,0.951666666666667,0.974166666666667,0,0
synthetic_in_distribution,empirical_timing,in_distribution_004__empirical_timing,synthetic_in_distribution::in_distribution_004__empirical_timing,mixed_motion,ca_ekf,posterior,latent_kinematic_truth,1200,1,35.4262025503973,0.0610750231258758,29.3289811650626,8.99069377288799,0.102913711855371,13.7739150394581,2.0993303888507,0.9575,0.985833333333333,0,0
synthetic_in_distribution,empirical_timing,in_distribution_004__empirical_timing,synthetic_in_distribution::in_distribution_004__empirical_timing,mixed_motion,ct_ekf,prior,latent_kinematic_truth,1200,1,124.119867159523,3.64751757427093,220.966311711011,24.2367344736621,2.85404214551419,59.0871967547685,45.1946330380846,0.62,0.629166666666667,0,0
synthetic_in_distribution,empirical_timing,in_distribution_004__empirical_timing,synthetic_in_distribution::in_distribution_004__empirical_timing,mixed_motion,ct_ekf,posterior,latent_kinematic_truth,1200,1,113.553193026013,1.58678714778778,190.751892162007,22.4263603991525,2.30637866292601,54.6431368318903,38.7219552563968,0.650833333333333,0.698333333333333,0,0
synthetic_in_distribution,empirical_timing,in_distribution_004__empirical_timing,synthetic_in_distribution::in_distribution_004__empirical_timing,mixed_motion,native_imm,prior,latent_kinematic_truth,1200,1,39.4575398942157,0.70408145091844,45.4995260073605,9.50274353889793,0.892521067135498,16.3015294622274,0.275759699003464,1,1,0,0
synthetic_in_distribution,empirical_timing,in_distribution_004__empirical_timing,synthetic_in_distribution::in_distribution_004__empirical_timing,mixed_motion,native_imm,posterior,latent_kinematic_truth,1200,1,35.113015465782,0.273357375792895,38.3648946114832,8.7121758598716,0.580256101347654,14.4476309634043,0.247502607125622,1,1,0,0
synthetic_in_distribution,empirical_timing,in_distribution_004__empirical_timing,synthetic_in_distribution::in_distribution_004__empirical_timing,mixed_motion,warm_ukf,prior,latent_kinematic_truth,1200,1,252.38873071528,33.3934247149233,560.025635298192,66.491498211389,48.2953119869802,121.911786495382,69.4631032272624,0.0316666666666667,0.755,0,0
synthetic_in_distribution,empirical_timing,in_distribution_004__empirical_timing,synthetic_in_distribution::in_distribution_004__empirical_timing,mixed_motion,warm_ukf,posterior,latent_kinematic_truth,1200,1,225.452294427195,15.2244072434473,477.105219387766,64.9574538025928,47.350500280499,117.929411590427,67.5340034035487,0.0383333333333333,0.814166666666667,0,0
synthetic_in_distribution,degraded,in_distribution_004__degraded,synthetic_in_distribution::in_distribution_004__degraded,mixed_motion,cv_ekf,prior,latent_kinematic_truth,1200,1,309.348559777025,57.8199884131525,649.550453692231,50.3266240677064,6.5271211542269,112.203897963763,126.296678594437,0.556666666666667,0.560833333333333,0,0
synthetic_in_distribution,degraded,in_distribution_004__degraded,synthetic_in_distribution::in_distribution_004__degraded,mixed_motion,cv_ekf,posterior,latent_kinematic_truth,1200,1,287.341529463744,53.2853607762421,596.954313930975,48.0748933975939,6.23033893738899,107.63131633576,120.439650623483,0.558333333333333,0.5625,0,0
synthetic_in_distribution,degraded,in_distribution_004__degraded,synthetic_in_distribution::in_distribution_004__degraded,mixed_motion,ca_ekf,prior,latent_kinematic_truth,1200,1,123.64331429336,50.7248762938063,259.285939792008,23.7700490921525,12.8006735882756,49.1559466834739,6.17336418822859,0.888333333333333,0.910833333333333,0,0
synthetic_in_distribution,degraded,in_distribution_004__degraded,synthetic_in_distribution::in_distribution_004__degraded,mixed_motion,ca_ekf,posterior,latent_kinematic_truth,1200,1,113.676026966184,44.8983472769144,239.329041540794,22.1814970730861,11.974826922548,46.2859609315867,6.1291749820042,0.894166666666667,0.92,0,0
synthetic_in_distribution,degraded,in_distribution_004__degraded,synthetic_in_distribution::in_distribution_004__degraded,mixed_motion,ct_ekf,prior,latent_kinematic_truth,1200,1,303.786002452361,61.8707221344449,661.146926741689,49.7552265164894,10.7264027665011,109.277166264715,122.825373503129,0.498333333333333,0.530833333333333,0,0
synthetic_in_distribution,degraded,in_distribution_004__degraded,synthetic_in_distribution::in_distribution_004__degraded,mixed_motion,ct_ekf,posterior,latent_kinematic_truth,1200,1,282.079769825734,58.0283057598378,615.621007525962,47.4939226912391,10.0228955298121,104.107519910153,117.086171863847,0.501666666666667,0.539166666666667,0,0
synthetic_in_distribution,degraded,in_distribution_004__degraded,synthetic_in_distribution::in_distribution_004__degraded,mixed_motion,native_imm,prior,latent_kinematic_truth,1200,1,161.780991623306,50.7468367937845,324.947714710973,29.6464747544753,15.3729495268276,62.7647229507344,2.91340550133525,0.9975,0.99,0,0
synthetic_in_distribution,degraded,in_distribution_004__degraded,synthetic_in_distribution::in_distribution_004__degraded,mixed_motion,native_imm,posterior,latent_kinematic_truth,1200,1,149.8126191684,44.8330863308816,295.186016204981,28.0183048450739,14.1227123131156,60.1398144847328,3.10840235827967,0.994166666666667,0.9825,0,0
synthetic_in_distribution,degraded,in_distribution_004__degraded,synthetic_in_distribution::in_distribution_004__degraded,mixed_motion,warm_ukf,prior,latent_kinematic_truth,1200,1,827.904395964035,84.3134970160454,1366.04304011501,70.1641155256728,51.0786374443896,132.523812944028,88.8025841683238,0.0183333333333333,0.655,0,0
synthetic_in_distribution,degraded,in_distribution_004__degraded,synthetic_in_distribution::in_distribution_004__degraded,mixed_motion,warm_ukf,posterior,latent_kinematic_truth,1200,1,750.546999823547,65.8616795336483,1238.67723879561,68.4771334383895,50.1802656176519,129.935305356808,87.8972668454532,0.0183333333333333,0.680833333333333,0,0
synthetic_in_distribution,ideal,in_distribution_005__ideal,synthetic_in_distribution::in_distribution_005__ideal,mixed_motion,cv_ekf,prior,latent_kinematic_truth,1200,1,1.41989085787634,0.330790379284281,2.45457614931894,2.24179309854476,0.384000676260169,3.96209781947576,1.92703229730496,0.951666666666667,0.9525,0,0
synthetic_in_distribution,ideal,in_distribution_005__ideal,synthetic_in_distribution::in_distribution_005__ideal,mixed_motion,cv_ekf,posterior,latent_kinematic_truth,1200,1,0.523283487629167,0.166650658622984,0.901335234502664,1.36740697611608,0.272558104867477,2.60947582146679,1.18450010245611,0.999166666666667,1,0,0
synthetic_in_distribution,ideal,in_distribution_005__ideal,synthetic_in_distribution::in_distribution_005__ideal,mixed_motion,ca_ekf,prior,latent_kinematic_truth,1200,1,0.48691646479188,0.0044610109177098,0.791758987520655,0.793407172024554,0.00492437871090537,1.27443842538837,0.404060399811924,0.993333333333333,0.996666666666667,0,0
synthetic_in_distribution,ideal,in_distribution_005__ideal,synthetic_in_distribution::in_distribution_005__ideal,mixed_motion,ca_ekf,posterior,latent_kinematic_truth,1200,1,0.180635004854297,0.00190610689472661,0.296592295360835,0.509857006354969,0.0033905099578627,0.809646654685426,0.316337895019786,0.993333333333333,1,0,0
synthetic_in_distribution,ideal,in_distribution_005__ideal,synthetic_in_distribution::in_distribution_005__ideal,mixed_motion,ct_ekf,prior,latent_kinematic_truth,1200,1,1.41991912068649,0.346471837906392,2.83379551447348,2.23552032499879,0.413787739010062,4.5524005044823,1.94295693405904,0.951666666666667,0.9525,0,0
synthetic_in_distribution,ideal,in_distribution_005__ideal,synthetic_in_distribution::in_distribution_005__ideal,mixed_motion,ct_ekf,posterior,latent_kinematic_truth,1200,1,0.525401475340834,0.177830914436527,1.04350400780269,1.36608029794319,0.282692595389379,2.97341682971254,1.19750951642242,0.999166666666667,1,0,0
synthetic_in_distribution,ideal,in_distribution_005__ideal,synthetic_in_distribution::in_distribution_005__ideal,mixed_motion,native_imm,prior,latent_kinematic_truth,1200,1,0.63732805912308,0.19668472084719,1.32695946094605,1.04439717117093,0.344048125229824,2.13598318670919,0.255027849183639,1,1,0,0
synthetic_in_distribution,ideal,in_distribution_005__ideal,synthetic_in_distribution::in_distribution_005__ideal,mixed_motion,native_imm,posterior,latent_kinematic_truth,1200,1,0.231936765336384,0.0689001302158118,0.492222900463931,0.621862741820085,0.192463914282151,1.28758373377545,0.205034823116129,1,1,0,0
synthetic_in_distribution,ideal,in_distribution_005__ideal,synthetic_in_distribution::in_distribution_005__ideal,mixed_motion,warm_ukf,prior,latent_kinematic_truth,1200,1,64.4704926279672,12.1818501857304,33.2294831231153,83.3731900123702,77.1805129317289,115.204536907084,60.6557523396282,0.0908333333333333,1,0,0
synthetic_in_distribution,ideal,in_distribution_005__ideal,synthetic_in_distribution::in_distribution_005__ideal,mixed_motion,warm_ukf,posterior,latent_kinematic_truth,1200,1,0.0571991501185503,0.0511733410190569,0.0932758337310877,83.1799233023086,77.0556981829527,114.619391602369,59.8884957142435,0.0941666666666667,1,0,0
synthetic_in_distribution,empirical_timing,in_distribution_005__empirical_timing,synthetic_in_distribution::in_distribution_005__empirical_timing,mixed_motion,cv_ekf,prior,latent_kinematic_truth,1200,1,17.7131597996244,0.932175608789128,21.7473266455013,5.90678133818487,0.735405715551306,10.7301725734573,4.14913279725587,0.931666666666667,0.9175,0,0
synthetic_in_distribution,empirical_timing,in_distribution_005__empirical_timing,synthetic_in_distribution::in_distribution_005__empirical_timing,mixed_motion,cv_ekf,posterior,latent_kinematic_truth,1200,1,15.205581439293,0.373418217178215,17.5821622564471,5.21178510160815,0.619084695378543,9.68262427808831,3.41424700100818,0.9475,0.945833333333333,0,0
synthetic_in_distribution,empirical_timing,in_distribution_005__empirical_timing,synthetic_in_distribution::in_distribution_005__empirical_timing,mixed_motion,ca_ekf,prior,latent_kinematic_truth,1200,1,4.00944458428032,0.0542726511345143,6.23953064790394,1.89231655651952,0.0364282010757227,3.65937560069766,0.462826703406414,0.993333333333333,0.995833333333333,0,0
synthetic_in_distribution,empirical_timing,in_distribution_005__empirical_timing,synthetic_in_distribution::in_distribution_005__empirical_timing,mixed_motion,ca_ekf,posterior,latent_kinematic_truth,1200,1,3.30627345896716,0.0239708791036066,4.45087961618887,1.54335631867924,0.029205207555439,2.89051012129302,0.391464671196329,0.995,0.998333333333333,0,0
synthetic_in_distribution,empirical_timing,in_distribution_005__empirical_timing,synthetic_in_distribution::in_distribution_005__empirical_timing,mixed_motion,ct_ekf,prior,latent_kinematic_truth,1200,1,17.4709032492087,1.28210366633616,22.7746161428453,5.83921424511329,1.0739109691376,10.9195279706984,4.15013194232943,0.923333333333333,0.913333333333333,0,0
synthetic_in_distribution,empirical_timing,in_distribution_005__empirical_timing,synthetic_in_distribution::in_distribution_005__empirical_timing,mixed_motion,ct_ekf,posterior,latent_kinematic_truth,1200,1,15.0041314130844,0.609481190219108,18.2561390085308,5.1466860324129,0.859757606793736,9.7085196833492,3.41252513546596,0.943333333333333,0.943333333333333,0,0
synthetic_in_distribution,empirical_timing,in_distribution_005__empirical_timing,synthetic_in_distribution::in_distribution_005__empirical_timing,mixed_motion,native_imm,prior,latent_kinematic_truth,1200,1,8.1252530020676,0.471298616168935,13.6423168628417,2.8895512569257,0.498694503176381,7.09997693676559,0.264973966130549,1,1,0,0
synthetic_in_distribution,empirical_timing,in_distribution_005__empirical_timing,synthetic_in_distribution::in_distribution_005__empirical_timing,mixed_motion,native_imm,posterior,latent_kinematic_truth,1200,1,6.94953609811844,0.216774018497889,10.923470595311,2.50158269072554,0.340417791928832,6.19323628861269,0.243622071094456,1,1,0,0
synthetic_in_distribution,empirical_timing,in_distribution_005__empirical_timing,synthetic_in_distribution::in_distribution_005__empirical_timing,mixed_motion,warm_ukf,prior,latent_kinematic_truth,1200,1,133.271721633055,22.1683651288927,287.459871196413,78.5033895481628,70.6193183537738,129.775482574304,62.5545013392614,0.149166666666667,0.945833333333333,0,0
synthetic_in_distribution,empirical_timing,in_distribution_005__empirical_timing,synthetic_in_distribution::in_distribution_005__empirical_timing,mixed_motion,warm_ukf,posterior,latent_kinematic_truth,1200,1,110.782898775176,10.0273727431546,229.703734530546,78.30353108635,69.9956782946398,129.775482574304,61.8342401744258,0.150833333333333,0.960833333333333,0,0
synthetic_in_distribution,degraded,in_distribution_005__degraded,synthetic_in_distribution::in_distribution_005__degraded,mixed_motion,cv_ekf,prior,latent_kinematic_truth,1200,1,75.6127632439652,43.4736452566774,133.607218820939,14.9786887376697,5.32096178604534,28.1317767929809,14.8009953969433,0.694166666666667,0.738333333333333,0,0
synthetic_in_distribution,degraded,in_distribution_005__degraded,synthetic_in_distribution::in_distribution_005__degraded,mixed_motion,cv_ekf,posterior,latent_kinematic_truth,1200,1,69.1818203319256,40.6009516244502,121.33057624836,14.2422315911772,5.20702838965474,26.7804480053796,14.2577974840562,0.700833333333333,0.76,0,0
synthetic_in_distribution,degraded,in_distribution_005__degraded,synthetic_in_distribution::in_distribution_005__degraded,mixed_motion,ca_ekf,prior,latent_kinematic_truth,1200,1,69.5603413583199,43.1879763533275,138.061589192765,12.9568717931571,9.25905956911763,23.8803085492109,3.58650493867501,0.986666666666667,0.991666666666667,0,0
synthetic_in_distribution,degraded,in_distribution_005__degraded,synthetic_in_distribution::in_distribution_005__degraded,mixed_motion,ca_ekf,posterior,latent_kinematic_truth,1200,1,64.2489629300213,39.5752498004503,126.53607477212,12.2231952451343,8.76847498842132,22.8726263982236,3.65331729084694,0.986666666666667,0.986666666666667,0,0
synthetic_in_distribution,degraded,in_distribution_005__degraded,synthetic_in_distribution::in_distribution_005__degraded,mixed_motion,ct_ekf,prior,latent_kinematic_truth,1200,1,75.4407523620809,43.9823803018078,135.46928076728,14.937250392722,5.35288821683322,29.0146180822808,14.8568443468046,0.686666666666667,0.736666666666667,0,0
synthetic_in_distribution,degraded,in_distribution_005__degraded,synthetic_in_distribution::in_distribution_005__degraded,mixed_motion,ct_ekf,posterior,latent_kinematic_truth,1200,1,69.0385661401638,41.2387244568415,121.188259169386,14.1998071599962,5.17977641010105,27.8506951360391,14.312708985722,0.698333333333333,0.755833333333333,0,0
synthetic_in_distribution,degraded,in_distribution_005__degraded,synthetic_in_distribution::in_distribution_005__degraded,mixed_motion,native_imm,prior,latent_kinematic_truth,1200,1,82.6888850061658,47.0674041547617,144.552648660009,16.9081277638447,11.2744904163144,31.783167929689,2.61324641207491,1,0.996666666666667,0,0
synthetic_in_distribution,degraded,in_distribution_005__degraded,synthetic_in_distribution::in_distribution_005__degraded,mixed_motion,native_imm,posterior,latent_kinematic_truth,1200,1,75.8590328425132,41.8325680445914,132.904229687496,15.9919610230017,10.6859494867545,29.3192749141564,2.74688009686946,1,0.991666666666667,0,0
synthetic_in_distribution,degraded,in_distribution_005__degraded,synthetic_in_distribution::in_distribution_005__degraded,mixed_motion,warm_ukf,prior,latent_kinematic_truth,1200,1,328.678792776679,55.6933135053367,390.613255319711,55.8774964681245,46.6663310937114,93.229599704201,52.1536474116414,0.1,0.9275,0,0
synthetic_in_distribution,degraded,in_distribution_005__degraded,synthetic_in_distribution::in_distribution_005__degraded,mixed_motion,warm_ukf,posterior,latent_kinematic_truth,1200,1,297.590353132709,48.0555442992242,319.230645786264,55.5917465346802,46.7458247166446,92.2040207955939,52.0531220755463,0.0966666666666667,0.935833333333333,0,0
synthetic_in_distribution,ideal,in_distribution_006__ideal,synthetic_in_distribution::in_distribution_006__ideal,mixed_motion,cv_ekf,prior,latent_kinematic_truth,1200,1,5.43757566056688,4.73440493839108,9.79415067179458,8.60578927502421,7.4659434238226,15.4340314017309,27.8972418421641,0.468333333333333,0.475833333333333,0,0
synthetic_in_distribution,ideal,in_distribution_006__ideal,synthetic_in_distribution::in_distribution_006__ideal,mixed_motion,cv_ekf,posterior,latent_kinematic_truth,1200,1,1.99467093227338,1.73735653264111,3.59805731044121,5.23418781751002,4.5232413692666,9.35686608721188,17.0554890535067,0.475833333333333,0.686666666666667,0,0
synthetic_in_distribution,ideal,in_distribution_006__ideal,synthetic_in_distribution::in_distribution_006__ideal,mixed_motion,ca_ekf,prior,latent_kinematic_truth,1200,1,1.5262969682409,0.305319477352934,2.62330008128829,2.54429633217875,0.483090983711245,4.4226449446961,3.72220720383799,0.951666666666667,0.960833333333333,0,0
synthetic_in_distribution,ideal,in_distribution_006__ideal,synthetic_in_distribution::in_distribution_006__ideal,mixed_motion,ca_ekf,posterior,latent_kinematic_truth,1200,1,0.551281351991816,0.111477029606865,0.910948879708217,1.60772996606372,0.292018752783789,2.15336403570996,2.88604336307172,0.959166666666667,0.979166666666667,0,0
synthetic_in_distribution,ideal,in_distribution_006__ideal,synthetic_in_distribution::in_distribution_006__ideal,mixed_motion,ct_ekf,prior,latent_kinematic_truth,1200,1,5.38462813567532,3.6786635627551,9.99966925671785,8.51024717548826,5.81490483753949,15.7407199319235,27.5160968864121,0.489166666666667,0.495833333333333,0,0
synthetic_in_distribution,ideal,in_distribution_006__ideal,synthetic_in_distribution::in_distribution_006__ideal,mixed_motion,ct_ekf,posterior,latent_kinematic_truth,1200,1,1.97934539952952,1.35334774078016,3.6802161835962,5.18226222523854,3.52724702525647,9.57237938777086,16.8625963254336,0.678333333333333,0.689166666666667,0,0
synthetic_in_distribution,ideal,in_distribution_006__ideal,synthetic_in_distribution::in_distribution_006__ideal,mixed_motion,native_imm,prior,latent_kinematic_truth,1200,1,0.761239871124751,0.289584808861325,1.48455608937439,1.59449290408491,0.380365936939334,2.28048388267039,0.278606037944832,0.9975,0.999166666666667,0,0
synthetic_in_distribution,ideal,in_distribution_006__ideal,synthetic_in_distribution::in_distribution_006__ideal,mixed_motion,native_imm,posterior,latent_kinematic_truth,1200,1,0.211558723089781,0.0970470829222076,0.553462586472556,0.80284085757636,0.229235212347751,1.39446213266954,0.211448958926729,0.999166666666667,1,0,0
synthetic_in_distribution,ideal,in_distribution_006__ideal,synthetic_in_distribution::in_distribution_006__ideal,mixed_motion,warm_ukf,prior,latent_kinematic_truth,1200,1,48.6568926130976,24.9364826572752,54.6747737713225,100.698859228517,98.8876085915753,158.659257667941,128.378788289472,0.0183333333333333,0.915833333333333,0,0
synthetic_in_distribution,ideal,in_distribution_006__ideal,synthetic_in_distribution::in_distribution_006__ideal,mixed_motion,warm_ukf,posterior,latent_kinematic_truth,1200,1,0.129839888931523,0.0741678930516169,0.261491422365614,99.0933733625445,98.6029806169363,156.030000185338,125.499954262617,0.0241666666666667,1,0,0
synthetic_in_distribution,empirical_timing,in_distribution_006__empirical_timing,synthetic_in_distribution::in_distribution_006__empirical_timing,mixed_motion,cv_ekf,prior,latent_kinematic_truth,1200,1,179.335093872308,6.94980831033201,341.78595273314,31.625179930265,10.1584788406529,70.5888689276731,74.6953390376458,0.439166666666667,0.444166666666667,0,0
synthetic_in_distribution,empirical_timing,in_distribution_006__empirical_timing,synthetic_in_distribution::in_distribution_006__empirical_timing,mixed_motion,cv_ekf,posterior,latent_kinematic_truth,1200,1,165.506538854866,2.32384757824801,315.298384270489,29.3992595740946,6.91429630831102,65.9958949502615,63.9207849688212,0.445,0.545833333333333,0,0
synthetic_in_distribution,empirical_timing,in_distribution_006__empirical_timing,synthetic_in_distribution::in_distribution_006__empirical_timing,mixed_motion,ca_ekf,prior,latent_kinematic_truth,1200,1,92.6701225558697,0.630465077928913,107.428683450944,16.775157969162,0.843629849544871,34.3812942282014,5.82067172887326,0.9025,0.920833333333333,0,0
synthetic_in_distribution,empirical_timing,in_distribution_006__empirical_timing,synthetic_in_distribution::in_distribution_006__empirical_timing,mixed_motion,ca_ekf,posterior,latent_kinematic_truth,1200,1,85.0891562071921,0.221752957779791,92.8997337806509,15.7201236431651,0.552180472496384,30.4203232787043,5.12285984658149,0.909166666666667,0.936666666666667,0,0
synthetic_in_distribution,empirical_timing,in_distribution_006__empirical_timing,synthetic_in_distribution::in_distribution_006__empirical_timing,mixed_motion,ct_ekf,prior,latent_kinematic_truth,1200,1,141.491269056949,8.07053985056005,228.334906296265,26.8445338983859,9.15859930827951,59.7179690883164,62.8465708525901,0.409166666666667,0.420833333333333,0,0
synthetic_in_distribution,empirical_timing,in_distribution_006__empirical_timing,synthetic_in_distribution::in_distribution_006__empirical_timing,mixed_motion,ct_ekf,posterior,latent_kinematic_truth,1200,1,130.118616197858,3.45404321831308,210.431078842693,24.6107144434155,6.77279839540174,55.1621134346219,52.2647377807473,0.4775,0.521666666666667,0,0
synthetic_in_distribution,empirical_timing,in_distribution_006__empirical_timing,synthetic_in_distribution::in_distribution_006__empirical_timing,mixed_motion,native_imm,prior,latent_kinematic_truth,1200,1,53.6570457461328,0.6040854969454,79.4905961342493,8.89534840784835,0.73291260155684,19.6601223666963,0.25881901379142,1,0.998333333333333,0,0
synthetic_in_distribution,empirical_timing,in_distribution_006__empirical_timing,synthetic_in_distribution::in_distribution_006__empirical_timing,mixed_motion,native_imm,posterior,latent_kinematic_truth,1200,1,49.9620315018012,0.26880154474109,71.3956971109705,8.36472322710667,0.452754227882862,17.6752142196773,0.22384189806507,1,1,0,0
synthetic_in_distribution,empirical_timing,in_distribution_006__empirical_timing,synthetic_in_distribution::in_distribution_006__empirical_timing,mixed_motion,warm_ukf,prior,latent_kinematic_truth,1200,1,709.438427337977,38.2124687746069,1078.09258930433,104.240993715921,64.3817414065436,204.604553989918,128.380375217326,0.0341666666666667,0.715833333333333,0,0
synthetic_in_distribution,empirical_timing,in_distribution_006__empirical_timing,synthetic_in_distribution::in_distribution_006__empirical_timing,mixed_motion,warm_ukf,posterior,latent_kinematic_truth,1200,1,643.173773745035,17.0560883811578,940.128606659561,102.565529900735,63.2883768699464,200.363288531209,125.062182208216,0.0416666666666667,0.799166666666667,0,0
synthetic_in_distribution,degraded,in_distribution_006__degraded,synthetic_in_distribution::in_distribution_006__degraded,mixed_motion,cv_ekf,prior,latent_kinematic_truth,1200,1,420.389053588034,125.379854546959,828.946624816315,64.573551446279,39.6360244630207,127.432454520748,203.00683235974,0.376666666666667,0.418333333333333,0,0
synthetic_in_distribution,degraded,in_distribution_006__degraded,synthetic_in_distribution::in_distribution_006__degraded,mixed_motion,cv_ekf,posterior,latent_kinematic_truth,1200,1,392.992951803822,106.750154513093,774.096543822734,61.7368437386189,36.5871929717398,122.550165341874,193.820402930055,0.378333333333333,0.424166666666667,0,0
synthetic_in_distribution,degraded,in_distribution_006__degraded,synthetic_in_distribution::in_distribution_006__degraded,mixed_motion,ca_ekf,prior,latent_kinematic_truth,1200,1,169.960369765523,50.8730218198811,339.680437740643,32.3095391513056,13.7021571443885,69.8922062652616,7.59863432358473,0.868333333333333,0.9075,0,0
synthetic_in_distribution,degraded,in_distribution_006__degraded,synthetic_in_distribution::in_distribution_006__degraded,mixed_motion,ca_ekf,posterior,latent_kinematic_truth,1200,1,156.210672345119,44.7864813963801,318.695706739913,30.2651061851719,12.6879151887987,64.8689349011527,7.4337793017284,0.874166666666667,0.919166666666667,0,0
synthetic_in_distribution,degraded,in_distribution_006__degraded,synthetic_in_distribution::in_distribution_006__degraded,mixed_motion,ct_ekf,prior,latent_kinematic_truth,1200,1,344.781500125437,125.152311458624,675.499668454654,59.9727408878239,35.5677992132885,116.926329692672,187.371971690805,0.1475,0.275,0,0
synthetic_in_distribution,degraded,in_distribution_006__degraded,synthetic_in_distribution::in_distribution_006__degraded,mixed_motion,ct_ekf,posterior,latent_kinematic_truth,1200,1,319.644714209588,110.464181872782,638.30426262826,57.0478270153702,33.2004056724102,111.820230167546,178.327727742901,0.16,0.308333333333333,0,0
synthetic_in_distribution,degraded,in_distribution_006__degraded,synthetic_in_distribution::in_distribution_006__degraded,mixed_motion,native_imm,prior,latent_kinematic_truth,1200,1,214.7273922659,48.490184759507,454.651642215304,35.6753843832172,16.2526583550353,89.2694943212985,2.50591001183282,0.994166666666667,0.993333333333333,0,0
synthetic_in_distribution,degraded,in_distribution_006__degraded,synthetic_in_distribution::in_distribution_006__degraded,mixed_motion,native_imm,posterior,latent_kinematic_truth,1200,1,200.165491901615,42.7279166871109,415.705059739132,33.6301809540994,15.0546147785734,84.5840079584432,2.63621380865698,0.993333333333333,0.988333333333333,0,0
synthetic_in_distribution,degraded,in_distribution_006__degraded,synthetic_in_distribution::in_distribution_006__degraded,mixed_motion,warm_ukf,prior,latent_kinematic_truth,1200,1,468.255418813245,116.121557610827,1114.25540781582,113.797681809936,102.454916234061,200.069318288442,186.841907759519,0.0108333333333333,0.4275,0,0
synthetic_in_distribution,degraded,in_distribution_006__degraded,synthetic_in_distribution::in_distribution_006__degraded,mixed_motion,warm_ukf,posterior,latent_kinematic_truth,1200,1,420.791704071671,93.749053139361,1094.59553798891,112.311068319151,101.864122741108,197.048474623246,184.7100125451,0.0133333333333333,0.484166666666667,0,0
synthetic_out_of_distribution,ideal,out_of_distribution_001__ideal,synthetic_out_of_distribution::out_of_distribution_001__ideal,mixed_motion,cv_ekf,prior,latent_kinematic_truth,1200,1,15.9369407807052,4.04037133523963,34.6380376826141,25.2808994449942,6.37816915527184,54.7408927721001,246.420511911222,0.455833333333333,0.471666666666667,0,0
synthetic_out_of_distribution,ideal,out_of_distribution_001__ideal,synthetic_out_of_distribution::out_of_distribution_001__ideal,mixed_motion,cv_ekf,posterior,latent_kinematic_truth,1200,1,5.86034879337585,1.48381117328272,12.7131555455069,15.5091509594734,3.87367943199257,33.2994847002524,153.048253448327,0.553333333333333,0.581666666666667,0,0
synthetic_out_of_distribution,ideal,out_of_distribution_001__ideal,synthetic_out_of_distribution::out_of_distribution_001__ideal,mixed_motion,ca_ekf,prior,latent_kinematic_truth,1200,1,8.29389628909524,2.43742671672042,17.4256653770159,13.4589518546841,3.35474566142322,27.8206425424326,111.562846408986,0.511666666666667,0.558333333333333,0,0
synthetic_out_of_distribution,ideal,out_of_distribution_001__ideal,synthetic_out_of_distribution::out_of_distribution_001__ideal,mixed_motion,ca_ekf,posterior,latent_kinematic_truth,1200,1,3.06375621541434,0.974979718012593,6.38324492258701,8.56163697521432,2.21114161326854,18.0004753722263,86.202867790176,0.536666666666667,0.678333333333333,0,0
synthetic_out_of_distribution,ideal,out_of_distribution_001__ideal,synthetic_out_of_distribution::out_of_distribution_001__ideal,mixed_motion,ct_ekf,prior,latent_kinematic_truth,1200,1,15.0027624312809,5.74290390115274,31.8226597004286,23.7775317786594,9.01789546957241,53.1834634149418,220.595140329957,0.1175,0.138333333333333,0,0
synthetic_out_of_distribution,ideal,out_of_distribution_001__ideal,synthetic_out_of_distribution::out_of_distribution_001__ideal,mixed_motion,ct_ekf,posterior,latent_kinematic_truth,1200,1,5.53056178544677,2.11435076619392,11.7255240330001,14.620005515707,5.48631556116913,33.2506398014225,137.6508942106,0.2875,0.516666666666667,0,0
synthetic_out_of_distribution,ideal,out_of_distribution_001__ideal,synthetic_out_of_distribution::out_of_distribution_001__ideal,mixed_motion,native_imm,prior,latent_kinematic_truth,1200,1,2.70946850733301,1.50878236833729,5.43843624045897,5.57424323572169,1.89876170304778,10.1956450071344,5.56966733577983,0.850833333333333,0.885833333333333,0,0
synthetic_out_of_distribution,ideal,out_of_distribution_001__ideal,synthetic_out_of_distribution::out_of_distribution_001__ideal,mixed_motion,native_imm,posterior,latent_kinematic_truth,1200,1,0.826800477297535,0.555181217299946,1.64731657501706,2.64711338248667,1.27206649637501,4.85945726039328,3.91648633073181,0.9025,1,0,0
synthetic_out_of_distribution,ideal,out_of_distribution_001__ideal,synthetic_out_of_distribution::out_of_distribution_001__ideal,mixed_motion,warm_ukf,prior,latent_kinematic_truth,1200,1,67.9456107948245,35.7501828292513,105.570945710477,113.868818628773,66.6925993687985,220.179397498887,187.07838038645,0.0391666666666667,0.734166666666667,0,0
synthetic_out_of_distribution,ideal,out_of_distribution_001__ideal,synthetic_out_of_distribution::out_of_distribution_001__ideal,mixed_motion,warm_ukf,posterior,latent_kinematic_truth,1200,1,0.248009451219781,0.0939136972237349,0.555340757257716,109.528657315727,65.249055151045,211.115744035641,177.46112071015,0.0675,1,0,0
synthetic_out_of_distribution,empirical_timing,out_of_distribution_001__empirical_timing,synthetic_out_of_distribution::out_of_distribution_001__empirical_timing,mixed_motion,cv_ekf,prior,latent_kinematic_truth,1200,1,298.659955399467,10.6805662159144,313.086289940828,68.8559981883514,10.8088205799409,147.286559396505,546.888575783256,0.369166666666667,0.385833333333333,0,0
synthetic_out_of_distribution,empirical_timing,out_of_distribution_001__empirical_timing,synthetic_out_of_distribution::out_of_distribution_001__empirical_timing,mixed_motion,cv_ekf,posterior,latent_kinematic_truth,1200,1,271.885826406997,4.9206206306192,264.328125429466,62.2497191477947,8.60091935657545,130.246484755355,456.686671414074,0.409166666666667,0.463333333333333,0,0
synthetic_out_of_distribution,empirical_timing,out_of_distribution_001__empirical_timing,synthetic_out_of_distribution::out_of_distribution_001__empirical_timing,mixed_motion,ca_ekf,prior,latent_kinematic_truth,1200,1,284.690399992832,5.18125771031228,212.813999174961,58.6225135288254,6.73966005856554,106.707123210101,161.992295146745,0.46,0.5125,0,0
synthetic_out_of_distribution,empirical_timing,out_of_distribution_001__empirical_timing,synthetic_out_of_distribution::out_of_distribution_001__empirical_timing,mixed_motion,ca_ekf,posterior,latent_kinematic_truth,1200,1,261.268482508495,1.93325115064095,166.477842972413,53.3958002048844,4.44711844461958,89.8013479508759,141.307550375881,0.480833333333333,0.608333333333333,0,0
synthetic_out_of_distribution,empirical_timing,out_of_distribution_001__empirical_timing,synthetic_out_of_distribution::out_of_distribution_001__empirical_timing,mixed_motion,ct_ekf,prior,latent_kinematic_truth,1200,1,261.482425647682,17.0177074146771,297.342779697534,63.6596241221753,18.0329985691417,131.600124687878,479.874485244968,0.0991666666666667,0.108333333333333,0,0
synthetic_out_of_distribution,empirical_timing,out_of_distribution_001__empirical_timing,synthetic_out_of_distribution::out_of_distribution_001__empirical_timing,mixed_motion,ct_ekf,posterior,latent_kinematic_truth,1200,1,236.94591367826,7.2735689127239,253.91104292576,57.2601603818921,13.5346677643456,116.980907032216,399.230512592533,0.170833333333333,0.3025,0,0
synthetic_out_of_distribution,empirical_timing,out_of_distribution_001__empirical_timing,synthetic_out_of_distribution::out_of_distribution_001__empirical_timing,mixed_motion,native_imm,prior,latent_kinematic_truth,1200,1,277.348929084666,2.76182356741776,95.2948395329396,49.9663448487789,3.08965328895504,57.2603919866947,7.09080658813261,0.809166666666667,0.84,0,0
synthetic_out_of_distribution,empirical_timing,out_of_distribution_001__empirical_timing,synthetic_out_of_distribution::out_of_distribution_001__empirical_timing,mixed_motion,native_imm,posterior,latent_kinematic_truth,1200,1,256.1425208033,1.0382089781136,73.9666519464887,46.6774284918822,2.16315649431927,44.4330400449704,5.93835226868056,0.84,0.895,0,0
synthetic_out_of_distribution,empirical_timing,out_of_distribution_001__empirical_timing,synthetic_out_of_distribution::out_of_distribution_001__empirical_timing,mixed_motion,warm_ukf,prior,latent_kinematic_truth,1200,1,455.763393845603,74.5049337632537,1158.6191287748,145.274784408978,77.7067392522521,307.551317087814,212.033101345218,0.0558333333333333,0.58,0,0
synthetic_out_of_distribution,empirical_timing,out_of_distribution_001__empirical_timing,synthetic_out_of_distribution::out_of_distribution_001__empirical_timing,mixed_motion,warm_ukf,posterior,latent_kinematic_truth,1200,1,413.395031394834,27.3559130432408,941.825824753103,142.048076391188,76.747012290015,299.618925178765,199.551699265492,0.065,0.734166666666667,0,0
synthetic_out_of_distribution,degraded,out_of_distribution_001__degraded,synthetic_out_of_distribution::out_of_distribution_001__degraded,mixed_motion,cv_ekf,prior,latent_kinematic_truth,1200,1,605.959886304638,181.364906156838,1281.07974199821,139.424933469073,42.7433768780551,322.733778200229,1272.37159432991,0.1475,0.226666666666667,0,0
synthetic_out_of_distribution,degraded,out_of_distribution_001__degraded,synthetic_out_of_distribution::out_of_distribution_001__degraded,mixed_motion,cv_ekf,posterior,latent_kinematic_truth,1200,1,546.778690654601,161.382047124036,1144.68339275584,133.470148801851,41.8308553408615,305.984547321693,1223.49763167722,0.15,0.239166666666667,0,0
synthetic_out_of_distribution,degraded,out_of_distribution_001__degraded,synthetic_out_of_distribution::out_of_distribution_001__degraded,mixed_motion,ca_ekf,prior,latent_kinematic_truth,1200,1,455.596051860825,119.06684312852,839.6357707139,121.643786933554,50.0102473669617,274.199223942746,152.55801601954,0.305833333333333,0.4225,0,0
synthetic_out_of_distribution,degraded,out_of_distribution_001__degraded,synthetic_out_of_distribution::out_of_distribution_001__degraded,mixed_motion,ca_ekf,posterior,latent_kinematic_truth,1200,1,408.567089505205,94.4135543296871,708.715880373819,112.496120362268,45.0742442047722,258.766761439523,145.325558771374,0.308333333333333,0.438333333333333,0,0
synthetic_out_of_distribution,degraded,out_of_distribution_001__degraded,synthetic_out_of_distribution::out_of_distribution_001__degraded,mixed_motion,ct_ekf,prior,latent_kinematic_truth,1200,1,566.728424308074,201.561262295478,1170.49610064028,133.006309036786,47.487036347565,301.637022900949,1166.98080503997,0.0625,0.0908333333333333,0,0
synthetic_out_of_distribution,degraded,out_of_distribution_001__degraded,synthetic_out_of_distribution::out_of_distribution_001__degraded,mixed_motion,ct_ekf,posterior,latent_kinematic_truth,1200,1,510.47572740889,181.774351694172,1040.62408333794,127.354496408644,44.9942164822556,287.255065237945,1123.41454653335,0.0633333333333333,0.101666666666667,0,0
synthetic_out_of_distribution,degraded,out_of_distribution_001__degraded,synthetic_out_of_distribution::out_of_distribution_001__degraded,mixed_motion,native_imm,prior,latent_kinematic_truth,1200,1,320.663493572024,65.2989436569984,418.417451972376,73.0968494878053,27.8601866021124,151.176145873744,10.3438059068251,0.776666666666667,0.843333333333333,0,0
synthetic_out_of_distribution,degraded,out_of_distribution_001__degraded,synthetic_out_of_distribution::out_of_distribution_001__degraded,mixed_motion,native_imm,posterior,latent_kinematic_truth,1200,1,292.721020572676,54.7452067975571,363.425353157983,67.2593104667372,24.9350470214805,131.648877773792,10.4079332216773,0.776666666666667,0.8525,0,0
synthetic_out_of_distribution,degraded,out_of_distribution_001__degraded,synthetic_out_of_distribution::out_of_distribution_001__degraded,mixed_motion,warm_ukf,prior,latent_kinematic_truth,1200,1,562.720372727178,149.337427633083,974.573518961083,145.044765232917,69.1534691700799,295.614474040154,201.401124612004,0.0491666666666667,0.370833333333333,0,0
synthetic_out_of_distribution,degraded,out_of_distribution_001__degraded,synthetic_out_of_distribution::out_of_distribution_001__degraded,mixed_motion,warm_ukf,posterior,latent_kinematic_truth,1200,1,501.759918857826,114.711364168978,823.422891634389,141.551505487651,67.9934463237062,283.075776899209,194.677123876468,0.0525,0.404166666666667,0,0
synthetic_out_of_distribution,ideal,out_of_distribution_002__ideal,synthetic_out_of_distribution::out_of_distribution_002__ideal,mixed_motion,cv_ekf,prior,latent_kinematic_truth,1200,1,21.6031382650571,3.22750244861031,49.435114904684,34.390779952678,4.98547897135504,78.175793248176,454.720425232703,0.5325,0.541666666666667,0,0
synthetic_out_of_distribution,ideal,out_of_distribution_002__ideal,synthetic_out_of_distribution::out_of_distribution_002__ideal,mixed_motion,cv_ekf,posterior,latent_kinematic_truth,1200,1,7.93139242019234,1.17533420777902,18.1588201408301,21.1201511165514,3.08433020980228,48.211994986214,283.519375154448,0.554166666666667,0.568333333333333,0,0
synthetic_out_of_distribution,ideal,out_of_distribution_002__ideal,synthetic_out_of_distribution::out_of_distribution_002__ideal,mixed_motion,ca_ekf,prior,latent_kinematic_truth,1200,1,11.7462740120382,2.89107448799073,27.0857791406829,19.2902103062193,4.42860611261554,43.2915742226185,220.52521331751,0.504166666666667,0.555,0,0
synthetic_out_of_distribution,ideal,out_of_distribution_002__ideal,synthetic_out_of_distribution::out_of_distribution_002__ideal,mixed_motion,ca_ekf,posterior,latent_kinematic_truth,1200,1,4.29416184082322,1.11570536671161,9.72818683077799,12.2150184460594,2.80718463447479,29.6401620269506,170.268618939952,0.525,0.6375,0,0
synthetic_out_of_distribution,ideal,out_of_distribution_002__ideal,synthetic_out_of_distribution::out_of_distribution_002__ideal,mixed_motion,ct_ekf,prior,latent_kinematic_truth,1200,1,21.6796848696694,5.91745130701226,45.5663654675935,34.4788794925103,9.30180652579404,71.9996209023388,460.169326772495,0.3275,0.340833333333333,0,0
synthetic_out_of_distribution,ideal,out_of_distribution_002__ideal,synthetic_out_of_distribution::out_of_distribution_002__ideal,mixed_motion,ct_ekf,posterior,latent_kinematic_truth,1200,1,7.97117361850073,2.19122586613739,16.747847127524,21.1873193983468,5.76706492585662,43.9662554870767,287.508861386948,0.425833333333333,0.5,0,0
synthetic_out_of_distribution,ideal,out_of_distribution_002__ideal,synthetic_out_of_distribution::out_of_distribution_002__ideal,mixed_motion,native_imm,prior,latent_kinematic_truth,1200,1,3.39541015475206,1.78814384156135,7.20654139324678,7.27862328593503,2.04872818955655,15.0167528814686,9.95732789471995,0.8675,0.875833333333333,0,0
synthetic_out_of_distribution,ideal,out_of_distribution_002__ideal,synthetic_out_of_distribution::out_of_distribution_002__ideal,mixed_motion,native_imm,posterior,latent_kinematic_truth,1200,1,1.07281548908038,0.767278180126141,1.84500804262288,3.32610641730975,1.45442728944442,6.37848011787776,7.01971761773472,0.911666666666667,0.973333333333333,0,0
synthetic_out_of_distribution,ideal,out_of_distribution_002__ideal,synthetic_out_of_distribution::out_of_distribution_002__ideal,mixed_motion,warm_ukf,prior,latent_kinematic_truth,1200,1,147.217869195901,38.2895730129439,136.205996346758,159.337798207004,96.2189390970117,321.712168502322,343.191348173043,0.00916666666666667,0.624166666666667,0,0
synthetic_out_of_distribution,ideal,out_of_distribution_002__ideal,synthetic_out_of_distribution::out_of_distribution_002__ideal,mixed_motion,warm_ukf,posterior,latent_kinematic_truth,1200,1,0.355959461424568,0.130802413454457,0.846968508350328,152.617078375935,95.2337556921813,311.000065002252,324.470082049672,0.0116666666666667,1,0,0
synthetic_out_of_distribution,empirical_timing,out_of_distribution_002__empirical_timing,synthetic_out_of_distribution::out_of_distribution_002__empirical_timing,mixed_motion,cv_ekf,prior,latent_kinematic_truth,1200,1,170.480592096789,12.4543434052004,216.229411036562,60.3305983096695,8.47536000313589,127.669768469798,701.403387136896,0.44,0.454166666666667,0,0
synthetic_out_of_distribution,empirical_timing,out_of_distribution_002__empirical_timing,synthetic_out_of_distribution::out_of_distribution_002__empirical_timing,mixed_motion,cv_ekf,posterior,latent_kinematic_truth,1200,1,149.67921640934,4.99460216513284,162.1794254046,50.0694828241356,6.83736766469679,109.228955262992,533.519753429617,0.469166666666667,0.499166666666667,0,0
synthetic_out_of_distribution,empirical_timing,out_of_distribution_002__empirical_timing,synthetic_out_of_distribution::out_of_distribution_002__empirical_timing,mixed_motion,ca_ekf,prior,latent_kinematic_truth,1200,1,170.254786230519,6.4771268747376,132.645394945341,47.5341649361609,7.7565898644095,95.1901831266663,279.353097635636,0.446666666666667,0.489166666666667,0,0
synthetic_out_of_distribution,empirical_timing,out_of_distribution_002__empirical_timing,synthetic_out_of_distribution::out_of_distribution_002__empirical_timing,mixed_motion,ca_ekf,posterior,latent_kinematic_truth,1200,1,152.561754709601,2.61547648745903,89.8217516874674,41.26461477678,5.3069875974471,77.0940119669052,235.08447066796,0.4675,0.5675,0,0
synthetic_out_of_distribution,empirical_timing,out_of_distribution_002__empirical_timing,synthetic_out_of_distribution::out_of_distribution_002__empirical_timing,mixed_motion,ct_ekf,prior,latent_kinematic_truth,1200,1,178.0847973265,20.3607759847449,217.117227276618,61.1906672440722,19.7766465897973,124.407965526567,713.349569447378,0.2275,0.243333333333333,0,0
synthetic_out_of_distribution,empirical_timing,out_of_distribution_002__empirical_timing,synthetic_out_of_distribution::out_of_distribution_002__empirical_timing,mixed_motion,ct_ekf,posterior,latent_kinematic_truth,1200,1,156.757388432838,9.28877153297911,156.65891867958,50.9972696789852,14.4950515480946,102.084150479958,544.104347374241,0.290833333333333,0.350833333333333,0,0
synthetic_out_of_distribution,empirical_timing,out_of_distribution_002__empirical_timing,synthetic_out_of_distribution::out_of_distribution_002__empirical_timing,mixed_motion,native_imm,prior,latent_kinematic_truth,1200,1,85.4984159346415,2.95845708762576,67.5557429801415,27.8907345088367,3.93320831471931,61.7887332554421,9.42377242090629,0.846666666666667,0.865,0,0
synthetic_out_of_distribution,empirical_timing,out_of_distribution_002__empirical_timing,synthetic_out_of_distribution::out_of_distribution_002__empirical_timing,mixed_motion,native_imm,posterior,latent_kinematic_truth,1200,1,75.6847327307554,1.05175552760174,51.605372444343,23.1837142213152,2.54293898386915,44.271936230443,7.59493081253352,0.875,0.92,0,0
synthetic_out_of_distribution,empirical_timing,out_of_distribution_002__empirical_timing,synthetic_out_of_distribution::out_of_distribution_002__empirical_timing,mixed_motion,warm_ukf,prior,latent_kinematic_truth,1200,1,275.779390954954,71.7543467793306,580.51802914922,172.539546474314,97.432384963243,346.739231225786,317.443623440441,0.00833333333333333,0.470833333333333,0,0
synthetic_out_of_distribution,empirical_timing,out_of_distribution_002__empirical_timing,synthetic_out_of_distribution::out_of_distribution_002__empirical_timing,mixed_motion,warm_ukf,posterior,latent_kinematic_truth,1200,1,219.04376879094,15.9752796377895,467.836470687267,165.929882251397,96.0665894774541,322.557355236532,297.253031319303,0.01,0.714166666666667,0,0
synthetic_out_of_distribution,degraded,out_of_distribution_002__degraded,synthetic_out_of_distribution::out_of_distribution_002__degraded,mixed_motion,cv_ekf,prior,latent_kinematic_truth,1200,1,589.329733483689,233.942378672761,1216.08187373421,167.245173317353,60.0796677541156,357.365033625738,2132.73325493428,0.0633333333333333,0.115,0,0
synthetic_out_of_distribution,degraded,out_of_distribution_002__degraded,synthetic_out_of_distribution::out_of_distribution_002__degraded,mixed_motion,cv_ekf,posterior,latent_kinematic_truth,1200,1,519.539384196864,200.87822382161,1055.06162846153,158.640682099981,55.8803267211027,340.798303610817,2041.97214942571,0.0633333333333333,0.126666666666667,0,0
synthetic_out_of_distribution,degraded,out_of_distribution_002__degraded,synthetic_out_of_distribution::out_of_distribution_002__degraded,mixed_motion,ca_ekf,prior,latent_kinematic_truth,1200,1,471.653406422591,142.279451105593,790.499942908661,146.764243248602,60.5549419335707,294.759791567063,261.583361106715,0.256666666666667,0.375833333333333,0,0
synthetic_out_of_distribution,degraded,out_of_distribution_002__degraded,synthetic_out_of_distribution::out_of_distribution_002__degraded,mixed_motion,ca_ekf,posterior,latent_kinematic_truth,1200,1,413.595187928158,117.991463229646,680.13414213008,133.776630541957,54.6096497765767,265.602094916873,247.191486486324,0.26,0.404166666666667,0,0
synthetic_out_of_distribution,degraded,out_of_distribution_002__degraded,synthetic_out_of_distribution::out_of_distribution_002__degraded,mixed_motion,ct_ekf,prior,latent_kinematic_truth,1200,1,590.653995026935,264.649669541228,1203.92407380024,168.047488793591,68.4499584790993,362.343701858717,2152.28464851925,0.00166666666666667,0.02,0,0
synthetic_out_of_distribution,degraded,out_of_distribution_002__degraded,synthetic_out_of_distribution::out_of_distribution_002__degraded,mixed_motion,ct_ekf,posterior,latent_kinematic_truth,1200,1,520.500272244555,224.410775955111,1078.30536490509,159.354127457427,63.6812573336588,342.058789211652,2060.7310404869,0.000833333333333333,0.0283333333333333,0,0
synthetic_out_of_distribution,degraded,out_of_distribution_002__degraded,synthetic_out_of_distribution::out_of_distribution_002__degraded,mixed_motion,native_imm,prior,latent_kinematic_truth,1200,1,334.942985714347,68.8664370789492,382.35121368638,78.6454735242554,26.6195490792864,155.935596055074,8.40985971081124,0.805833333333333,0.865,0,0
synthetic_out_of_distribution,degraded,out_of_distribution_002__degraded,synthetic_out_of_distribution::out_of_distribution_002__degraded,mixed_motion,native_imm,posterior,latent_kinematic_truth,1200,1,304.473231124084,55.647488771471,310.251242210121,71.6765436506387,24.0529037041732,138.1560074976,8.52481679859303,0.803333333333333,0.890833333333333,0,0
synthetic_out_of_distribution,degraded,out_of_distribution_002__degraded,synthetic_out_of_distribution::out_of_distribution_002__degraded,mixed_motion,warm_ukf,prior,latent_kinematic_truth,1200,1,450.031739820408,187.153368766034,845.858296545558,158.654335330845,105.512364871025,301.662383774752,409.60274697479,0.00833333333333333,0.2575,0,0
synthetic_out_of_distribution,degraded,out_of_distribution_002__degraded,synthetic_out_of_distribution::out_of_distribution_002__degraded,mixed_motion,warm_ukf,posterior,latent_kinematic_truth,1200,1,379.262699830752,146.986394800622,701.267824685913,152.314765904738,103.069119043718,290.150083697928,393.54951366923,0.00666666666666667,0.293333333333333,0,0
synthetic_out_of_distribution,ideal,out_of_distribution_003__ideal,synthetic_out_of_distribution::out_of_distribution_003__ideal,mixed_motion,cv_ekf,prior,latent_kinematic_truth,1200,1,27.1829470693257,4.65471624979747,53.7949144476264,43.1867095684943,7.03286023472458,84.9014580587146,715.25171816286,0.444166666666667,0.4525,0,0
synthetic_out_of_distribution,ideal,out_of_distribution_003__ideal,synthetic_out_of_distribution::out_of_distribution_003__ideal,mixed_motion,cv_ekf,posterior,latent_kinematic_truth,1200,1,9.98075891711988,1.699317002634,19.7617667469213,26.4820883158655,4.35162859362938,51.9281412029905,444.025745275934,0.514166666666667,0.583333333333333,0,0
synthetic_out_of_distribution,ideal,out_of_distribution_003__ideal,synthetic_out_of_distribution::out_of_distribution_003__ideal,mixed_motion,ca_ekf,prior,latent_kinematic_truth,1200,1,13.8670588468133,3.34923253346325,30.1120086454746,22.6395253054932,4.67658862314129,48.9656623770712,308.047796343269,0.4675,0.493333333333333,0,0
synthetic_out_of_distribution,ideal,out_of_distribution_003__ideal,synthetic_out_of_distribution::out_of_distribution_003__ideal,mixed_motion,ca_ekf,posterior,latent_kinematic_truth,1200,1,5.08546268936905,1.43902826780054,11.0455021768485,14.3818742155095,3.01716890536031,31.9396289448761,237.641997105092,0.476666666666667,0.570833333333333,0,0
synthetic_out_of_distribution,ideal,out_of_distribution_003__ideal,synthetic_out_of_distribution::out_of_distribution_003__ideal,mixed_motion,ct_ekf,prior,latent_kinematic_truth,1200,1,27.2585273495605,6.93155615331687,54.4154934987856,43.2449878458315,10.9107223562463,85.8398546951772,722.778355909279,0.1125,0.1225,0,0
synthetic_out_of_distribution,ideal,out_of_distribution_003__ideal,synthetic_out_of_distribution::out_of_distribution_003__ideal,mixed_motion,ct_ekf,posterior,latent_kinematic_truth,1200,1,10.0273477808352,2.54555640453359,20.0407807889877,26.5387532528758,6.62770846883355,52.2923973486753,449.535645755278,0.2025,0.394166666666667,0,0
synthetic_out_of_distribution,ideal,out_of_distribution_003__ideal,synthetic_out_of_distribution::out_of_distribution_003__ideal,mixed_motion,native_imm,prior,latent_kinematic_truth,1200,1,5.45757411770168,2.00469056801984,13.4081267391257,11.1900780591927,2.30839085728666,26.2285327091594,26.2805837301278,0.776666666666667,0.808333333333333,0,0
synthetic_out_of_distribution,ideal,out_of_distribution_003__ideal,synthetic_out_of_distribution::out_of_distribution_003__ideal,mixed_motion,native_imm,posterior,latent_kinematic_truth,1200,1,1.62237963498005,0.702578827001163,3.4408068995192,5.41053485426758,1.51856829600728,13.9062401324876,19.4601109234756,0.821666666666667,0.903333333333333,0,0
synthetic_out_of_distribution,ideal,out_of_distribution_003__ideal,synthetic_out_of_distribution::out_of_distribution_003__ideal,mixed_motion,warm_ukf,prior,latent_kinematic_truth,1200,1,148.484364495714,45.8424727007903,179.99228471703,190.06698281296,117.290939099497,378.710152719182,529.972384781284,0.000833333333333333,0.5675,0,0
synthetic_out_of_distribution,ideal,out_of_distribution_003__ideal,synthetic_out_of_distribution::out_of_distribution_003__ideal,mixed_motion,warm_ukf,posterior,latent_kinematic_truth,1200,1,0.437165588285462,0.135637015624079,0.974259155906429,181.69160861072,116.632191771658,359.469275649734,500.105623776132,0.00166666666666667,1,0,0
synthetic_out_of_distribution,empirical_timing,out_of_distribution_003__empirical_timing,synthetic_out_of_distribution::out_of_distribution_003__empirical_timing,mixed_motion,cv_ekf,prior,latent_kinematic_truth,1200,1,544.280949336054,26.6127720079745,1028.83236074807,119.288208325678,16.7193281026366,259.497811747279,1604.4625068629,0.306666666666667,0.3175,0,0
synthetic_out_of_distribution,empirical_timing,out_of_distribution_003__empirical_timing,synthetic_out_of_distribution::out_of_distribution_003__empirical_timing,mixed_motion,cv_ekf,posterior,latent_kinematic_truth,1200,1,496.276042752627,11.5591247265683,875.720421248218,108.85599097572,14.3290588409095,233.236007183437,1346.50877923457,0.361666666666667,0.410833333333333,0,0
synthetic_out_of_distribution,empirical_timing,out_of_distribution_003__empirical_timing,synthetic_out_of_distribution::out_of_distribution_003__empirical_timing,mixed_motion,ca_ekf,prior,latent_kinematic_truth,1200,1,656.144371463931,12.8576127574002,913.334343125093,146.887354185882,16.526180197529,321.608206042015,586.090797766258,0.3775,0.39,0,0
synthetic_out_of_distribution,empirical_timing,out_of_distribution_003__empirical_timing,synthetic_out_of_distribution::out_of_distribution_003__empirical_timing,mixed_motion,ca_ekf,posterior,latent_kinematic_truth,1200,1,591.775823974147,4.99099376859999,769.363740746943,136.597330340852,11.2829770727333,292.917284300554,528.842942079163,0.388333333333333,0.456666666666667,0,0
synthetic_out_of_distribution,empirical_timing,out_of_distribution_003__empirical_timing,synthetic_out_of_distribution::out_of_distribution_003__empirical_timing,mixed_motion,ct_ekf,prior,latent_kinematic_truth,1200,1,621.658623666622,34.8696280034494,1095.26055238913,128.690721279497,35.3873264809416,313.086381870653,1724.88813750075,0.0675,0.0775,0,0
synthetic_out_of_distribution,empirical_timing,out_of_distribution_003__empirical_timing,synthetic_out_of_distribution::out_of_distribution_003__empirical_timing,mixed_motion,ct_ekf,posterior,latent_kinematic_truth,1200,1,568.746169397658,14.5856593640505,918.816941940345,118.306604140121,28.4855770673194,294.297478384121,1463.64595033014,0.103333333333333,0.243333333333333,0,0
synthetic_out_of_distribution,empirical_timing,out_of_distribution_003__empirical_timing,synthetic_out_of_distribution::out_of_distribution_003__empirical_timing,mixed_motion,native_imm,prior,latent_kinematic_truth,1200,1,435.116194003482,6.18195789339235,533.200193170118,104.821654995894,6.95019888915514,207.860333933258,26.6661875849698,0.7425,0.770833333333333,0,0
synthetic_out_of_distribution,empirical_timing,out_of_distribution_003__empirical_timing,synthetic_out_of_distribution::out_of_distribution_003__empirical_timing,mixed_motion,native_imm,posterior,latent_kinematic_truth,1200,1,391.603159727165,1.84461539941091,435.735357851708,97.2494411136432,4.68089219049565,183.489214737291,22.5440163122666,0.765833333333333,0.843333333333333,0,0
synthetic_out_of_distribution,empirical_timing,out_of_distribution_003__empirical_timing,synthetic_out_of_distribution::out_of_distribution_003__empirical_timing,mixed_motion,warm_ukf,prior,latent_kinematic_truth,1200,1,1490.19243269318,104.340145557231,1875.50772319651,217.908550983505,134.387944457254,446.062689094024,667.791564705381,0.00333333333333333,0.36,0,0
synthetic_out_of_distribution,empirical_timing,out_of_distribution_003__empirical_timing,synthetic_out_of_distribution::out_of_distribution_003__empirical_timing,mixed_motion,warm_ukf,posterior,latent_kinematic_truth,1200,1,1398.43752713407,38.2580932213018,1694.29404953063,211.380355615026,131.556793635799,429.434409104295,639.969923208542,0.00416666666666667,0.599166666666667,0,0
synthetic_out_of_distribution,degraded,out_of_distribution_003__degraded,synthetic_out_of_distribution::out_of_distribution_003__degraded,mixed_motion,cv_ekf,prior,latent_kinematic_truth,1200,1,1086.1322081244,383.107786236378,2123.88103633145,230.366993326543,87.4448747633304,472.117993496274,3794.47930480678,0.0733333333333333,0.176666666666667,0,0
synthetic_out_of_distribution,degraded,out_of_distribution_003__degraded,synthetic_out_of_distribution::out_of_distribution_003__degraded,mixed_motion,cv_ekf,posterior,latent_kinematic_truth,1200,1,998.166233132982,318.48513164471,1934.49858077268,220.476315752187,82.6819185466016,448.484039556216,3656.80070931952,0.0741666666666667,0.185,0,0
synthetic_out_of_distribution,degraded,out_of_distribution_003__degraded,synthetic_out_of_distribution::out_of_distribution_003__degraded,mixed_motion,ca_ekf,prior,latent_kinematic_truth,1200,1,1196.54169456058,215.855707331129,2433.05079474003,251.366663837474,114.086581957192,498.729210850036,424.771994909065,0.2475,0.3675,0,0
synthetic_out_of_distribution,degraded,out_of_distribution_003__degraded,synthetic_out_of_distribution::out_of_distribution_003__degraded,mixed_motion,ca_ekf,posterior,latent_kinematic_truth,1200,1,1090.36855221056,156.932972369209,2187.87065942587,235.630921019492,101.661072005022,476.417010270447,406.06276818382,0.25,0.376666666666667,0,0
synthetic_out_of_distribution,degraded,out_of_distribution_003__degraded,synthetic_out_of_distribution::out_of_distribution_003__degraded,mixed_motion,ct_ekf,prior,latent_kinematic_truth,1200,1,1179.78471971126,444.618765944808,2389.11506818098,238.38171642164,94.6987589572768,487.582993690624,3925.9887400502,0.000833333333333333,0.0258333333333333,0,0
synthetic_out_of_distribution,degraded,out_of_distribution_003__degraded,synthetic_out_of_distribution::out_of_distribution_003__degraded,mixed_motion,ct_ekf,posterior,latent_kinematic_truth,1200,1,1088.23552784916,378.573510163541,2192.35677028839,228.275923092089,89.5804945493477,471.250051981388,3785.59822406959,0.000833333333333333,0.0366666666666667,0,0
synthetic_out_of_distribution,degraded,out_of_distribution_003__degraded,synthetic_out_of_distribution::out_of_distribution_003__degraded,mixed_motion,native_imm,prior,latent_kinematic_truth,1200,1,633.943617959885,70.1096111294884,1075.47874200763,127.607419969693,34.0497341134973,282.002835765676,12.737141175218,0.795,0.850833333333333,0,0
synthetic_out_of_distribution,degraded,out_of_distribution_003__degraded,synthetic_out_of_distribution::out_of_distribution_003__degraded,mixed_motion,native_imm,posterior,latent_kinematic_truth,1200,1,580.620289311146,55.7926996295051,929.787141349915,119.471971008959,29.569266011535,263.148076964685,12.5126682157296,0.800833333333333,0.873333333333333,0,0
synthetic_out_of_distribution,degraded,out_of_distribution_003__degraded,synthetic_out_of_distribution::out_of_distribution_003__degraded,mixed_motion,warm_ukf,prior,latent_kinematic_truth,1200,1,956.831467199227,252.654936514624,2324.60694795849,253.853858112718,147.438570761715,515.550929096781,609.715815913021,0.0075,0.250833333333333,0,0
synthetic_out_of_distribution,degraded,out_of_distribution_003__degraded,synthetic_out_of_distribution::out_of_distribution_003__degraded,mixed_motion,warm_ukf,posterior,latent_kinematic_truth,1200,1,866.334963810289,184.876085162779,2049.81361006877,246.033716580625,137.436615119281,507.239653589604,584.642926980068,0.01,0.288333333333333,0,0
real_adsb,baseline,stage4B_3Day_nohup_20260819T132526Z_w114_20260821T215740Z::a3d066::20260821T215752__baseline,stage4B_3Day_nohup_20260819T132526Z_w114_20260821T215740Z::a3d066::20260821T215752,observed_adsb,cv_ekf,prior,adsb_scoring_proxy,207,1,7.71918597600773,3.84610169715862,9.470297654352,2.49633808412192,0.568267407965648,2.70309040743441,NaN,NaN,NaN,0,0
real_adsb,baseline,stage4B_3Day_nohup_20260819T132526Z_w114_20260821T215740Z::a3d066::20260821T215752__baseline,stage4B_3Day_nohup_20260819T132526Z_w114_20260821T215740Z::a3d066::20260821T215752,observed_adsb,cv_ekf,posterior,adsb_scoring_proxy,207,1,7.71918597600773,3.84610169715862,9.470297654352,2.49633808412192,0.568267407965648,2.70309040743441,NaN,NaN,NaN,0,0
real_adsb,baseline,stage4B_3Day_nohup_20260819T132526Z_w114_20260821T215740Z::a3d066::20260821T215752__baseline,stage4B_3Day_nohup_20260819T132526Z_w114_20260821T215740Z::a3d066::20260821T215752,observed_adsb,ca_ekf,prior,adsb_scoring_proxy,207,1,4.75623309047402,3.66441769358508,8.06957679549436,1.63349599264319,0.627005738779121,2.60933268895015,NaN,NaN,NaN,0,0
real_adsb,baseline,stage4B_3Day_nohup_20260819T132526Z_w114_20260821T215740Z::a3d066::20260821T215752__baseline,stage4B_3Day_nohup_20260819T132526Z_w114_20260821T215740Z::a3d066::20260821T215752,observed_adsb,ca_ekf,posterior,adsb_scoring_proxy,207,1,4.75623309047402,3.66441769358508,8.06957679549436,1.63349599264319,0.627005738779121,2.60933268895015,NaN,NaN,NaN,0,0
real_adsb,baseline,stage4B_3Day_nohup_20260819T132526Z_w114_20260821T215740Z::a3d066::20260821T215752__baseline,stage4B_3Day_nohup_20260819T132526Z_w114_20260821T215740Z::a3d066::20260821T215752,observed_adsb,ct_ekf,prior,adsb_scoring_proxy,207,1,7.7673822546705,3.86637175729338,9.74693133699832,2.50382808350433,0.576267381763012,2.79215125553023,NaN,NaN,NaN,0,0
real_adsb,baseline,stage4B_3Day_nohup_20260819T132526Z_w114_20260821T215740Z::a3d066::20260821T215752__baseline,stage4B_3Day_nohup_20260819T132526Z_w114_20260821T215740Z::a3d066::20260821T215752,observed_adsb,ct_ekf,posterior,adsb_scoring_proxy,207,1,7.7673822546705,3.86637175729338,9.74693133699832,2.50382808350433,0.576267381763012,2.79215125553023,NaN,NaN,NaN,0,0
real_adsb,baseline,stage4B_3Day_nohup_20260819T132526Z_w114_20260821T215740Z::a3d066::20260821T215752__baseline,stage4B_3Day_nohup_20260819T132526Z_w114_20260821T215740Z::a3d066::20260821T215752,observed_adsb,native_imm,prior,adsb_scoring_proxy,207,1,4.2920084938609,3.6972853854524,6.98827662585099,1.17675598850299,0.568813111372554,2.11871957678415,NaN,NaN,NaN,0,0
real_adsb,baseline,stage4B_3Day_nohup_20260819T132526Z_w114_20260821T215740Z::a3d066::20260821T215752__baseline,stage4B_3Day_nohup_20260819T132526Z_w114_20260821T215740Z::a3d066::20260821T215752,observed_adsb,native_imm,posterior,adsb_scoring_proxy,207,1,4.2920084938609,3.6972853854524,6.98827662585099,1.17675598850299,0.568813111372554,2.11871957678415,NaN,NaN,NaN,0,0
real_adsb,baseline,stage4B_3Day_nohup_20260819T132526Z_w114_20260821T215740Z::a3d066::20260821T215752__baseline,stage4B_3Day_nohup_20260819T132526Z_w114_20260821T215740Z::a3d066::20260821T215752,observed_adsb,warm_ukf,prior,adsb_scoring_proxy,207,1,324.710737901908,11.3240565724311,40.361149211784,14.4348648702791,13.7030193878719,20.0806082773412,NaN,NaN,NaN,0,0
real_adsb,baseline,stage4B_3Day_nohup_20260819T132526Z_w114_20260821T215740Z::a3d066::20260821T215752__baseline,stage4B_3Day_nohup_20260819T132526Z_w114_20260821T215740Z::a3d066::20260821T215752,observed_adsb,warm_ukf,posterior,adsb_scoring_proxy,207,1,324.710737901908,11.3240565724311,40.361149211784,14.4348648702791,13.7030193878719,20.0806082773412,NaN,NaN,NaN,0,0
real_adsb,random_dropout_10,stage4B_3Day_nohup_20260819T132526Z_w114_20260821T215740Z::a3d066::20260821T215752__random_dropout_10,stage4B_3Day_nohup_20260819T132526Z_w114_20260821T215740Z::a3d066::20260821T215752,observed_adsb,cv_ekf,prior,adsb_scoring_proxy,207,1,8.18544643980161,3.95674728530798,10.7370753580682,2.59626358638242,0.575321357969028,2.72692077194611,NaN,NaN,NaN,0,0
real_adsb,random_dropout_10,stage4B_3Day_nohup_20260819T132526Z_w114_20260821T215740Z::a3d066::20260821T215752__random_dropout_10,stage4B_3Day_nohup_20260819T132526Z_w114_20260821T215740Z::a3d066::20260821T215752,observed_adsb,cv_ekf,posterior,adsb_scoring_proxy,207,1,8.18544643980161,3.95674728530798,10.7370753580682,2.59626358638242,0.575321357969028,2.72692077194611,NaN,NaN,NaN,0,0
real_adsb,random_dropout_10,stage4B_3Day_nohup_20260819T132526Z_w114_20260821T215740Z::a3d066::20260821T215752__random_dropout_10,stage4B_3Day_nohup_20260819T132526Z_w114_20260821T215740Z::a3d066::20260821T215752,observed_adsb,ca_ekf,prior,adsb_scoring_proxy,207,1,5.10177308445839,3.86474190327624,9.83636853146912,1.70389349353328,0.597321066562637,2.77282406438271,NaN,NaN,NaN,0,0
real_adsb,random_dropout_10,stage4B_3Day_nohup_20260819T132526Z_w114_20260821T215740Z::a3d066::20260821T215752__random_dropout_10,stage4B_3Day_nohup_20260819T132526Z_w114_20260821T215740Z::a3d066::20260821T215752,observed_adsb,ca_ekf,posterior,adsb_scoring_proxy,207,1,5.10177308445839,3.86474190327624,9.83636853146912,1.70389349353328,0.597321066562637,2.77282406438271,NaN,NaN,NaN,0,0
real_adsb,random_dropout_10,stage4B_3Day_nohup_20260819T132526Z_w114_20260821T215740Z::a3d066::20260821T215752__random_dropout_10,stage4B_3Day_nohup_20260819T132526Z_w114_20260821T215740Z::a3d066::20260821T215752,observed_adsb,ct_ekf,prior,adsb_scoring_proxy,207,1,8.23517541530265,3.92840393657078,11.1051656961669,2.60378369623294,0.586075156513276,2.80104934276351,NaN,NaN,NaN,0,0
real_adsb,random_dropout_10,stage4B_3Day_nohup_20260819T132526Z_w114_20260821T215740Z::a3d066::20260821T215752__random_dropout_10,stage4B_3Day_nohup_20260819T132526Z_w114_20260821T215740Z::a3d066::20260821T215752,observed_adsb,ct_ekf,posterior,adsb_scoring_proxy,207,1,8.23517541530265,3.92840393657078,11.1051656961669,2.60378369623294,0.586075156513276,2.80104934276351,NaN,NaN,NaN,0,0
real_adsb,random_dropout_10,stage4B_3Day_nohup_20260819T132526Z_w114_20260821T215740Z::a3d066::20260821T215752__random_dropout_10,stage4B_3Day_nohup_20260819T132526Z_w114_20260821T215740Z::a3d066::20260821T215752,observed_adsb,native_imm,prior,adsb_scoring_proxy,207,1,4.50255290346758,3.77731834924723,7.34130728233858,1.24580120696417,0.587117347700841,2.13570453002949,NaN,NaN,NaN,0,0
real_adsb,random_dropout_10,stage4B_3Day_nohup_20260819T132526Z_w114_20260821T215740Z::a3d066::20260821T215752__random_dropout_10,stage4B_3Day_nohup_20260819T132526Z_w114_20260821T215740Z::a3d066::20260821T215752,observed_adsb,native_imm,posterior,adsb_scoring_proxy,207,1,4.50255290346758,3.77731834924723,7.34130728233858,1.24580120696417,0.587117347700841,2.13570453002949,NaN,NaN,NaN,0,0
real_adsb,random_dropout_10,stage4B_3Day_nohup_20260819T132526Z_w114_20260821T215740Z::a3d066::20260821T215752__random_dropout_10,stage4B_3Day_nohup_20260819T132526Z_w114_20260821T215740Z::a3d066::20260821T215752,observed_adsb,warm_ukf,prior,adsb_scoring_proxy,207,1,62.5475418709911,12.0124247773021,41.9667904008206,15.0445606720891,14.48862938259,20.8582023770552,NaN,NaN,NaN,0,0
real_adsb,random_dropout_10,stage4B_3Day_nohup_20260819T132526Z_w114_20260821T215740Z::a3d066::20260821T215752__random_dropout_10,stage4B_3Day_nohup_20260819T132526Z_w114_20260821T215740Z::a3d066::20260821T215752,observed_adsb,warm_ukf,posterior,adsb_scoring_proxy,207,1,62.5475418709911,12.0124247773021,41.9667904008206,15.0445606720891,14.48862938259,20.8582023770552,NaN,NaN,NaN,0,0
real_adsb,random_dropout_25,stage4B_3Day_nohup_20260819T132526Z_w114_20260821T215740Z::a3d066::20260821T215752__random_dropout_25,stage4B_3Day_nohup_20260819T132526Z_w114_20260821T215740Z::a3d066::20260821T215752,observed_adsb,cv_ekf,prior,adsb_scoring_proxy,207,1,8.16602166694297,4.0061996758562,9.84120466608468,2.60699623305148,0.610242178685085,2.91988399077423,NaN,NaN,NaN,0,0
real_adsb,random_dropout_25,stage4B_3Day_nohup_20260819T132526Z_w114_20260821T215740Z::a3d066::20260821T215752__random_dropout_25,stage4B_3Day_nohup_20260819T132526Z_w114_20260821T215740Z::a3d066::20260821T215752,observed_adsb,cv_ekf,posterior,adsb_scoring_proxy,207,1,8.16602166694297,4.0061996758562,9.84120466608468,2.60699623305148,0.610242178685085,2.91988399077423,NaN,NaN,NaN,0,0
real_adsb,random_dropout_25,stage4B_3Day_nohup_20260819T132526Z_w114_20260821T215740Z::a3d066::20260821T215752__random_dropout_25,stage4B_3Day_nohup_20260819T132526Z_w114_20260821T215740Z::a3d066::20260821T215752,observed_adsb,ca_ekf,prior,adsb_scoring_proxy,207,1,4.99649844157314,3.72889016691692,8.54458718311845,1.73946075192994,0.6377740159603,2.66869347518924,NaN,NaN,NaN,0,0
real_adsb,random_dropout_25,stage4B_3Day_nohup_20260819T132526Z_w114_20260821T215740Z::a3d066::20260821T215752__random_dropout_25,stage4B_3Day_nohup_20260819T132526Z_w114_20260821T215740Z::a3d066::20260821T215752,observed_adsb,ca_ekf,posterior,adsb_scoring_proxy,207,1,4.99649844157314,3.72889016691692,8.54458718311845,1.73946075192994,0.6377740159603,2.66869347518924,NaN,NaN,NaN,0,0
real_adsb,random_dropout_25,stage4B_3Day_nohup_20260819T132526Z_w114_20260821T215740Z::a3d066::20260821T215752__random_dropout_25,stage4B_3Day_nohup_20260819T132526Z_w114_20260821T215740Z::a3d066::20260821T215752,observed_adsb,ct_ekf,prior,adsb_scoring_proxy,207,1,8.2202402622043,3.96261966170543,10.2942299024211,2.61513723136321,0.612086115937049,2.94002900520233,NaN,NaN,NaN,0,0
real_adsb,random_dropout_25,stage4B_3Day_nohup_20260819T132526Z_w114_20260821T215740Z::a3d066::20260821T215752__random_dropout_25,stage4B_3Day_nohup_20260819T132526Z_w114_20260821T215740Z::a3d066::20260821T215752,observed_adsb,ct_ekf,posterior,adsb_scoring_proxy,207,1,8.2202402622043,3.96261966170543,10.2942299024211,2.61513723136321,0.612086115937049,2.94002900520233,NaN,NaN,NaN,0,0
real_adsb,random_dropout_25,stage4B_3Day_nohup_20260819T132526Z_w114_20260821T215740Z::a3d066::20260821T215752__random_dropout_25,stage4B_3Day_nohup_20260819T132526Z_w114_20260821T215740Z::a3d066::20260821T215752,observed_adsb,native_imm,prior,adsb_scoring_proxy,207,1,4.40529644105926,3.8286535109487,6.97068808892305,1.22960917637589,0.609651700908451,2.11398890492333,NaN,NaN,NaN,0,0
real_adsb,random_dropout_25,stage4B_3Day_nohup_20260819T132526Z_w114_20260821T215740Z::a3d066::20260821T215752__random_dropout_25,stage4B_3Day_nohup_20260819T132526Z_w114_20260821T215740Z::a3d066::20260821T215752,observed_adsb,native_imm,posterior,adsb_scoring_proxy,207,1,4.40529644105926,3.8286535109487,6.97068808892305,1.22960917637589,0.609651700908451,2.11398890492333,NaN,NaN,NaN,0,0
real_adsb,random_dropout_25,stage4B_3Day_nohup_20260819T132526Z_w114_20260821T215740Z::a3d066::20260821T215752__random_dropout_25,stage4B_3Day_nohup_20260819T132526Z_w114_20260821T215740Z::a3d066::20260821T215752,observed_adsb,warm_ukf,prior,adsb_scoring_proxy,207,1,375.167938279784,12.293891708541,57.9211980891846,14.7831571799677,14.4202731216126,20.946334115606,NaN,NaN,NaN,0,0
real_adsb,random_dropout_25,stage4B_3Day_nohup_20260819T132526Z_w114_20260821T215740Z::a3d066::20260821T215752__random_dropout_25,stage4B_3Day_nohup_20260819T132526Z_w114_20260821T215740Z::a3d066::20260821T215752,observed_adsb,warm_ukf,posterior,adsb_scoring_proxy,207,1,375.167938279784,12.293891708541,57.9211980891846,14.7831571799677,14.4202731216126,20.946334115606,NaN,NaN,NaN,0,0
real_adsb,burst_outage,stage4B_3Day_nohup_20260819T132526Z_w114_20260821T215740Z::a3d066::20260821T215752__burst_outage,stage4B_3Day_nohup_20260819T132526Z_w114_20260821T215740Z::a3d066::20260821T215752,observed_adsb,cv_ekf,prior,adsb_scoring_proxy,207,1,242.375029524758,4.02592269414917,591.273271720275,9.24571758149554,0.605532448106655,31.4264870138744,NaN,NaN,NaN,0,0
real_adsb,burst_outage,stage4B_3Day_nohup_20260819T132526Z_w114_20260821T215740Z::a3d066::20260821T215752__burst_outage,stage4B_3Day_nohup_20260819T132526Z_w114_20260821T215740Z::a3d066::20260821T215752,observed_adsb,cv_ekf,posterior,adsb_scoring_proxy,207,1,242.375029524758,4.02592269414917,591.273271720275,9.24571758149554,0.605532448106655,31.4264870138744,NaN,NaN,NaN,0,0
real_adsb,burst_outage,stage4B_3Day_nohup_20260819T132526Z_w114_20260821T215740Z::a3d066::20260821T215752__burst_outage,stage4B_3Day_nohup_20260819T132526Z_w114_20260821T215740Z::a3d066::20260821T215752,observed_adsb,ca_ekf,prior,adsb_scoring_proxy,207,1,166.456957114214,4.13108238352788,341.406850096873,7.64411210518244,0.68208160875356,25.2418929304305,NaN,NaN,NaN,0,0
real_adsb,burst_outage,stage4B_3Day_nohup_20260819T132526Z_w114_20260821T215740Z::a3d066::20260821T215752__burst_outage,stage4B_3Day_nohup_20260819T132526Z_w114_20260821T215740Z::a3d066::20260821T215752,observed_adsb,ca_ekf,posterior,adsb_scoring_proxy,207,1,166.456957114214,4.13108238352788,341.406850096873,7.64411210518244,0.68208160875356,25.2418929304305,NaN,NaN,NaN,0,0
real_adsb,burst_outage,stage4B_3Day_nohup_20260819T132526Z_w114_20260821T215740Z::a3d066::20260821T215752__burst_outage,stage4B_3Day_nohup_20260819T132526Z_w114_20260821T215740Z::a3d066::20260821T215752,observed_adsb,ct_ekf,prior,adsb_scoring_proxy,207,1,243.944032844008,4.07870801428522,596.242331981186,9.27575302577723,0.613499173721107,31.5446194088505,NaN,NaN,NaN,0,0
real_adsb,burst_outage,stage4B_3Day_nohup_20260819T132526Z_w114_20260821T215740Z::a3d066::20260821T215752__burst_outage,stage4B_3Day_nohup_20260819T132526Z_w114_20260821T215740Z::a3d066::20260821T215752,observed_adsb,ct_ekf,posterior,adsb_scoring_proxy,207,1,243.944032844008,4.07870801428522,596.242331981186,9.27575302577723,0.613499173721107,31.5446194088505,NaN,NaN,NaN,0,0
real_adsb,burst_outage,stage4B_3Day_nohup_20260819T132526Z_w114_20260821T215740Z::a3d066::20260821T215752__burst_outage,stage4B_3Day_nohup_20260819T132526Z_w114_20260821T215740Z::a3d066::20260821T215752,observed_adsb,native_imm,prior,adsb_scoring_proxy,207,1,217.866506058224,3.9956262684693,503.836966728999,8.87828188814996,0.663660799797743,30.2468078306931,NaN,NaN,NaN,0,0
real_adsb,burst_outage,stage4B_3Day_nohup_20260819T132526Z_w114_20260821T215740Z::a3d066::20260821T215752__burst_outage,stage4B_3Day_nohup_20260819T132526Z_w114_20260821T215740Z::a3d066::20260821T215752,observed_adsb,native_imm,posterior,adsb_scoring_proxy,207,1,217.866506058224,3.9956262684693,503.836966728999,8.87828188814996,0.663660799797743,30.2468078306931,NaN,NaN,NaN,0,0
real_adsb,burst_outage,stage4B_3Day_nohup_20260819T132526Z_w114_20260821T215740Z::a3d066::20260821T215752__burst_outage,stage4B_3Day_nohup_20260819T132526Z_w114_20260821T215740Z::a3d066::20260821T215752,observed_adsb,warm_ukf,prior,adsb_scoring_proxy,207,1,3787.68283888535,14.4207660862829,8023.82886030382,38.0030402519379,15.9070120310022,91.8679480727768,NaN,NaN,NaN,0,0
real_adsb,burst_outage,stage4B_3Day_nohup_20260819T132526Z_w114_20260821T215740Z::a3d066::20260821T215752__burst_outage,stage4B_3Day_nohup_20260819T132526Z_w114_20260821T215740Z::a3d066::20260821T215752,observed_adsb,warm_ukf,posterior,adsb_scoring_proxy,207,1,3787.68283888535,14.4207660862829,8023.82886030382,38.0030402519379,15.9070120310022,91.8679480727768,NaN,NaN,NaN,0,0
real_adsb,baseline,stage4B_3Day_nohup_20260819T132526Z_w105_20260821T172740Z::ad2733::20260821T172745__baseline,stage4B_3Day_nohup_20260819T132526Z_w105_20260821T172740Z::ad2733::20260821T172745,observed_adsb,cv_ekf,prior,adsb_scoring_proxy,134,1,20.938740608625,6.86846881567766,29.986259963206,5.44778724515277,2.01540502377359,8.1797738233933,NaN,NaN,NaN,0,0
real_adsb,baseline,stage4B_3Day_nohup_20260819T132526Z_w105_20260821T172740Z::ad2733::20260821T172745__baseline,stage4B_3Day_nohup_20260819T132526Z_w105_20260821T172740Z::ad2733::20260821T172745,observed_adsb,cv_ekf,posterior,adsb_scoring_proxy,134,1,20.938740608625,6.86846881567766,29.986259963206,5.44778724515277,2.01540502377359,8.1797738233933,NaN,NaN,NaN,0,0
real_adsb,baseline,stage4B_3Day_nohup_20260819T132526Z_w105_20260821T172740Z::ad2733::20260821T172745__baseline,stage4B_3Day_nohup_20260819T132526Z_w105_20260821T172740Z::ad2733::20260821T172745,observed_adsb,ca_ekf,prior,adsb_scoring_proxy,134,1,15.0581575425664,5.2040669255172,20.3045872731453,4.7715694699995,1.83423996689182,11.7048652148007,NaN,NaN,NaN,0,0
real_adsb,baseline,stage4B_3Day_nohup_20260819T132526Z_w105_20260821T172740Z::ad2733::20260821T172745__baseline,stage4B_3Day_nohup_20260819T132526Z_w105_20260821T172740Z::ad2733::20260821T172745,observed_adsb,ca_ekf,posterior,adsb_scoring_proxy,134,1,15.0581575425664,5.2040669255172,20.3045872731453,4.7715694699995,1.83423996689182,11.7048652148007,NaN,NaN,NaN,0,0
real_adsb,baseline,stage4B_3Day_nohup_20260819T132526Z_w105_20260821T172740Z::ad2733::20260821T172745__baseline,stage4B_3Day_nohup_20260819T132526Z_w105_20260821T172740Z::ad2733::20260821T172745,observed_adsb,ct_ekf,prior,adsb_scoring_proxy,134,1,21.1254837871086,6.92556684678849,30.8766058231064,5.46124586237599,2.03192687795192,8.13178492907917,NaN,NaN,NaN,0,0
real_adsb,baseline,stage4B_3Day_nohup_20260819T132526Z_w105_20260821T172740Z::ad2733::20260821T172745__baseline,stage4B_3Day_nohup_20260819T132526Z_w105_20260821T172740Z::ad2733::20260821T172745,observed_adsb,ct_ekf,posterior,adsb_scoring_proxy,134,1,21.1254837871086,6.92556684678849,30.8766058231064,5.46124586237599,2.03192687795192,8.13178492907917,NaN,NaN,NaN,0,0
real_adsb,baseline,stage4B_3Day_nohup_20260819T132526Z_w105_20260821T172740Z::ad2733::20260821T172745__baseline,stage4B_3Day_nohup_20260819T132526Z_w105_20260821T172740Z::ad2733::20260821T172745,observed_adsb,native_imm,prior,adsb_scoring_proxy,134,1,10.3809618300711,5.64143018789141,14.9105161551485,3.28733401708464,1.77773429710442,4.89725841894136,NaN,NaN,NaN,0,0
real_adsb,baseline,stage4B_3Day_nohup_20260819T132526Z_w105_20260821T172740Z::ad2733::20260821T172745__baseline,stage4B_3Day_nohup_20260819T132526Z_w105_20260821T172740Z::ad2733::20260821T172745,observed_adsb,native_imm,posterior,adsb_scoring_proxy,134,1,10.3809618300711,5.64143018789141,14.9105161551485,3.28733401708464,1.77773429710442,4.89725841894136,NaN,NaN,NaN,0,0
real_adsb,baseline,stage4B_3Day_nohup_20260819T132526Z_w105_20260821T172740Z::ad2733::20260821T172745__baseline,stage4B_3Day_nohup_20260819T132526Z_w105_20260821T172740Z::ad2733::20260821T172745,observed_adsb,warm_ukf,prior,adsb_scoring_proxy,134,1,660.591535960652,18.1847399951555,183.419374494669,16.727091801394,11.790093076245,23.4358083094621,NaN,NaN,NaN,0,0
real_adsb,baseline,stage4B_3Day_nohup_20260819T132526Z_w105_20260821T172740Z::ad2733::20260821T172745__baseline,stage4B_3Day_nohup_20260819T132526Z_w105_20260821T172740Z::ad2733::20260821T172745,observed_adsb,warm_ukf,posterior,adsb_scoring_proxy,134,1,660.591535960652,18.1847399951555,183.419374494669,16.727091801394,11.790093076245,23.4358083094621,NaN,NaN,NaN,0,0
real_adsb,random_dropout_10,stage4B_3Day_nohup_20260819T132526Z_w105_20260821T172740Z::ad2733::20260821T172745__random_dropout_10,stage4B_3Day_nohup_20260819T132526Z_w105_20260821T172740Z::ad2733::20260821T172745,observed_adsb,cv_ekf,prior,adsb_scoring_proxy,134,1,21.3966208865274,7.22923864398357,29.5946052307326,5.64088179449276,2.07524894365904,8.2233658068096,NaN,NaN,NaN,0,0
real_adsb,random_dropout_10,stage4B_3Day_nohup_20260819T132526Z_w105_20260821T172740Z::ad2733::20260821T172745__random_dropout_10,stage4B_3Day_nohup_20260819T132526Z_w105_20260821T172740Z::ad2733::20260821T172745,observed_adsb,cv_ekf,posterior,adsb_scoring_proxy,134,1,21.3966208865274,7.22923864398357,29.5946052307326,5.64088179449276,2.07524894365904,8.2233658068096,NaN,NaN,NaN,0,0
real_adsb,random_dropout_10,stage4B_3Day_nohup_20260819T132526Z_w105_20260821T172740Z::ad2733::20260821T172745__random_dropout_10,stage4B_3Day_nohup_20260819T132526Z_w105_20260821T172740Z::ad2733::20260821T172745,observed_adsb,ca_ekf,prior,adsb_scoring_proxy,134,1,15.3255912803067,5.37273666498433,23.5004189053599,4.93537955585535,1.85059608662875,11.7206516143235,NaN,NaN,NaN,0,0
real_adsb,random_dropout_10,stage4B_3Day_nohup_20260819T132526Z_w105_20260821T172740Z::ad2733::20260821T172745__random_dropout_10,stage4B_3Day_nohup_20260819T132526Z_w105_20260821T172740Z::ad2733::20260821T172745,observed_adsb,ca_ekf,posterior,adsb_scoring_proxy,134,1,15.3255912803067,5.37273666498433,23.5004189053599,4.93537955585535,1.85059608662875,11.7206516143235,NaN,NaN,NaN,0,0
real_adsb,random_dropout_10,stage4B_3Day_nohup_20260819T132526Z_w105_20260821T172740Z::ad2733::20260821T172745__random_dropout_10,stage4B_3Day_nohup_20260819T132526Z_w105_20260821T172740Z::ad2733::20260821T172745,observed_adsb,ct_ekf,prior,adsb_scoring_proxy,134,1,21.5953737791182,7.55055042454383,30.4939459086284,5.65727920677781,2.08279909307778,8.17639055912204,NaN,NaN,NaN,0,0
real_adsb,random_dropout_10,stage4B_3Day_nohup_20260819T132526Z_w105_20260821T172740Z::ad2733::20260821T172745__random_dropout_10,stage4B_3Day_nohup_20260819T132526Z_w105_20260821T172740Z::ad2733::20260821T172745,observed_adsb,ct_ekf,posterior,adsb_scoring_proxy,134,1,21.5953737791182,7.55055042454383,30.4939459086284,5.65727920677781,2.08279909307778,8.17639055912204,NaN,NaN,NaN,0,0
real_adsb,random_dropout_10,stage4B_3Day_nohup_20260819T132526Z_w105_20260821T172740Z::ad2733::20260821T172745__random_dropout_10,stage4B_3Day_nohup_20260819T132526Z_w105_20260821T172740Z::ad2733::20260821T172745,observed_adsb,native_imm,prior,adsb_scoring_proxy,134,1,9.9776272692854,5.92815921543844,15.7523496314909,2.93942108412897,1.8227914653202,4.92371003879632,NaN,NaN,NaN,0,0
real_adsb,random_dropout_10,stage4B_3Day_nohup_20260819T132526Z_w105_20260821T172740Z::ad2733::20260821T172745__random_dropout_10,stage4B_3Day_nohup_20260819T132526Z_w105_20260821T172740Z::ad2733::20260821T172745,observed_adsb,native_imm,posterior,adsb_scoring_proxy,134,1,9.9776272692854,5.92815921543844,15.7523496314909,2.93942108412897,1.8227914653202,4.92371003879632,NaN,NaN,NaN,0,0
real_adsb,random_dropout_10,stage4B_3Day_nohup_20260819T132526Z_w105_20260821T172740Z::ad2733::20260821T172745__random_dropout_10,stage4B_3Day_nohup_20260819T132526Z_w105_20260821T172740Z::ad2733::20260821T172745,observed_adsb,warm_ukf,prior,adsb_scoring_proxy,134,1,201.837731532355,17.8466499322621,141.993844766436,14.2087356761841,11.1071434570611,21.4460938210312,NaN,NaN,NaN,0,0
real_adsb,random_dropout_10,stage4B_3Day_nohup_20260819T132526Z_w105_20260821T172740Z::ad2733::20260821T172745__random_dropout_10,stage4B_3Day_nohup_20260819T132526Z_w105_20260821T172740Z::ad2733::20260821T172745,observed_adsb,warm_ukf,posterior,adsb_scoring_proxy,134,1,201.837731532355,17.8466499322621,141.993844766436,14.2087356761841,11.1071434570611,21.4460938210312,NaN,NaN,NaN,0,0
real_adsb,random_dropout_25,stage4B_3Day_nohup_20260819T132526Z_w105_20260821T172740Z::ad2733::20260821T172745__random_dropout_25,stage4B_3Day_nohup_20260819T132526Z_w105_20260821T172740Z::ad2733::20260821T172745,observed_adsb,cv_ekf,prior,adsb_scoring_proxy,134,1,22.6950317343393,7.69524285800908,30.3660258362803,5.80085185729245,2.1062066108539,8.8283808386659,NaN,NaN,NaN,0,0
real_adsb,random_dropout_25,stage4B_3Day_nohup_20260819T132526Z_w105_20260821T172740Z::ad2733::20260821T172745__random_dropout_25,stage4B_3Day_nohup_20260819T132526Z_w105_20260821T172740Z::ad2733::20260821T172745,observed_adsb,cv_ekf,posterior,adsb_scoring_proxy,134,1,22.6950317343393,7.69524285800908,30.3660258362803,5.80085185729245,2.1062066108539,8.8283808386659,NaN,NaN,NaN,0,0
real_adsb,random_dropout_25,stage4B_3Day_nohup_20260819T132526Z_w105_20260821T172740Z::ad2733::20260821T172745__random_dropout_25,stage4B_3Day_nohup_20260819T132526Z_w105_20260821T172740Z::ad2733::20260821T172745,observed_adsb,ca_ekf,prior,adsb_scoring_proxy,134,1,16.5688534743479,5.36562519798968,24.0050798558549,5.00885583807389,1.84012876398825,11.6923302377714,NaN,NaN,NaN,0,0
real_adsb,random_dropout_25,stage4B_3Day_nohup_20260819T132526Z_w105_20260821T172740Z::ad2733::20260821T172745__random_dropout_25,stage4B_3Day_nohup_20260819T132526Z_w105_20260821T172740Z::ad2733::20260821T172745,observed_adsb,ca_ekf,posterior,adsb_scoring_proxy,134,1,16.5688534743479,5.36562519798968,24.0050798558549,5.00885583807389,1.84012876398825,11.6923302377714,NaN,NaN,NaN,0,0
real_adsb,random_dropout_25,stage4B_3Day_nohup_20260819T132526Z_w105_20260821T172740Z::ad2733::20260821T172745__random_dropout_25,stage4B_3Day_nohup_20260819T132526Z_w105_20260821T172740Z::ad2733::20260821T172745,observed_adsb,ct_ekf,prior,adsb_scoring_proxy,134,1,22.8796860086792,7.85258264605432,31.2259660475513,5.81388573230511,2.12346677307783,8.82261960082669,NaN,NaN,NaN,0,0
real_adsb,random_dropout_25,stage4B_3Day_nohup_20260819T132526Z_w105_20260821T172740Z::ad2733::20260821T172745__random_dropout_25,stage4B_3Day_nohup_20260819T132526Z_w105_20260821T172740Z::ad2733::20260821T172745,observed_adsb,ct_ekf,posterior,adsb_scoring_proxy,134,1,22.8796860086792,7.85258264605432,31.2259660475513,5.81388573230511,2.12346677307783,8.82261960082669,NaN,NaN,NaN,0,0
real_adsb,random_dropout_25,stage4B_3Day_nohup_20260819T132526Z_w105_20260821T172740Z::ad2733::20260821T172745__random_dropout_25,stage4B_3Day_nohup_20260819T132526Z_w105_20260821T172740Z::ad2733::20260821T172745,observed_adsb,native_imm,prior,adsb_scoring_proxy,134,1,10.6234932978418,5.51089643265069,16.999028901762,3.37344736419638,1.84649595488757,4.9545083950373,NaN,NaN,NaN,0,0
real_adsb,random_dropout_25,stage4B_3Day_nohup_20260819T132526Z_w105_20260821T172740Z::ad2733::20260821T172745__random_dropout_25,stage4B_3Day_nohup_20260819T132526Z_w105_20260821T172740Z::ad2733::20260821T172745,observed_adsb,native_imm,posterior,adsb_scoring_proxy,134,1,10.6234932978418,5.51089643265069,16.999028901762,3.37344736419638,1.84649595488757,4.9545083950373,NaN,NaN,NaN,0,0
real_adsb,random_dropout_25,stage4B_3Day_nohup_20260819T132526Z_w105_20260821T172740Z::ad2733::20260821T172745__random_dropout_25,stage4B_3Day_nohup_20260819T132526Z_w105_20260821T172740Z::ad2733::20260821T172745,observed_adsb,warm_ukf,prior,adsb_scoring_proxy,134,1,100.44187844251,19.7778150890592,135.118771423149,16.2335186628088,11.7223733817892,23.2230632237746,NaN,NaN,NaN,0,0
real_adsb,random_dropout_25,stage4B_3Day_nohup_20260819T132526Z_w105_20260821T172740Z::ad2733::20260821T172745__random_dropout_25,stage4B_3Day_nohup_20260819T132526Z_w105_20260821T172740Z::ad2733::20260821T172745,observed_adsb,warm_ukf,posterior,adsb_scoring_proxy,134,1,100.44187844251,19.7778150890592,135.118771423149,16.2335186628088,11.7223733817892,23.2230632237746,NaN,NaN,NaN,0,0
real_adsb,burst_outage,stage4B_3Day_nohup_20260819T132526Z_w105_20260821T172740Z::ad2733::20260821T172745__burst_outage,stage4B_3Day_nohup_20260819T132526Z_w105_20260821T172740Z::ad2733::20260821T172745,observed_adsb,cv_ekf,prior,adsb_scoring_proxy,134,1,228.801287290587,8.84857805613511,659.881593204844,9.31757343230175,2.42468564355398,23.4809122109492,NaN,NaN,NaN,0,0
real_adsb,burst_outage,stage4B_3Day_nohup_20260819T132526Z_w105_20260821T172740Z::ad2733::20260821T172745__burst_outage,stage4B_3Day_nohup_20260819T132526Z_w105_20260821T172740Z::ad2733::20260821T172745,observed_adsb,cv_ekf,posterior,adsb_scoring_proxy,134,1,228.801287290587,8.84857805613511,659.881593204844,9.31757343230175,2.42468564355398,23.4809122109492,NaN,NaN,NaN,0,0
real_adsb,burst_outage,stage4B_3Day_nohup_20260819T132526Z_w105_20260821T172740Z::ad2733::20260821T172745__burst_outage,stage4B_3Day_nohup_20260819T132526Z_w105_20260821T172740Z::ad2733::20260821T172745,observed_adsb,ca_ekf,prior,adsb_scoring_proxy,134,1,153.305115506123,7.52616804889668,438.544171743443,6.96173475685723,2.59266251861134,16.2139928853193,NaN,NaN,NaN,0,0
real_adsb,burst_outage,stage4B_3Day_nohup_20260819T132526Z_w105_20260821T172740Z::ad2733::20260821T172745__burst_outage,stage4B_3Day_nohup_20260819T132526Z_w105_20260821T172740Z::ad2733::20260821T172745,observed_adsb,ca_ekf,posterior,adsb_scoring_proxy,134,1,153.305115506123,7.52616804889668,438.544171743443,6.96173475685723,2.59266251861134,16.2139928853193,NaN,NaN,NaN,0,0
real_adsb,burst_outage,stage4B_3Day_nohup_20260819T132526Z_w105_20260821T172740Z::ad2733::20260821T172745__burst_outage,stage4B_3Day_nohup_20260819T132526Z_w105_20260821T172740Z::ad2733::20260821T172745,observed_adsb,ct_ekf,prior,adsb_scoring_proxy,134,1,232.579075422813,9.12924865518041,671.270859519321,9.39928892087443,2.43554873207334,23.44073418844,NaN,NaN,NaN,0,0
real_adsb,burst_outage,stage4B_3Day_nohup_20260819T132526Z_w105_20260821T172740Z::ad2733::20260821T172745__burst_outage,stage4B_3Day_nohup_20260819T132526Z_w105_20260821T172740Z::ad2733::20260821T172745,observed_adsb,ct_ekf,posterior,adsb_scoring_proxy,134,1,232.579075422813,9.12924865518041,671.270859519321,9.39928892087443,2.43554873207334,23.44073418844,NaN,NaN,NaN,0,0
real_adsb,burst_outage,stage4B_3Day_nohup_20260819T132526Z_w105_20260821T172740Z::ad2733::20260821T172745__burst_outage,stage4B_3Day_nohup_20260819T132526Z_w105_20260821T172740Z::ad2733::20260821T172745,observed_adsb,native_imm,prior,adsb_scoring_proxy,134,1,218.70504762135,6.44477908402785,631.733924473939,8.05559249192349,2.021215757433,21.670442848302,NaN,NaN,NaN,0,0
real_adsb,burst_outage,stage4B_3Day_nohup_20260819T132526Z_w105_20260821T172740Z::ad2733::20260821T172745__burst_outage,stage4B_3Day_nohup_20260819T132526Z_w105_20260821T172740Z::ad2733::20260821T172745,observed_adsb,native_imm,posterior,adsb_scoring_proxy,134,1,218.70504762135,6.44477908402785,631.733924473939,8.05559249192349,2.021215757433,21.670442848302,NaN,NaN,NaN,0,0
real_adsb,burst_outage,stage4B_3Day_nohup_20260819T132526Z_w105_20260821T172740Z::ad2733::20260821T172745__burst_outage,stage4B_3Day_nohup_20260819T132526Z_w105_20260821T172740Z::ad2733::20260821T172745,observed_adsb,warm_ukf,prior,adsb_scoring_proxy,134,1,4599.59333047904,23.6024189583208,14648.1091658847,25.0604658412899,14.3000492889123,60.1505571485015,NaN,NaN,NaN,0,0
real_adsb,burst_outage,stage4B_3Day_nohup_20260819T132526Z_w105_20260821T172740Z::ad2733::20260821T172745__burst_outage,stage4B_3Day_nohup_20260819T132526Z_w105_20260821T172740Z::ad2733::20260821T172745,observed_adsb,warm_ukf,posterior,adsb_scoring_proxy,134,1,4599.59333047904,23.6024189583208,14648.1091658847,25.0604658412899,14.3000492889123,60.1505571485015,NaN,NaN,NaN,0,0
real_adsb,baseline,stage4B_3Day_nohup_20260819T132526Z_w007_20260819T162740Z::a07eee::20260819T162946__baseline,stage4B_3Day_nohup_20260819T132526Z_w007_20260819T162740Z::a07eee::20260819T162946,observed_adsb,cv_ekf,prior,adsb_scoring_proxy,130,1,32.573998359696,13.3606392134928,78.374091435345,10.529178410735,3.90768527077726,29.3374776456666,NaN,NaN,NaN,0,0
real_adsb,baseline,stage4B_3Day_nohup_20260819T132526Z_w007_20260819T162740Z::a07eee::20260819T162946__baseline,stage4B_3Day_nohup_20260819T132526Z_w007_20260819T162740Z::a07eee::20260819T162946,observed_adsb,cv_ekf,posterior,adsb_scoring_proxy,130,1,32.573998359696,13.3606392134928,78.374091435345,10.529178410735,3.90768527077726,29.3374776456666,NaN,NaN,NaN,0,0
real_adsb,baseline,stage4B_3Day_nohup_20260819T132526Z_w007_20260819T162740Z::a07eee::20260819T162946__baseline,stage4B_3Day_nohup_20260819T132526Z_w007_20260819T162740Z::a07eee::20260819T162946,observed_adsb,ca_ekf,prior,adsb_scoring_proxy,130,1,15.9592236002414,9.91476870684879,31.6810818634101,5.9433733436196,3.06788695862546,12.4470453709099,NaN,NaN,NaN,0,0
real_adsb,baseline,stage4B_3Day_nohup_20260819T132526Z_w007_20260819T162740Z::a07eee::20260819T162946__baseline,stage4B_3Day_nohup_20260819T132526Z_w007_20260819T162740Z::a07eee::20260819T162946,observed_adsb,ca_ekf,posterior,adsb_scoring_proxy,130,1,15.9592236002414,9.91476870684879,31.6810818634101,5.9433733436196,3.06788695862546,12.4470453709099,NaN,NaN,NaN,0,0
real_adsb,baseline,stage4B_3Day_nohup_20260819T132526Z_w007_20260819T162740Z::a07eee::20260819T162946__baseline,stage4B_3Day_nohup_20260819T132526Z_w007_20260819T162740Z::a07eee::20260819T162946,observed_adsb,ct_ekf,prior,adsb_scoring_proxy,130,1,32.6114729618393,14.0970040527342,76.3031283882087,10.4240410473893,4.16840006496983,28.3142686625927,NaN,NaN,NaN,0,0
real_adsb,baseline,stage4B_3Day_nohup_20260819T132526Z_w007_20260819T162740Z::a07eee::20260819T162946__baseline,stage4B_3Day_nohup_20260819T132526Z_w007_20260819T162740Z::a07eee::20260819T162946,observed_adsb,ct_ekf,posterior,adsb_scoring_proxy,130,1,32.6114729618393,14.0970040527342,76.3031283882087,10.4240410473893,4.16840006496983,28.3142686625927,NaN,NaN,NaN,0,0
real_adsb,baseline,stage4B_3Day_nohup_20260819T132526Z_w007_20260819T162740Z::a07eee::20260819T162946__baseline,stage4B_3Day_nohup_20260819T132526Z_w007_20260819T162740Z::a07eee::20260819T162946,observed_adsb,native_imm,prior,adsb_scoring_proxy,130,1,12.5425404407851,8.64985673939323,21.2788416085678,4.40680449220768,3.06796042708362,8.77257707175415,NaN,NaN,NaN,0,0
real_adsb,baseline,stage4B_3Day_nohup_20260819T132526Z_w007_20260819T162740Z::a07eee::20260819T162946__baseline,stage4B_3Day_nohup_20260819T132526Z_w007_20260819T162740Z::a07eee::20260819T162946,observed_adsb,native_imm,posterior,adsb_scoring_proxy,130,1,12.5425404407851,8.64985673939323,21.2788416085678,4.40680449220768,3.06796042708362,8.77257707175415,NaN,NaN,NaN,0,0
real_adsb,baseline,stage4B_3Day_nohup_20260819T132526Z_w007_20260819T162740Z::a07eee::20260819T162946__baseline,stage4B_3Day_nohup_20260819T132526Z_w007_20260819T162740Z::a07eee::20260819T162946,observed_adsb,warm_ukf,prior,adsb_scoring_proxy,130,1,488.615103472625,18.8773711582484,58.5535486763874,20.8382780734606,11.0998468265235,43.7037412762562,NaN,NaN,NaN,0,0
real_adsb,baseline,stage4B_3Day_nohup_20260819T132526Z_w007_20260819T162740Z::a07eee::20260819T162946__baseline,stage4B_3Day_nohup_20260819T132526Z_w007_20260819T162740Z::a07eee::20260819T162946,observed_adsb,warm_ukf,posterior,adsb_scoring_proxy,130,1,488.615103472625,18.8773711582484,58.5535486763874,20.8382780734606,11.0998468265235,43.7037412762562,NaN,NaN,NaN,0,0
real_adsb,random_dropout_10,stage4B_3Day_nohup_20260819T132526Z_w007_20260819T162740Z::a07eee::20260819T162946__random_dropout_10,stage4B_3Day_nohup_20260819T132526Z_w007_20260819T162740Z::a07eee::20260819T162946,observed_adsb,cv_ekf,prior,adsb_scoring_proxy,130,1,34.0128373906374,13.9633814271278,83.4431668128405,10.8193988716152,3.99583105587269,30.5327619460214,NaN,NaN,NaN,0,0
real_adsb,random_dropout_10,stage4B_3Day_nohup_20260819T132526Z_w007_20260819T162740Z::a07eee::20260819T162946__random_dropout_10,stage4B_3Day_nohup_20260819T132526Z_w007_20260819T162740Z::a07eee::20260819T162946,observed_adsb,cv_ekf,posterior,adsb_scoring_proxy,130,1,34.0128373906374,13.9633814271278,83.4431668128405,10.8193988716152,3.99583105587269,30.5327619460214,NaN,NaN,NaN,0,0
real_adsb,random_dropout_10,stage4B_3Day_nohup_20260819T132526Z_w007_20260819T162740Z::a07eee::20260819T162946__random_dropout_10,stage4B_3Day_nohup_20260819T132526Z_w007_20260819T162740Z::a07eee::20260819T162946,observed_adsb,ca_ekf,prior,adsb_scoring_proxy,130,1,16.605217484829,9.99398719577282,31.6988534647099,6.17026708536492,3.01431681285733,13.6210074898841,NaN,NaN,NaN,0,0
real_adsb,random_dropout_10,stage4B_3Day_nohup_20260819T132526Z_w007_20260819T162740Z::a07eee::20260819T162946__random_dropout_10,stage4B_3Day_nohup_20260819T132526Z_w007_20260819T162740Z::a07eee::20260819T162946,observed_adsb,ca_ekf,posterior,adsb_scoring_proxy,130,1,16.605217484829,9.99398719577282,31.6988534647099,6.17026708536492,3.01431681285733,13.6210074898841,NaN,NaN,NaN,0,0
real_adsb,random_dropout_10,stage4B_3Day_nohup_20260819T132526Z_w007_20260819T162740Z::a07eee::20260819T162946__random_dropout_10,stage4B_3Day_nohup_20260819T132526Z_w007_20260819T162740Z::a07eee::20260819T162946,observed_adsb,ct_ekf,prior,adsb_scoring_proxy,130,1,34.0172984842786,14.6076875181246,80.7230909360375,10.7021161330246,4.25201159383647,29.6461652674466,NaN,NaN,NaN,0,0
real_adsb,random_dropout_10,stage4B_3Day_nohup_20260819T132526Z_w007_20260819T162740Z::a07eee::20260819T162946__random_dropout_10,stage4B_3Day_nohup_20260819T132526Z_w007_20260819T162740Z::a07eee::20260819T162946,observed_adsb,ct_ekf,posterior,adsb_scoring_proxy,130,1,34.0172984842786,14.6076875181246,80.7230909360375,10.7021161330246,4.25201159383647,29.6461652674466,NaN,NaN,NaN,0,0
real_adsb,random_dropout_10,stage4B_3Day_nohup_20260819T132526Z_w007_20260819T162740Z::a07eee::20260819T162946__random_dropout_10,stage4B_3Day_nohup_20260819T132526Z_w007_20260819T162740Z::a07eee::20260819T162946,observed_adsb,native_imm,prior,adsb_scoring_proxy,130,1,13.0048706916222,9.38842506604808,22.8107025450345,4.5790197801273,3.08928213474652,8.73603392634848,NaN,NaN,NaN,0,0
real_adsb,random_dropout_10,stage4B_3Day_nohup_20260819T132526Z_w007_20260819T162740Z::a07eee::20260819T162946__random_dropout_10,stage4B_3Day_nohup_20260819T132526Z_w007_20260819T162740Z::a07eee::20260819T162946,observed_adsb,native_imm,posterior,adsb_scoring_proxy,130,1,13.0048706916222,9.38842506604808,22.8107025450345,4.5790197801273,3.08928213474652,8.73603392634848,NaN,NaN,NaN,0,0
real_adsb,random_dropout_10,stage4B_3Day_nohup_20260819T132526Z_w007_20260819T162740Z::a07eee::20260819T162946__random_dropout_10,stage4B_3Day_nohup_20260819T132526Z_w007_20260819T162740Z::a07eee::20260819T162946,observed_adsb,warm_ukf,prior,adsb_scoring_proxy,130,1,212.983817735098,22.0515402285077,116.639378747154,24.1865806715991,11.8483961204636,48.7057442131664,NaN,NaN,NaN,0,0
real_adsb,random_dropout_10,stage4B_3Day_nohup_20260819T132526Z_w007_20260819T162740Z::a07eee::20260819T162946__random_dropout_10,stage4B_3Day_nohup_20260819T132526Z_w007_20260819T162740Z::a07eee::20260819T162946,observed_adsb,warm_ukf,posterior,adsb_scoring_proxy,130,1,212.983817735098,22.0515402285077,116.639378747154,24.1865806715991,11.8483961204636,48.7057442131664,NaN,NaN,NaN,0,0
real_adsb,random_dropout_25,stage4B_3Day_nohup_20260819T132526Z_w007_20260819T162740Z::a07eee::20260819T162946__random_dropout_25,stage4B_3Day_nohup_20260819T132526Z_w007_20260819T162740Z::a07eee::20260819T162946,observed_adsb,cv_ekf,prior,adsb_scoring_proxy,130,1,36.4518226226687,15.2951636259581,84.5771846568493,11.1740431163117,4.14286856420057,30.1098825887681,NaN,NaN,NaN,0,0
real_adsb,random_dropout_25,stage4B_3Day_nohup_20260819T132526Z_w007_20260819T162740Z::a07eee::20260819T162946__random_dropout_25,stage4B_3Day_nohup_20260819T132526Z_w007_20260819T162740Z::a07eee::20260819T162946,observed_adsb,cv_ekf,posterior,adsb_scoring_proxy,130,1,36.4518226226687,15.2951636259581,84.5771846568493,11.1740431163117,4.14286856420057,30.1098825887681,NaN,NaN,NaN,0,0
real_adsb,random_dropout_25,stage4B_3Day_nohup_20260819T132526Z_w007_20260819T162740Z::a07eee::20260819T162946__random_dropout_25,stage4B_3Day_nohup_20260819T132526Z_w007_20260819T162740Z::a07eee::20260819T162946,observed_adsb,ca_ekf,prior,adsb_scoring_proxy,130,1,17.2879074470797,10.5110405236512,34.5190227529163,6.26703246502134,2.91321278590456,13.1477504189049,NaN,NaN,NaN,0,0
real_adsb,random_dropout_25,stage4B_3Day_nohup_20260819T132526Z_w007_20260819T162740Z::a07eee::20260819T162946__random_dropout_25,stage4B_3Day_nohup_20260819T132526Z_w007_20260819T162740Z::a07eee::20260819T162946,observed_adsb,ca_ekf,posterior,adsb_scoring_proxy,130,1,17.2879074470797,10.5110405236512,34.5190227529163,6.26703246502134,2.91321278590456,13.1477504189049,NaN,NaN,NaN,0,0
real_adsb,random_dropout_25,stage4B_3Day_nohup_20260819T132526Z_w007_20260819T162740Z::a07eee::20260819T162946__random_dropout_25,stage4B_3Day_nohup_20260819T132526Z_w007_20260819T162740Z::a07eee::20260819T162946,observed_adsb,ct_ekf,prior,adsb_scoring_proxy,130,1,36.4304931631741,16.7830364376162,83.827471269152,11.0610519742215,4.49151653010191,29.3856630672972,NaN,NaN,NaN,0,0
real_adsb,random_dropout_25,stage4B_3Day_nohup_20260819T132526Z_w007_20260819T162740Z::a07eee::20260819T162946__random_dropout_25,stage4B_3Day_nohup_20260819T132526Z_w007_20260819T162740Z::a07eee::20260819T162946,observed_adsb,ct_ekf,posterior,adsb_scoring_proxy,130,1,36.4304931631741,16.7830364376162,83.827471269152,11.0610519742215,4.49151653010191,29.3856630672972,NaN,NaN,NaN,0,0
real_adsb,random_dropout_25,stage4B_3Day_nohup_20260819T132526Z_w007_20260819T162740Z::a07eee::20260819T162946__random_dropout_25,stage4B_3Day_nohup_20260819T132526Z_w007_20260819T162740Z::a07eee::20260819T162946,observed_adsb,native_imm,prior,adsb_scoring_proxy,130,1,13.388186668101,9.10846902824853,25.4293784628345,4.64872952088942,3.18757917294215,9.75178837859165,NaN,NaN,NaN,0,0
real_adsb,random_dropout_25,stage4B_3Day_nohup_20260819T132526Z_w007_20260819T162740Z::a07eee::20260819T162946__random_dropout_25,stage4B_3Day_nohup_20260819T132526Z_w007_20260819T162740Z::a07eee::20260819T162946,observed_adsb,native_imm,posterior,adsb_scoring_proxy,130,1,13.388186668101,9.10846902824853,25.4293784628345,4.64872952088942,3.18757917294215,9.75178837859165,NaN,NaN,NaN,0,0
real_adsb,random_dropout_25,stage4B_3Day_nohup_20260819T132526Z_w007_20260819T162740Z::a07eee::20260819T162946__random_dropout_25,stage4B_3Day_nohup_20260819T132526Z_w007_20260819T162740Z::a07eee::20260819T162946,observed_adsb,warm_ukf,prior,adsb_scoring_proxy,130,1,68.6905616303861,21.7395836012951,107.252254169959,16.7008878375862,10.3234666515912,37.8414111476127,NaN,NaN,NaN,0,0
real_adsb,random_dropout_25,stage4B_3Day_nohup_20260819T132526Z_w007_20260819T162740Z::a07eee::20260819T162946__random_dropout_25,stage4B_3Day_nohup_20260819T132526Z_w007_20260819T162740Z::a07eee::20260819T162946,observed_adsb,warm_ukf,posterior,adsb_scoring_proxy,130,1,68.6905616303861,21.7395836012951,107.252254169959,16.7008878375862,10.3234666515912,37.8414111476127,NaN,NaN,NaN,0,0
real_adsb,burst_outage,stage4B_3Day_nohup_20260819T132526Z_w007_20260819T162740Z::a07eee::20260819T162946__burst_outage,stage4B_3Day_nohup_20260819T132526Z_w007_20260819T162740Z::a07eee::20260819T162946,observed_adsb,cv_ekf,prior,adsb_scoring_proxy,130,1,466.343567885211,17.3470280407474,1007.01740512378,29.6305374580413,4.61580451656381,88.4909245257779,NaN,NaN,NaN,0,0
real_adsb,burst_outage,stage4B_3Day_nohup_20260819T132526Z_w007_20260819T162740Z::a07eee::20260819T162946__burst_outage,stage4B_3Day_nohup_20260819T132526Z_w007_20260819T162740Z::a07eee::20260819T162946,observed_adsb,cv_ekf,posterior,adsb_scoring_proxy,130,1,466.343567885211,17.3470280407474,1007.01740512378,29.6305374580413,4.61580451656381,88.4909245257779,NaN,NaN,NaN,0,0
real_adsb,burst_outage,stage4B_3Day_nohup_20260819T132526Z_w007_20260819T162740Z::a07eee::20260819T162946__burst_outage,stage4B_3Day_nohup_20260819T132526Z_w007_20260819T162740Z::a07eee::20260819T162946,observed_adsb,ca_ekf,prior,adsb_scoring_proxy,130,1,731.804525154503,11.9620557794465,1736.90212520214,36.6357766754433,3.64252200201547,113.931376786689,NaN,NaN,NaN,0,0
real_adsb,burst_outage,stage4B_3Day_nohup_20260819T132526Z_w007_20260819T162740Z::a07eee::20260819T162946__burst_outage,stage4B_3Day_nohup_20260819T132526Z_w007_20260819T162740Z::a07eee::20260819T162946,observed_adsb,ca_ekf,posterior,adsb_scoring_proxy,130,1,731.804525154503,11.9620557794465,1736.90212520214,36.6357766754433,3.64252200201547,113.931376786689,NaN,NaN,NaN,0,0
real_adsb,burst_outage,stage4B_3Day_nohup_20260819T132526Z_w007_20260819T162740Z::a07eee::20260819T162946__burst_outage,stage4B_3Day_nohup_20260819T132526Z_w007_20260819T162740Z::a07eee::20260819T162946,observed_adsb,ct_ekf,prior,adsb_scoring_proxy,130,1,466.858999662042,17.6751463879095,1008.86527284373,29.6251617681543,4.87195272571738,88.5215632036533,NaN,NaN,NaN,0,0
real_adsb,burst_outage,stage4B_3Day_nohup_20260819T132526Z_w007_20260819T162740Z::a07eee::20260819T162946__burst_outage,stage4B_3Day_nohup_20260819T132526Z_w007_20260819T162740Z::a07eee::20260819T162946,observed_adsb,ct_ekf,posterior,adsb_scoring_proxy,130,1,466.858999662042,17.6751463879095,1008.86527284373,29.6251617681543,4.87195272571738,88.5215632036533,NaN,NaN,NaN,0,0
real_adsb,burst_outage,stage4B_3Day_nohup_20260819T132526Z_w007_20260819T162740Z::a07eee::20260819T162946__burst_outage,stage4B_3Day_nohup_20260819T132526Z_w007_20260819T162740Z::a07eee::20260819T162946,observed_adsb,native_imm,prior,adsb_scoring_proxy,130,1,458.783185518964,10.4293530615509,969.206431017329,28.4392849399383,3.5978174675465,88.3238179103276,NaN,NaN,NaN,0,0
real_adsb,burst_outage,stage4B_3Day_nohup_20260819T132526Z_w007_20260819T162740Z::a07eee::20260819T162946__burst_outage,stage4B_3Day_nohup_20260819T132526Z_w007_20260819T162740Z::a07eee::20260819T162946,observed_adsb,native_imm,posterior,adsb_scoring_proxy,130,1,458.783185518964,10.4293530615509,969.206431017329,28.4392849399383,3.5978174675465,88.3238179103276,NaN,NaN,NaN,0,0
real_adsb,burst_outage,stage4B_3Day_nohup_20260819T132526Z_w007_20260819T162740Z::a07eee::20260819T162946__burst_outage,stage4B_3Day_nohup_20260819T132526Z_w007_20260819T162740Z::a07eee::20260819T162946,observed_adsb,warm_ukf,prior,adsb_scoring_proxy,130,1,5879.10761145028,24.4263146271579,18367.5249212554,29.0895803849033,11.5812525054216,71.1516512233224,NaN,NaN,NaN,0,0
real_adsb,burst_outage,stage4B_3Day_nohup_20260819T132526Z_w007_20260819T162740Z::a07eee::20260819T162946__burst_outage,stage4B_3Day_nohup_20260819T132526Z_w007_20260819T162740Z::a07eee::20260819T162946,observed_adsb,warm_ukf,posterior,adsb_scoring_proxy,130,1,5879.10761145028,24.4263146271579,18367.5249212554,29.0895803849033,11.5812525054216,71.1516512233224,NaN,NaN,NaN,0,0
real_adsb,baseline,stage4B_3Day_nohup_20260819T132526Z_w025_20260820T012740Z::a5213d::20260820T012950__baseline,stage4B_3Day_nohup_20260819T132526Z_w025_20260820T012740Z::a5213d::20260820T012950,observed_adsb,cv_ekf,prior,adsb_scoring_proxy,126,1,13.9729433689502,4.36361686833804,34.294100415186,4.40334203632795,0.86918692065599,10.9659360179285,NaN,NaN,NaN,0,0
real_adsb,baseline,stage4B_3Day_nohup_20260819T132526Z_w025_20260820T012740Z::a5213d::20260820T012950__baseline,stage4B_3Day_nohup_20260819T132526Z_w025_20260820T012740Z::a5213d::20260820T012950,observed_adsb,cv_ekf,posterior,adsb_scoring_proxy,126,1,13.9729433689502,4.36361686833804,34.294100415186,4.40334203632795,0.86918692065599,10.9659360179285,NaN,NaN,NaN,0,0
real_adsb,baseline,stage4B_3Day_nohup_20260819T132526Z_w025_20260820T012740Z::a5213d::20260820T012950__baseline,stage4B_3Day_nohup_20260819T132526Z_w025_20260820T012740Z::a5213d::20260820T012950,observed_adsb,ca_ekf,prior,adsb_scoring_proxy,126,1,5.49351714422113,4.08747768514526,9.984841160083,2.01933579041495,1.06544421867582,4.1123799291383,NaN,NaN,NaN,0,0
real_adsb,baseline,stage4B_3Day_nohup_20260819T132526Z_w025_20260820T012740Z::a5213d::20260820T012950__baseline,stage4B_3Day_nohup_20260819T132526Z_w025_20260820T012740Z::a5213d::20260820T012950,observed_adsb,ca_ekf,posterior,adsb_scoring_proxy,126,1,5.49351714422113,4.08747768514526,9.984841160083,2.01933579041495,1.06544421867582,4.1123799291383,NaN,NaN,NaN,0,0
real_adsb,baseline,stage4B_3Day_nohup_20260819T132526Z_w025_20260820T012740Z::a5213d::20260820T012950__baseline,stage4B_3Day_nohup_20260819T132526Z_w025_20260820T012740Z::a5213d::20260820T012950,observed_adsb,ct_ekf,prior,adsb_scoring_proxy,126,1,13.9731833978052,4.44751749613763,34.0659880100264,4.38461323134216,0.923827896522624,10.8645929390867,NaN,NaN,NaN,0,0
real_adsb,baseline,stage4B_3Day_nohup_20260819T132526Z_w025_20260820T012740Z::a5213d::20260820T012950__baseline,stage4B_3Day_nohup_20260819T132526Z_w025_20260820T012740Z::a5213d::20260820T012950,observed_adsb,ct_ekf,posterior,adsb_scoring_proxy,126,1,13.9731833978052,4.44751749613763,34.0659880100264,4.38461323134216,0.923827896522624,10.8645929390867,NaN,NaN,NaN,0,0
real_adsb,baseline,stage4B_3Day_nohup_20260819T132526Z_w025_20260820T012740Z::a5213d::20260820T012950__baseline,stage4B_3Day_nohup_20260819T132526Z_w025_20260820T012740Z::a5213d::20260820T012950,observed_adsb,native_imm,prior,adsb_scoring_proxy,126,1,5.5264128570696,3.93669841895106,10.3149777275491,1.71735154867595,0.90889212887158,3.40087812432504,NaN,NaN,NaN,0,0
real_adsb,baseline,stage4B_3Day_nohup_20260819T132526Z_w025_20260820T012740Z::a5213d::20260820T012950__baseline,stage4B_3Day_nohup_20260819T132526Z_w025_20260820T012740Z::a5213d::20260820T012950,observed_adsb,native_imm,posterior,adsb_scoring_proxy,126,1,5.5264128570696,3.93669841895106,10.3149777275491,1.71735154867595,0.90889212887158,3.40087812432504,NaN,NaN,NaN,0,0
real_adsb,baseline,stage4B_3Day_nohup_20260819T132526Z_w025_20260820T012740Z::a5213d::20260820T012950__baseline,stage4B_3Day_nohup_20260819T132526Z_w025_20260820T012740Z::a5213d::20260820T012950,observed_adsb,warm_ukf,prior,adsb_scoring_proxy,126,1,290.51865200064,14.6463336799119,107.435639976084,8.58081380756339,6.56657472746313,16.0066045328595,NaN,NaN,NaN,0,0
real_adsb,baseline,stage4B_3Day_nohup_20260819T132526Z_w025_20260820T012740Z::a5213d::20260820T012950__baseline,stage4B_3Day_nohup_20260819T132526Z_w025_20260820T012740Z::a5213d::20260820T012950,observed_adsb,warm_ukf,posterior,adsb_scoring_proxy,126,1,290.51865200064,14.6463336799119,107.435639976084,8.58081380756339,6.56657472746313,16.0066045328595,NaN,NaN,NaN,0,0
real_adsb,random_dropout_10,stage4B_3Day_nohup_20260819T132526Z_w025_20260820T012740Z::a5213d::20260820T012950__random_dropout_10,stage4B_3Day_nohup_20260819T132526Z_w025_20260820T012740Z::a5213d::20260820T012950,observed_adsb,cv_ekf,prior,adsb_scoring_proxy,126,1,14.8032427144889,4.56395315778406,37.0307175006979,4.5175545981287,0.911807264239877,11.4891787752808,NaN,NaN,NaN,0,0
real_adsb,random_dropout_10,stage4B_3Day_nohup_20260819T132526Z_w025_20260820T012740Z::a5213d::20260820T012950__random_dropout_10,stage4B_3Day_nohup_20260819T132526Z_w025_20260820T012740Z::a5213d::20260820T012950,observed_adsb,cv_ekf,posterior,adsb_scoring_proxy,126,1,14.8032427144889,4.56395315778406,37.0307175006979,4.5175545981287,0.911807264239877,11.4891787752808,NaN,NaN,NaN,0,0
real_adsb,random_dropout_10,stage4B_3Day_nohup_20260819T132526Z_w025_20260820T012740Z::a5213d::20260820T012950__random_dropout_10,stage4B_3Day_nohup_20260819T132526Z_w025_20260820T012740Z::a5213d::20260820T012950,observed_adsb,ca_ekf,prior,adsb_scoring_proxy,126,1,5.70581824093656,4.36875632984311,10.7139436020437,2.05575078474454,1.14037595722428,4.13557991184349,NaN,NaN,NaN,0,0
real_adsb,random_dropout_10,stage4B_3Day_nohup_20260819T132526Z_w025_20260820T012740Z::a5213d::20260820T012950__random_dropout_10,stage4B_3Day_nohup_20260819T132526Z_w025_20260820T012740Z::a5213d::20260820T012950,observed_adsb,ca_ekf,posterior,adsb_scoring_proxy,126,1,5.70581824093656,4.36875632984311,10.7139436020437,2.05575078474454,1.14037595722428,4.13557991184349,NaN,NaN,NaN,0,0
real_adsb,random_dropout_10,stage4B_3Day_nohup_20260819T132526Z_w025_20260820T012740Z::a5213d::20260820T012950__random_dropout_10,stage4B_3Day_nohup_20260819T132526Z_w025_20260820T012740Z::a5213d::20260820T012950,observed_adsb,ct_ekf,prior,adsb_scoring_proxy,126,1,14.7953229254798,4.61537503787152,36.8084126897382,4.4972822322623,0.991322883318466,11.4063595038201,NaN,NaN,NaN,0,0
real_adsb,random_dropout_10,stage4B_3Day_nohup_20260819T132526Z_w025_20260820T012740Z::a5213d::20260820T012950__random_dropout_10,stage4B_3Day_nohup_20260819T132526Z_w025_20260820T012740Z::a5213d::20260820T012950,observed_adsb,ct_ekf,posterior,adsb_scoring_proxy,126,1,14.7953229254798,4.61537503787152,36.8084126897382,4.4972822322623,0.991322883318466,11.4063595038201,NaN,NaN,NaN,0,0
real_adsb,random_dropout_10,stage4B_3Day_nohup_20260819T132526Z_w025_20260820T012740Z::a5213d::20260820T012950__random_dropout_10,stage4B_3Day_nohup_20260819T132526Z_w025_20260820T012740Z::a5213d::20260820T012950,observed_adsb,native_imm,prior,adsb_scoring_proxy,126,1,5.62278213033501,4.05223408907482,10.2431963558547,1.72834740028671,0.944126375507758,3.49631385810256,NaN,NaN,NaN,0,0
real_adsb,random_dropout_10,stage4B_3Day_nohup_20260819T132526Z_w025_20260820T012740Z::a5213d::20260820T012950__random_dropout_10,stage4B_3Day_nohup_20260819T132526Z_w025_20260820T012740Z::a5213d::20260820T012950,observed_adsb,native_imm,posterior,adsb_scoring_proxy,126,1,5.62278213033501,4.05223408907482,10.2431963558547,1.72834740028671,0.944126375507758,3.49631385810256,NaN,NaN,NaN,0,0
real_adsb,random_dropout_10,stage4B_3Day_nohup_20260819T132526Z_w025_20260820T012740Z::a5213d::20260820T012950__random_dropout_10,stage4B_3Day_nohup_20260819T132526Z_w025_20260820T012740Z::a5213d::20260820T012950,observed_adsb,warm_ukf,prior,adsb_scoring_proxy,126,1,177.736735240478,15.0684860279273,98.1919945076423,10.5453640919608,6.49233053728837,21.0313736172905,NaN,NaN,NaN,0,0
real_adsb,random_dropout_10,stage4B_3Day_nohup_20260819T132526Z_w025_20260820T012740Z::a5213d::20260820T012950__random_dropout_10,stage4B_3Day_nohup_20260819T132526Z_w025_20260820T012740Z::a5213d::20260820T012950,observed_adsb,warm_ukf,posterior,adsb_scoring_proxy,126,1,177.736735240478,15.0684860279273,98.1919945076423,10.5453640919608,6.49233053728837,21.0313736172905,NaN,NaN,NaN,0,0
real_adsb,random_dropout_25,stage4B_3Day_nohup_20260819T132526Z_w025_20260820T012740Z::a5213d::20260820T012950__random_dropout_25,stage4B_3Day_nohup_20260819T132526Z_w025_20260820T012740Z::a5213d::20260820T012950,observed_adsb,cv_ekf,prior,adsb_scoring_proxy,126,1,17.5175245170159,4.72821957278165,44.149760984749,4.87275461904627,0.873778377967766,12.5315508564944,NaN,NaN,NaN,0,0
real_adsb,random_dropout_25,stage4B_3Day_nohup_20260819T132526Z_w025_20260820T012740Z::a5213d::20260820T012950__random_dropout_25,stage4B_3Day_nohup_20260819T132526Z_w025_20260820T012740Z::a5213d::20260820T012950,observed_adsb,cv_ekf,posterior,adsb_scoring_proxy,126,1,17.5175245170159,4.72821957278165,44.149760984749,4.87275461904627,0.873778377967766,12.5315508564944,NaN,NaN,NaN,0,0
real_adsb,random_dropout_25,stage4B_3Day_nohup_20260819T132526Z_w025_20260820T012740Z::a5213d::20260820T012950__random_dropout_25,stage4B_3Day_nohup_20260819T132526Z_w025_20260820T012740Z::a5213d::20260820T012950,observed_adsb,ca_ekf,prior,adsb_scoring_proxy,126,1,5.94668598410348,4.32877053137843,11.1944631052714,2.14415379138827,1.15206015044675,4.63624043493944,NaN,NaN,NaN,0,0
real_adsb,random_dropout_25,stage4B_3Day_nohup_20260819T132526Z_w025_20260820T012740Z::a5213d::20260820T012950__random_dropout_25,stage4B_3Day_nohup_20260819T132526Z_w025_20260820T012740Z::a5213d::20260820T012950,observed_adsb,ca_ekf,posterior,adsb_scoring_proxy,126,1,5.94668598410348,4.32877053137843,11.1944631052714,2.14415379138827,1.15206015044675,4.63624043493944,NaN,NaN,NaN,0,0
real_adsb,random_dropout_25,stage4B_3Day_nohup_20260819T132526Z_w025_20260820T012740Z::a5213d::20260820T012950__random_dropout_25,stage4B_3Day_nohup_20260819T132526Z_w025_20260820T012740Z::a5213d::20260820T012950,observed_adsb,ct_ekf,prior,adsb_scoring_proxy,126,1,17.491122514165,4.86898738200888,43.7052291123557,4.84865351937522,0.928039172008527,12.454943789521,NaN,NaN,NaN,0,0
real_adsb,random_dropout_25,stage4B_3Day_nohup_20260819T132526Z_w025_20260820T012740Z::a5213d::20260820T012950__random_dropout_25,stage4B_3Day_nohup_20260819T132526Z_w025_20260820T012740Z::a5213d::20260820T012950,observed_adsb,ct_ekf,posterior,adsb_scoring_proxy,126,1,17.491122514165,4.86898738200888,43.7052291123557,4.84865351937522,0.928039172008527,12.454943789521,NaN,NaN,NaN,0,0
real_adsb,random_dropout_25,stage4B_3Day_nohup_20260819T132526Z_w025_20260820T012740Z::a5213d::20260820T012950__random_dropout_25,stage4B_3Day_nohup_20260819T132526Z_w025_20260820T012740Z::a5213d::20260820T012950,observed_adsb,native_imm,prior,adsb_scoring_proxy,126,1,5.96099071517886,4.36847060163655,11.6967546525934,1.80497865452597,0.926809470882599,3.55202002606793,NaN,NaN,NaN,0,0
real_adsb,random_dropout_25,stage4B_3Day_nohup_20260819T132526Z_w025_20260820T012740Z::a5213d::20260820T012950__random_dropout_25,stage4B_3Day_nohup_20260819T132526Z_w025_20260820T012740Z::a5213d::20260820T012950,observed_adsb,native_imm,posterior,adsb_scoring_proxy,126,1,5.96099071517886,4.36847060163655,11.6967546525934,1.80497865452597,0.926809470882599,3.55202002606793,NaN,NaN,NaN,0,0
real_adsb,random_dropout_25,stage4B_3Day_nohup_20260819T132526Z_w025_20260820T012740Z::a5213d::20260820T012950__random_dropout_25,stage4B_3Day_nohup_20260819T132526Z_w025_20260820T012740Z::a5213d::20260820T012950,observed_adsb,warm_ukf,prior,adsb_scoring_proxy,126,1,272.267466636393,17.3112926025965,444.437847971627,10.1157074288853,6.3636934252732,17.355210140568,NaN,NaN,NaN,0,0
real_adsb,random_dropout_25,stage4B_3Day_nohup_20260819T132526Z_w025_20260820T012740Z::a5213d::20260820T012950__random_dropout_25,stage4B_3Day_nohup_20260819T132526Z_w025_20260820T012740Z::a5213d::20260820T012950,observed_adsb,warm_ukf,posterior,adsb_scoring_proxy,126,1,272.267466636393,17.3112926025965,444.437847971627,10.1157074288853,6.3636934252732,17.355210140568,NaN,NaN,NaN,0,0
real_adsb,burst_outage,stage4B_3Day_nohup_20260819T132526Z_w025_20260820T012740Z::a5213d::20260820T012950__burst_outage,stage4B_3Day_nohup_20260819T132526Z_w025_20260820T012740Z::a5213d::20260820T012950,observed_adsb,cv_ekf,prior,adsb_scoring_proxy,126,1,397.51229165325,6.27304024417458,1155.92801328179,11.0246413099674,1.80146857846506,23.7149337526985,NaN,NaN,NaN,0,0
real_adsb,burst_outage,stage4B_3Day_nohup_20260819T132526Z_w025_20260820T012740Z::a5213d::20260820T012950__burst_outage,stage4B_3Day_nohup_20260819T132526Z_w025_20260820T012740Z::a5213d::20260820T012950,observed_adsb,cv_ekf,posterior,adsb_scoring_proxy,126,1,397.51229165325,6.27304024417458,1155.92801328179,11.0246413099674,1.80146857846506,23.7149337526985,NaN,NaN,NaN,0,0
real_adsb,burst_outage,stage4B_3Day_nohup_20260819T132526Z_w025_20260820T012740Z::a5213d::20260820T012950__burst_outage,stage4B_3Day_nohup_20260819T132526Z_w025_20260820T012740Z::a5213d::20260820T012950,observed_adsb,ca_ekf,prior,adsb_scoring_proxy,126,1,679.896465563524,5.33093291166181,1835.7600583418,28.806748958252,1.54316483506214,83.7487732957096,NaN,NaN,NaN,0,0
real_adsb,burst_outage,stage4B_3Day_nohup_20260819T132526Z_w025_20260820T012740Z::a5213d::20260820T012950__burst_outage,stage4B_3Day_nohup_20260819T132526Z_w025_20260820T012740Z::a5213d::20260820T012950,observed_adsb,ca_ekf,posterior,adsb_scoring_proxy,126,1,679.896465563524,5.33093291166181,1835.7600583418,28.806748958252,1.54316483506214,83.7487732957096,NaN,NaN,NaN,0,0
real_adsb,burst_outage,stage4B_3Day_nohup_20260819T132526Z_w025_20260820T012740Z::a5213d::20260820T012950__burst_outage,stage4B_3Day_nohup_20260819T132526Z_w025_20260820T012740Z::a5213d::20260820T012950,observed_adsb,ct_ekf,prior,adsb_scoring_proxy,126,1,380.554854091559,6.37044653042635,1107.41304760844,10.5090017460223,1.86402050005285,22.53163930247,NaN,NaN,NaN,0,0
real_adsb,burst_outage,stage4B_3Day_nohup_20260819T132526Z_w025_20260820T012740Z::a5213d::20260820T012950__burst_outage,stage4B_3Day_nohup_20260819T132526Z_w025_20260820T012740Z::a5213d::20260820T012950,observed_adsb,ct_ekf,posterior,adsb_scoring_proxy,126,1,380.554854091559,6.37044653042635,1107.41304760844,10.5090017460223,1.86402050005285,22.53163930247,NaN,NaN,NaN,0,0
real_adsb,burst_outage,stage4B_3Day_nohup_20260819T132526Z_w025_20260820T012740Z::a5213d::20260820T012950__burst_outage,stage4B_3Day_nohup_20260819T132526Z_w025_20260820T012740Z::a5213d::20260820T012950,observed_adsb,native_imm,prior,adsb_scoring_proxy,126,1,48.2274263021155,5.60768333975053,108.68721189287,3.3886453497967,1.29911097544374,8.62049341594817,NaN,NaN,NaN,0,0
real_adsb,burst_outage,stage4B_3Day_nohup_20260819T132526Z_w025_20260820T012740Z::a5213d::20260820T012950__burst_outage,stage4B_3Day_nohup_20260819T132526Z_w025_20260820T012740Z::a5213d::20260820T012950,observed_adsb,native_imm,posterior,adsb_scoring_proxy,126,1,48.2274263021155,5.60768333975053,108.68721189287,3.3886453497967,1.29911097544374,8.62049341594817,NaN,NaN,NaN,0,0
real_adsb,burst_outage,stage4B_3Day_nohup_20260819T132526Z_w025_20260820T012740Z::a5213d::20260820T012950__burst_outage,stage4B_3Day_nohup_20260819T132526Z_w025_20260820T012740Z::a5213d::20260820T012950,observed_adsb,warm_ukf,prior,adsb_scoring_proxy,126,1,1375.7526899555,19.9346196953176,3149.49566188293,28.5600196073965,8.29858241372052,85.3246152780718,NaN,NaN,NaN,0,0
real_adsb,burst_outage,stage4B_3Day_nohup_20260819T132526Z_w025_20260820T012740Z::a5213d::20260820T012950__burst_outage,stage4B_3Day_nohup_20260819T132526Z_w025_20260820T012740Z::a5213d::20260820T012950,observed_adsb,warm_ukf,posterior,adsb_scoring_proxy,126,1,1375.7526899555,19.9346196953176,3149.49566188293,28.5600196073965,8.29858241372052,85.3246152780718,NaN,NaN,NaN,0,0
real_adsb,baseline,stage4B_3Day_nohup_20260819T132526Z_w011_20260819T182740Z::a1946c::20260819T183049__baseline,stage4B_3Day_nohup_20260819T132526Z_w011_20260819T182740Z::a1946c::20260819T183049,observed_adsb,cv_ekf,prior,adsb_scoring_proxy,124,1,28.1209431466838,19.7079896036138,51.2458543005233,8.13099334140722,4.94314401154433,17.1995030315103,NaN,NaN,NaN,0,0
real_adsb,baseline,stage4B_3Day_nohup_20260819T132526Z_w011_20260819T182740Z::a1946c::20260819T183049__baseline,stage4B_3Day_nohup_20260819T132526Z_w011_20260819T182740Z::a1946c::20260819T183049,observed_adsb,cv_ekf,posterior,adsb_scoring_proxy,124,1,28.1209431466838,19.7079896036138,51.2458543005233,8.13099334140722,4.94314401154433,17.1995030315103,NaN,NaN,NaN,0,0
real_adsb,baseline,stage4B_3Day_nohup_20260819T132526Z_w011_20260819T182740Z::a1946c::20260819T183049__baseline,stage4B_3Day_nohup_20260819T132526Z_w011_20260819T182740Z::a1946c::20260819T183049,observed_adsb,ca_ekf,prior,adsb_scoring_proxy,124,1,18.4125955298231,15.9514025170191,31.0300339607696,5.55996048615215,3.9410599100218,11.2890118864185,NaN,NaN,NaN,0,0
real_adsb,baseline,stage4B_3Day_nohup_20260819T132526Z_w011_20260819T182740Z::a1946c::20260819T183049__baseline,stage4B_3Day_nohup_20260819T132526Z_w011_20260819T182740Z::a1946c::20260819T183049,observed_adsb,ca_ekf,posterior,adsb_scoring_proxy,124,1,18.4125955298231,15.9514025170191,31.0300339607696,5.55996048615215,3.9410599100218,11.2890118864185,NaN,NaN,NaN,0,0
real_adsb,baseline,stage4B_3Day_nohup_20260819T132526Z_w011_20260819T182740Z::a1946c::20260819T183049__baseline,stage4B_3Day_nohup_20260819T132526Z_w011_20260819T182740Z::a1946c::20260819T183049,observed_adsb,ct_ekf,prior,adsb_scoring_proxy,124,1,28.427192190988,20.3611030302408,52.5316715600393,8.19247717273428,5.20224574655406,16.7329027777993,NaN,NaN,NaN,0,0
real_adsb,baseline,stage4B_3Day_nohup_20260819T132526Z_w011_20260819T182740Z::a1946c::20260819T183049__baseline,stage4B_3Day_nohup_20260819T132526Z_w011_20260819T182740Z::a1946c::20260819T183049,observed_adsb,ct_ekf,posterior,adsb_scoring_proxy,124,1,28.427192190988,20.3611030302408,52.5316715600393,8.19247717273428,5.20224574655406,16.7329027777993,NaN,NaN,NaN,0,0
real_adsb,baseline,stage4B_3Day_nohup_20260819T132526Z_w011_20260819T182740Z::a1946c::20260819T183049__baseline,stage4B_3Day_nohup_20260819T132526Z_w011_20260819T182740Z::a1946c::20260819T183049,observed_adsb,native_imm,prior,adsb_scoring_proxy,124,1,15.4076648536751,13.4731272743914,26.6380444896071,4.3831747432414,3.76772872814506,7.20589253661805,NaN,NaN,NaN,0,0
real_adsb,baseline,stage4B_3Day_nohup_20260819T132526Z_w011_20260819T182740Z::a1946c::20260819T183049__baseline,stage4B_3Day_nohup_20260819T132526Z_w011_20260819T182740Z::a1946c::20260819T183049,observed_adsb,native_imm,posterior,adsb_scoring_proxy,124,1,15.4076648536751,13.4731272743914,26.6380444896071,4.3831747432414,3.76772872814506,7.20589253661805,NaN,NaN,NaN,0,0
real_adsb,baseline,stage4B_3Day_nohup_20260819T132526Z_w011_20260819T182740Z::a1946c::20260819T183049__baseline,stage4B_3Day_nohup_20260819T132526Z_w011_20260819T182740Z::a1946c::20260819T183049,observed_adsb,warm_ukf,prior,adsb_scoring_proxy,124,1,62.9729510164972,26.5853301422748,57.4513591525812,27.8198903854763,25.0318959415174,46.7587064102841,NaN,NaN,NaN,0,0
real_adsb,baseline,stage4B_3Day_nohup_20260819T132526Z_w011_20260819T182740Z::a1946c::20260819T183049__baseline,stage4B_3Day_nohup_20260819T132526Z_w011_20260819T182740Z::a1946c::20260819T183049,observed_adsb,warm_ukf,posterior,adsb_scoring_proxy,124,1,62.9729510164972,26.5853301422748,57.4513591525812,27.8198903854763,25.0318959415174,46.7587064102841,NaN,NaN,NaN,0,0
real_adsb,random_dropout_10,stage4B_3Day_nohup_20260819T132526Z_w011_20260819T182740Z::a1946c::20260819T183049__random_dropout_10,stage4B_3Day_nohup_20260819T132526Z_w011_20260819T182740Z::a1946c::20260819T183049,observed_adsb,cv_ekf,prior,adsb_scoring_proxy,124,1,29.2881806858989,21.2097392858835,54.1202855043556,8.31968079593696,4.98837296156136,17.3995003659932,NaN,NaN,NaN,0,0
real_adsb,random_dropout_10,stage4B_3Day_nohup_20260819T132526Z_w011_20260819T182740Z::a1946c::20260819T183049__random_dropout_10,stage4B_3Day_nohup_20260819T132526Z_w011_20260819T182740Z::a1946c::20260819T183049,observed_adsb,cv_ekf,posterior,adsb_scoring_proxy,124,1,29.2881806858989,21.2097392858835,54.1202855043556,8.31968079593696,4.98837296156136,17.3995003659932,NaN,NaN,NaN,0,0
real_adsb,random_dropout_10,stage4B_3Day_nohup_20260819T132526Z_w011_20260819T182740Z::a1946c::20260819T183049__random_dropout_10,stage4B_3Day_nohup_20260819T132526Z_w011_20260819T182740Z::a1946c::20260819T183049,observed_adsb,ca_ekf,prior,adsb_scoring_proxy,124,1,19.32370512499,16.9201696439538,33.7431323922582,5.64636855481143,4.09549807380481,11.1280116120125,NaN,NaN,NaN,0,0
real_adsb,random_dropout_10,stage4B_3Day_nohup_20260819T132526Z_w011_20260819T182740Z::a1946c::20260819T183049__random_dropout_10,stage4B_3Day_nohup_20260819T132526Z_w011_20260819T182740Z::a1946c::20260819T183049,observed_adsb,ca_ekf,posterior,adsb_scoring_proxy,124,1,19.32370512499,16.9201696439538,33.7431323922582,5.64636855481143,4.09549807380481,11.1280116120125,NaN,NaN,NaN,0,0
real_adsb,random_dropout_10,stage4B_3Day_nohup_20260819T132526Z_w011_20260819T182740Z::a1946c::20260819T183049__random_dropout_10,stage4B_3Day_nohup_20260819T132526Z_w011_20260819T182740Z::a1946c::20260819T183049,observed_adsb,ct_ekf,prior,adsb_scoring_proxy,124,1,29.6338492871043,21.8429398707998,53.5961296153302,8.38612660064993,5.33465632361118,17.0214083155321,NaN,NaN,NaN,0,0
real_adsb,random_dropout_10,stage4B_3Day_nohup_20260819T132526Z_w011_20260819T182740Z::a1946c::20260819T183049__random_dropout_10,stage4B_3Day_nohup_20260819T132526Z_w011_20260819T182740Z::a1946c::20260819T183049,observed_adsb,ct_ekf,posterior,adsb_scoring_proxy,124,1,29.6338492871043,21.8429398707998,53.5961296153302,8.38612660064993,5.33465632361118,17.0214083155321,NaN,NaN,NaN,0,0
real_adsb,random_dropout_10,stage4B_3Day_nohup_20260819T132526Z_w011_20260819T182740Z::a1946c::20260819T183049__random_dropout_10,stage4B_3Day_nohup_20260819T132526Z_w011_20260819T182740Z::a1946c::20260819T183049,observed_adsb,native_imm,prior,adsb_scoring_proxy,124,1,15.8203943693401,14.132407226082,27.0231056159339,4.42484677778675,3.71810041971601,7.39474421120445,NaN,NaN,NaN,0,0
real_adsb,random_dropout_10,stage4B_3Day_nohup_20260819T132526Z_w011_20260819T182740Z::a1946c::20260819T183049__random_dropout_10,stage4B_3Day_nohup_20260819T132526Z_w011_20260819T182740Z::a1946c::20260819T183049,observed_adsb,native_imm,posterior,adsb_scoring_proxy,124,1,15.8203943693401,14.132407226082,27.0231056159339,4.42484677778675,3.71810041971601,7.39474421120445,NaN,NaN,NaN,0,0
real_adsb,random_dropout_10,stage4B_3Day_nohup_20260819T132526Z_w011_20260819T182740Z::a1946c::20260819T183049__random_dropout_10,stage4B_3Day_nohup_20260819T132526Z_w011_20260819T182740Z::a1946c::20260819T183049,observed_adsb,warm_ukf,prior,adsb_scoring_proxy,124,1,76.6849282366711,24.8359080050513,68.7432541212716,22.1094658646558,19.3876865849906,35.5688153370669,NaN,NaN,NaN,0,0
real_adsb,random_dropout_10,stage4B_3Day_nohup_20260819T132526Z_w011_20260819T182740Z::a1946c::20260819T183049__random_dropout_10,stage4B_3Day_nohup_20260819T132526Z_w011_20260819T182740Z::a1946c::20260819T183049,observed_adsb,warm_ukf,posterior,adsb_scoring_proxy,124,1,76.6849282366711,24.8359080050513,68.7432541212716,22.1094658646558,19.3876865849906,35.5688153370669,NaN,NaN,NaN,0,0
real_adsb,random_dropout_25,stage4B_3Day_nohup_20260819T132526Z_w011_20260819T182740Z::a1946c::20260819T183049__random_dropout_25,stage4B_3Day_nohup_20260819T132526Z_w011_20260819T182740Z::a1946c::20260819T183049,observed_adsb,cv_ekf,prior,adsb_scoring_proxy,124,1,31.5316705864762,20.422866511236,56.4586975311998,8.68800792631305,5.16964624921,18.0977886017792,NaN,NaN,NaN,0,0
real_adsb,random_dropout_25,stage4B_3Day_nohup_20260819T132526Z_w011_20260819T182740Z::a1946c::20260819T183049__random_dropout_25,stage4B_3Day_nohup_20260819T132526Z_w011_20260819T182740Z::a1946c::20260819T183049,observed_adsb,cv_ekf,posterior,adsb_scoring_proxy,124,1,31.5316705864762,20.422866511236,56.4586975311998,8.68800792631305,5.16964624921,18.0977886017792,NaN,NaN,NaN,0,0
real_adsb,random_dropout_25,stage4B_3Day_nohup_20260819T132526Z_w011_20260819T182740Z::a1946c::20260819T183049__random_dropout_25,stage4B_3Day_nohup_20260819T132526Z_w011_20260819T182740Z::a1946c::20260819T183049,observed_adsb,ca_ekf,prior,adsb_scoring_proxy,124,1,20.048372100992,16.1158603427968,33.3091065576719,5.88075527616275,4.10056086035227,11.4609740790206,NaN,NaN,NaN,0,0
real_adsb,random_dropout_25,stage4B_3Day_nohup_20260819T132526Z_w011_20260819T182740Z::a1946c::20260819T183049__random_dropout_25,stage4B_3Day_nohup_20260819T132526Z_w011_20260819T182740Z::a1946c::20260819T183049,observed_adsb,ca_ekf,posterior,adsb_scoring_proxy,124,1,20.048372100992,16.1158603427968,33.3091065576719,5.88075527616275,4.10056086035227,11.4609740790206,NaN,NaN,NaN,0,0
real_adsb,random_dropout_25,stage4B_3Day_nohup_20260819T132526Z_w011_20260819T182740Z::a1946c::20260819T183049__random_dropout_25,stage4B_3Day_nohup_20260819T132526Z_w011_20260819T182740Z::a1946c::20260819T183049,observed_adsb,ct_ekf,prior,adsb_scoring_proxy,124,1,31.9127445542405,20.7413798221449,55.6708289623819,8.75869589144372,5.41724521603646,17.6583976994899,NaN,NaN,NaN,0,0
real_adsb,random_dropout_25,stage4B_3Day_nohup_20260819T132526Z_w011_20260819T182740Z::a1946c::20260819T183049__random_dropout_25,stage4B_3Day_nohup_20260819T132526Z_w011_20260819T182740Z::a1946c::20260819T183049,observed_adsb,ct_ekf,posterior,adsb_scoring_proxy,124,1,31.9127445542405,20.7413798221449,55.6708289623819,8.75869589144372,5.41724521603646,17.6583976994899,NaN,NaN,NaN,0,0
real_adsb,random_dropout_25,stage4B_3Day_nohup_20260819T132526Z_w011_20260819T182740Z::a1946c::20260819T183049__random_dropout_25,stage4B_3Day_nohup_20260819T132526Z_w011_20260819T182740Z::a1946c::20260819T183049,observed_adsb,native_imm,prior,adsb_scoring_proxy,124,1,16.1974550482976,13.1406389858502,28.866280250972,4.52663955798378,3.76667938989051,7.84518478013197,NaN,NaN,NaN,0,0
real_adsb,random_dropout_25,stage4B_3Day_nohup_20260819T132526Z_w011_20260819T182740Z::a1946c::20260819T183049__random_dropout_25,stage4B_3Day_nohup_20260819T132526Z_w011_20260819T182740Z::a1946c::20260819T183049,observed_adsb,native_imm,posterior,adsb_scoring_proxy,124,1,16.1974550482976,13.1406389858502,28.866280250972,4.52663955798378,3.76667938989051,7.84518478013197,NaN,NaN,NaN,0,0
real_adsb,random_dropout_25,stage4B_3Day_nohup_20260819T132526Z_w011_20260819T182740Z::a1946c::20260819T183049__random_dropout_25,stage4B_3Day_nohup_20260819T132526Z_w011_20260819T182740Z::a1946c::20260819T183049,observed_adsb,warm_ukf,prior,adsb_scoring_proxy,124,1,93.6062027043979,26.4317153476406,70.8077014175207,26.4384419461442,24.8678091355631,41.1960163992599,NaN,NaN,NaN,0,0
real_adsb,random_dropout_25,stage4B_3Day_nohup_20260819T132526Z_w011_20260819T182740Z::a1946c::20260819T183049__random_dropout_25,stage4B_3Day_nohup_20260819T132526Z_w011_20260819T182740Z::a1946c::20260819T183049,observed_adsb,warm_ukf,posterior,adsb_scoring_proxy,124,1,93.6062027043979,26.4317153476406,70.8077014175207,26.4384419461442,24.8678091355631,41.1960163992599,NaN,NaN,NaN,0,0
real_adsb,burst_outage,stage4B_3Day_nohup_20260819T132526Z_w011_20260819T182740Z::a1946c::20260819T183049__burst_outage,stage4B_3Day_nohup_20260819T132526Z_w011_20260819T182740Z::a1946c::20260819T183049,observed_adsb,cv_ekf,prior,adsb_scoring_proxy,124,1,80.3968504737216,23.8231199749398,208.981500509169,8.52484424462336,5.1270859994144,17.1995030315103,NaN,NaN,NaN,0,0
real_adsb,burst_outage,stage4B_3Day_nohup_20260819T132526Z_w011_20260819T182740Z::a1946c::20260819T183049__burst_outage,stage4B_3Day_nohup_20260819T132526Z_w011_20260819T182740Z::a1946c::20260819T183049,observed_adsb,cv_ekf,posterior,adsb_scoring_proxy,124,1,80.3968504737216,23.8231199749398,208.981500509169,8.52484424462336,5.1270859994144,17.1995030315103,NaN,NaN,NaN,0,0
real_adsb,burst_outage,stage4B_3Day_nohup_20260819T132526Z_w011_20260819T182740Z::a1946c::20260819T183049__burst_outage,stage4B_3Day_nohup_20260819T132526Z_w011_20260819T182740Z::a1946c::20260819T183049,observed_adsb,ca_ekf,prior,adsb_scoring_proxy,124,1,214.213828435706,16.8154317779636,614.277534064809,8.99542239369695,4.35290253194924,21.4101180814654,NaN,NaN,NaN,0,0
real_adsb,burst_outage,stage4B_3Day_nohup_20260819T132526Z_w011_20260819T182740Z::a1946c::20260819T183049__burst_outage,stage4B_3Day_nohup_20260819T132526Z_w011_20260819T182740Z::a1946c::20260819T183049,observed_adsb,ca_ekf,posterior,adsb_scoring_proxy,124,1,214.213828435706,16.8154317779636,614.277534064809,8.99542239369695,4.35290253194924,21.4101180814654,NaN,NaN,NaN,0,0
real_adsb,burst_outage,stage4B_3Day_nohup_20260819T132526Z_w011_20260819T182740Z::a1946c::20260819T183049__burst_outage,stage4B_3Day_nohup_20260819T132526Z_w011_20260819T182740Z::a1946c::20260819T183049,observed_adsb,ct_ekf,prior,adsb_scoring_proxy,124,1,189.91633951393,24.0107763447996,556.901468555711,10.1924552450923,6.456684944886,21.4055992357781,NaN,NaN,NaN,0,0
real_adsb,burst_outage,stage4B_3Day_nohup_20260819T132526Z_w011_20260819T182740Z::a1946c::20260819T183049__burst_outage,stage4B_3Day_nohup_20260819T132526Z_w011_20260819T182740Z::a1946c::20260819T183049,observed_adsb,ct_ekf,posterior,adsb_scoring_proxy,124,1,189.91633951393,24.0107763447996,556.901468555711,10.1924552450923,6.456684944886,21.4055992357781,NaN,NaN,NaN,0,0
real_adsb,burst_outage,stage4B_3Day_nohup_20260819T132526Z_w011_20260819T182740Z::a1946c::20260819T183049__burst_outage,stage4B_3Day_nohup_20260819T132526Z_w011_20260819T182740Z::a1946c::20260819T183049,observed_adsb,native_imm,prior,adsb_scoring_proxy,124,1,89.5950122151838,15.1940481393486,252.889897128238,5.8088822440621,4.13989772722294,11.5879807825155,NaN,NaN,NaN,0,0
real_adsb,burst_outage,stage4B_3Day_nohup_20260819T132526Z_w011_20260819T182740Z::a1946c::20260819T183049__burst_outage,stage4B_3Day_nohup_20260819T132526Z_w011_20260819T182740Z::a1946c::20260819T183049,observed_adsb,native_imm,posterior,adsb_scoring_proxy,124,1,89.5950122151838,15.1940481393486,252.889897128238,5.8088822440621,4.13989772722294,11.5879807825155,NaN,NaN,NaN,0,0
real_adsb,burst_outage,stage4B_3Day_nohup_20260819T132526Z_w011_20260819T182740Z::a1946c::20260819T183049__burst_outage,stage4B_3Day_nohup_20260819T132526Z_w011_20260819T182740Z::a1946c::20260819T183049,observed_adsb,warm_ukf,prior,adsb_scoring_proxy,124,1,1052.71912753596,31.8659447058206,3805.63583932832,34.484430406539,31.7485715050028,58.941180312616,NaN,NaN,NaN,0,0
real_adsb,burst_outage,stage4B_3Day_nohup_20260819T132526Z_w011_20260819T182740Z::a1946c::20260819T183049__burst_outage,stage4B_3Day_nohup_20260819T132526Z_w011_20260819T182740Z::a1946c::20260819T183049,observed_adsb,warm_ukf,posterior,adsb_scoring_proxy,124,1,1052.71912753596,31.8659447058206,3805.63583932832,34.484430406539,31.7485715050028,58.941180312616,NaN,NaN,NaN,0,0
real_adsb,baseline,stage4B_3Day_nohup_20260819T132526Z_w055_20260820T162740Z::a3f161::20260820T162743__baseline,stage4B_3Day_nohup_20260819T132526Z_w055_20260820T162740Z::a3f161::20260820T162743,observed_adsb,cv_ekf,prior,adsb_scoring_proxy,116,1,8.06607150377072,4.43562972896616,13.7258560619386,2.22732620182025,1.36064300266184,3.90313537363171,NaN,NaN,NaN,0,0
real_adsb,baseline,stage4B_3Day_nohup_20260819T132526Z_w055_20260820T162740Z::a3f161::20260820T162743__baseline,stage4B_3Day_nohup_20260819T132526Z_w055_20260820T162740Z::a3f161::20260820T162743,observed_adsb,cv_ekf,posterior,adsb_scoring_proxy,116,1,8.06607150377072,4.43562972896616,13.7258560619386,2.22732620182025,1.36064300266184,3.90313537363171,NaN,NaN,NaN,0,0
real_adsb,baseline,stage4B_3Day_nohup_20260819T132526Z_w055_20260820T162740Z::a3f161::20260820T162743__baseline,stage4B_3Day_nohup_20260819T132526Z_w055_20260820T162740Z::a3f161::20260820T162743,observed_adsb,ca_ekf,prior,adsb_scoring_proxy,116,1,7.03725928835135,4.66304495859253,15.4595942651662,2.29333600250996,1.33610933183875,4.44240261845555,NaN,NaN,NaN,0,0
real_adsb,baseline,stage4B_3Day_nohup_20260819T132526Z_w055_20260820T162740Z::a3f161::20260820T162743__baseline,stage4B_3Day_nohup_20260819T132526Z_w055_20260820T162740Z::a3f161::20260820T162743,observed_adsb,ca_ekf,posterior,adsb_scoring_proxy,116,1,7.03725928835135,4.66304495859253,15.4595942651662,2.29333600250996,1.33610933183875,4.44240261845555,NaN,NaN,NaN,0,0
real_adsb,baseline,stage4B_3Day_nohup_20260819T132526Z_w055_20260820T162740Z::a3f161::20260820T162743__baseline,stage4B_3Day_nohup_20260819T132526Z_w055_20260820T162740Z::a3f161::20260820T162743,observed_adsb,ct_ekf,prior,adsb_scoring_proxy,116,1,8.31028016534398,4.43307387155978,14.26554288392,2.24224530755459,1.36877561551634,3.89550430722152,NaN,NaN,NaN,0,0
real_adsb,baseline,stage4B_3Day_nohup_20260819T132526Z_w055_20260820T162740Z::a3f161::20260820T162743__baseline,stage4B_3Day_nohup_20260819T132526Z_w055_20260820T162740Z::a3f161::20260820T162743,observed_adsb,ct_ekf,posterior,adsb_scoring_proxy,116,1,8.31028016534398,4.43307387155978,14.26554288392,2.24224530755459,1.36877561551634,3.89550430722152,NaN,NaN,NaN,0,0
real_adsb,baseline,stage4B_3Day_nohup_20260819T132526Z_w055_20260820T162740Z::a3f161::20260820T162743__baseline,stage4B_3Day_nohup_20260819T132526Z_w055_20260820T162740Z::a3f161::20260820T162743,observed_adsb,native_imm,prior,adsb_scoring_proxy,116,1,5.9537695222338,4.18752394549716,9.68798859743839,2.08234727937016,1.25376899748378,3.96223282540745,NaN,NaN,NaN,0,0
real_adsb,baseline,stage4B_3Day_nohup_20260819T132526Z_w055_20260820T162740Z::a3f161::20260820T162743__baseline,stage4B_3Day_nohup_20260819T132526Z_w055_20260820T162740Z::a3f161::20260820T162743,observed_adsb,native_imm,posterior,adsb_scoring_proxy,116,1,5.9537695222338,4.18752394549716,9.68798859743839,2.08234727937016,1.25376899748378,3.96223282540745,NaN,NaN,NaN,0,0
real_adsb,baseline,stage4B_3Day_nohup_20260819T132526Z_w055_20260820T162740Z::a3f161::20260820T162743__baseline,stage4B_3Day_nohup_20260819T132526Z_w055_20260820T162740Z::a3f161::20260820T162743,observed_adsb,warm_ukf,prior,adsb_scoring_proxy,116,1,183.50833351133,22.2135140509682,66.9618748361367,23.1011920120903,22.4034077201496,31.6360015363933,NaN,NaN,NaN,0,0
real_adsb,baseline,stage4B_3Day_nohup_20260819T132526Z_w055_20260820T162740Z::a3f161::20260820T162743__baseline,stage4B_3Day_nohup_20260819T132526Z_w055_20260820T162740Z::a3f161::20260820T162743,observed_adsb,warm_ukf,posterior,adsb_scoring_proxy,116,1,183.50833351133,22.2135140509682,66.9618748361367,23.1011920120903,22.4034077201496,31.6360015363933,NaN,NaN,NaN,0,0
real_adsb,random_dropout_10,stage4B_3Day_nohup_20260819T132526Z_w055_20260820T162740Z::a3f161::20260820T162743__random_dropout_10,stage4B_3Day_nohup_20260819T132526Z_w055_20260820T162740Z::a3f161::20260820T162743,observed_adsb,cv_ekf,prior,adsb_scoring_proxy,116,1,8.48207531626224,4.5372111827452,15.2311977427857,2.24992136681339,1.34219764595042,3.89383978357238,NaN,NaN,NaN,0,0
real_adsb,random_dropout_10,stage4B_3Day_nohup_20260819T132526Z_w055_20260820T162740Z::a3f161::20260820T162743__random_dropout_10,stage4B_3Day_nohup_20260819T132526Z_w055_20260820T162740Z::a3f161::20260820T162743,observed_adsb,cv_ekf,posterior,adsb_scoring_proxy,116,1,8.48207531626224,4.5372111827452,15.2311977427857,2.24992136681339,1.34219764595042,3.89383978357238,NaN,NaN,NaN,0,0
real_adsb,random_dropout_10,stage4B_3Day_nohup_20260819T132526Z_w055_20260820T162740Z::a3f161::20260820T162743__random_dropout_10,stage4B_3Day_nohup_20260819T132526Z_w055_20260820T162740Z::a3f161::20260820T162743,observed_adsb,ca_ekf,prior,adsb_scoring_proxy,116,1,7.36973013132084,4.8308043824138,16.3732107963106,2.31685802386472,1.44672326974519,4.3838041988112,NaN,NaN,NaN,0,0
real_adsb,random_dropout_10,stage4B_3Day_nohup_20260819T132526Z_w055_20260820T162740Z::a3f161::20260820T162743__random_dropout_10,stage4B_3Day_nohup_20260819T132526Z_w055_20260820T162740Z::a3f161::20260820T162743,observed_adsb,ca_ekf,posterior,adsb_scoring_proxy,116,1,7.36973013132084,4.8308043824138,16.3732107963106,2.31685802386472,1.44672326974519,4.3838041988112,NaN,NaN,NaN,0,0
real_adsb,random_dropout_10,stage4B_3Day_nohup_20260819T132526Z_w055_20260820T162740Z::a3f161::20260820T162743__random_dropout_10,stage4B_3Day_nohup_20260819T132526Z_w055_20260820T162740Z::a3f161::20260820T162743,observed_adsb,ct_ekf,prior,adsb_scoring_proxy,116,1,8.7434739428326,4.57716878050013,15.5247453660104,2.26614378832472,1.36114389303993,3.88824708688504,NaN,NaN,NaN,0,0
real_adsb,random_dropout_10,stage4B_3Day_nohup_20260819T132526Z_w055_20260820T162740Z::a3f161::20260820T162743__random_dropout_10,stage4B_3Day_nohup_20260819T132526Z_w055_20260820T162740Z::a3f161::20260820T162743,observed_adsb,ct_ekf,posterior,adsb_scoring_proxy,116,1,8.7434739428326,4.57716878050013,15.5247453660104,2.26614378832472,1.36114389303993,3.88824708688504,NaN,NaN,NaN,0,0
real_adsb,random_dropout_10,stage4B_3Day_nohup_20260819T132526Z_w055_20260820T162740Z::a3f161::20260820T162743__random_dropout_10,stage4B_3Day_nohup_20260819T132526Z_w055_20260820T162740Z::a3f161::20260820T162743,observed_adsb,native_imm,prior,adsb_scoring_proxy,116,1,6.05888794091811,4.51306571733872,11.1895650384523,2.08133422354033,1.25691232303751,3.93950955699344,NaN,NaN,NaN,0,0
real_adsb,random_dropout_10,stage4B_3Day_nohup_20260819T132526Z_w055_20260820T162740Z::a3f161::20260820T162743__random_dropout_10,stage4B_3Day_nohup_20260819T132526Z_w055_20260820T162740Z::a3f161::20260820T162743,observed_adsb,native_imm,posterior,adsb_scoring_proxy,116,1,6.05888794091811,4.51306571733872,11.1895650384523,2.08133422354033,1.25691232303751,3.93950955699344,NaN,NaN,NaN,0,0
real_adsb,random_dropout_10,stage4B_3Day_nohup_20260819T132526Z_w055_20260820T162740Z::a3f161::20260820T162743__random_dropout_10,stage4B_3Day_nohup_20260819T132526Z_w055_20260820T162740Z::a3f161::20260820T162743,observed_adsb,warm_ukf,prior,adsb_scoring_proxy,116,1,172.149369614364,22.825701484648,278.318255710162,21.4518429718778,21.8961292997898,31.3297333986715,NaN,NaN,NaN,0,0
real_adsb,random_dropout_10,stage4B_3Day_nohup_20260819T132526Z_w055_20260820T162740Z::a3f161::20260820T162743__random_dropout_10,stage4B_3Day_nohup_20260819T132526Z_w055_20260820T162740Z::a3f161::20260820T162743,observed_adsb,warm_ukf,posterior,adsb_scoring_proxy,116,1,172.149369614364,22.825701484648,278.318255710162,21.4518429718778,21.8961292997898,31.3297333986715,NaN,NaN,NaN,0,0
real_adsb,random_dropout_25,stage4B_3Day_nohup_20260819T132526Z_w055_20260820T162740Z::a3f161::20260820T162743__random_dropout_25,stage4B_3Day_nohup_20260819T132526Z_w055_20260820T162740Z::a3f161::20260820T162743,observed_adsb,cv_ekf,prior,adsb_scoring_proxy,116,1,9.24791844871189,5.13610325619033,16.2395087195617,2.30433443417707,1.50782948811095,3.91448806965798,NaN,NaN,NaN,0,0
real_adsb,random_dropout_25,stage4B_3Day_nohup_20260819T132526Z_w055_20260820T162740Z::a3f161::20260820T162743__random_dropout_25,stage4B_3Day_nohup_20260819T132526Z_w055_20260820T162740Z::a3f161::20260820T162743,observed_adsb,cv_ekf,posterior,adsb_scoring_proxy,116,1,9.24791844871189,5.13610325619033,16.2395087195617,2.30433443417707,1.50782948811095,3.91448806965798,NaN,NaN,NaN,0,0
real_adsb,random_dropout_25,stage4B_3Day_nohup_20260819T132526Z_w055_20260820T162740Z::a3f161::20260820T162743__random_dropout_25,stage4B_3Day_nohup_20260819T132526Z_w055_20260820T162740Z::a3f161::20260820T162743,observed_adsb,ca_ekf,prior,adsb_scoring_proxy,116,1,8.16508146131012,5.34619109659087,17.4593091433474,2.35626266878532,1.44774762547433,4.40186312827088,NaN,NaN,NaN,0,0
real_adsb,random_dropout_25,stage4B_3Day_nohup_20260819T132526Z_w055_20260820T162740Z::a3f161::20260820T162743__random_dropout_25,stage4B_3Day_nohup_20260819T132526Z_w055_20260820T162740Z::a3f161::20260820T162743,observed_adsb,ca_ekf,posterior,adsb_scoring_proxy,116,1,8.16508146131012,5.34619109659087,17.4593091433474,2.35626266878532,1.44774762547433,4.40186312827088,NaN,NaN,NaN,0,0
real_adsb,random_dropout_25,stage4B_3Day_nohup_20260819T132526Z_w055_20260820T162740Z::a3f161::20260820T162743__random_dropout_25,stage4B_3Day_nohup_20260819T132526Z_w055_20260820T162740Z::a3f161::20260820T162743,observed_adsb,ct_ekf,prior,adsb_scoring_proxy,116,1,9.51734705203748,5.24406737946769,16.8099886897114,2.32082135830292,1.54679151411322,3.95005072022813,NaN,NaN,NaN,0,0
real_adsb,random_dropout_25,stage4B_3Day_nohup_20260819T132526Z_w055_20260820T162740Z::a3f161::20260820T162743__random_dropout_25,stage4B_3Day_nohup_20260819T132526Z_w055_20260820T162740Z::a3f161::20260820T162743,observed_adsb,ct_ekf,posterior,adsb_scoring_proxy,116,1,9.51734705203748,5.24406737946769,16.8099886897114,2.32082135830292,1.54679151411322,3.95005072022813,NaN,NaN,NaN,0,0
real_adsb,random_dropout_25,stage4B_3Day_nohup_20260819T132526Z_w055_20260820T162740Z::a3f161::20260820T162743__random_dropout_25,stage4B_3Day_nohup_20260819T132526Z_w055_20260820T162740Z::a3f161::20260820T162743,observed_adsb,native_imm,prior,adsb_scoring_proxy,116,1,6.54571743947367,4.54415202916845,12.3420931915691,2.11754317386987,1.36736112704684,4.18186397436823,NaN,NaN,NaN,0,0
real_adsb,random_dropout_25,stage4B_3Day_nohup_20260819T132526Z_w055_20260820T162740Z::a3f161::20260820T162743__random_dropout_25,stage4B_3Day_nohup_20260819T132526Z_w055_20260820T162740Z::a3f161::20260820T162743,observed_adsb,native_imm,posterior,adsb_scoring_proxy,116,1,6.54571743947367,4.54415202916845,12.3420931915691,2.11754317386987,1.36736112704684,4.18186397436823,NaN,NaN,NaN,0,0
real_adsb,random_dropout_25,stage4B_3Day_nohup_20260819T132526Z_w055_20260820T162740Z::a3f161::20260820T162743__random_dropout_25,stage4B_3Day_nohup_20260819T132526Z_w055_20260820T162740Z::a3f161::20260820T162743,observed_adsb,warm_ukf,prior,adsb_scoring_proxy,116,1,148.371654008262,23.828461977552,84.2961287417977,20.8094127768682,19.8105124103268,29.7712577529791,NaN,NaN,NaN,0,0
real_adsb,random_dropout_25,stage4B_3Day_nohup_20260819T132526Z_w055_20260820T162740Z::a3f161::20260820T162743__random_dropout_25,stage4B_3Day_nohup_20260819T132526Z_w055_20260820T162740Z::a3f161::20260820T162743,observed_adsb,warm_ukf,posterior,adsb_scoring_proxy,116,1,148.371654008262,23.828461977552,84.2961287417977,20.8094127768682,19.8105124103268,29.7712577529791,NaN,NaN,NaN,0,0
real_adsb,burst_outage,stage4B_3Day_nohup_20260819T132526Z_w055_20260820T162740Z::a3f161::20260820T162743__burst_outage,stage4B_3Day_nohup_20260819T132526Z_w055_20260820T162740Z::a3f161::20260820T162743,observed_adsb,cv_ekf,prior,adsb_scoring_proxy,116,1,310.740816380066,5.92214030882834,875.568155840893,6.56515967595615,2.2570693406669,14.768491270451,NaN,NaN,NaN,0,0
real_adsb,burst_outage,stage4B_3Day_nohup_20260819T132526Z_w055_20260820T162740Z::a3f161::20260820T162743__burst_outage,stage4B_3Day_nohup_20260819T132526Z_w055_20260820T162740Z::a3f161::20260820T162743,observed_adsb,cv_ekf,posterior,adsb_scoring_proxy,116,1,310.740816380066,5.92214030882834,875.568155840893,6.56515967595615,2.2570693406669,14.768491270451,NaN,NaN,NaN,0,0
real_adsb,burst_outage,stage4B_3Day_nohup_20260819T132526Z_w055_20260820T162740Z::a3f161::20260820T162743__burst_outage,stage4B_3Day_nohup_20260819T132526Z_w055_20260820T162740Z::a3f161::20260820T162743,observed_adsb,ca_ekf,prior,adsb_scoring_proxy,116,1,310.288925039785,5.2807278413932,881.134835795234,7.48564391518882,2.23164286435634,18.2511093417495,NaN,NaN,NaN,0,0
real_adsb,burst_outage,stage4B_3Day_nohup_20260819T132526Z_w055_20260820T162740Z::a3f161::20260820T162743__burst_outage,stage4B_3Day_nohup_20260819T132526Z_w055_20260820T162740Z::a3f161::20260820T162743,observed_adsb,ca_ekf,posterior,adsb_scoring_proxy,116,1,310.288925039785,5.2807278413932,881.134835795234,7.48564391518882,2.23164286435634,18.2511093417495,NaN,NaN,NaN,0,0
real_adsb,burst_outage,stage4B_3Day_nohup_20260819T132526Z_w055_20260820T162740Z::a3f161::20260820T162743__burst_outage,stage4B_3Day_nohup_20260819T132526Z_w055_20260820T162740Z::a3f161::20260820T162743,observed_adsb,ct_ekf,prior,adsb_scoring_proxy,116,1,311.742629082918,5.98401271633108,878.23608531027,6.57906192384088,2.29836561930626,14.7914313902973,NaN,NaN,NaN,0,0
real_adsb,burst_outage,stage4B_3Day_nohup_20260819T132526Z_w055_20260820T162740Z::a3f161::20260820T162743__burst_outage,stage4B_3Day_nohup_20260819T132526Z_w055_20260820T162740Z::a3f161::20260820T162743,observed_adsb,ct_ekf,posterior,adsb_scoring_proxy,116,1,311.742629082918,5.98401271633108,878.23608531027,6.57906192384088,2.29836561930626,14.7914313902973,NaN,NaN,NaN,0,0
real_adsb,burst_outage,stage4B_3Day_nohup_20260819T132526Z_w055_20260820T162740Z::a3f161::20260820T162743__burst_outage,stage4B_3Day_nohup_20260819T132526Z_w055_20260820T162740Z::a3f161::20260820T162743,observed_adsb,native_imm,prior,adsb_scoring_proxy,116,1,290.985750247957,4.91349985036072,823.247355086933,6.33688725206301,1.95400330038216,14.5011073743388,NaN,NaN,NaN,0,0
real_adsb,burst_outage,stage4B_3Day_nohup_20260819T132526Z_w055_20260820T162740Z::a3f161::20260820T162743__burst_outage,stage4B_3Day_nohup_20260819T132526Z_w055_20260820T162740Z::a3f161::20260820T162743,observed_adsb,native_imm,posterior,adsb_scoring_proxy,116,1,290.985750247957,4.91349985036072,823.247355086933,6.33688725206301,1.95400330038216,14.5011073743388,NaN,NaN,NaN,0,0
real_adsb,burst_outage,stage4B_3Day_nohup_20260819T132526Z_w055_20260820T162740Z::a3f161::20260820T162743__burst_outage,stage4B_3Day_nohup_20260819T132526Z_w055_20260820T162740Z::a3f161::20260820T162743,observed_adsb,warm_ukf,prior,adsb_scoring_proxy,116,1,2354.09189730801,29.0526477828358,6898.43851280991,24.19247988758,20.5786299810243,53.9228999520951,NaN,NaN,NaN,0,0
real_adsb,burst_outage,stage4B_3Day_nohup_20260819T132526Z_w055_20260820T162740Z::a3f161::20260820T162743__burst_outage,stage4B_3Day_nohup_20260819T132526Z_w055_20260820T162740Z::a3f161::20260820T162743,observed_adsb,warm_ukf,posterior,adsb_scoring_proxy,116,1,2354.09189730801,29.0526477828358,6898.43851280991,24.19247988758,20.5786299810243,53.9228999520951,NaN,NaN,NaN,0,0
real_adsb,baseline,stage4B_3Day_nohup_20260819T132526Z_w052_20260820T145740Z::a35373::20260820T145813__baseline,stage4B_3Day_nohup_20260819T132526Z_w052_20260820T145740Z::a35373::20260820T145813,observed_adsb,cv_ekf,prior,adsb_scoring_proxy,108,1,35.6894589970534,12.8526558626624,77.9142140416216,11.0665875801187,2.23404953281744,26.9467953899883,NaN,NaN,NaN,0,0
real_adsb,baseline,stage4B_3Day_nohup_20260819T132526Z_w052_20260820T145740Z::a35373::20260820T145813__baseline,stage4B_3Day_nohup_20260819T132526Z_w052_20260820T145740Z::a35373::20260820T145813,observed_adsb,cv_ekf,posterior,adsb_scoring_proxy,108,1,35.6894589970534,12.8526558626624,77.9142140416216,11.0665875801187,2.23404953281744,26.9467953899883,NaN,NaN,NaN,0,0
real_adsb,baseline,stage4B_3Day_nohup_20260819T132526Z_w052_20260820T145740Z::a35373::20260820T145813__baseline,stage4B_3Day_nohup_20260819T132526Z_w052_20260820T145740Z::a35373::20260820T145813,observed_adsb,ca_ekf,prior,adsb_scoring_proxy,108,1,16.1321778507296,10.3683094456874,21.0455731512258,5.31457467855193,3.32767124072681,9.48892638289004,NaN,NaN,NaN,0,0
real_adsb,baseline,stage4B_3Day_nohup_20260819T132526Z_w052_20260820T145740Z::a35373::20260820T145813__baseline,stage4B_3Day_nohup_20260819T132526Z_w052_20260820T145740Z::a35373::20260820T145813,observed_adsb,ca_ekf,posterior,adsb_scoring_proxy,108,1,16.1321778507296,10.3683094456874,21.0455731512258,5.31457467855193,3.32767124072681,9.48892638289004,NaN,NaN,NaN,0,0
real_adsb,baseline,stage4B_3Day_nohup_20260819T132526Z_w052_20260820T145740Z::a35373::20260820T145813__baseline,stage4B_3Day_nohup_20260819T132526Z_w052_20260820T145740Z::a35373::20260820T145813,observed_adsb,ct_ekf,prior,adsb_scoring_proxy,108,1,34.7842793325664,12.7339185305998,74.0997175187036,10.7534546332832,2.70008323730282,25.8478564210003,NaN,NaN,NaN,0,0
real_adsb,baseline,stage4B_3Day_nohup_20260819T132526Z_w052_20260820T145740Z::a35373::20260820T145813__baseline,stage4B_3Day_nohup_20260819T132526Z_w052_20260820T145740Z::a35373::20260820T145813,observed_adsb,ct_ekf,posterior,adsb_scoring_proxy,108,1,34.7842793325664,12.7339185305998,74.0997175187036,10.7534546332832,2.70008323730282,25.8478564210003,NaN,NaN,NaN,0,0
real_adsb,baseline,stage4B_3Day_nohup_20260819T132526Z_w052_20260820T145740Z::a35373::20260820T145813__baseline,stage4B_3Day_nohup_20260819T132526Z_w052_20260820T145740Z::a35373::20260820T145813,observed_adsb,native_imm,prior,adsb_scoring_proxy,108,1,11.9547592633826,9.10669265020629,20.5781876477841,3.64657701357753,1.57139431219476,8.21571025726606,NaN,NaN,NaN,0,0
real_adsb,baseline,stage4B_3Day_nohup_20260819T132526Z_w052_20260820T145740Z::a35373::20260820T145813__baseline,stage4B_3Day_nohup_20260819T132526Z_w052_20260820T145740Z::a35373::20260820T145813,observed_adsb,native_imm,posterior,adsb_scoring_proxy,108,1,11.9547592633826,9.10669265020629,20.5781876477841,3.64657701357753,1.57139431219476,8.21571025726606,NaN,NaN,NaN,0,0
real_adsb,baseline,stage4B_3Day_nohup_20260819T132526Z_w052_20260820T145740Z::a35373::20260820T145813__baseline,stage4B_3Day_nohup_20260819T132526Z_w052_20260820T145740Z::a35373::20260820T145813,observed_adsb,warm_ukf,prior,adsb_scoring_proxy,108,1,71.0072975448529,25.1384082772426,125.841003028506,21.0894287876134,17.6836190244331,37.5628284951967,NaN,NaN,NaN,0,0
real_adsb,baseline,stage4B_3Day_nohup_20260819T132526Z_w052_20260820T145740Z::a35373::20260820T145813__baseline,stage4B_3Day_nohup_20260819T132526Z_w052_20260820T145740Z::a35373::20260820T145813,observed_adsb,warm_ukf,posterior,adsb_scoring_proxy,108,1,71.0072975448529,25.1384082772426,125.841003028506,21.0894287876134,17.6836190244331,37.5628284951967,NaN,NaN,NaN,0,0
real_adsb,random_dropout_10,stage4B_3Day_nohup_20260819T132526Z_w052_20260820T145740Z::a35373::20260820T145813__random_dropout_10,stage4B_3Day_nohup_20260819T132526Z_w052_20260820T145740Z::a35373::20260820T145813,observed_adsb,cv_ekf,prior,adsb_scoring_proxy,108,1,37.8301217129566,13.578756231674,78.9658465841825,11.4630803045839,2.32985773876957,27.4761868634409,NaN,NaN,NaN,0,0
real_adsb,random_dropout_10,stage4B_3Day_nohup_20260819T132526Z_w052_20260820T145740Z::a35373::20260820T145813__random_dropout_10,stage4B_3Day_nohup_20260819T132526Z_w052_20260820T145740Z::a35373::20260820T145813,observed_adsb,cv_ekf,posterior,adsb_scoring_proxy,108,1,37.8301217129566,13.578756231674,78.9658465841825,11.4630803045839,2.32985773876957,27.4761868634409,NaN,NaN,NaN,0,0
real_adsb,random_dropout_10,stage4B_3Day_nohup_20260819T132526Z_w052_20260820T145740Z::a35373::20260820T145813__random_dropout_10,stage4B_3Day_nohup_20260819T132526Z_w052_20260820T145740Z::a35373::20260820T145813,observed_adsb,ca_ekf,prior,adsb_scoring_proxy,108,1,17.113134614989,10.8180988721438,22.0945733047918,5.52054395087319,3.34142926991038,9.91850928699632,NaN,NaN,NaN,0,0
real_adsb,random_dropout_10,stage4B_3Day_nohup_20260819T132526Z_w052_20260820T145740Z::a35373::20260820T145813__random_dropout_10,stage4B_3Day_nohup_20260819T132526Z_w052_20260820T145740Z::a35373::20260820T145813,observed_adsb,ca_ekf,posterior,adsb_scoring_proxy,108,1,17.113134614989,10.8180988721438,22.0945733047918,5.52054395087319,3.34142926991038,9.91850928699632,NaN,NaN,NaN,0,0
real_adsb,random_dropout_10,stage4B_3Day_nohup_20260819T132526Z_w052_20260820T145740Z::a35373::20260820T145813__random_dropout_10,stage4B_3Day_nohup_20260819T132526Z_w052_20260820T145740Z::a35373::20260820T145813,observed_adsb,ct_ekf,prior,adsb_scoring_proxy,108,1,36.9070198504256,13.7323991717113,76.1582596676193,11.1466487132189,2.75690119956553,26.3411727135103,NaN,NaN,NaN,0,0
real_adsb,random_dropout_10,stage4B_3Day_nohup_20260819T132526Z_w052_20260820T145740Z::a35373::20260820T145813__random_dropout_10,stage4B_3Day_nohup_20260819T132526Z_w052_20260820T145740Z::a35373::20260820T145813,observed_adsb,ct_ekf,posterior,adsb_scoring_proxy,108,1,36.9070198504256,13.7323991717113,76.1582596676193,11.1466487132189,2.75690119956553,26.3411727135103,NaN,NaN,NaN,0,0
real_adsb,random_dropout_10,stage4B_3Day_nohup_20260819T132526Z_w052_20260820T145740Z::a35373::20260820T145813__random_dropout_10,stage4B_3Day_nohup_20260819T132526Z_w052_20260820T145740Z::a35373::20260820T145813,observed_adsb,native_imm,prior,adsb_scoring_proxy,108,1,12.2486574657372,8.37331442712698,21.3960312431085,3.75059642657301,1.58532188501655,8.79178081235676,NaN,NaN,NaN,0,0
real_adsb,random_dropout_10,stage4B_3Day_nohup_20260819T132526Z_w052_20260820T145740Z::a35373::20260820T145813__random_dropout_10,stage4B_3Day_nohup_20260819T132526Z_w052_20260820T145740Z::a35373::20260820T145813,observed_adsb,native_imm,posterior,adsb_scoring_proxy,108,1,12.2486574657372,8.37331442712698,21.3960312431085,3.75059642657301,1.58532188501655,8.79178081235676,NaN,NaN,NaN,0,0
real_adsb,random_dropout_10,stage4B_3Day_nohup_20260819T132526Z_w052_20260820T145740Z::a35373::20260820T145813__random_dropout_10,stage4B_3Day_nohup_20260819T132526Z_w052_20260820T145740Z::a35373::20260820T145813,observed_adsb,warm_ukf,prior,adsb_scoring_proxy,108,1,509.97904070284,24.5737526093337,178.05492530903,20.1760972121383,14.0146445298615,33.6246108416472,NaN,NaN,NaN,0,0
real_adsb,random_dropout_10,stage4B_3Day_nohup_20260819T132526Z_w052_20260820T145740Z::a35373::20260820T145813__random_dropout_10,stage4B_3Day_nohup_20260819T132526Z_w052_20260820T145740Z::a35373::20260820T145813,observed_adsb,warm_ukf,posterior,adsb_scoring_proxy,108,1,509.97904070284,24.5737526093337,178.05492530903,20.1760972121383,14.0146445298615,33.6246108416472,NaN,NaN,NaN,0,0
real_adsb,random_dropout_25,stage4B_3Day_nohup_20260819T132526Z_w052_20260820T145740Z::a35373::20260820T145813__random_dropout_25,stage4B_3Day_nohup_20260819T132526Z_w052_20260820T145740Z::a35373::20260820T145813,observed_adsb,cv_ekf,prior,adsb_scoring_proxy,108,1,86.3073561594771,14.3871966006439,102.242782747502,12.584177773058,2.42535737001613,28.1852780501027,NaN,NaN,NaN,0,0
real_adsb,random_dropout_25,stage4B_3Day_nohup_20260819T132526Z_w052_20260820T145740Z::a35373::20260820T145813__random_dropout_25,stage4B_3Day_nohup_20260819T132526Z_w052_20260820T145740Z::a35373::20260820T145813,observed_adsb,cv_ekf,posterior,adsb_scoring_proxy,108,1,86.3073561594771,14.3871966006439,102.242782747502,12.584177773058,2.42535737001613,28.1852780501027,NaN,NaN,NaN,0,0
real_adsb,random_dropout_25,stage4B_3Day_nohup_20260819T132526Z_w052_20260820T145740Z::a35373::20260820T145813__random_dropout_25,stage4B_3Day_nohup_20260819T132526Z_w052_20260820T145740Z::a35373::20260820T145813,observed_adsb,ca_ekf,prior,adsb_scoring_proxy,108,1,50.8167119574227,11.0770704208965,31.0121846591537,6.20620140611111,3.20966780184032,12.6942486239173,NaN,NaN,NaN,0,0
real_adsb,random_dropout_25,stage4B_3Day_nohup_20260819T132526Z_w052_20260820T145740Z::a35373::20260820T145813__random_dropout_25,stage4B_3Day_nohup_20260819T132526Z_w052_20260820T145740Z::a35373::20260820T145813,observed_adsb,ca_ekf,posterior,adsb_scoring_proxy,108,1,50.8167119574227,11.0770704208965,31.0121846591537,6.20620140611111,3.20966780184032,12.6942486239173,NaN,NaN,NaN,0,0
real_adsb,random_dropout_25,stage4B_3Day_nohup_20260819T132526Z_w052_20260820T145740Z::a35373::20260820T145813__random_dropout_25,stage4B_3Day_nohup_20260819T132526Z_w052_20260820T145740Z::a35373::20260820T145813,observed_adsb,ct_ekf,prior,adsb_scoring_proxy,108,1,68.9837844156876,14.0678263762252,95.2891293087856,11.9625001158969,2.70122953856244,26.7204791244821,NaN,NaN,NaN,0,0
real_adsb,random_dropout_25,stage4B_3Day_nohup_20260819T132526Z_w052_20260820T145740Z::a35373::20260820T145813__random_dropout_25,stage4B_3Day_nohup_20260819T132526Z_w052_20260820T145740Z::a35373::20260820T145813,observed_adsb,ct_ekf,posterior,adsb_scoring_proxy,108,1,68.9837844156876,14.0678263762252,95.2891293087856,11.9625001158969,2.70122953856244,26.7204791244821,NaN,NaN,NaN,0,0
real_adsb,random_dropout_25,stage4B_3Day_nohup_20260819T132526Z_w052_20260820T145740Z::a35373::20260820T145813__random_dropout_25,stage4B_3Day_nohup_20260819T132526Z_w052_20260820T145740Z::a35373::20260820T145813,observed_adsb,native_imm,prior,adsb_scoring_proxy,108,1,44.9457153688785,8.98496503420465,25.5675792798885,4.29894112307657,1.75304634452622,8.27140908271659,NaN,NaN,NaN,0,0
real_adsb,random_dropout_25,stage4B_3Day_nohup_20260819T132526Z_w052_20260820T145740Z::a35373::20260820T145813__random_dropout_25,stage4B_3Day_nohup_20260819T132526Z_w052_20260820T145740Z::a35373::20260820T145813,observed_adsb,native_imm,posterior,adsb_scoring_proxy,108,1,44.9457153688785,8.98496503420465,25.5675792798885,4.29894112307657,1.75304634452622,8.27140908271659,NaN,NaN,NaN,0,0
real_adsb,random_dropout_25,stage4B_3Day_nohup_20260819T132526Z_w052_20260820T145740Z::a35373::20260820T145813__random_dropout_25,stage4B_3Day_nohup_20260819T132526Z_w052_20260820T145740Z::a35373::20260820T145813,observed_adsb,warm_ukf,prior,adsb_scoring_proxy,108,1,131.426912942569,32.8930253221749,235.123709252723,20.8612513380367,18.5159483975553,30.4114984962909,NaN,NaN,NaN,0,0
real_adsb,random_dropout_25,stage4B_3Day_nohup_20260819T132526Z_w052_20260820T145740Z::a35373::20260820T145813__random_dropout_25,stage4B_3Day_nohup_20260819T132526Z_w052_20260820T145740Z::a35373::20260820T145813,observed_adsb,warm_ukf,posterior,adsb_scoring_proxy,108,1,131.426912942569,32.8930253221749,235.123709252723,20.8612513380367,18.5159483975553,30.4114984962909,NaN,NaN,NaN,0,0
real_adsb,burst_outage,stage4B_3Day_nohup_20260819T132526Z_w052_20260820T145740Z::a35373::20260820T145813__burst_outage,stage4B_3Day_nohup_20260819T132526Z_w052_20260820T145740Z::a35373::20260820T145813,observed_adsb,cv_ekf,prior,adsb_scoring_proxy,108,1,1560.11575761079,16.4958550521061,4521.45819693241,38.7129148848038,4.10342417296469,92.5256591032951,NaN,NaN,NaN,0,0
real_adsb,burst_outage,stage4B_3Day_nohup_20260819T132526Z_w052_20260820T145740Z::a35373::20260820T145813__burst_outage,stage4B_3Day_nohup_20260819T132526Z_w052_20260820T145740Z::a35373::20260820T145813,observed_adsb,cv_ekf,posterior,adsb_scoring_proxy,108,1,1560.11575761079,16.4958550521061,4521.45819693241,38.7129148848038,4.10342417296469,92.5256591032951,NaN,NaN,NaN,0,0
real_adsb,burst_outage,stage4B_3Day_nohup_20260819T132526Z_w052_20260820T145740Z::a35373::20260820T145813__burst_outage,stage4B_3Day_nohup_20260819T132526Z_w052_20260820T145740Z::a35373::20260820T145813,observed_adsb,ca_ekf,prior,adsb_scoring_proxy,108,1,2551.11847226124,13.1937506413107,7204.7573005397,94.3962383048616,4.00902855692456,266.449644787782,NaN,NaN,NaN,0,0
real_adsb,burst_outage,stage4B_3Day_nohup_20260819T132526Z_w052_20260820T145740Z::a35373::20260820T145813__burst_outage,stage4B_3Day_nohup_20260819T132526Z_w052_20260820T145740Z::a35373::20260820T145813,observed_adsb,ca_ekf,posterior,adsb_scoring_proxy,108,1,2551.11847226124,13.1937506413107,7204.7573005397,94.3962383048616,4.00902855692456,266.449644787782,NaN,NaN,NaN,0,0
real_adsb,burst_outage,stage4B_3Day_nohup_20260819T132526Z_w052_20260820T145740Z::a35373::20260820T145813__burst_outage,stage4B_3Day_nohup_20260819T132526Z_w052_20260820T145740Z::a35373::20260820T145813,observed_adsb,ct_ekf,prior,adsb_scoring_proxy,108,1,1470.26349913571,16.8390575766942,4262.76962825808,36.0252387138533,4.14377911904249,86.253010745885,NaN,NaN,NaN,0,0
real_adsb,burst_outage,stage4B_3Day_nohup_20260819T132526Z_w052_20260820T145740Z::a35373::20260820T145813__burst_outage,stage4B_3Day_nohup_20260819T132526Z_w052_20260820T145740Z::a35373::20260820T145813,observed_adsb,ct_ekf,posterior,adsb_scoring_proxy,108,1,1470.26349913571,16.8390575766942,4262.76962825808,36.0252387138533,4.14377911904249,86.253010745885,NaN,NaN,NaN,0,0
real_adsb,burst_outage,stage4B_3Day_nohup_20260819T132526Z_w052_20260820T145740Z::a35373::20260820T145813__burst_outage,stage4B_3Day_nohup_20260819T132526Z_w052_20260820T145740Z::a35373::20260820T145813,observed_adsb,native_imm,prior,adsb_scoring_proxy,108,1,417.688598612607,11.1078450042322,1227.95234624684,10.0700962324966,2.62680369275663,24.4417523318944,NaN,NaN,NaN,0,0
real_adsb,burst_outage,stage4B_3Day_nohup_20260819T132526Z_w052_20260820T145740Z::a35373::20260820T145813__burst_outage,stage4B_3Day_nohup_20260819T132526Z_w052_20260820T145740Z::a35373::20260820T145813,observed_adsb,native_imm,posterior,adsb_scoring_proxy,108,1,417.688598612607,11.1078450042322,1227.95234624684,10.0700962324966,2.62680369275663,24.4417523318944,NaN,NaN,NaN,0,0
real_adsb,burst_outage,stage4B_3Day_nohup_20260819T132526Z_w052_20260820T145740Z::a35373::20260820T145813__burst_outage,stage4B_3Day_nohup_20260819T132526Z_w052_20260820T145740Z::a35373::20260820T145813,observed_adsb,warm_ukf,prior,adsb_scoring_proxy,108,1,373.485431845309,36.4164939720961,876.455756343295,23.7650981315361,14.926328651337,45.0476463969528,NaN,NaN,NaN,0,0
real_adsb,burst_outage,stage4B_3Day_nohup_20260819T132526Z_w052_20260820T145740Z::a35373::20260820T145813__burst_outage,stage4B_3Day_nohup_20260819T132526Z_w052_20260820T145740Z::a35373::20260820T145813,observed_adsb,warm_ukf,posterior,adsb_scoring_proxy,108,1,373.485431845309,36.4164939720961,876.455756343295,23.7650981315361,14.926328651337,45.0476463969528,NaN,NaN,NaN,0,0
real_adsb,baseline,stage4B_3Day_nohup_20260819T132526Z_w049_20260820T132740Z::a87c53::20260820T133011__baseline,stage4B_3Day_nohup_20260819T132526Z_w049_20260820T132740Z::a87c53::20260820T133011,observed_adsb,cv_ekf,prior,adsb_scoring_proxy,107,1,3.97294892131791,3.23632048920619,6.97715037571941,0.988907811655014,0.957921836644526,1.32995381003462,NaN,NaN,NaN,0,0
real_adsb,baseline,stage4B_3Day_nohup_20260819T132526Z_w049_20260820T132740Z::a87c53::20260820T133011__baseline,stage4B_3Day_nohup_20260819T132526Z_w049_20260820T132740Z::a87c53::20260820T133011,observed_adsb,cv_ekf,posterior,adsb_scoring_proxy,107,1,3.97294892131791,3.23632048920619,6.97715037571941,0.988907811655014,0.957921836644526,1.32995381003462,NaN,NaN,NaN,0,0
real_adsb,baseline,stage4B_3Day_nohup_20260819T132526Z_w049_20260820T132740Z::a87c53::20260820T133011__baseline,stage4B_3Day_nohup_20260819T132526Z_w049_20260820T132740Z::a87c53::20260820T133011,observed_adsb,ca_ekf,prior,adsb_scoring_proxy,107,1,4.14572834728383,3.23449901881108,7.68249518885452,1.09656688783225,1.07767863679876,1.4754736108326,NaN,NaN,NaN,0,0
real_adsb,baseline,stage4B_3Day_nohup_20260819T132526Z_w049_20260820T132740Z::a87c53::20260820T133011__baseline,stage4B_3Day_nohup_20260819T132526Z_w049_20260820T132740Z::a87c53::20260820T133011,observed_adsb,ca_ekf,posterior,adsb_scoring_proxy,107,1,4.14572834728383,3.23449901881108,7.68249518885452,1.09656688783225,1.07767863679876,1.4754736108326,NaN,NaN,NaN,0,0
real_adsb,baseline,stage4B_3Day_nohup_20260819T132526Z_w049_20260820T132740Z::a87c53::20260820T133011__baseline,stage4B_3Day_nohup_20260819T132526Z_w049_20260820T132740Z::a87c53::20260820T133011,observed_adsb,ct_ekf,prior,adsb_scoring_proxy,107,1,3.97177459379983,3.2373082661934,6.97562759757696,0.988586361030303,0.958180916736228,1.32883836560691,NaN,NaN,NaN,0,0
real_adsb,baseline,stage4B_3Day_nohup_20260819T132526Z_w049_20260820T132740Z::a87c53::20260820T133011__baseline,stage4B_3Day_nohup_20260819T132526Z_w049_20260820T132740Z::a87c53::20260820T133011,observed_adsb,ct_ekf,posterior,adsb_scoring_proxy,107,1,3.97177459379983,3.2373082661934,6.97562759757696,0.988586361030303,0.958180916736228,1.32883836560691,NaN,NaN,NaN,0,0
real_adsb,baseline,stage4B_3Day_nohup_20260819T132526Z_w049_20260820T132740Z::a87c53::20260820T133011__baseline,stage4B_3Day_nohup_20260819T132526Z_w049_20260820T132740Z::a87c53::20260820T133011,observed_adsb,native_imm,prior,adsb_scoring_proxy,107,1,4.02764209611162,3.28070079546075,7.02864875184785,1.03268550702448,1.00320557399665,1.48101926963736,NaN,NaN,NaN,0,0
real_adsb,baseline,stage4B_3Day_nohup_20260819T132526Z_w049_20260820T132740Z::a87c53::20260820T133011__baseline,stage4B_3Day_nohup_20260819T132526Z_w049_20260820T132740Z::a87c53::20260820T133011,observed_adsb,native_imm,posterior,adsb_scoring_proxy,107,1,4.02764209611162,3.28070079546075,7.02864875184785,1.03268550702448,1.00320557399665,1.48101926963736,NaN,NaN,NaN,0,0
real_adsb,baseline,stage4B_3Day_nohup_20260819T132526Z_w049_20260820T132740Z::a87c53::20260820T133011__baseline,stage4B_3Day_nohup_20260819T132526Z_w049_20260820T132740Z::a87c53::20260820T133011,observed_adsb,warm_ukf,prior,adsb_scoring_proxy,107,1,252.242173290937,11.9303329459272,194.568427260253,16.5296876014277,17.4047388950792,21.8158644101306,NaN,NaN,NaN,0,0
real_adsb,baseline,stage4B_3Day_nohup_20260819T132526Z_w049_20260820T132740Z::a87c53::20260820T133011__baseline,stage4B_3Day_nohup_20260819T132526Z_w049_20260820T132740Z::a87c53::20260820T133011,observed_adsb,warm_ukf,posterior,adsb_scoring_proxy,107,1,252.242173290937,11.9303329459272,194.568427260253,16.5296876014277,17.4047388950792,21.8158644101306,NaN,NaN,NaN,0,0
real_adsb,random_dropout_10,stage4B_3Day_nohup_20260819T132526Z_w049_20260820T132740Z::a87c53::20260820T133011__random_dropout_10,stage4B_3Day_nohup_20260819T132526Z_w049_20260820T132740Z::a87c53::20260820T133011,observed_adsb,cv_ekf,prior,adsb_scoring_proxy,107,1,4.3649287080326,3.24011614426502,6.7086777175406,0.994984484324777,0.965035897715156,1.36541741799639,NaN,NaN,NaN,0,0
real_adsb,random_dropout_10,stage4B_3Day_nohup_20260819T132526Z_w049_20260820T132740Z::a87c53::20260820T133011__random_dropout_10,stage4B_3Day_nohup_20260819T132526Z_w049_20260820T132740Z::a87c53::20260820T133011,observed_adsb,cv_ekf,posterior,adsb_scoring_proxy,107,1,4.3649287080326,3.24011614426502,6.7086777175406,0.994984484324777,0.965035897715156,1.36541741799639,NaN,NaN,NaN,0,0
real_adsb,random_dropout_10,stage4B_3Day_nohup_20260819T132526Z_w049_20260820T132740Z::a87c53::20260820T133011__random_dropout_10,stage4B_3Day_nohup_20260819T132526Z_w049_20260820T132740Z::a87c53::20260820T133011,observed_adsb,ca_ekf,prior,adsb_scoring_proxy,107,1,4.7660553167313,3.34051876057343,7.47908388128817,1.10821133584748,1.06117165704627,1.57335432146665,NaN,NaN,NaN,0,0
real_adsb,random_dropout_10,stage4B_3Day_nohup_20260819T132526Z_w049_20260820T132740Z::a87c53::20260820T133011__random_dropout_10,stage4B_3Day_nohup_20260819T132526Z_w049_20260820T132740Z::a87c53::20260820T133011,observed_adsb,ca_ekf,posterior,adsb_scoring_proxy,107,1,4.7660553167313,3.34051876057343,7.47908388128817,1.10821133584748,1.06117165704627,1.57335432146665,NaN,NaN,NaN,0,0
real_adsb,random_dropout_10,stage4B_3Day_nohup_20260819T132526Z_w049_20260820T132740Z::a87c53::20260820T133011__random_dropout_10,stage4B_3Day_nohup_20260819T132526Z_w049_20260820T132740Z::a87c53::20260820T133011,observed_adsb,ct_ekf,prior,adsb_scoring_proxy,107,1,4.36232031651396,3.24209791996068,6.69615875349932,0.994630811223125,0.966725212222291,1.36553367216602,NaN,NaN,NaN,0,0
real_adsb,random_dropout_10,stage4B_3Day_nohup_20260819T132526Z_w049_20260820T132740Z::a87c53::20260820T133011__random_dropout_10,stage4B_3Day_nohup_20260819T132526Z_w049_20260820T132740Z::a87c53::20260820T133011,observed_adsb,ct_ekf,posterior,adsb_scoring_proxy,107,1,4.36232031651396,3.24209791996068,6.69615875349932,0.994630811223125,0.966725212222291,1.36553367216602,NaN,NaN,NaN,0,0
real_adsb,random_dropout_10,stage4B_3Day_nohup_20260819T132526Z_w049_20260820T132740Z::a87c53::20260820T133011__random_dropout_10,stage4B_3Day_nohup_20260819T132526Z_w049_20260820T132740Z::a87c53::20260820T133011,observed_adsb,native_imm,prior,adsb_scoring_proxy,107,1,4.46721154787976,3.30918304240988,6.88724969208867,1.03452888999058,0.973113773978673,1.59184558183447,NaN,NaN,NaN,0,0
real_adsb,random_dropout_10,stage4B_3Day_nohup_20260819T132526Z_w049_20260820T132740Z::a87c53::20260820T133011__random_dropout_10,stage4B_3Day_nohup_20260819T132526Z_w049_20260820T132740Z::a87c53::20260820T133011,observed_adsb,native_imm,posterior,adsb_scoring_proxy,107,1,4.46721154787976,3.30918304240988,6.88724969208867,1.03452888999058,0.973113773978673,1.59184558183447,NaN,NaN,NaN,0,0
real_adsb,random_dropout_10,stage4B_3Day_nohup_20260819T132526Z_w049_20260820T132740Z::a87c53::20260820T133011__random_dropout_10,stage4B_3Day_nohup_20260819T132526Z_w049_20260820T132740Z::a87c53::20260820T133011,observed_adsb,warm_ukf,prior,adsb_scoring_proxy,107,1,269.643249190975,12.7248752112737,407.782097734447,15.6731628411186,16.6988415514623,20.178715488366,NaN,NaN,NaN,0,0
real_adsb,random_dropout_10,stage4B_3Day_nohup_20260819T132526Z_w049_20260820T132740Z::a87c53::20260820T133011__random_dropout_10,stage4B_3Day_nohup_20260819T132526Z_w049_20260820T132740Z::a87c53::20260820T133011,observed_adsb,warm_ukf,posterior,adsb_scoring_proxy,107,1,269.643249190975,12.7248752112737,407.782097734447,15.6731628411186,16.6988415514623,20.178715488366,NaN,NaN,NaN,0,0
real_adsb,random_dropout_25,stage4B_3Day_nohup_20260819T132526Z_w049_20260820T132740Z::a87c53::20260820T133011__random_dropout_25,stage4B_3Day_nohup_20260819T132526Z_w049_20260820T132740Z::a87c53::20260820T133011,observed_adsb,cv_ekf,prior,adsb_scoring_proxy,107,1,4.00891650668563,3.21134686203481,7.20574056513075,0.998141451445924,0.988832816931202,1.39448732662633,NaN,NaN,NaN,0,0
real_adsb,random_dropout_25,stage4B_3Day_nohup_20260819T132526Z_w049_20260820T132740Z::a87c53::20260820T133011__random_dropout_25,stage4B_3Day_nohup_20260819T132526Z_w049_20260820T132740Z::a87c53::20260820T133011,observed_adsb,cv_ekf,posterior,adsb_scoring_proxy,107,1,4.00891650668563,3.21134686203481,7.20574056513075,0.998141451445924,0.988832816931202,1.39448732662633,NaN,NaN,NaN,0,0
real_adsb,random_dropout_25,stage4B_3Day_nohup_20260819T132526Z_w049_20260820T132740Z::a87c53::20260820T133011__random_dropout_25,stage4B_3Day_nohup_20260819T132526Z_w049_20260820T132740Z::a87c53::20260820T133011,observed_adsb,ca_ekf,prior,adsb_scoring_proxy,107,1,4.26990696390125,3.46821505964501,8.31836404823733,1.13118337399431,1.09477639142248,1.63370339093495,NaN,NaN,NaN,0,0
real_adsb,random_dropout_25,stage4B_3Day_nohup_20260819T132526Z_w049_20260820T132740Z::a87c53::20260820T133011__random_dropout_25,stage4B_3Day_nohup_20260819T132526Z_w049_20260820T132740Z::a87c53::20260820T133011,observed_adsb,ca_ekf,posterior,adsb_scoring_proxy,107,1,4.26990696390125,3.46821505964501,8.31836404823733,1.13118337399431,1.09477639142248,1.63370339093495,NaN,NaN,NaN,0,0
real_adsb,random_dropout_25,stage4B_3Day_nohup_20260819T132526Z_w049_20260820T132740Z::a87c53::20260820T133011__random_dropout_25,stage4B_3Day_nohup_20260819T132526Z_w049_20260820T132740Z::a87c53::20260820T133011,observed_adsb,ct_ekf,prior,adsb_scoring_proxy,107,1,4.0074227037104,3.20586626553065,7.1995126131993,0.997711508687025,0.988242689248197,1.39328845672214,NaN,NaN,NaN,0,0
real_adsb,random_dropout_25,stage4B_3Day_nohup_20260819T132526Z_w049_20260820T132740Z::a87c53::20260820T133011__random_dropout_25,stage4B_3Day_nohup_20260819T132526Z_w049_20260820T132740Z::a87c53::20260820T133011,observed_adsb,ct_ekf,posterior,adsb_scoring_proxy,107,1,4.0074227037104,3.20586626553065,7.1995126131993,0.997711508687025,0.988242689248197,1.39328845672214,NaN,NaN,NaN,0,0
real_adsb,random_dropout_25,stage4B_3Day_nohup_20260819T132526Z_w049_20260820T132740Z::a87c53::20260820T133011__random_dropout_25,stage4B_3Day_nohup_20260819T132526Z_w049_20260820T132740Z::a87c53::20260820T133011,observed_adsb,native_imm,prior,adsb_scoring_proxy,107,1,4.15772984248913,3.3531366025431,7.50004923278609,1.08559434269926,0.986895326808488,1.7386891994577,NaN,NaN,NaN,0,0
real_adsb,random_dropout_25,stage4B_3Day_nohup_20260819T132526Z_w049_20260820T132740Z::a87c53::20260820T133011__random_dropout_25,stage4B_3Day_nohup_20260819T132526Z_w049_20260820T132740Z::a87c53::20260820T133011,observed_adsb,native_imm,posterior,adsb_scoring_proxy,107,1,4.15772984248913,3.3531366025431,7.50004923278609,1.08559434269926,0.986895326808488,1.7386891994577,NaN,NaN,NaN,0,0
real_adsb,random_dropout_25,stage4B_3Day_nohup_20260819T132526Z_w049_20260820T132740Z::a87c53::20260820T133011__random_dropout_25,stage4B_3Day_nohup_20260819T132526Z_w049_20260820T132740Z::a87c53::20260820T133011,observed_adsb,warm_ukf,prior,adsb_scoring_proxy,107,1,1264.39195730015,11.1857002378359,387.582923780217,18.5733205721085,17.5133393672107,20.9791006064533,NaN,NaN,NaN,0,0
real_adsb,random_dropout_25,stage4B_3Day_nohup_20260819T132526Z_w049_20260820T132740Z::a87c53::20260820T133011__random_dropout_25,stage4B_3Day_nohup_20260819T132526Z_w049_20260820T132740Z::a87c53::20260820T133011,observed_adsb,warm_ukf,posterior,adsb_scoring_proxy,107,1,1264.39195730015,11.1857002378359,387.582923780217,18.5733205721085,17.5133393672107,20.9791006064533,NaN,NaN,NaN,0,0
real_adsb,burst_outage,stage4B_3Day_nohup_20260819T132526Z_w049_20260820T132740Z::a87c53::20260820T133011__burst_outage,stage4B_3Day_nohup_20260819T132526Z_w049_20260820T132740Z::a87c53::20260820T133011,observed_adsb,cv_ekf,prior,adsb_scoring_proxy,107,1,5.47445001934995,3.45217579805363,11.2748332993717,1.01554774322889,1.00856539646068,1.36515827263075,NaN,NaN,NaN,0,0
real_adsb,burst_outage,stage4B_3Day_nohup_20260819T132526Z_w049_20260820T132740Z::a87c53::20260820T133011__burst_outage,stage4B_3Day_nohup_20260819T132526Z_w049_20260820T132740Z::a87c53::20260820T133011,observed_adsb,cv_ekf,posterior,adsb_scoring_proxy,107,1,5.47445001934995,3.45217579805363,11.2748332993717,1.01554774322889,1.00856539646068,1.36515827263075,NaN,NaN,NaN,0,0
real_adsb,burst_outage,stage4B_3Day_nohup_20260819T132526Z_w049_20260820T132740Z::a87c53::20260820T133011__burst_outage,stage4B_3Day_nohup_20260819T132526Z_w049_20260820T132740Z::a87c53::20260820T133011,observed_adsb,ca_ekf,prior,adsb_scoring_proxy,107,1,33.515201180717,3.70565246254297,93.5384509412945,1.7819624181376,1.12871049097643,4.52265468879312,NaN,NaN,NaN,0,0
real_adsb,burst_outage,stage4B_3Day_nohup_20260819T132526Z_w049_20260820T132740Z::a87c53::20260820T133011__burst_outage,stage4B_3Day_nohup_20260819T132526Z_w049_20260820T132740Z::a87c53::20260820T133011,observed_adsb,ca_ekf,posterior,adsb_scoring_proxy,107,1,33.515201180717,3.70565246254297,93.5384509412945,1.7819624181376,1.12871049097643,4.52265468879312,NaN,NaN,NaN,0,0
real_adsb,burst_outage,stage4B_3Day_nohup_20260819T132526Z_w049_20260820T132740Z::a87c53::20260820T133011__burst_outage,stage4B_3Day_nohup_20260819T132526Z_w049_20260820T132740Z::a87c53::20260820T133011,observed_adsb,ct_ekf,prior,adsb_scoring_proxy,107,1,5.5705984009232,3.4551521840645,11.3053890372253,1.01544054516317,1.00720579415383,1.3644819711246,NaN,NaN,NaN,0,0
real_adsb,burst_outage,stage4B_3Day_nohup_20260819T132526Z_w049_20260820T132740Z::a87c53::20260820T133011__burst_outage,stage4B_3Day_nohup_20260819T132526Z_w049_20260820T132740Z::a87c53::20260820T133011,observed_adsb,ct_ekf,posterior,adsb_scoring_proxy,107,1,5.5705984009232,3.4551521840645,11.3053890372253,1.01544054516317,1.00720579415383,1.3644819711246,NaN,NaN,NaN,0,0
real_adsb,burst_outage,stage4B_3Day_nohup_20260819T132526Z_w049_20260820T132740Z::a87c53::20260820T133011__burst_outage,stage4B_3Day_nohup_20260819T132526Z_w049_20260820T132740Z::a87c53::20260820T133011,observed_adsb,native_imm,prior,adsb_scoring_proxy,107,1,8.08839766120237,3.71356586576818,21.3205830552891,1.05200767979226,1.00604279504926,1.56107953714265,NaN,NaN,NaN,0,0
real_adsb,burst_outage,stage4B_3Day_nohup_20260819T132526Z_w049_20260820T132740Z::a87c53::20260820T133011__burst_outage,stage4B_3Day_nohup_20260819T132526Z_w049_20260820T132740Z::a87c53::20260820T133011,observed_adsb,native_imm,posterior,adsb_scoring_proxy,107,1,8.08839766120237,3.71356586576818,21.3205830552891,1.05200767979226,1.00604279504926,1.56107953714265,NaN,NaN,NaN,0,0
real_adsb,burst_outage,stage4B_3Day_nohup_20260819T132526Z_w049_20260820T132740Z::a87c53::20260820T133011__burst_outage,stage4B_3Day_nohup_20260819T132526Z_w049_20260820T132740Z::a87c53::20260820T133011,observed_adsb,warm_ukf,prior,adsb_scoring_proxy,107,1,7821.25775967164,20.5074527989131,29552.4840413963,28.6145794631918,17.739627869536,66.6555490331621,NaN,NaN,NaN,0,0
real_adsb,burst_outage,stage4B_3Day_nohup_20260819T132526Z_w049_20260820T132740Z::a87c53::20260820T133011__burst_outage,stage4B_3Day_nohup_20260819T132526Z_w049_20260820T132740Z::a87c53::20260820T133011,observed_adsb,warm_ukf,posterior,adsb_scoring_proxy,107,1,7821.25775967164,20.5074527989131,29552.4840413963,28.6145794631918,17.739627869536,66.6555490331621,NaN,NaN,NaN,0,0
real_adsb,baseline,stage4B_3Day_nohup_20260819T132526Z_w109_20260821T192740Z::a0b7b6::20260821T192742__baseline,stage4B_3Day_nohup_20260819T132526Z_w109_20260821T192740Z::a0b7b6::20260821T192742,observed_adsb,cv_ekf,prior,adsb_scoring_proxy,106,1,8.05478849358281,6.13793958818858,12.6488917832598,1.99319886864073,1.75385783480275,3.24066010427536,NaN,NaN,NaN,0,0
real_adsb,baseline,stage4B_3Day_nohup_20260819T132526Z_w109_20260821T192740Z::a0b7b6::20260821T192742__baseline,stage4B_3Day_nohup_20260819T132526Z_w109_20260821T192740Z::a0b7b6::20260821T192742,observed_adsb,cv_ekf,posterior,adsb_scoring_proxy,106,1,8.05478849358281,6.13793958818858,12.6488917832598,1.99319886864073,1.75385783480275,3.24066010427536,NaN,NaN,NaN,0,0
real_adsb,baseline,stage4B_3Day_nohup_20260819T132526Z_w109_20260821T192740Z::a0b7b6::20260821T192742__baseline,stage4B_3Day_nohup_20260819T132526Z_w109_20260821T192740Z::a0b7b6::20260821T192742,observed_adsb,ca_ekf,prior,adsb_scoring_proxy,106,1,7.51110952214872,5.61451419221716,10.3389123020142,2.04084525200846,1.78904720639127,3.51247833688001,NaN,NaN,NaN,0,0
real_adsb,baseline,stage4B_3Day_nohup_20260819T132526Z_w109_20260821T192740Z::a0b7b6::20260821T192742__baseline,stage4B_3Day_nohup_20260819T132526Z_w109_20260821T192740Z::a0b7b6::20260821T192742,observed_adsb,ca_ekf,posterior,adsb_scoring_proxy,106,1,7.51110952214872,5.61451419221716,10.3389123020142,2.04084525200846,1.78904720639127,3.51247833688001,NaN,NaN,NaN,0,0
real_adsb,baseline,stage4B_3Day_nohup_20260819T132526Z_w109_20260821T192740Z::a0b7b6::20260821T192742__baseline,stage4B_3Day_nohup_20260819T132526Z_w109_20260821T192740Z::a0b7b6::20260821T192742,observed_adsb,ct_ekf,prior,adsb_scoring_proxy,106,1,8.17425844786324,6.1108167245336,12.9360273752888,2.00549825227191,1.76225908761599,3.2560044320754,NaN,NaN,NaN,0,0
real_adsb,baseline,stage4B_3Day_nohup_20260819T132526Z_w109_20260821T192740Z::a0b7b6::20260821T192742__baseline,stage4B_3Day_nohup_20260819T132526Z_w109_20260821T192740Z::a0b7b6::20260821T192742,observed_adsb,ct_ekf,posterior,adsb_scoring_proxy,106,1,8.17425844786324,6.1108167245336,12.9360273752888,2.00549825227191,1.76225908761599,3.2560044320754,NaN,NaN,NaN,0,0
real_adsb,baseline,stage4B_3Day_nohup_20260819T132526Z_w109_20260821T192740Z::a0b7b6::20260821T192742__baseline,stage4B_3Day_nohup_20260819T132526Z_w109_20260821T192740Z::a0b7b6::20260821T192742,observed_adsb,native_imm,prior,adsb_scoring_proxy,106,1,7.15384507347158,5.36523981815347,9.73104445647207,1.89582462741276,1.64580345324336,3.23135226150864,NaN,NaN,NaN,0,0
real_adsb,baseline,stage4B_3Day_nohup_20260819T132526Z_w109_20260821T192740Z::a0b7b6::20260821T192742__baseline,stage4B_3Day_nohup_20260819T132526Z_w109_20260821T192740Z::a0b7b6::20260821T192742,observed_adsb,native_imm,posterior,adsb_scoring_proxy,106,1,7.15384507347158,5.36523981815347,9.73104445647207,1.89582462741276,1.64580345324336,3.23135226150864,NaN,NaN,NaN,0,0
real_adsb,baseline,stage4B_3Day_nohup_20260819T132526Z_w109_20260821T192740Z::a0b7b6::20260821T192742__baseline,stage4B_3Day_nohup_20260819T132526Z_w109_20260821T192740Z::a0b7b6::20260821T192742,observed_adsb,warm_ukf,prior,adsb_scoring_proxy,106,1,89.6453525690404,17.2241668538821,62.7048159874301,8.62609548478733,7.38486586851803,14.2227484862895,NaN,NaN,NaN,0,0
real_adsb,baseline,stage4B_3Day_nohup_20260819T132526Z_w109_20260821T192740Z::a0b7b6::20260821T192742__baseline,stage4B_3Day_nohup_20260819T132526Z_w109_20260821T192740Z::a0b7b6::20260821T192742,observed_adsb,warm_ukf,posterior,adsb_scoring_proxy,106,1,89.6453525690404,17.2241668538821,62.7048159874301,8.62609548478733,7.38486586851803,14.2227484862895,NaN,NaN,NaN,0,0
real_adsb,random_dropout_10,stage4B_3Day_nohup_20260819T132526Z_w109_20260821T192740Z::a0b7b6::20260821T192742__random_dropout_10,stage4B_3Day_nohup_20260819T132526Z_w109_20260821T192740Z::a0b7b6::20260821T192742,observed_adsb,cv_ekf,prior,adsb_scoring_proxy,106,1,8.34161719939152,6.46990858410929,12.7752716502754,2.01599903791212,1.8356672118997,3.21044528465657,NaN,NaN,NaN,0,0
real_adsb,random_dropout_10,stage4B_3Day_nohup_20260819T132526Z_w109_20260821T192740Z::a0b7b6::20260821T192742__random_dropout_10,stage4B_3Day_nohup_20260819T132526Z_w109_20260821T192740Z::a0b7b6::20260821T192742,observed_adsb,cv_ekf,posterior,adsb_scoring_proxy,106,1,8.34161719939152,6.46990858410929,12.7752716502754,2.01599903791212,1.8356672118997,3.21044528465657,NaN,NaN,NaN,0,0
real_adsb,random_dropout_10,stage4B_3Day_nohup_20260819T132526Z_w109_20260821T192740Z::a0b7b6::20260821T192742__random_dropout_10,stage4B_3Day_nohup_20260819T132526Z_w109_20260821T192740Z::a0b7b6::20260821T192742,observed_adsb,ca_ekf,prior,adsb_scoring_proxy,106,1,7.69949596031419,5.87991162064534,10.4720413987612,2.07069941298873,1.84394472793286,3.54104662743484,NaN,NaN,NaN,0,0
real_adsb,random_dropout_10,stage4B_3Day_nohup_20260819T132526Z_w109_20260821T192740Z::a0b7b6::20260821T192742__random_dropout_10,stage4B_3Day_nohup_20260819T132526Z_w109_20260821T192740Z::a0b7b6::20260821T192742,observed_adsb,ca_ekf,posterior,adsb_scoring_proxy,106,1,7.69949596031419,5.87991162064534,10.4720413987612,2.07069941298873,1.84394472793286,3.54104662743484,NaN,NaN,NaN,0,0
real_adsb,random_dropout_10,stage4B_3Day_nohup_20260819T132526Z_w109_20260821T192740Z::a0b7b6::20260821T192742__random_dropout_10,stage4B_3Day_nohup_20260819T132526Z_w109_20260821T192740Z::a0b7b6::20260821T192742,observed_adsb,ct_ekf,prior,adsb_scoring_proxy,106,1,8.47118666969217,6.45412160786661,13.0732961996724,2.02883670107332,1.84807614217871,3.23907995437517,NaN,NaN,NaN,0,0
real_adsb,random_dropout_10,stage4B_3Day_nohup_20260819T132526Z_w109_20260821T192740Z::a0b7b6::20260821T192742__random_dropout_10,stage4B_3Day_nohup_20260819T132526Z_w109_20260821T192740Z::a0b7b6::20260821T192742,observed_adsb,ct_ekf,posterior,adsb_scoring_proxy,106,1,8.47118666969217,6.45412160786661,13.0732961996724,2.02883670107332,1.84807614217871,3.23907995437517,NaN,NaN,NaN,0,0
real_adsb,random_dropout_10,stage4B_3Day_nohup_20260819T132526Z_w109_20260821T192740Z::a0b7b6::20260821T192742__random_dropout_10,stage4B_3Day_nohup_20260819T132526Z_w109_20260821T192740Z::a0b7b6::20260821T192742,observed_adsb,native_imm,prior,adsb_scoring_proxy,106,1,7.28127186936121,5.59326492433067,10.2460051773615,1.90330373170502,1.68274998560718,3.23448633465322,NaN,NaN,NaN,0,0
real_adsb,random_dropout_10,stage4B_3Day_nohup_20260819T132526Z_w109_20260821T192740Z::a0b7b6::20260821T192742__random_dropout_10,stage4B_3Day_nohup_20260819T132526Z_w109_20260821T192740Z::a0b7b6::20260821T192742,observed_adsb,native_imm,posterior,adsb_scoring_proxy,106,1,7.28127186936121,5.59326492433067,10.2460051773615,1.90330373170502,1.68274998560718,3.23448633465322,NaN,NaN,NaN,0,0
real_adsb,random_dropout_10,stage4B_3Day_nohup_20260819T132526Z_w109_20260821T192740Z::a0b7b6::20260821T192742__random_dropout_10,stage4B_3Day_nohup_20260819T132526Z_w109_20260821T192740Z::a0b7b6::20260821T192742,observed_adsb,warm_ukf,prior,adsb_scoring_proxy,106,1,179.279670850187,18.7963219380511,318.766123490004,8.8093742269161,7.59380607904336,14.5113626554839,NaN,NaN,NaN,0,0
real_adsb,random_dropout_10,stage4B_3Day_nohup_20260819T132526Z_w109_20260821T192740Z::a0b7b6::20260821T192742__random_dropout_10,stage4B_3Day_nohup_20260819T132526Z_w109_20260821T192740Z::a0b7b6::20260821T192742,observed_adsb,warm_ukf,posterior,adsb_scoring_proxy,106,1,179.279670850187,18.7963219380511,318.766123490004,8.8093742269161,7.59380607904336,14.5113626554839,NaN,NaN,NaN,0,0
real_adsb,random_dropout_25,stage4B_3Day_nohup_20260819T132526Z_w109_20260821T192740Z::a0b7b6::20260821T192742__random_dropout_25,stage4B_3Day_nohup_20260819T132526Z_w109_20260821T192740Z::a0b7b6::20260821T192742,observed_adsb,cv_ekf,prior,adsb_scoring_proxy,106,1,8.71806534428871,6.49944638550569,13.64348206524,2.03542611696758,1.85154291542064,3.25929432511074,NaN,NaN,NaN,0,0
real_adsb,random_dropout_25,stage4B_3Day_nohup_20260819T132526Z_w109_20260821T192740Z::a0b7b6::20260821T192742__random_dropout_25,stage4B_3Day_nohup_20260819T132526Z_w109_20260821T192740Z::a0b7b6::20260821T192742,observed_adsb,cv_ekf,posterior,adsb_scoring_proxy,106,1,8.71806534428871,6.49944638550569,13.64348206524,2.03542611696758,1.85154291542064,3.25929432511074,NaN,NaN,NaN,0,0
real_adsb,random_dropout_25,stage4B_3Day_nohup_20260819T132526Z_w109_20260821T192740Z::a0b7b6::20260821T192742__random_dropout_25,stage4B_3Day_nohup_20260819T132526Z_w109_20260821T192740Z::a0b7b6::20260821T192742,observed_adsb,ca_ekf,prior,adsb_scoring_proxy,106,1,7.96822884289484,5.88151547097812,11.1703894498665,2.09605023582463,1.85429997415992,3.49340137243019,NaN,NaN,NaN,0,0
real_adsb,random_dropout_25,stage4B_3Day_nohup_20260819T132526Z_w109_20260821T192740Z::a0b7b6::20260821T192742__random_dropout_25,stage4B_3Day_nohup_20260819T132526Z_w109_20260821T192740Z::a0b7b6::20260821T192742,observed_adsb,ca_ekf,posterior,adsb_scoring_proxy,106,1,7.96822884289484,5.88151547097812,11.1703894498665,2.09605023582463,1.85429997415992,3.49340137243019,NaN,NaN,NaN,0,0
real_adsb,random_dropout_25,stage4B_3Day_nohup_20260819T132526Z_w109_20260821T192740Z::a0b7b6::20260821T192742__random_dropout_25,stage4B_3Day_nohup_20260819T132526Z_w109_20260821T192740Z::a0b7b6::20260821T192742,observed_adsb,ct_ekf,prior,adsb_scoring_proxy,106,1,8.8525667041426,6.60748675272713,13.9891865114498,2.04915544307548,1.85175201233104,3.27969246419334,NaN,NaN,NaN,0,0
real_adsb,random_dropout_25,stage4B_3Day_nohup_20260819T132526Z_w109_20260821T192740Z::a0b7b6::20260821T192742__random_dropout_25,stage4B_3Day_nohup_20260819T132526Z_w109_20260821T192740Z::a0b7b6::20260821T192742,observed_adsb,ct_ekf,posterior,adsb_scoring_proxy,106,1,8.8525667041426,6.60748675272713,13.9891865114498,2.04915544307548,1.85175201233104,3.27969246419334,NaN,NaN,NaN,0,0
real_adsb,random_dropout_25,stage4B_3Day_nohup_20260819T132526Z_w109_20260821T192740Z::a0b7b6::20260821T192742__random_dropout_25,stage4B_3Day_nohup_20260819T132526Z_w109_20260821T192740Z::a0b7b6::20260821T192742,observed_adsb,native_imm,prior,adsb_scoring_proxy,106,1,7.58096684432991,5.82204025107356,10.4611380453251,1.9611684479874,1.71292126166505,3.2441421011774,NaN,NaN,NaN,0,0
real_adsb,random_dropout_25,stage4B_3Day_nohup_20260819T132526Z_w109_20260821T192740Z::a0b7b6::20260821T192742__random_dropout_25,stage4B_3Day_nohup_20260819T132526Z_w109_20260821T192740Z::a0b7b6::20260821T192742,observed_adsb,native_imm,posterior,adsb_scoring_proxy,106,1,7.58096684432991,5.82204025107356,10.4611380453251,1.9611684479874,1.71292126166505,3.2441421011774,NaN,NaN,NaN,0,0
real_adsb,random_dropout_25,stage4B_3Day_nohup_20260819T132526Z_w109_20260821T192740Z::a0b7b6::20260821T192742__random_dropout_25,stage4B_3Day_nohup_20260819T132526Z_w109_20260821T192740Z::a0b7b6::20260821T192742,observed_adsb,warm_ukf,prior,adsb_scoring_proxy,106,1,152.903560803386,26.2530971380679,161.840957434488,8.68243924842019,7.32960321143727,15.3308719396912,NaN,NaN,NaN,0,0
real_adsb,random_dropout_25,stage4B_3Day_nohup_20260819T132526Z_w109_20260821T192740Z::a0b7b6::20260821T192742__random_dropout_25,stage4B_3Day_nohup_20260819T132526Z_w109_20260821T192740Z::a0b7b6::20260821T192742,observed_adsb,warm_ukf,posterior,adsb_scoring_proxy,106,1,152.903560803386,26.2530971380679,161.840957434488,8.68243924842019,7.32960321143727,15.3308719396912,NaN,NaN,NaN,0,0
real_adsb,burst_outage,stage4B_3Day_nohup_20260819T132526Z_w109_20260821T192740Z::a0b7b6::20260821T192742__burst_outage,stage4B_3Day_nohup_20260819T132526Z_w109_20260821T192740Z::a0b7b6::20260821T192742,observed_adsb,cv_ekf,prior,adsb_scoring_proxy,106,1,59.691184676894,7.3350606930184,169.852258585013,2.46677087665062,1.95423915732916,4.8835582335646,NaN,NaN,NaN,0,0
real_adsb,burst_outage,stage4B_3Day_nohup_20260819T132526Z_w109_20260821T192740Z::a0b7b6::20260821T192742__burst_outage,stage4B_3Day_nohup_20260819T132526Z_w109_20260821T192740Z::a0b7b6::20260821T192742,observed_adsb,cv_ekf,posterior,adsb_scoring_proxy,106,1,59.691184676894,7.3350606930184,169.852258585013,2.46677087665062,1.95423915732916,4.8835582335646,NaN,NaN,NaN,0,0
real_adsb,burst_outage,stage4B_3Day_nohup_20260819T132526Z_w109_20260821T192740Z::a0b7b6::20260821T192742__burst_outage,stage4B_3Day_nohup_20260819T132526Z_w109_20260821T192740Z::a0b7b6::20260821T192742,observed_adsb,ca_ekf,prior,adsb_scoring_proxy,106,1,118.642811518852,6.27425488130302,332.818397170679,4.79879243271047,1.89403555953725,12.5711264798613,NaN,NaN,NaN,0,0
real_adsb,burst_outage,stage4B_3Day_nohup_20260819T132526Z_w109_20260821T192740Z::a0b7b6::20260821T192742__burst_outage,stage4B_3Day_nohup_20260819T132526Z_w109_20260821T192740Z::a0b7b6::20260821T192742,observed_adsb,ca_ekf,posterior,adsb_scoring_proxy,106,1,118.642811518852,6.27425488130302,332.818397170679,4.79879243271047,1.89403555953725,12.5711264798613,NaN,NaN,NaN,0,0
real_adsb,burst_outage,stage4B_3Day_nohup_20260819T132526Z_w109_20260821T192740Z::a0b7b6::20260821T192742__burst_outage,stage4B_3Day_nohup_20260819T132526Z_w109_20260821T192740Z::a0b7b6::20260821T192742,observed_adsb,ct_ekf,prior,adsb_scoring_proxy,106,1,61.2542725688356,7.40403327194488,174.303974949751,2.54250506839787,1.97271570742446,5.12103921103663,NaN,NaN,NaN,0,0
real_adsb,burst_outage,stage4B_3Day_nohup_20260819T132526Z_w109_20260821T192740Z::a0b7b6::20260821T192742__burst_outage,stage4B_3Day_nohup_20260819T132526Z_w109_20260821T192740Z::a0b7b6::20260821T192742,observed_adsb,ct_ekf,posterior,adsb_scoring_proxy,106,1,61.2542725688356,7.40403327194488,174.303974949751,2.54250506839787,1.97271570742446,5.12103921103663,NaN,NaN,NaN,0,0
real_adsb,burst_outage,stage4B_3Day_nohup_20260819T132526Z_w109_20260821T192740Z::a0b7b6::20260821T192742__burst_outage,stage4B_3Day_nohup_20260819T132526Z_w109_20260821T192740Z::a0b7b6::20260821T192742,observed_adsb,native_imm,prior,adsb_scoring_proxy,106,1,55.1598746836836,6.23407866492541,155.984701109113,2.55000640141714,1.64580345324336,5.37356107493594,NaN,NaN,NaN,0,0
real_adsb,burst_outage,stage4B_3Day_nohup_20260819T132526Z_w109_20260821T192740Z::a0b7b6::20260821T192742__burst_outage,stage4B_3Day_nohup_20260819T132526Z_w109_20260821T192740Z::a0b7b6::20260821T192742,observed_adsb,native_imm,posterior,adsb_scoring_proxy,106,1,55.1598746836836,6.23407866492541,155.984701109113,2.55000640141714,1.64580345324336,5.37356107493594,NaN,NaN,NaN,0,0
real_adsb,burst_outage,stage4B_3Day_nohup_20260819T132526Z_w109_20260821T192740Z::a0b7b6::20260821T192742__burst_outage,stage4B_3Day_nohup_20260819T132526Z_w109_20260821T192740Z::a0b7b6::20260821T192742,observed_adsb,warm_ukf,prior,adsb_scoring_proxy,106,1,1925.8489324746,22.7600946423088,6700.96704986232,10.4874934629801,8.11481491727507,17.5475198677489,NaN,NaN,NaN,0,0
real_adsb,burst_outage,stage4B_3Day_nohup_20260819T132526Z_w109_20260821T192740Z::a0b7b6::20260821T192742__burst_outage,stage4B_3Day_nohup_20260819T132526Z_w109_20260821T192740Z::a0b7b6::20260821T192742,observed_adsb,warm_ukf,posterior,adsb_scoring_proxy,106,1,1925.8489324746,22.7600946423088,6700.96704986232,10.4874934629801,8.11481491727507,17.5475198677489,NaN,NaN,NaN,0,0
real_adsb,baseline,stage4B_3Day_nohup_20260819T132526Z_w005_20260819T152740Z::a4a0d9::20260819T152742__baseline,stage4B_3Day_nohup_20260819T132526Z_w005_20260819T152740Z::a4a0d9::20260819T152742,observed_adsb,cv_ekf,prior,adsb_scoring_proxy,106,1,30.4935967918389,6.7353608130555,24.8579047939188,5.71394238219699,1.823022609501,9.76366780996163,NaN,NaN,NaN,0,0
real_adsb,baseline,stage4B_3Day_nohup_20260819T132526Z_w005_20260819T152740Z::a4a0d9::20260819T152742__baseline,stage4B_3Day_nohup_20260819T132526Z_w005_20260819T152740Z::a4a0d9::20260819T152742,observed_adsb,cv_ekf,posterior,adsb_scoring_proxy,106,1,30.4935967918389,6.7353608130555,24.8579047939188,5.71394238219699,1.823022609501,9.76366780996163,NaN,NaN,NaN,0,0
real_adsb,baseline,stage4B_3Day_nohup_20260819T132526Z_w005_20260819T152740Z::a4a0d9::20260819T152742__baseline,stage4B_3Day_nohup_20260819T132526Z_w005_20260819T152740Z::a4a0d9::20260819T152742,observed_adsb,ca_ekf,prior,adsb_scoring_proxy,106,1,13.8548380127024,5.91320498394076,19.9186028408716,3.60263502753404,1.65145521533374,6.33765120519441,NaN,NaN,NaN,0,0
real_adsb,baseline,stage4B_3Day_nohup_20260819T132526Z_w005_20260819T152740Z::a4a0d9::20260819T152742__baseline,stage4B_3Day_nohup_20260819T132526Z_w005_20260819T152740Z::a4a0d9::20260819T152742,observed_adsb,ca_ekf,posterior,adsb_scoring_proxy,106,1,13.8548380127024,5.91320498394076,19.9186028408716,3.60263502753404,1.65145521533374,6.33765120519441,NaN,NaN,NaN,0,0
real_adsb,baseline,stage4B_3Day_nohup_20260819T132526Z_w005_20260819T152740Z::a4a0d9::20260819T152742__baseline,stage4B_3Day_nohup_20260819T132526Z_w005_20260819T152740Z::a4a0d9::20260819T152742,observed_adsb,ct_ekf,prior,adsb_scoring_proxy,106,1,30.467071730234,6.76216364776513,24.9759108021721,5.70192445104966,1.80974440155587,9.75273924248466,NaN,NaN,NaN,0,0
real_adsb,baseline,stage4B_3Day_nohup_20260819T132526Z_w005_20260819T152740Z::a4a0d9::20260819T152742__baseline,stage4B_3Day_nohup_20260819T132526Z_w005_20260819T152740Z::a4a0d9::20260819T152742,observed_adsb,ct_ekf,posterior,adsb_scoring_proxy,106,1,30.467071730234,6.76216364776513,24.9759108021721,5.70192445104966,1.80974440155587,9.75273924248466,NaN,NaN,NaN,0,0
real_adsb,baseline,stage4B_3Day_nohup_20260819T132526Z_w005_20260819T152740Z::a4a0d9::20260819T152742__baseline,stage4B_3Day_nohup_20260819T132526Z_w005_20260819T152740Z::a4a0d9::20260819T152742,observed_adsb,native_imm,prior,adsb_scoring_proxy,106,1,15.8787738583235,5.95280925002578,12.3284522669961,3.28021727709924,1.63477178893945,5.04600973208428,NaN,NaN,NaN,0,0
real_adsb,baseline,stage4B_3Day_nohup_20260819T132526Z_w005_20260819T152740Z::a4a0d9::20260819T152742__baseline,stage4B_3Day_nohup_20260819T132526Z_w005_20260819T152740Z::a4a0d9::20260819T152742,observed_adsb,native_imm,posterior,adsb_scoring_proxy,106,1,15.8787738583235,5.95280925002578,12.3284522669961,3.28021727709924,1.63477178893945,5.04600973208428,NaN,NaN,NaN,0,0
real_adsb,baseline,stage4B_3Day_nohup_20260819T132526Z_w005_20260819T152740Z::a4a0d9::20260819T152742__baseline,stage4B_3Day_nohup_20260819T132526Z_w005_20260819T152740Z::a4a0d9::20260819T152742,observed_adsb,warm_ukf,prior,adsb_scoring_proxy,106,1,70.3950161690302,19.7916066089159,123.840782366947,13.7315490566769,8.83391151481871,22.6209705150306,NaN,NaN,NaN,0,0
real_adsb,baseline,stage4B_3Day_nohup_20260819T132526Z_w005_20260819T152740Z::a4a0d9::20260819T152742__baseline,stage4B_3Day_nohup_20260819T132526Z_w005_20260819T152740Z::a4a0d9::20260819T152742,observed_adsb,warm_ukf,posterior,adsb_scoring_proxy,106,1,70.3950161690302,19.7916066089159,123.840782366947,13.7315490566769,8.83391151481871,22.6209705150306,NaN,NaN,NaN,0,0
real_adsb,random_dropout_10,stage4B_3Day_nohup_20260819T132526Z_w005_20260819T152740Z::a4a0d9::20260819T152742__random_dropout_10,stage4B_3Day_nohup_20260819T132526Z_w005_20260819T152740Z::a4a0d9::20260819T152742,observed_adsb,cv_ekf,prior,adsb_scoring_proxy,106,1,31.5056676912906,6.7828031640633,24.8505554163015,5.80126322128447,1.82314907311764,9.97252084556123,NaN,NaN,NaN,0,0
real_adsb,random_dropout_10,stage4B_3Day_nohup_20260819T132526Z_w005_20260819T152740Z::a4a0d9::20260819T152742__random_dropout_10,stage4B_3Day_nohup_20260819T132526Z_w005_20260819T152740Z::a4a0d9::20260819T152742,observed_adsb,cv_ekf,posterior,adsb_scoring_proxy,106,1,31.5056676912906,6.7828031640633,24.8505554163015,5.80126322128447,1.82314907311764,9.97252084556123,NaN,NaN,NaN,0,0
real_adsb,random_dropout_10,stage4B_3Day_nohup_20260819T132526Z_w005_20260819T152740Z::a4a0d9::20260819T152742__random_dropout_10,stage4B_3Day_nohup_20260819T132526Z_w005_20260819T152740Z::a4a0d9::20260819T152742,observed_adsb,ca_ekf,prior,adsb_scoring_proxy,106,1,14.7749966525665,5.97275020800294,20.2632743706824,3.67012314962166,1.56784669259301,6.32527970101281,NaN,NaN,NaN,0,0
real_adsb,random_dropout_10,stage4B_3Day_nohup_20260819T132526Z_w005_20260819T152740Z::a4a0d9::20260819T152742__random_dropout_10,stage4B_3Day_nohup_20260819T132526Z_w005_20260819T152740Z::a4a0d9::20260819T152742,observed_adsb,ca_ekf,posterior,adsb_scoring_proxy,106,1,14.7749966525665,5.97275020800294,20.2632743706824,3.67012314962166,1.56784669259301,6.32527970101281,NaN,NaN,NaN,0,0
real_adsb,random_dropout_10,stage4B_3Day_nohup_20260819T132526Z_w005_20260819T152740Z::a4a0d9::20260819T152742__random_dropout_10,stage4B_3Day_nohup_20260819T132526Z_w005_20260819T152740Z::a4a0d9::20260819T152742,observed_adsb,ct_ekf,prior,adsb_scoring_proxy,106,1,31.4773208914775,6.89516257320386,24.9697277538155,5.78895931699742,1.83148684087422,9.96261051186011,NaN,NaN,NaN,0,0
real_adsb,random_dropout_10,stage4B_3Day_nohup_20260819T132526Z_w005_20260819T152740Z::a4a0d9::20260819T152742__random_dropout_10,stage4B_3Day_nohup_20260819T132526Z_w005_20260819T152740Z::a4a0d9::20260819T152742,observed_adsb,ct_ekf,posterior,adsb_scoring_proxy,106,1,31.4773208914775,6.89516257320386,24.9697277538155,5.78895931699742,1.83148684087422,9.96261051186011,NaN,NaN,NaN,0,0
real_adsb,random_dropout_10,stage4B_3Day_nohup_20260819T132526Z_w005_20260819T152740Z::a4a0d9::20260819T152742__random_dropout_10,stage4B_3Day_nohup_20260819T132526Z_w005_20260819T152740Z::a4a0d9::20260819T152742,observed_adsb,native_imm,prior,adsb_scoring_proxy,106,1,16.4658900038761,6.19815024083723,12.2554122769799,3.3347929709342,1.63750316498279,5.0521163351235,NaN,NaN,NaN,0,0
real_adsb,random_dropout_10,stage4B_3Day_nohup_20260819T132526Z_w005_20260819T152740Z::a4a0d9::20260819T152742__random_dropout_10,stage4B_3Day_nohup_20260819T132526Z_w005_20260819T152740Z::a4a0d9::20260819T152742,observed_adsb,native_imm,posterior,adsb_scoring_proxy,106,1,16.4658900038761,6.19815024083723,12.2554122769799,3.3347929709342,1.63750316498279,5.0521163351235,NaN,NaN,NaN,0,0
real_adsb,random_dropout_10,stage4B_3Day_nohup_20260819T132526Z_w005_20260819T152740Z::a4a0d9::20260819T152742__random_dropout_10,stage4B_3Day_nohup_20260819T132526Z_w005_20260819T152740Z::a4a0d9::20260819T152742,observed_adsb,warm_ukf,prior,adsb_scoring_proxy,106,1,257.200785595391,20.6461354761442,499.266543221097,18.222894150985,13.6891421007059,24.9186285157752,NaN,NaN,NaN,0,0
real_adsb,random_dropout_10,stage4B_3Day_nohup_20260819T132526Z_w005_20260819T152740Z::a4a0d9::20260819T152742__random_dropout_10,stage4B_3Day_nohup_20260819T132526Z_w005_20260819T152740Z::a4a0d9::20260819T152742,observed_adsb,warm_ukf,posterior,adsb_scoring_proxy,106,1,257.200785595391,20.6461354761442,499.266543221097,18.222894150985,13.6891421007059,24.9186285157752,NaN,NaN,NaN,0,0
real_adsb,random_dropout_25,stage4B_3Day_nohup_20260819T132526Z_w005_20260819T152740Z::a4a0d9::20260819T152742__random_dropout_25,stage4B_3Day_nohup_20260819T132526Z_w005_20260819T152740Z::a4a0d9::20260819T152742,observed_adsb,cv_ekf,prior,adsb_scoring_proxy,106,1,31.9778766762212,7.51276915992316,33.3944176527336,5.88178697940396,1.88178456005009,10.3422747801359,NaN,NaN,NaN,0,0
real_adsb,random_dropout_25,stage4B_3Day_nohup_20260819T132526Z_w005_20260819T152740Z::a4a0d9::20260819T152742__random_dropout_25,stage4B_3Day_nohup_20260819T132526Z_w005_20260819T152740Z::a4a0d9::20260819T152742,observed_adsb,cv_ekf,posterior,adsb_scoring_proxy,106,1,31.9778766762212,7.51276915992316,33.3944176527336,5.88178697940396,1.88178456005009,10.3422747801359,NaN,NaN,NaN,0,0
real_adsb,random_dropout_25,stage4B_3Day_nohup_20260819T132526Z_w005_20260819T152740Z::a4a0d9::20260819T152742__random_dropout_25,stage4B_3Day_nohup_20260819T132526Z_w005_20260819T152740Z::a4a0d9::20260819T152742,observed_adsb,ca_ekf,prior,adsb_scoring_proxy,106,1,15.0289226010846,6.04112875623716,20.4959660689025,3.74197128803092,1.71823986722346,6.85408285711687,NaN,NaN,NaN,0,0
real_adsb,random_dropout_25,stage4B_3Day_nohup_20260819T132526Z_w005_20260819T152740Z::a4a0d9::20260819T152742__random_dropout_25,stage4B_3Day_nohup_20260819T132526Z_w005_20260819T152740Z::a4a0d9::20260819T152742,observed_adsb,ca_ekf,posterior,adsb_scoring_proxy,106,1,15.0289226010846,6.04112875623716,20.4959660689025,3.74197128803092,1.71823986722346,6.85408285711687,NaN,NaN,NaN,0,0
real_adsb,random_dropout_25,stage4B_3Day_nohup_20260819T132526Z_w005_20260819T152740Z::a4a0d9::20260819T152742__random_dropout_25,stage4B_3Day_nohup_20260819T132526Z_w005_20260819T152740Z::a4a0d9::20260819T152742,observed_adsb,ct_ekf,prior,adsb_scoring_proxy,106,1,31.9622110764664,7.67458621922601,33.6606875745704,5.87063127651306,1.9139858203585,10.3317154195735,NaN,NaN,NaN,0,0
real_adsb,random_dropout_25,stage4B_3Day_nohup_20260819T132526Z_w005_20260819T152740Z::a4a0d9::20260819T152742__random_dropout_25,stage4B_3Day_nohup_20260819T132526Z_w005_20260819T152740Z::a4a0d9::20260819T152742,observed_adsb,ct_ekf,posterior,adsb_scoring_proxy,106,1,31.9622110764664,7.67458621922601,33.6606875745704,5.87063127651306,1.9139858203585,10.3317154195735,NaN,NaN,NaN,0,0
real_adsb,random_dropout_25,stage4B_3Day_nohup_20260819T132526Z_w005_20260819T152740Z::a4a0d9::20260819T152742__random_dropout_25,stage4B_3Day_nohup_20260819T132526Z_w005_20260819T152740Z::a4a0d9::20260819T152742,observed_adsb,native_imm,prior,adsb_scoring_proxy,106,1,16.3977532144319,6.07948470495877,14.2579309959593,3.34885170138265,1.67439649336076,5.10295029993666,NaN,NaN,NaN,0,0
real_adsb,random_dropout_25,stage4B_3Day_nohup_20260819T132526Z_w005_20260819T152740Z::a4a0d9::20260819T152742__random_dropout_25,stage4B_3Day_nohup_20260819T132526Z_w005_20260819T152740Z::a4a0d9::20260819T152742,observed_adsb,native_imm,posterior,adsb_scoring_proxy,106,1,16.3977532144319,6.07948470495877,14.2579309959593,3.34885170138265,1.67439649336076,5.10295029993666,NaN,NaN,NaN,0,0
real_adsb,random_dropout_25,stage4B_3Day_nohup_20260819T132526Z_w005_20260819T152740Z::a4a0d9::20260819T152742__random_dropout_25,stage4B_3Day_nohup_20260819T132526Z_w005_20260819T152740Z::a4a0d9::20260819T152742,observed_adsb,warm_ukf,prior,adsb_scoring_proxy,106,1,939.163850755384,22.8408675134607,412.568859412799,22.4771746721769,10.3930628887496,23.4202568445154,NaN,NaN,NaN,0,0
real_adsb,random_dropout_25,stage4B_3Day_nohup_20260819T132526Z_w005_20260819T152740Z::a4a0d9::20260819T152742__random_dropout_25,stage4B_3Day_nohup_20260819T132526Z_w005_20260819T152740Z::a4a0d9::20260819T152742,observed_adsb,warm_ukf,posterior,adsb_scoring_proxy,106,1,939.163850755384,22.8408675134607,412.568859412799,22.4771746721769,10.3930628887496,23.4202568445154,NaN,NaN,NaN,0,0
real_adsb,burst_outage,stage4B_3Day_nohup_20260819T132526Z_w005_20260819T152740Z::a4a0d9::20260819T152742__burst_outage,stage4B_3Day_nohup_20260819T132526Z_w005_20260819T152740Z::a4a0d9::20260819T152742,observed_adsb,cv_ekf,prior,adsb_scoring_proxy,106,1,176.062753428522,7.35663475618634,497.342565974732,8.38638377033097,1.91365098459573,20.3001094572112,NaN,NaN,NaN,0,0
real_adsb,burst_outage,stage4B_3Day_nohup_20260819T132526Z_w005_20260819T152740Z::a4a0d9::20260819T152742__burst_outage,stage4B_3Day_nohup_20260819T132526Z_w005_20260819T152740Z::a4a0d9::20260819T152742,observed_adsb,cv_ekf,posterior,adsb_scoring_proxy,106,1,176.062753428522,7.35663475618634,497.342565974732,8.38638377033097,1.91365098459573,20.3001094572112,NaN,NaN,NaN,0,0
real_adsb,burst_outage,stage4B_3Day_nohup_20260819T132526Z_w005_20260819T152740Z::a4a0d9::20260819T152742__burst_outage,stage4B_3Day_nohup_20260819T132526Z_w005_20260819T152740Z::a4a0d9::20260819T152742,observed_adsb,ca_ekf,prior,adsb_scoring_proxy,106,1,169.932871967986,6.12331639105495,483.121586880006,7.17535536129441,1.99985369398552,19.5591042505563,NaN,NaN,NaN,0,0
real_adsb,burst_outage,stage4B_3Day_nohup_20260819T132526Z_w005_20260819T152740Z::a4a0d9::20260819T152742__burst_outage,stage4B_3Day_nohup_20260819T132526Z_w005_20260819T152740Z::a4a0d9::20260819T152742,observed_adsb,ca_ekf,posterior,adsb_scoring_proxy,106,1,169.932871967986,6.12331639105495,483.121586880006,7.17535536129441,1.99985369398552,19.5591042505563,NaN,NaN,NaN,0,0
real_adsb,burst_outage,stage4B_3Day_nohup_20260819T132526Z_w005_20260819T152740Z::a4a0d9::20260819T152742__burst_outage,stage4B_3Day_nohup_20260819T132526Z_w005_20260819T152740Z::a4a0d9::20260819T152742,observed_adsb,ct_ekf,prior,adsb_scoring_proxy,106,1,176.91702894321,7.36387028786617,499.363902275189,8.41477817124979,1.94585071093461,20.3762485549258,NaN,NaN,NaN,0,0
real_adsb,burst_outage,stage4B_3Day_nohup_20260819T132526Z_w005_20260819T152740Z::a4a0d9::20260819T152742__burst_outage,stage4B_3Day_nohup_20260819T132526Z_w005_20260819T152740Z::a4a0d9::20260819T152742,observed_adsb,ct_ekf,posterior,adsb_scoring_proxy,106,1,176.91702894321,7.36387028786617,499.363902275189,8.41477817124979,1.94585071093461,20.3762485549258,NaN,NaN,NaN,0,0
real_adsb,burst_outage,stage4B_3Day_nohup_20260819T132526Z_w005_20260819T152740Z::a4a0d9::20260819T152742__burst_outage,stage4B_3Day_nohup_20260819T132526Z_w005_20260819T152740Z::a4a0d9::20260819T152742,observed_adsb,native_imm,prior,adsb_scoring_proxy,106,1,179.445677349,6.24998396439053,512.205498320068,7.17764413085349,1.7100715371198,20.1253967486135,NaN,NaN,NaN,0,0
real_adsb,burst_outage,stage4B_3Day_nohup_20260819T132526Z_w005_20260819T152740Z::a4a0d9::20260819T152742__burst_outage,stage4B_3Day_nohup_20260819T132526Z_w005_20260819T152740Z::a4a0d9::20260819T152742,observed_adsb,native_imm,posterior,adsb_scoring_proxy,106,1,179.445677349,6.24998396439053,512.205498320068,7.17764413085349,1.7100715371198,20.1253967486135,NaN,NaN,NaN,0,0
real_adsb,burst_outage,stage4B_3Day_nohup_20260819T132526Z_w005_20260819T152740Z::a4a0d9::20260819T152742__burst_outage,stage4B_3Day_nohup_20260819T132526Z_w005_20260819T152740Z::a4a0d9::20260819T152742,observed_adsb,warm_ukf,prior,adsb_scoring_proxy,106,1,571.931219563837,23.4094621303919,1193.27636439063,17.2492280525069,9.26125848373429,30.106831759479,NaN,NaN,NaN,0,0
real_adsb,burst_outage,stage4B_3Day_nohup_20260819T132526Z_w005_20260819T152740Z::a4a0d9::20260819T152742__burst_outage,stage4B_3Day_nohup_20260819T132526Z_w005_20260819T152740Z::a4a0d9::20260819T152742,observed_adsb,warm_ukf,posterior,adsb_scoring_proxy,106,1,571.931219563837,23.4094621303919,1193.27636439063,17.2492280525069,9.26125848373429,30.106831759479,NaN,NaN,NaN,0,0
real_adsb,baseline,stage4B_3Day_nohup_20260819T132526Z_w102_20260821T155740Z::a392f2::20260821T160003__baseline,stage4B_3Day_nohup_20260819T132526Z_w102_20260821T155740Z::a392f2::20260821T160003,observed_adsb,cv_ekf,prior,adsb_scoring_proxy,106,1,8.96866937957462,6.40627345267846,17.5062111873768,2.25568603764181,1.38460681296746,3.73991486625625,NaN,NaN,NaN,0,0
real_adsb,baseline,stage4B_3Day_nohup_20260819T132526Z_w102_20260821T155740Z::a392f2::20260821T160003__baseline,stage4B_3Day_nohup_20260819T132526Z_w102_20260821T155740Z::a392f2::20260821T160003,observed_adsb,cv_ekf,posterior,adsb_scoring_proxy,106,1,8.96866937957462,6.40627345267846,17.5062111873768,2.25568603764181,1.38460681296746,3.73991486625625,NaN,NaN,NaN,0,0
real_adsb,baseline,stage4B_3Day_nohup_20260819T132526Z_w102_20260821T155740Z::a392f2::20260821T160003__baseline,stage4B_3Day_nohup_20260819T132526Z_w102_20260821T155740Z::a392f2::20260821T160003,observed_adsb,ca_ekf,prior,adsb_scoring_proxy,106,1,7.88614495445199,6.05443700892708,13.1726237106382,2.27079308666026,1.56819088698382,3.94423021887378,NaN,NaN,NaN,0,0
real_adsb,baseline,stage4B_3Day_nohup_20260819T132526Z_w102_20260821T155740Z::a392f2::20260821T160003__baseline,stage4B_3Day_nohup_20260819T132526Z_w102_20260821T155740Z::a392f2::20260821T160003,observed_adsb,ca_ekf,posterior,adsb_scoring_proxy,106,1,7.88614495445199,6.05443700892708,13.1726237106382,2.27079308666026,1.56819088698382,3.94423021887378,NaN,NaN,NaN,0,0
real_adsb,baseline,stage4B_3Day_nohup_20260819T132526Z_w102_20260821T155740Z::a392f2::20260821T160003__baseline,stage4B_3Day_nohup_20260819T132526Z_w102_20260821T155740Z::a392f2::20260821T160003,observed_adsb,ct_ekf,prior,adsb_scoring_proxy,106,1,9.00999534363974,6.44209825025028,17.560430955148,2.25461807565125,1.35441728010377,3.69708610584997,NaN,NaN,NaN,0,0
real_adsb,baseline,stage4B_3Day_nohup_20260819T132526Z_w102_20260821T155740Z::a392f2::20260821T160003__baseline,stage4B_3Day_nohup_20260819T132526Z_w102_20260821T155740Z::a392f2::20260821T160003,observed_adsb,ct_ekf,posterior,adsb_scoring_proxy,106,1,9.00999534363974,6.44209825025028,17.560430955148,2.25461807565125,1.35441728010377,3.69708610584997,NaN,NaN,NaN,0,0
real_adsb,baseline,stage4B_3Day_nohup_20260819T132526Z_w102_20260821T155740Z::a392f2::20260821T160003__baseline,stage4B_3Day_nohup_20260819T132526Z_w102_20260821T155740Z::a392f2::20260821T160003,observed_adsb,native_imm,prior,adsb_scoring_proxy,106,1,7.59500350113374,6.19082045185158,15.5443602686447,1.606960555859,1.27758562420432,2.88958604082258,NaN,NaN,NaN,0,0
real_adsb,baseline,stage4B_3Day_nohup_20260819T132526Z_w102_20260821T155740Z::a392f2::20260821T160003__baseline,stage4B_3Day_nohup_20260819T132526Z_w102_20260821T155740Z::a392f2::20260821T160003,observed_adsb,native_imm,posterior,adsb_scoring_proxy,106,1,7.59500350113374,6.19082045185158,15.5443602686447,1.606960555859,1.27758562420432,2.88958604082258,NaN,NaN,NaN,0,0
real_adsb,baseline,stage4B_3Day_nohup_20260819T132526Z_w102_20260821T155740Z::a392f2::20260821T160003__baseline,stage4B_3Day_nohup_20260819T132526Z_w102_20260821T155740Z::a392f2::20260821T160003,observed_adsb,warm_ukf,prior,adsb_scoring_proxy,106,1,218.559052358788,18.3480538033055,57.6163047408907,9.86741260014167,8.31274008209345,17.2667462704907,NaN,NaN,NaN,0,0
real_adsb,baseline,stage4B_3Day_nohup_20260819T132526Z_w102_20260821T155740Z::a392f2::20260821T160003__baseline,stage4B_3Day_nohup_20260819T132526Z_w102_20260821T155740Z::a392f2::20260821T160003,observed_adsb,warm_ukf,posterior,adsb_scoring_proxy,106,1,218.559052358788,18.3480538033055,57.6163047408907,9.86741260014167,8.31274008209345,17.2667462704907,NaN,NaN,NaN,0,0
real_adsb,random_dropout_10,stage4B_3Day_nohup_20260819T132526Z_w102_20260821T155740Z::a392f2::20260821T160003__random_dropout_10,stage4B_3Day_nohup_20260819T132526Z_w102_20260821T155740Z::a392f2::20260821T160003,observed_adsb,cv_ekf,prior,adsb_scoring_proxy,106,1,8.89391482228669,6.32709430022268,17.4504748405314,2.2836771342971,1.36527535754653,3.7418311127876,NaN,NaN,NaN,0,0
real_adsb,random_dropout_10,stage4B_3Day_nohup_20260819T132526Z_w102_20260821T155740Z::a392f2::20260821T160003__random_dropout_10,stage4B_3Day_nohup_20260819T132526Z_w102_20260821T155740Z::a392f2::20260821T160003,observed_adsb,cv_ekf,posterior,adsb_scoring_proxy,106,1,8.89391482228669,6.32709430022268,17.4504748405314,2.2836771342971,1.36527535754653,3.7418311127876,NaN,NaN,NaN,0,0
real_adsb,random_dropout_10,stage4B_3Day_nohup_20260819T132526Z_w102_20260821T155740Z::a392f2::20260821T160003__random_dropout_10,stage4B_3Day_nohup_20260819T132526Z_w102_20260821T155740Z::a392f2::20260821T160003,observed_adsb,ca_ekf,prior,adsb_scoring_proxy,106,1,7.7782443766876,5.99337374344266,12.9162681127927,2.26875086685576,1.53389501495771,3.92518051312589,NaN,NaN,NaN,0,0
real_adsb,random_dropout_10,stage4B_3Day_nohup_20260819T132526Z_w102_20260821T155740Z::a392f2::20260821T160003__random_dropout_10,stage4B_3Day_nohup_20260819T132526Z_w102_20260821T155740Z::a392f2::20260821T160003,observed_adsb,ca_ekf,posterior,adsb_scoring_proxy,106,1,7.7782443766876,5.99337374344266,12.9162681127927,2.26875086685576,1.53389501495771,3.92518051312589,NaN,NaN,NaN,0,0
real_adsb,random_dropout_10,stage4B_3Day_nohup_20260819T132526Z_w102_20260821T155740Z::a392f2::20260821T160003__random_dropout_10,stage4B_3Day_nohup_20260819T132526Z_w102_20260821T155740Z::a392f2::20260821T160003,observed_adsb,ct_ekf,prior,adsb_scoring_proxy,106,1,8.93575137412668,6.3128093721942,17.5038102379853,2.2822271002795,1.36047220773214,3.70452022874279,NaN,NaN,NaN,0,0
real_adsb,random_dropout_10,stage4B_3Day_nohup_20260819T132526Z_w102_20260821T155740Z::a392f2::20260821T160003__random_dropout_10,stage4B_3Day_nohup_20260819T132526Z_w102_20260821T155740Z::a392f2::20260821T160003,observed_adsb,ct_ekf,posterior,adsb_scoring_proxy,106,1,8.93575137412668,6.3128093721942,17.5038102379853,2.2822271002795,1.36047220773214,3.70452022874279,NaN,NaN,NaN,0,0
real_adsb,random_dropout_10,stage4B_3Day_nohup_20260819T132526Z_w102_20260821T155740Z::a392f2::20260821T160003__random_dropout_10,stage4B_3Day_nohup_20260819T132526Z_w102_20260821T155740Z::a392f2::20260821T160003,observed_adsb,native_imm,prior,adsb_scoring_proxy,106,1,7.44349422071812,6.23833613799081,13.8770545155592,1.59194419822138,1.33652264241381,2.82836465199443,NaN,NaN,NaN,0,0
real_adsb,random_dropout_10,stage4B_3Day_nohup_20260819T132526Z_w102_20260821T155740Z::a392f2::20260821T160003__random_dropout_10,stage4B_3Day_nohup_20260819T132526Z_w102_20260821T155740Z::a392f2::20260821T160003,observed_adsb,native_imm,posterior,adsb_scoring_proxy,106,1,7.44349422071812,6.23833613799081,13.8770545155592,1.59194419822138,1.33652264241381,2.82836465199443,NaN,NaN,NaN,0,0
real_adsb,random_dropout_10,stage4B_3Day_nohup_20260819T132526Z_w102_20260821T155740Z::a392f2::20260821T160003__random_dropout_10,stage4B_3Day_nohup_20260819T132526Z_w102_20260821T155740Z::a392f2::20260821T160003,observed_adsb,warm_ukf,prior,adsb_scoring_proxy,106,1,181.188109685658,19.3829912489761,154.600362265522,11.6298635803859,10.074816778944,19.1519976474013,NaN,NaN,NaN,0,0
real_adsb,random_dropout_10,stage4B_3Day_nohup_20260819T132526Z_w102_20260821T155740Z::a392f2::20260821T160003__random_dropout_10,stage4B_3Day_nohup_20260819T132526Z_w102_20260821T155740Z::a392f2::20260821T160003,observed_adsb,warm_ukf,posterior,adsb_scoring_proxy,106,1,181.188109685658,19.3829912489761,154.600362265522,11.6298635803859,10.074816778944,19.1519976474013,NaN,NaN,NaN,0,0
real_adsb,random_dropout_25,stage4B_3Day_nohup_20260819T132526Z_w102_20260821T155740Z::a392f2::20260821T160003__random_dropout_25,stage4B_3Day_nohup_20260819T132526Z_w102_20260821T155740Z::a392f2::20260821T160003,observed_adsb,cv_ekf,prior,adsb_scoring_proxy,106,1,11.5518060115607,6.86136071059771,23.9605357531236,2.4226368245491,1.44988491408243,4.41341277779389,NaN,NaN,NaN,0,0
real_adsb,random_dropout_25,stage4B_3Day_nohup_20260819T132526Z_w102_20260821T155740Z::a392f2::20260821T160003__random_dropout_25,stage4B_3Day_nohup_20260819T132526Z_w102_20260821T155740Z::a392f2::20260821T160003,observed_adsb,cv_ekf,posterior,adsb_scoring_proxy,106,1,11.5518060115607,6.86136071059771,23.9605357531236,2.4226368245491,1.44988491408243,4.41341277779389,NaN,NaN,NaN,0,0
real_adsb,random_dropout_25,stage4B_3Day_nohup_20260819T132526Z_w102_20260821T155740Z::a392f2::20260821T160003__random_dropout_25,stage4B_3Day_nohup_20260819T132526Z_w102_20260821T155740Z::a392f2::20260821T160003,observed_adsb,ca_ekf,prior,adsb_scoring_proxy,106,1,9.30085156736182,6.43946140875898,14.2880791647776,2.35478211577962,1.66663467445132,4.09298432681571,NaN,NaN,NaN,0,0
real_adsb,random_dropout_25,stage4B_3Day_nohup_20260819T132526Z_w102_20260821T155740Z::a392f2::20260821T160003__random_dropout_25,stage4B_3Day_nohup_20260819T132526Z_w102_20260821T155740Z::a392f2::20260821T160003,observed_adsb,ca_ekf,posterior,adsb_scoring_proxy,106,1,9.30085156736182,6.43946140875898,14.2880791647776,2.35478211577962,1.66663467445132,4.09298432681571,NaN,NaN,NaN,0,0
real_adsb,random_dropout_25,stage4B_3Day_nohup_20260819T132526Z_w102_20260821T155740Z::a392f2::20260821T160003__random_dropout_25,stage4B_3Day_nohup_20260819T132526Z_w102_20260821T155740Z::a392f2::20260821T160003,observed_adsb,ct_ekf,prior,adsb_scoring_proxy,106,1,11.5865955776186,6.92133701746325,24.4978515562433,2.41978862116804,1.42545048388734,4.29273529879573,NaN,NaN,NaN,0,0
real_adsb,random_dropout_25,stage4B_3Day_nohup_20260819T132526Z_w102_20260821T155740Z::a392f2::20260821T160003__random_dropout_25,stage4B_3Day_nohup_20260819T132526Z_w102_20260821T155740Z::a392f2::20260821T160003,observed_adsb,ct_ekf,posterior,adsb_scoring_proxy,106,1,11.5865955776186,6.92133701746325,24.4978515562433,2.41978862116804,1.42545048388734,4.29273529879573,NaN,NaN,NaN,0,0
real_adsb,random_dropout_25,stage4B_3Day_nohup_20260819T132526Z_w102_20260821T155740Z::a392f2::20260821T160003__random_dropout_25,stage4B_3Day_nohup_20260819T132526Z_w102_20260821T155740Z::a392f2::20260821T160003,observed_adsb,native_imm,prior,adsb_scoring_proxy,106,1,8.64360817844646,6.58210291988818,15.2205008917215,1.6647826789155,1.32226856879424,2.96230760349786,NaN,NaN,NaN,0,0
real_adsb,random_dropout_25,stage4B_3Day_nohup_20260819T132526Z_w102_20260821T155740Z::a392f2::20260821T160003__random_dropout_25,stage4B_3Day_nohup_20260819T132526Z_w102_20260821T155740Z::a392f2::20260821T160003,observed_adsb,native_imm,posterior,adsb_scoring_proxy,106,1,8.64360817844646,6.58210291988818,15.2205008917215,1.6647826789155,1.32226856879424,2.96230760349786,NaN,NaN,NaN,0,0
real_adsb,random_dropout_25,stage4B_3Day_nohup_20260819T132526Z_w102_20260821T155740Z::a392f2::20260821T160003__random_dropout_25,stage4B_3Day_nohup_20260819T132526Z_w102_20260821T155740Z::a392f2::20260821T160003,observed_adsb,warm_ukf,prior,adsb_scoring_proxy,106,1,257.649658496483,18.1716417682182,205.433147915604,12.7102595567388,8.34120378889411,24.1033136164274,NaN,NaN,NaN,0,0
real_adsb,random_dropout_25,stage4B_3Day_nohup_20260819T132526Z_w102_20260821T155740Z::a392f2::20260821T160003__random_dropout_25,stage4B_3Day_nohup_20260819T132526Z_w102_20260821T155740Z::a392f2::20260821T160003,observed_adsb,warm_ukf,posterior,adsb_scoring_proxy,106,1,257.649658496483,18.1716417682182,205.433147915604,12.7102595567388,8.34120378889411,24.1033136164274,NaN,NaN,NaN,0,0
real_adsb,burst_outage,stage4B_3Day_nohup_20260819T132526Z_w102_20260821T155740Z::a392f2::20260821T160003__burst_outage,stage4B_3Day_nohup_20260819T132526Z_w102_20260821T155740Z::a392f2::20260821T160003,observed_adsb,cv_ekf,prior,adsb_scoring_proxy,106,1,248.103474845854,7.52872377554724,501.320491928191,6.60608412846433,1.69488828879461,21.2753600332455,NaN,NaN,NaN,0,0
real_adsb,burst_outage,stage4B_3Day_nohup_20260819T132526Z_w102_20260821T155740Z::a392f2::20260821T160003__burst_outage,stage4B_3Day_nohup_20260819T132526Z_w102_20260821T155740Z::a392f2::20260821T160003,observed_adsb,cv_ekf,posterior,adsb_scoring_proxy,106,1,248.103474845854,7.52872377554724,501.320491928191,6.60608412846433,1.69488828879461,21.2753600332455,NaN,NaN,NaN,0,0
real_adsb,burst_outage,stage4B_3Day_nohup_20260819T132526Z_w102_20260821T155740Z::a392f2::20260821T160003__burst_outage,stage4B_3Day_nohup_20260819T132526Z_w102_20260821T155740Z::a392f2::20260821T160003,observed_adsb,ca_ekf,prior,adsb_scoring_proxy,106,1,260.468131791086,6.59720164179661,535.648363274043,6.78119382436704,1.88769322383365,21.7593841231616,NaN,NaN,NaN,0,0
real_adsb,burst_outage,stage4B_3Day_nohup_20260819T132526Z_w102_20260821T155740Z::a392f2::20260821T160003__burst_outage,stage4B_3Day_nohup_20260819T132526Z_w102_20260821T155740Z::a392f2::20260821T160003,observed_adsb,ca_ekf,posterior,adsb_scoring_proxy,106,1,260.468131791086,6.59720164179661,535.648363274043,6.78119382436704,1.88769322383365,21.7593841231616,NaN,NaN,NaN,0,0
real_adsb,burst_outage,stage4B_3Day_nohup_20260819T132526Z_w102_20260821T155740Z::a392f2::20260821T160003__burst_outage,stage4B_3Day_nohup_20260819T132526Z_w102_20260821T155740Z::a392f2::20260821T160003,observed_adsb,ct_ekf,prior,adsb_scoring_proxy,106,1,265.150351101833,7.56005962790758,538.495877678842,6.98259207375435,1.74477407418955,22.5784008692573,NaN,NaN,NaN,0,0
real_adsb,burst_outage,stage4B_3Day_nohup_20260819T132526Z_w102_20260821T155740Z::a392f2::20260821T160003__burst_outage,stage4B_3Day_nohup_20260819T132526Z_w102_20260821T155740Z::a392f2::20260821T160003,observed_adsb,ct_ekf,posterior,adsb_scoring_proxy,106,1,265.150351101833,7.56005962790758,538.495877678842,6.98259207375435,1.74477407418955,22.5784008692573,NaN,NaN,NaN,0,0
real_adsb,burst_outage,stage4B_3Day_nohup_20260819T132526Z_w102_20260821T155740Z::a392f2::20260821T160003__burst_outage,stage4B_3Day_nohup_20260819T132526Z_w102_20260821T155740Z::a392f2::20260821T160003,observed_adsb,native_imm,prior,adsb_scoring_proxy,106,1,225.898459409026,7.06069398282325,443.722020629524,6.08142830048758,1.53252294741447,19.7237154626423,NaN,NaN,NaN,0,0
real_adsb,burst_outage,stage4B_3Day_nohup_20260819T132526Z_w102_20260821T155740Z::a392f2::20260821T160003__burst_outage,stage4B_3Day_nohup_20260819T132526Z_w102_20260821T155740Z::a392f2::20260821T160003,observed_adsb,native_imm,posterior,adsb_scoring_proxy,106,1,225.898459409026,7.06069398282325,443.722020629524,6.08142830048758,1.53252294741447,19.7237154626423,NaN,NaN,NaN,0,0
real_adsb,burst_outage,stage4B_3Day_nohup_20260819T132526Z_w102_20260821T155740Z::a392f2::20260821T160003__burst_outage,stage4B_3Day_nohup_20260819T132526Z_w102_20260821T155740Z::a392f2::20260821T160003,observed_adsb,warm_ukf,prior,adsb_scoring_proxy,106,1,2099.51642634445,22.3784803864091,7781.10979577511,11.0308618733943,8.52415577924694,20.4747527450437,NaN,NaN,NaN,0,0
real_adsb,burst_outage,stage4B_3Day_nohup_20260819T132526Z_w102_20260821T155740Z::a392f2::20260821T160003__burst_outage,stage4B_3Day_nohup_20260819T132526Z_w102_20260821T155740Z::a392f2::20260821T160003,observed_adsb,warm_ukf,posterior,adsb_scoring_proxy,106,1,2099.51642634445,22.3784803864091,7781.10979577511,11.0308618733943,8.52415577924694,20.4747527450437,NaN,NaN,NaN,0,0
real_adsb,baseline,stage4B_3Day_nohup_20260819T132526Z_w110_20260821T195740Z::398699::20260821T195747__baseline,stage4B_3Day_nohup_20260819T132526Z_w110_20260821T195740Z::398699::20260821T195747,observed_adsb,cv_ekf,prior,adsb_scoring_proxy,102,1,7.0283781850496,4.14788738559712,17.0098491166315,2.59667605358137,1.5623453224582,4.81641920857211,NaN,NaN,NaN,0,0
real_adsb,baseline,stage4B_3Day_nohup_20260819T132526Z_w110_20260821T195740Z::398699::20260821T195747__baseline,stage4B_3Day_nohup_20260819T132526Z_w110_20260821T195740Z::398699::20260821T195747,observed_adsb,cv_ekf,posterior,adsb_scoring_proxy,102,1,7.0283781850496,4.14788738559712,17.0098491166315,2.59667605358137,1.5623453224582,4.81641920857211,NaN,NaN,NaN,0,0
real_adsb,baseline,stage4B_3Day_nohup_20260819T132526Z_w110_20260821T195740Z::398699::20260821T195747__baseline,stage4B_3Day_nohup_20260819T132526Z_w110_20260821T195740Z::398699::20260821T195747,observed_adsb,ca_ekf,prior,adsb_scoring_proxy,102,1,6.80440486798492,4.59632009008143,13.2087878867572,2.69479603906684,1.86114767330159,5.0656232040017,NaN,NaN,NaN,0,0
real_adsb,baseline,stage4B_3Day_nohup_20260819T132526Z_w110_20260821T195740Z::398699::20260821T195747__baseline,stage4B_3Day_nohup_20260819T132526Z_w110_20260821T195740Z::398699::20260821T195747,observed_adsb,ca_ekf,posterior,adsb_scoring_proxy,102,1,6.80440486798492,4.59632009008143,13.2087878867572,2.69479603906684,1.86114767330159,5.0656232040017,NaN,NaN,NaN,0,0
real_adsb,baseline,stage4B_3Day_nohup_20260819T132526Z_w110_20260821T195740Z::398699::20260821T195747__baseline,stage4B_3Day_nohup_20260819T132526Z_w110_20260821T195740Z::398699::20260821T195747,observed_adsb,ct_ekf,prior,adsb_scoring_proxy,102,1,7.1936703137249,4.14790295877769,17.7218052756083,2.60361265276054,1.58357781694981,4.81084611354831,NaN,NaN,NaN,0,0
real_adsb,baseline,stage4B_3Day_nohup_20260819T132526Z_w110_20260821T195740Z::398699::20260821T195747__baseline,stage4B_3Day_nohup_20260819T132526Z_w110_20260821T195740Z::398699::20260821T195747,observed_adsb,ct_ekf,posterior,adsb_scoring_proxy,102,1,7.1936703137249,4.14790295877769,17.7218052756083,2.60361265276054,1.58357781694981,4.81084611354831,NaN,NaN,NaN,0,0
real_adsb,baseline,stage4B_3Day_nohup_20260819T132526Z_w110_20260821T195740Z::398699::20260821T195747__baseline,stage4B_3Day_nohup_20260819T132526Z_w110_20260821T195740Z::398699::20260821T195747,observed_adsb,native_imm,prior,adsb_scoring_proxy,102,1,5.67642112743833,4.40691579865122,10.8827673905237,2.57267781992899,1.55911829457886,4.63325924751494,NaN,NaN,NaN,0,0
real_adsb,baseline,stage4B_3Day_nohup_20260819T132526Z_w110_20260821T195740Z::398699::20260821T195747__baseline,stage4B_3Day_nohup_20260819T132526Z_w110_20260821T195740Z::398699::20260821T195747,observed_adsb,native_imm,posterior,adsb_scoring_proxy,102,1,5.67642112743833,4.40691579865122,10.8827673905237,2.57267781992899,1.55911829457886,4.63325924751494,NaN,NaN,NaN,0,0
real_adsb,baseline,stage4B_3Day_nohup_20260819T132526Z_w110_20260821T195740Z::398699::20260821T195747__baseline,stage4B_3Day_nohup_20260819T132526Z_w110_20260821T195740Z::398699::20260821T195747,observed_adsb,warm_ukf,prior,adsb_scoring_proxy,102,1,135.729041110844,21.0783101111652,179.341858806201,9.02622329443507,8.33052157981104,14.7997071900005,NaN,NaN,NaN,0,0
real_adsb,baseline,stage4B_3Day_nohup_20260819T132526Z_w110_20260821T195740Z::398699::20260821T195747__baseline,stage4B_3Day_nohup_20260819T132526Z_w110_20260821T195740Z::398699::20260821T195747,observed_adsb,warm_ukf,posterior,adsb_scoring_proxy,102,1,135.729041110844,21.0783101111652,179.341858806201,9.02622329443507,8.33052157981104,14.7997071900005,NaN,NaN,NaN,0,0
real_adsb,random_dropout_10,stage4B_3Day_nohup_20260819T132526Z_w110_20260821T195740Z::398699::20260821T195747__random_dropout_10,stage4B_3Day_nohup_20260819T132526Z_w110_20260821T195740Z::398699::20260821T195747,observed_adsb,cv_ekf,prior,adsb_scoring_proxy,102,1,7.50642300913286,4.22522399938301,17.4614742583583,2.62326642601384,1.63603283658727,4.8296505629006,NaN,NaN,NaN,0,0
real_adsb,random_dropout_10,stage4B_3Day_nohup_20260819T132526Z_w110_20260821T195740Z::398699::20260821T195747__random_dropout_10,stage4B_3Day_nohup_20260819T132526Z_w110_20260821T195740Z::398699::20260821T195747,observed_adsb,cv_ekf,posterior,adsb_scoring_proxy,102,1,7.50642300913286,4.22522399938301,17.4614742583583,2.62326642601384,1.63603283658727,4.8296505629006,NaN,NaN,NaN,0,0
real_adsb,random_dropout_10,stage4B_3Day_nohup_20260819T132526Z_w110_20260821T195740Z::398699::20260821T195747__random_dropout_10,stage4B_3Day_nohup_20260819T132526Z_w110_20260821T195740Z::398699::20260821T195747,observed_adsb,ca_ekf,prior,adsb_scoring_proxy,102,1,7.11660670803485,4.92198013907997,14.7520357724991,2.72042577299964,1.86957975167647,5.4032475215396,NaN,NaN,NaN,0,0
real_adsb,random_dropout_10,stage4B_3Day_nohup_20260819T132526Z_w110_20260821T195740Z::398699::20260821T195747__random_dropout_10,stage4B_3Day_nohup_20260819T132526Z_w110_20260821T195740Z::398699::20260821T195747,observed_adsb,ca_ekf,posterior,adsb_scoring_proxy,102,1,7.11660670803485,4.92198013907997,14.7520357724991,2.72042577299964,1.86957975167647,5.4032475215396,NaN,NaN,NaN,0,0
real_adsb,random_dropout_10,stage4B_3Day_nohup_20260819T132526Z_w110_20260821T195740Z::398699::20260821T195747__random_dropout_10,stage4B_3Day_nohup_20260819T132526Z_w110_20260821T195740Z::398699::20260821T195747,observed_adsb,ct_ekf,prior,adsb_scoring_proxy,102,1,7.69526890781564,4.19738358162693,17.8442604402842,2.6307025541533,1.64257032916628,4.82365811277831,NaN,NaN,NaN,0,0
real_adsb,random_dropout_10,stage4B_3Day_nohup_20260819T132526Z_w110_20260821T195740Z::398699::20260821T195747__random_dropout_10,stage4B_3Day_nohup_20260819T132526Z_w110_20260821T195740Z::398699::20260821T195747,observed_adsb,ct_ekf,posterior,adsb_scoring_proxy,102,1,7.69526890781564,4.19738358162693,17.8442604402842,2.6307025541533,1.64257032916628,4.82365811277831,NaN,NaN,NaN,0,0
real_adsb,random_dropout_10,stage4B_3Day_nohup_20260819T132526Z_w110_20260821T195740Z::398699::20260821T195747__random_dropout_10,stage4B_3Day_nohup_20260819T132526Z_w110_20260821T195740Z::398699::20260821T195747,observed_adsb,native_imm,prior,adsb_scoring_proxy,102,1,5.87696664127298,4.48139508049875,11.8892967641522,2.59616946679424,1.58340746867544,4.69335315038424,NaN,NaN,NaN,0,0
real_adsb,random_dropout_10,stage4B_3Day_nohup_20260819T132526Z_w110_20260821T195740Z::398699::20260821T195747__random_dropout_10,stage4B_3Day_nohup_20260819T132526Z_w110_20260821T195740Z::398699::20260821T195747,observed_adsb,native_imm,posterior,adsb_scoring_proxy,102,1,5.87696664127298,4.48139508049875,11.8892967641522,2.59616946679424,1.58340746867544,4.69335315038424,NaN,NaN,NaN,0,0
real_adsb,random_dropout_10,stage4B_3Day_nohup_20260819T132526Z_w110_20260821T195740Z::398699::20260821T195747__random_dropout_10,stage4B_3Day_nohup_20260819T132526Z_w110_20260821T195740Z::398699::20260821T195747,observed_adsb,warm_ukf,prior,adsb_scoring_proxy,102,1,52.739121150223,22.0395606098216,72.2249925755539,9.92077260598714,9.16861882044855,16.4512990227673,NaN,NaN,NaN,0,0
real_adsb,random_dropout_10,stage4B_3Day_nohup_20260819T132526Z_w110_20260821T195740Z::398699::20260821T195747__random_dropout_10,stage4B_3Day_nohup_20260819T132526Z_w110_20260821T195740Z::398699::20260821T195747,observed_adsb,warm_ukf,posterior,adsb_scoring_proxy,102,1,52.739121150223,22.0395606098216,72.2249925755539,9.92077260598714,9.16861882044855,16.4512990227673,NaN,NaN,NaN,0,0
real_adsb,random_dropout_25,stage4B_3Day_nohup_20260819T132526Z_w110_20260821T195740Z::398699::20260821T195747__random_dropout_25,stage4B_3Day_nohup_20260819T132526Z_w110_20260821T195740Z::398699::20260821T195747,observed_adsb,cv_ekf,prior,adsb_scoring_proxy,102,1,7.680437676597,4.67891061480776,18.1137530498172,2.62202501900822,1.6391440141773,4.783293703107,NaN,NaN,NaN,0,0
real_adsb,random_dropout_25,stage4B_3Day_nohup_20260819T132526Z_w110_20260821T195740Z::398699::20260821T195747__random_dropout_25,stage4B_3Day_nohup_20260819T132526Z_w110_20260821T195740Z::398699::20260821T195747,observed_adsb,cv_ekf,posterior,adsb_scoring_proxy,102,1,7.680437676597,4.67891061480776,18.1137530498172,2.62202501900822,1.6391440141773,4.783293703107,NaN,NaN,NaN,0,0
real_adsb,random_dropout_25,stage4B_3Day_nohup_20260819T132526Z_w110_20260821T195740Z::398699::20260821T195747__random_dropout_25,stage4B_3Day_nohup_20260819T132526Z_w110_20260821T195740Z::398699::20260821T195747,observed_adsb,ca_ekf,prior,adsb_scoring_proxy,102,1,7.26986637613879,5.16249339007341,13.6932411961087,2.74753720580188,1.89098565939086,5.14692685409484,NaN,NaN,NaN,0,0
real_adsb,random_dropout_25,stage4B_3Day_nohup_20260819T132526Z_w110_20260821T195740Z::398699::20260821T195747__random_dropout_25,stage4B_3Day_nohup_20260819T132526Z_w110_20260821T195740Z::398699::20260821T195747,observed_adsb,ca_ekf,posterior,adsb_scoring_proxy,102,1,7.26986637613879,5.16249339007341,13.6932411961087,2.74753720580188,1.89098565939086,5.14692685409484,NaN,NaN,NaN,0,0
real_adsb,random_dropout_25,stage4B_3Day_nohup_20260819T132526Z_w110_20260821T195740Z::398699::20260821T195747__random_dropout_25,stage4B_3Day_nohup_20260819T132526Z_w110_20260821T195740Z::398699::20260821T195747,observed_adsb,ct_ekf,prior,adsb_scoring_proxy,102,1,7.87673748606396,4.64823210721968,18.8254921704769,2.62938532292541,1.63738096280916,4.77644942565014,NaN,NaN,NaN,0,0
real_adsb,random_dropout_25,stage4B_3Day_nohup_20260819T132526Z_w110_20260821T195740Z::398699::20260821T195747__random_dropout_25,stage4B_3Day_nohup_20260819T132526Z_w110_20260821T195740Z::398699::20260821T195747,observed_adsb,ct_ekf,posterior,adsb_scoring_proxy,102,1,7.87673748606396,4.64823210721968,18.8254921704769,2.62938532292541,1.63738096280916,4.77644942565014,NaN,NaN,NaN,0,0
real_adsb,random_dropout_25,stage4B_3Day_nohup_20260819T132526Z_w110_20260821T195740Z::398699::20260821T195747__random_dropout_25,stage4B_3Day_nohup_20260819T132526Z_w110_20260821T195740Z::398699::20260821T195747,observed_adsb,native_imm,prior,adsb_scoring_proxy,102,1,5.99680553226437,4.6514039658376,10.5553684758787,2.60559986063485,1.62446392539013,5.13002657186326,NaN,NaN,NaN,0,0
real_adsb,random_dropout_25,stage4B_3Day_nohup_20260819T132526Z_w110_20260821T195740Z::398699::20260821T195747__random_dropout_25,stage4B_3Day_nohup_20260819T132526Z_w110_20260821T195740Z::398699::20260821T195747,observed_adsb,native_imm,posterior,adsb_scoring_proxy,102,1,5.99680553226437,4.6514039658376,10.5553684758787,2.60559986063485,1.62446392539013,5.13002657186326,NaN,NaN,NaN,0,0
real_adsb,random_dropout_25,stage4B_3Day_nohup_20260819T132526Z_w110_20260821T195740Z::398699::20260821T195747__random_dropout_25,stage4B_3Day_nohup_20260819T132526Z_w110_20260821T195740Z::398699::20260821T195747,observed_adsb,warm_ukf,prior,adsb_scoring_proxy,102,1,48.0957371126576,22.4306855518322,75.1890365955842,11.3463272238223,10.6722005878638,17.6927451937398,NaN,NaN,NaN,0,0
real_adsb,random_dropout_25,stage4B_3Day_nohup_20260819T132526Z_w110_20260821T195740Z::398699::20260821T195747__random_dropout_25,stage4B_3Day_nohup_20260819T132526Z_w110_20260821T195740Z::398699::20260821T195747,observed_adsb,warm_ukf,posterior,adsb_scoring_proxy,102,1,48.0957371126576,22.4306855518322,75.1890365955842,11.3463272238223,10.6722005878638,17.6927451937398,NaN,NaN,NaN,0,0
real_adsb,burst_outage,stage4B_3Day_nohup_20260819T132526Z_w110_20260821T195740Z::398699::20260821T195747__burst_outage,stage4B_3Day_nohup_20260819T132526Z_w110_20260821T195740Z::398699::20260821T195747,observed_adsb,cv_ekf,prior,adsb_scoring_proxy,102,1,53.9386171961682,5.09903865576973,138.508362967637,2.84562462689548,1.71580354857369,5.57715692394974,NaN,NaN,NaN,0,0
real_adsb,burst_outage,stage4B_3Day_nohup_20260819T132526Z_w110_20260821T195740Z::398699::20260821T195747__burst_outage,stage4B_3Day_nohup_20260819T132526Z_w110_20260821T195740Z::398699::20260821T195747,observed_adsb,cv_ekf,posterior,adsb_scoring_proxy,102,1,53.9386171961682,5.09903865576973,138.508362967637,2.84562462689548,1.71580354857369,5.57715692394974,NaN,NaN,NaN,0,0
real_adsb,burst_outage,stage4B_3Day_nohup_20260819T132526Z_w110_20260821T195740Z::398699::20260821T195747__burst_outage,stage4B_3Day_nohup_20260819T132526Z_w110_20260821T195740Z::398699::20260821T195747,observed_adsb,ca_ekf,prior,adsb_scoring_proxy,102,1,71.7061632311293,5.27302658429799,180.422966576406,3.2243470813887,1.88572662927816,6.17300762488758,NaN,NaN,NaN,0,0
real_adsb,burst_outage,stage4B_3Day_nohup_20260819T132526Z_w110_20260821T195740Z::398699::20260821T195747__burst_outage,stage4B_3Day_nohup_20260819T132526Z_w110_20260821T195740Z::398699::20260821T195747,observed_adsb,ca_ekf,posterior,adsb_scoring_proxy,102,1,71.7061632311293,5.27302658429799,180.422966576406,3.2243470813887,1.88572662927816,6.17300762488758,NaN,NaN,NaN,0,0
real_adsb,burst_outage,stage4B_3Day_nohup_20260819T132526Z_w110_20260821T195740Z::398699::20260821T195747__burst_outage,stage4B_3Day_nohup_20260819T132526Z_w110_20260821T195740Z::398699::20260821T195747,observed_adsb,ct_ekf,prior,adsb_scoring_proxy,102,1,53.9783275227323,5.10127072140745,138.605912202113,2.85113668586374,1.72980606390116,5.57931965654022,NaN,NaN,NaN,0,0
real_adsb,burst_outage,stage4B_3Day_nohup_20260819T132526Z_w110_20260821T195740Z::398699::20260821T195747__burst_outage,stage4B_3Day_nohup_20260819T132526Z_w110_20260821T195740Z::398699::20260821T195747,observed_adsb,ct_ekf,posterior,adsb_scoring_proxy,102,1,53.9783275227323,5.10127072140745,138.605912202113,2.85113668586374,1.72980606390116,5.57931965654022,NaN,NaN,NaN,0,0
real_adsb,burst_outage,stage4B_3Day_nohup_20260819T132526Z_w110_20260821T195740Z::398699::20260821T195747__burst_outage,stage4B_3Day_nohup_20260819T132526Z_w110_20260821T195740Z::398699::20260821T195747,observed_adsb,native_imm,prior,adsb_scoring_proxy,102,1,61.1586575173645,5.029040715668,161.449396839906,2.81828899949289,1.67484866042846,5.61263084523378,NaN,NaN,NaN,0,0
real_adsb,burst_outage,stage4B_3Day_nohup_20260819T132526Z_w110_20260821T195740Z::398699::20260821T195747__burst_outage,stage4B_3Day_nohup_20260819T132526Z_w110_20260821T195740Z::398699::20260821T195747,observed_adsb,native_imm,posterior,adsb_scoring_proxy,102,1,61.1586575173645,5.029040715668,161.449396839906,2.81828899949289,1.67484866042846,5.61263084523378,NaN,NaN,NaN,0,0
real_adsb,burst_outage,stage4B_3Day_nohup_20260819T132526Z_w110_20260821T195740Z::398699::20260821T195747__burst_outage,stage4B_3Day_nohup_20260819T132526Z_w110_20260821T195740Z::398699::20260821T195747,observed_adsb,warm_ukf,prior,adsb_scoring_proxy,102,1,856.996291291952,24.6967046410743,2388.50917597666,14.2182231365795,7.49693568861381,43.2310008011372,NaN,NaN,NaN,0,0
real_adsb,burst_outage,stage4B_3Day_nohup_20260819T132526Z_w110_20260821T195740Z::398699::20260821T195747__burst_outage,stage4B_3Day_nohup_20260819T132526Z_w110_20260821T195740Z::398699::20260821T195747,observed_adsb,warm_ukf,posterior,adsb_scoring_proxy,102,1,856.996291291952,24.6967046410743,2388.50917597666,14.2182231365795,7.49693568861381,43.2310008011372,NaN,NaN,NaN,0,0
real_adsb,baseline,stage4B_3Day_nohup_20260819T132526Z_w126_20260822T035740Z::a0b88f::20260822T035901__baseline,stage4B_3Day_nohup_20260819T132526Z_w126_20260822T035740Z::a0b88f::20260822T035901,observed_adsb,cv_ekf,prior,adsb_scoring_proxy,102,1,10.9996254835731,5.38536142931141,27.4136466598166,3.46669526608892,1.50526455569513,8.26437975043846,NaN,NaN,NaN,0,0
real_adsb,baseline,stage4B_3Day_nohup_20260819T132526Z_w126_20260822T035740Z::a0b88f::20260822T035901__baseline,stage4B_3Day_nohup_20260819T132526Z_w126_20260822T035740Z::a0b88f::20260822T035901,observed_adsb,cv_ekf,posterior,adsb_scoring_proxy,102,1,10.9996254835731,5.38536142931141,27.4136466598166,3.46669526608892,1.50526455569513,8.26437975043846,NaN,NaN,NaN,0,0
real_adsb,baseline,stage4B_3Day_nohup_20260819T132526Z_w126_20260822T035740Z::a0b88f::20260822T035901__baseline,stage4B_3Day_nohup_20260819T132526Z_w126_20260822T035740Z::a0b88f::20260822T035901,observed_adsb,ca_ekf,prior,adsb_scoring_proxy,102,1,7.05698833693301,4.89854937557836,9.46993986859778,1.9969392830268,1.40800572000821,4.86656100231114,NaN,NaN,NaN,0,0
real_adsb,baseline,stage4B_3Day_nohup_20260819T132526Z_w126_20260822T035740Z::a0b88f::20260822T035901__baseline,stage4B_3Day_nohup_20260819T132526Z_w126_20260822T035740Z::a0b88f::20260822T035901,observed_adsb,ca_ekf,posterior,adsb_scoring_proxy,102,1,7.05698833693301,4.89854937557836,9.46993986859778,1.9969392830268,1.40800572000821,4.86656100231114,NaN,NaN,NaN,0,0
real_adsb,baseline,stage4B_3Day_nohup_20260819T132526Z_w126_20260822T035740Z::a0b88f::20260822T035901__baseline,stage4B_3Day_nohup_20260819T132526Z_w126_20260822T035740Z::a0b88f::20260822T035901,observed_adsb,ct_ekf,prior,adsb_scoring_proxy,102,1,10.9008773288958,5.30590399206198,26.7440244174239,3.41234065295998,1.44324592426395,8.05984190142973,NaN,NaN,NaN,0,0
real_adsb,baseline,stage4B_3Day_nohup_20260819T132526Z_w126_20260822T035740Z::a0b88f::20260822T035901__baseline,stage4B_3Day_nohup_20260819T132526Z_w126_20260822T035740Z::a0b88f::20260822T035901,observed_adsb,ct_ekf,posterior,adsb_scoring_proxy,102,1,10.9008773288958,5.30590399206198,26.7440244174239,3.41234065295998,1.44324592426395,8.05984190142973,NaN,NaN,NaN,0,0
real_adsb,baseline,stage4B_3Day_nohup_20260819T132526Z_w126_20260822T035740Z::a0b88f::20260822T035901__baseline,stage4B_3Day_nohup_20260819T132526Z_w126_20260822T035740Z::a0b88f::20260822T035901,observed_adsb,native_imm,prior,adsb_scoring_proxy,102,1,6.0979729087009,4.74745789240362,9.67026775369898,1.91281709269188,1.32387087973814,3.2277567307725,NaN,NaN,NaN,0,0
real_adsb,baseline,stage4B_3Day_nohup_20260819T132526Z_w126_20260822T035740Z::a0b88f::20260822T035901__baseline,stage4B_3Day_nohup_20260819T132526Z_w126_20260822T035740Z::a0b88f::20260822T035901,observed_adsb,native_imm,posterior,adsb_scoring_proxy,102,1,6.0979729087009,4.74745789240362,9.67026775369898,1.91281709269188,1.32387087973814,3.2277567307725,NaN,NaN,NaN,0,0
real_adsb,baseline,stage4B_3Day_nohup_20260819T132526Z_w126_20260822T035740Z::a0b88f::20260822T035901__baseline,stage4B_3Day_nohup_20260819T132526Z_w126_20260822T035740Z::a0b88f::20260822T035901,observed_adsb,warm_ukf,prior,adsb_scoring_proxy,102,1,273.196696607976,20.8339314271022,342.564623091774,15.0584612344306,12.8621995250386,25.5532375181984,NaN,NaN,NaN,0,0
real_adsb,baseline,stage4B_3Day_nohup_20260819T132526Z_w126_20260822T035740Z::a0b88f::20260822T035901__baseline,stage4B_3Day_nohup_20260819T132526Z_w126_20260822T035740Z::a0b88f::20260822T035901,observed_adsb,warm_ukf,posterior,adsb_scoring_proxy,102,1,273.196696607976,20.8339314271022,342.564623091774,15.0584612344306,12.8621995250386,25.5532375181984,NaN,NaN,NaN,0,0
real_adsb,random_dropout_10,stage4B_3Day_nohup_20260819T132526Z_w126_20260822T035740Z::a0b88f::20260822T035901__random_dropout_10,stage4B_3Day_nohup_20260819T132526Z_w126_20260822T035740Z::a0b88f::20260822T035901,observed_adsb,cv_ekf,prior,adsb_scoring_proxy,102,1,11.7612637732515,5.75025776715209,27.410970251794,3.60957168732404,1.53654475173748,8.43678265152527,NaN,NaN,NaN,0,0
real_adsb,random_dropout_10,stage4B_3Day_nohup_20260819T132526Z_w126_20260822T035740Z::a0b88f::20260822T035901__random_dropout_10,stage4B_3Day_nohup_20260819T132526Z_w126_20260822T035740Z::a0b88f::20260822T035901,observed_adsb,cv_ekf,posterior,adsb_scoring_proxy,102,1,11.7612637732515,5.75025776715209,27.410970251794,3.60957168732404,1.53654475173748,8.43678265152527,NaN,NaN,NaN,0,0
real_adsb,random_dropout_10,stage4B_3Day_nohup_20260819T132526Z_w126_20260822T035740Z::a0b88f::20260822T035901__random_dropout_10,stage4B_3Day_nohup_20260819T132526Z_w126_20260822T035740Z::a0b88f::20260822T035901,observed_adsb,ca_ekf,prior,adsb_scoring_proxy,102,1,7.34738596579502,4.80586101575998,9.34495859697831,2.06784912316227,1.48306430150533,4.85506495281823,NaN,NaN,NaN,0,0
real_adsb,random_dropout_10,stage4B_3Day_nohup_20260819T132526Z_w126_20260822T035740Z::a0b88f::20260822T035901__random_dropout_10,stage4B_3Day_nohup_20260819T132526Z_w126_20260822T035740Z::a0b88f::20260822T035901,observed_adsb,ca_ekf,posterior,adsb_scoring_proxy,102,1,7.34738596579502,4.80586101575998,9.34495859697831,2.06784912316227,1.48306430150533,4.85506495281823,NaN,NaN,NaN,0,0
real_adsb,random_dropout_10,stage4B_3Day_nohup_20260819T132526Z_w126_20260822T035740Z::a0b88f::20260822T035901__random_dropout_10,stage4B_3Day_nohup_20260819T132526Z_w126_20260822T035740Z::a0b88f::20260822T035901,observed_adsb,ct_ekf,prior,adsb_scoring_proxy,102,1,11.6483804291438,5.52348844506763,26.8564424668008,3.5534497515918,1.4630146941521,8.22922411736065,NaN,NaN,NaN,0,0
real_adsb,random_dropout_10,stage4B_3Day_nohup_20260819T132526Z_w126_20260822T035740Z::a0b88f::20260822T035901__random_dropout_10,stage4B_3Day_nohup_20260819T132526Z_w126_20260822T035740Z::a0b88f::20260822T035901,observed_adsb,ct_ekf,posterior,adsb_scoring_proxy,102,1,11.6483804291438,5.52348844506763,26.8564424668008,3.5534497515918,1.4630146941521,8.22922411736065,NaN,NaN,NaN,0,0
real_adsb,random_dropout_10,stage4B_3Day_nohup_20260819T132526Z_w126_20260822T035740Z::a0b88f::20260822T035901__random_dropout_10,stage4B_3Day_nohup_20260819T132526Z_w126_20260822T035740Z::a0b88f::20260822T035901,observed_adsb,native_imm,prior,adsb_scoring_proxy,102,1,6.40489024168932,4.93540055991133,9.66255605327884,1.97925594858934,1.36417728828316,3.39338047962756,NaN,NaN,NaN,0,0
real_adsb,random_dropout_10,stage4B_3Day_nohup_20260819T132526Z_w126_20260822T035740Z::a0b88f::20260822T035901__random_dropout_10,stage4B_3Day_nohup_20260819T132526Z_w126_20260822T035740Z::a0b88f::20260822T035901,observed_adsb,native_imm,posterior,adsb_scoring_proxy,102,1,6.40489024168932,4.93540055991133,9.66255605327884,1.97925594858934,1.36417728828316,3.39338047962756,NaN,NaN,NaN,0,0
real_adsb,random_dropout_10,stage4B_3Day_nohup_20260819T132526Z_w126_20260822T035740Z::a0b88f::20260822T035901__random_dropout_10,stage4B_3Day_nohup_20260819T132526Z_w126_20260822T035740Z::a0b88f::20260822T035901,observed_adsb,warm_ukf,prior,adsb_scoring_proxy,102,1,203.065029416039,20.2277369028916,86.8700237598106,9.20009528941306,7.89391222168617,15.6061284209363,NaN,NaN,NaN,0,0
real_adsb,random_dropout_10,stage4B_3Day_nohup_20260819T132526Z_w126_20260822T035740Z::a0b88f::20260822T035901__random_dropout_10,stage4B_3Day_nohup_20260819T132526Z_w126_20260822T035740Z::a0b88f::20260822T035901,observed_adsb,warm_ukf,posterior,adsb_scoring_proxy,102,1,203.065029416039,20.2277369028916,86.8700237598106,9.20009528941306,7.89391222168617,15.6061284209363,NaN,NaN,NaN,0,0
real_adsb,random_dropout_25,stage4B_3Day_nohup_20260819T132526Z_w126_20260822T035740Z::a0b88f::20260822T035901__random_dropout_25,stage4B_3Day_nohup_20260819T132526Z_w126_20260822T035740Z::a0b88f::20260822T035901,observed_adsb,cv_ekf,prior,adsb_scoring_proxy,102,1,12.7078048254902,5.85660565024193,31.1177962384609,3.72153442003639,1.56758277354064,8.97586355047965,NaN,NaN,NaN,0,0
real_adsb,random_dropout_25,stage4B_3Day_nohup_20260819T132526Z_w126_20260822T035740Z::a0b88f::20260822T035901__random_dropout_25,stage4B_3Day_nohup_20260819T132526Z_w126_20260822T035740Z::a0b88f::20260822T035901,observed_adsb,cv_ekf,posterior,adsb_scoring_proxy,102,1,12.7078048254902,5.85660565024193,31.1177962384609,3.72153442003639,1.56758277354064,8.97586355047965,NaN,NaN,NaN,0,0
real_adsb,random_dropout_25,stage4B_3Day_nohup_20260819T132526Z_w126_20260822T035740Z::a0b88f::20260822T035901__random_dropout_25,stage4B_3Day_nohup_20260819T132526Z_w126_20260822T035740Z::a0b88f::20260822T035901,observed_adsb,ca_ekf,prior,adsb_scoring_proxy,102,1,8.92128187504261,5.20536463734278,13.5137145076919,2.23496554785958,1.4688784395851,4.98021687655574,NaN,NaN,NaN,0,0
real_adsb,random_dropout_25,stage4B_3Day_nohup_20260819T132526Z_w126_20260822T035740Z::a0b88f::20260822T035901__random_dropout_25,stage4B_3Day_nohup_20260819T132526Z_w126_20260822T035740Z::a0b88f::20260822T035901,observed_adsb,ca_ekf,posterior,adsb_scoring_proxy,102,1,8.92128187504261,5.20536463734278,13.5137145076919,2.23496554785958,1.4688784395851,4.98021687655574,NaN,NaN,NaN,0,0
real_adsb,random_dropout_25,stage4B_3Day_nohup_20260819T132526Z_w126_20260822T035740Z::a0b88f::20260822T035901__random_dropout_25,stage4B_3Day_nohup_20260819T132526Z_w126_20260822T035740Z::a0b88f::20260822T035901,observed_adsb,ct_ekf,prior,adsb_scoring_proxy,102,1,12.872147909873,5.76373645276244,30.5066277495147,3.66522932931365,1.53151316209157,8.74569067062909,NaN,NaN,NaN,0,0
real_adsb,random_dropout_25,stage4B_3Day_nohup_20260819T132526Z_w126_20260822T035740Z::a0b88f::20260822T035901__random_dropout_25,stage4B_3Day_nohup_20260819T132526Z_w126_20260822T035740Z::a0b88f::20260822T035901,observed_adsb,ct_ekf,posterior,adsb_scoring_proxy,102,1,12.872147909873,5.76373645276244,30.5066277495147,3.66522932931365,1.53151316209157,8.74569067062909,NaN,NaN,NaN,0,0
real_adsb,random_dropout_25,stage4B_3Day_nohup_20260819T132526Z_w126_20260822T035740Z::a0b88f::20260822T035901__random_dropout_25,stage4B_3Day_nohup_20260819T132526Z_w126_20260822T035740Z::a0b88f::20260822T035901,observed_adsb,native_imm,prior,adsb_scoring_proxy,102,1,7.46728953682187,5.09265309292393,11.7167962024386,2.07088631467662,1.34878571115706,3.61309588041847,NaN,NaN,NaN,0,0
real_adsb,random_dropout_25,stage4B_3Day_nohup_20260819T132526Z_w126_20260822T035740Z::a0b88f::20260822T035901__random_dropout_25,stage4B_3Day_nohup_20260819T132526Z_w126_20260822T035740Z::a0b88f::20260822T035901,observed_adsb,native_imm,posterior,adsb_scoring_proxy,102,1,7.46728953682187,5.09265309292393,11.7167962024386,2.07088631467662,1.34878571115706,3.61309588041847,NaN,NaN,NaN,0,0
real_adsb,random_dropout_25,stage4B_3Day_nohup_20260819T132526Z_w126_20260822T035740Z::a0b88f::20260822T035901__random_dropout_25,stage4B_3Day_nohup_20260819T132526Z_w126_20260822T035740Z::a0b88f::20260822T035901,observed_adsb,warm_ukf,prior,adsb_scoring_proxy,102,1,458.033110002216,21.7079113010869,193.863302709205,11.9719888938306,11.0295260645229,18.8615774765099,NaN,NaN,NaN,0,0
real_adsb,random_dropout_25,stage4B_3Day_nohup_20260819T132526Z_w126_20260822T035740Z::a0b88f::20260822T035901__random_dropout_25,stage4B_3Day_nohup_20260819T132526Z_w126_20260822T035740Z::a0b88f::20260822T035901,observed_adsb,warm_ukf,posterior,adsb_scoring_proxy,102,1,458.033110002216,21.7079113010869,193.863302709205,11.9719888938306,11.0295260645229,18.8615774765099,NaN,NaN,NaN,0,0
real_adsb,burst_outage,stage4B_3Day_nohup_20260819T132526Z_w126_20260822T035740Z::a0b88f::20260822T035901__burst_outage,stage4B_3Day_nohup_20260819T132526Z_w126_20260822T035740Z::a0b88f::20260822T035901,observed_adsb,cv_ekf,prior,adsb_scoring_proxy,102,1,59.6872958846989,7.32452257142863,165.37510072468,3.88813506175266,1.78432003324099,8.26437975043846,NaN,NaN,NaN,0,0
real_adsb,burst_outage,stage4B_3Day_nohup_20260819T132526Z_w126_20260822T035740Z::a0b88f::20260822T035901__burst_outage,stage4B_3Day_nohup_20260819T132526Z_w126_20260822T035740Z::a0b88f::20260822T035901,observed_adsb,cv_ekf,posterior,adsb_scoring_proxy,102,1,59.6872958846989,7.32452257142863,165.37510072468,3.88813506175266,1.78432003324099,8.26437975043846,NaN,NaN,NaN,0,0
real_adsb,burst_outage,stage4B_3Day_nohup_20260819T132526Z_w126_20260822T035740Z::a0b88f::20260822T035901__burst_outage,stage4B_3Day_nohup_20260819T132526Z_w126_20260822T035740Z::a0b88f::20260822T035901,observed_adsb,ca_ekf,prior,adsb_scoring_proxy,102,1,235.175862730316,6.27973467226898,629.128818024632,8.95272343397611,1.76385162961811,24.9053690466086,NaN,NaN,NaN,0,0
real_adsb,burst_outage,stage4B_3Day_nohup_20260819T132526Z_w126_20260822T035740Z::a0b88f::20260822T035901__burst_outage,stage4B_3Day_nohup_20260819T132526Z_w126_20260822T035740Z::a0b88f::20260822T035901,observed_adsb,ca_ekf,posterior,adsb_scoring_proxy,102,1,235.175862730316,6.27973467226898,629.128818024632,8.95272343397611,1.76385162961811,24.9053690466086,NaN,NaN,NaN,0,0
real_adsb,burst_outage,stage4B_3Day_nohup_20260819T132526Z_w126_20260822T035740Z::a0b88f::20260822T035901__burst_outage,stage4B_3Day_nohup_20260819T132526Z_w126_20260822T035740Z::a0b88f::20260822T035901,observed_adsb,ct_ekf,prior,adsb_scoring_proxy,102,1,38.6861752923537,7.43381204355979,101.191970421762,3.66384261449718,1.81663497935093,8.05984190142973,NaN,NaN,NaN,0,0
real_adsb,burst_outage,stage4B_3Day_nohup_20260819T132526Z_w126_20260822T035740Z::a0b88f::20260822T035901__burst_outage,stage4B_3Day_nohup_20260819T132526Z_w126_20260822T035740Z::a0b88f::20260822T035901,observed_adsb,ct_ekf,posterior,adsb_scoring_proxy,102,1,38.6861752923537,7.43381204355979,101.191970421762,3.66384261449718,1.81663497935093,8.05984190142973,NaN,NaN,NaN,0,0
real_adsb,burst_outage,stage4B_3Day_nohup_20260819T132526Z_w126_20260822T035740Z::a0b88f::20260822T035901__burst_outage,stage4B_3Day_nohup_20260819T132526Z_w126_20260822T035740Z::a0b88f::20260822T035901,observed_adsb,native_imm,prior,adsb_scoring_proxy,102,1,33.1539451421094,5.47821956998939,88.8107034898343,2.21206036517035,1.49769381764522,4.02938159116157,NaN,NaN,NaN,0,0
real_adsb,burst_outage,stage4B_3Day_nohup_20260819T132526Z_w126_20260822T035740Z::a0b88f::20260822T035901__burst_outage,stage4B_3Day_nohup_20260819T132526Z_w126_20260822T035740Z::a0b88f::20260822T035901,observed_adsb,native_imm,posterior,adsb_scoring_proxy,102,1,33.1539451421094,5.47821956998939,88.8107034898343,2.21206036517035,1.49769381764522,4.02938159116157,NaN,NaN,NaN,0,0
real_adsb,burst_outage,stage4B_3Day_nohup_20260819T132526Z_w126_20260822T035740Z::a0b88f::20260822T035901__burst_outage,stage4B_3Day_nohup_20260819T132526Z_w126_20260822T035740Z::a0b88f::20260822T035901,observed_adsb,warm_ukf,prior,adsb_scoring_proxy,102,1,467.807937039903,27.0724975251156,600.821539207619,16.5056207785544,14.3958704670694,26.1384299523699,NaN,NaN,NaN,0,0
real_adsb,burst_outage,stage4B_3Day_nohup_20260819T132526Z_w126_20260822T035740Z::a0b88f::20260822T035901__burst_outage,stage4B_3Day_nohup_20260819T132526Z_w126_20260822T035740Z::a0b88f::20260822T035901,observed_adsb,warm_ukf,posterior,adsb_scoring_proxy,102,1,467.807937039903,27.0724975251156,600.821539207619,16.5056207785544,14.3958704670694,26.1384299523699,NaN,NaN,NaN,0,0
real_adsb,baseline,stage4B_3Day_nohup_20260819T132526Z_w098_20260821T135740Z::a7b08d::20260821T140127__baseline,stage4B_3Day_nohup_20260819T132526Z_w098_20260821T135740Z::a7b08d::20260821T140127,observed_adsb,cv_ekf,prior,adsb_scoring_proxy,97,1,22.3586460243342,11.1476644206759,54.4237042332724,7.61584367138175,2.90143944777142,20.4672719946094,NaN,NaN,NaN,0,0
real_adsb,baseline,stage4B_3Day_nohup_20260819T132526Z_w098_20260821T135740Z::a7b08d::20260821T140127__baseline,stage4B_3Day_nohup_20260819T132526Z_w098_20260821T135740Z::a7b08d::20260821T140127,observed_adsb,cv_ekf,posterior,adsb_scoring_proxy,97,1,22.3586460243342,11.1476644206759,54.4237042332724,7.61584367138175,2.90143944777142,20.4672719946094,NaN,NaN,NaN,0,0
real_adsb,baseline,stage4B_3Day_nohup_20260819T132526Z_w098_20260821T135740Z::a7b08d::20260821T140127__baseline,stage4B_3Day_nohup_20260819T132526Z_w098_20260821T135740Z::a7b08d::20260821T140127,observed_adsb,ca_ekf,prior,adsb_scoring_proxy,97,1,10.5362707304637,7.2409465995766,22.0519694303605,4.61585018708316,2.5270146861047,10.8082212687532,NaN,NaN,NaN,0,0
real_adsb,baseline,stage4B_3Day_nohup_20260819T132526Z_w098_20260821T135740Z::a7b08d::20260821T140127__baseline,stage4B_3Day_nohup_20260819T132526Z_w098_20260821T135740Z::a7b08d::20260821T140127,observed_adsb,ca_ekf,posterior,adsb_scoring_proxy,97,1,10.5362707304637,7.2409465995766,22.0519694303605,4.61585018708316,2.5270146861047,10.8082212687532,NaN,NaN,NaN,0,0
real_adsb,baseline,stage4B_3Day_nohup_20260819T132526Z_w098_20260821T135740Z::a7b08d::20260821T140127__baseline,stage4B_3Day_nohup_20260819T132526Z_w098_20260821T135740Z::a7b08d::20260821T140127,observed_adsb,ct_ekf,prior,adsb_scoring_proxy,97,1,22.4397640104765,11.4327939095553,53.3434313372566,7.69537993554394,3.46057384704243,20.0709816374197,NaN,NaN,NaN,0,0
real_adsb,baseline,stage4B_3Day_nohup_20260819T132526Z_w098_20260821T135740Z::a7b08d::20260821T140127__baseline,stage4B_3Day_nohup_20260819T132526Z_w098_20260821T135740Z::a7b08d::20260821T140127,observed_adsb,ct_ekf,posterior,adsb_scoring_proxy,97,1,22.4397640104765,11.4327939095553,53.3434313372566,7.69537993554394,3.46057384704243,20.0709816374197,NaN,NaN,NaN,0,0
real_adsb,baseline,stage4B_3Day_nohup_20260819T132526Z_w098_20260821T135740Z::a7b08d::20260821T140127__baseline,stage4B_3Day_nohup_20260819T132526Z_w098_20260821T135740Z::a7b08d::20260821T140127,observed_adsb,native_imm,prior,adsb_scoring_proxy,97,1,9.22362824278911,7.28848796523309,16.9121616542618,3.48560325020338,2.66278739685927,6.34073378798851,NaN,NaN,NaN,0,0
real_adsb,baseline,stage4B_3Day_nohup_20260819T132526Z_w098_20260821T135740Z::a7b08d::20260821T140127__baseline,stage4B_3Day_nohup_20260819T132526Z_w098_20260821T135740Z::a7b08d::20260821T140127,observed_adsb,native_imm,posterior,adsb_scoring_proxy,97,1,9.22362824278911,7.28848796523309,16.9121616542618,3.48560325020338,2.66278739685927,6.34073378798851,NaN,NaN,NaN,0,0
real_adsb,baseline,stage4B_3Day_nohup_20260819T132526Z_w098_20260821T135740Z::a7b08d::20260821T140127__baseline,stage4B_3Day_nohup_20260819T132526Z_w098_20260821T135740Z::a7b08d::20260821T140127,observed_adsb,warm_ukf,prior,adsb_scoring_proxy,97,1,133.619418088768,22.0727459456492,83.8925840274282,25.2196050398452,18.4830772146339,42.9663771928959,NaN,NaN,NaN,0,0
real_adsb,baseline,stage4B_3Day_nohup_20260819T132526Z_w098_20260821T135740Z::a7b08d::20260821T140127__baseline,stage4B_3Day_nohup_20260819T132526Z_w098_20260821T135740Z::a7b08d::20260821T140127,observed_adsb,warm_ukf,posterior,adsb_scoring_proxy,97,1,133.619418088768,22.0727459456492,83.8925840274282,25.2196050398452,18.4830772146339,42.9663771928959,NaN,NaN,NaN,0,0
real_adsb,random_dropout_10,stage4B_3Day_nohup_20260819T132526Z_w098_20260821T135740Z::a7b08d::20260821T140127__random_dropout_10,stage4B_3Day_nohup_20260819T132526Z_w098_20260821T135740Z::a7b08d::20260821T140127,observed_adsb,cv_ekf,prior,adsb_scoring_proxy,97,1,24.9437899894082,11.3885321463193,60.4900762685163,7.98874996531263,3.06215427202153,20.7834180703606,NaN,NaN,NaN,0,0
real_adsb,random_dropout_10,stage4B_3Day_nohup_20260819T132526Z_w098_20260821T135740Z::a7b08d::20260821T140127__random_dropout_10,stage4B_3Day_nohup_20260819T132526Z_w098_20260821T135740Z::a7b08d::20260821T140127,observed_adsb,cv_ekf,posterior,adsb_scoring_proxy,97,1,24.9437899894082,11.3885321463193,60.4900762685163,7.98874996531263,3.06215427202153,20.7834180703606,NaN,NaN,NaN,0,0
real_adsb,random_dropout_10,stage4B_3Day_nohup_20260819T132526Z_w098_20260821T135740Z::a7b08d::20260821T140127__random_dropout_10,stage4B_3Day_nohup_20260819T132526Z_w098_20260821T135740Z::a7b08d::20260821T140127,observed_adsb,ca_ekf,prior,adsb_scoring_proxy,97,1,10.7995956258199,7.93190237863694,22.8053944054932,4.73731930704835,2.49927663167062,11.0738473411349,NaN,NaN,NaN,0,0
real_adsb,random_dropout_10,stage4B_3Day_nohup_20260819T132526Z_w098_20260821T135740Z::a7b08d::20260821T140127__random_dropout_10,stage4B_3Day_nohup_20260819T132526Z_w098_20260821T135740Z::a7b08d::20260821T140127,observed_adsb,ca_ekf,posterior,adsb_scoring_proxy,97,1,10.7995956258199,7.93190237863694,22.8053944054932,4.73731930704835,2.49927663167062,11.0738473411349,NaN,NaN,NaN,0,0
real_adsb,random_dropout_10,stage4B_3Day_nohup_20260819T132526Z_w098_20260821T135740Z::a7b08d::20260821T140127__random_dropout_10,stage4B_3Day_nohup_20260819T132526Z_w098_20260821T135740Z::a7b08d::20260821T140127,observed_adsb,ct_ekf,prior,adsb_scoring_proxy,97,1,24.9925246152948,11.8271241131836,59.2896911366613,8.06064877232704,3.51821370906363,20.391585411617,NaN,NaN,NaN,0,0
real_adsb,random_dropout_10,stage4B_3Day_nohup_20260819T132526Z_w098_20260821T135740Z::a7b08d::20260821T140127__random_dropout_10,stage4B_3Day_nohup_20260819T132526Z_w098_20260821T135740Z::a7b08d::20260821T140127,observed_adsb,ct_ekf,posterior,adsb_scoring_proxy,97,1,24.9925246152948,11.8271241131836,59.2896911366613,8.06064877232704,3.51821370906363,20.391585411617,NaN,NaN,NaN,0,0
real_adsb,random_dropout_10,stage4B_3Day_nohup_20260819T132526Z_w098_20260821T135740Z::a7b08d::20260821T140127__random_dropout_10,stage4B_3Day_nohup_20260819T132526Z_w098_20260821T135740Z::a7b08d::20260821T140127,observed_adsb,native_imm,prior,adsb_scoring_proxy,97,1,9.3988813072189,7.29537548901343,16.9448760591382,3.5254462969385,2.68477209366318,6.26593097563747,NaN,NaN,NaN,0,0
real_adsb,random_dropout_10,stage4B_3Day_nohup_20260819T132526Z_w098_20260821T135740Z::a7b08d::20260821T140127__random_dropout_10,stage4B_3Day_nohup_20260819T132526Z_w098_20260821T135740Z::a7b08d::20260821T140127,observed_adsb,native_imm,posterior,adsb_scoring_proxy,97,1,9.3988813072189,7.29537548901343,16.9448760591382,3.5254462969385,2.68477209366318,6.26593097563747,NaN,NaN,NaN,0,0
real_adsb,random_dropout_10,stage4B_3Day_nohup_20260819T132526Z_w098_20260821T135740Z::a7b08d::20260821T140127__random_dropout_10,stage4B_3Day_nohup_20260819T132526Z_w098_20260821T135740Z::a7b08d::20260821T140127,observed_adsb,warm_ukf,prior,adsb_scoring_proxy,97,1,92.3846252208581,22.3890616314335,73.2509985854016,31.7280339862722,23.4942390526715,52.056417306155,NaN,NaN,NaN,0,0
real_adsb,random_dropout_10,stage4B_3Day_nohup_20260819T132526Z_w098_20260821T135740Z::a7b08d::20260821T140127__random_dropout_10,stage4B_3Day_nohup_20260819T132526Z_w098_20260821T135740Z::a7b08d::20260821T140127,observed_adsb,warm_ukf,posterior,adsb_scoring_proxy,97,1,92.3846252208581,22.3890616314335,73.2509985854016,31.7280339862722,23.4942390526715,52.056417306155,NaN,NaN,NaN,0,0
real_adsb,random_dropout_25,stage4B_3Day_nohup_20260819T132526Z_w098_20260821T135740Z::a7b08d::20260821T140127__random_dropout_25,stage4B_3Day_nohup_20260819T132526Z_w098_20260821T135740Z::a7b08d::20260821T140127,observed_adsb,cv_ekf,prior,adsb_scoring_proxy,97,1,25.0005204810561,11.6845362000543,73.0036747382356,8.09464470809139,3.08668183119377,21.8812271841574,NaN,NaN,NaN,0,0
real_adsb,random_dropout_25,stage4B_3Day_nohup_20260819T132526Z_w098_20260821T135740Z::a7b08d::20260821T140127__random_dropout_25,stage4B_3Day_nohup_20260819T132526Z_w098_20260821T135740Z::a7b08d::20260821T140127,observed_adsb,cv_ekf,posterior,adsb_scoring_proxy,97,1,25.0005204810561,11.6845362000543,73.0036747382356,8.09464470809139,3.08668183119377,21.8812271841574,NaN,NaN,NaN,0,0
real_adsb,random_dropout_25,stage4B_3Day_nohup_20260819T132526Z_w098_20260821T135740Z::a7b08d::20260821T140127__random_dropout_25,stage4B_3Day_nohup_20260819T132526Z_w098_20260821T135740Z::a7b08d::20260821T140127,observed_adsb,ca_ekf,prior,adsb_scoring_proxy,97,1,11.4209526679758,8.18073068310549,22.9270166730984,4.87484563274013,2.65329719222104,11.4691977591224,NaN,NaN,NaN,0,0
real_adsb,random_dropout_25,stage4B_3Day_nohup_20260819T132526Z_w098_20260821T135740Z::a7b08d::20260821T140127__random_dropout_25,stage4B_3Day_nohup_20260819T132526Z_w098_20260821T135740Z::a7b08d::20260821T140127,observed_adsb,ca_ekf,posterior,adsb_scoring_proxy,97,1,11.4209526679758,8.18073068310549,22.9270166730984,4.87484563274013,2.65329719222104,11.4691977591224,NaN,NaN,NaN,0,0
real_adsb,random_dropout_25,stage4B_3Day_nohup_20260819T132526Z_w098_20260821T135740Z::a7b08d::20260821T140127__random_dropout_25,stage4B_3Day_nohup_20260819T132526Z_w098_20260821T135740Z::a7b08d::20260821T140127,observed_adsb,ct_ekf,prior,adsb_scoring_proxy,97,1,25.1529779508067,12.468495750585,72.205118672216,8.18097563004217,3.58224620564663,21.4857679388753,NaN,NaN,NaN,0,0
real_adsb,random_dropout_25,stage4B_3Day_nohup_20260819T132526Z_w098_20260821T135740Z::a7b08d::20260821T140127__random_dropout_25,stage4B_3Day_nohup_20260819T132526Z_w098_20260821T135740Z::a7b08d::20260821T140127,observed_adsb,ct_ekf,posterior,adsb_scoring_proxy,97,1,25.1529779508067,12.468495750585,72.205118672216,8.18097563004217,3.58224620564663,21.4857679388753,NaN,NaN,NaN,0,0
real_adsb,random_dropout_25,stage4B_3Day_nohup_20260819T132526Z_w098_20260821T135740Z::a7b08d::20260821T140127__random_dropout_25,stage4B_3Day_nohup_20260819T132526Z_w098_20260821T135740Z::a7b08d::20260821T140127,observed_adsb,native_imm,prior,adsb_scoring_proxy,97,1,10.1918676076374,7.90400896634834,20.8288945948462,3.70696392463142,2.67490149233447,6.58501439237214,NaN,NaN,NaN,0,0
real_adsb,random_dropout_25,stage4B_3Day_nohup_20260819T132526Z_w098_20260821T135740Z::a7b08d::20260821T140127__random_dropout_25,stage4B_3Day_nohup_20260819T132526Z_w098_20260821T135740Z::a7b08d::20260821T140127,observed_adsb,native_imm,posterior,adsb_scoring_proxy,97,1,10.1918676076374,7.90400896634834,20.8288945948462,3.70696392463142,2.67490149233447,6.58501439237214,NaN,NaN,NaN,0,0
real_adsb,random_dropout_25,stage4B_3Day_nohup_20260819T132526Z_w098_20260821T135740Z::a7b08d::20260821T140127__random_dropout_25,stage4B_3Day_nohup_20260819T132526Z_w098_20260821T135740Z::a7b08d::20260821T140127,observed_adsb,warm_ukf,prior,adsb_scoring_proxy,97,1,191.091098577833,24.0859969165034,70.5875132319385,23.0919166920683,18.1615670956912,38.1906077203408,NaN,NaN,NaN,0,0
real_adsb,random_dropout_25,stage4B_3Day_nohup_20260819T132526Z_w098_20260821T135740Z::a7b08d::20260821T140127__random_dropout_25,stage4B_3Day_nohup_20260819T132526Z_w098_20260821T135740Z::a7b08d::20260821T140127,observed_adsb,warm_ukf,posterior,adsb_scoring_proxy,97,1,191.091098577833,24.0859969165034,70.5875132319385,23.0919166920683,18.1615670956912,38.1906077203408,NaN,NaN,NaN,0,0
real_adsb,burst_outage,stage4B_3Day_nohup_20260819T132526Z_w098_20260821T135740Z::a7b08d::20260821T140127__burst_outage,stage4B_3Day_nohup_20260819T132526Z_w098_20260821T135740Z::a7b08d::20260821T140127,observed_adsb,cv_ekf,prior,adsb_scoring_proxy,97,1,53.7001427283634,13.1043168024824,126.407235138805,8.45906663793945,3.82541799812847,20.4672719946094,NaN,NaN,NaN,0,0
real_adsb,burst_outage,stage4B_3Day_nohup_20260819T132526Z_w098_20260821T135740Z::a7b08d::20260821T140127__burst_outage,stage4B_3Day_nohup_20260819T132526Z_w098_20260821T135740Z::a7b08d::20260821T140127,observed_adsb,cv_ekf,posterior,adsb_scoring_proxy,97,1,53.7001427283634,13.1043168024824,126.407235138805,8.45906663793945,3.82541799812847,20.4672719946094,NaN,NaN,NaN,0,0
real_adsb,burst_outage,stage4B_3Day_nohup_20260819T132526Z_w098_20260821T135740Z::a7b08d::20260821T140127__burst_outage,stage4B_3Day_nohup_20260819T132526Z_w098_20260821T135740Z::a7b08d::20260821T140127,observed_adsb,ca_ekf,prior,adsb_scoring_proxy,97,1,26.0828130938719,9.71604677202004,62.0215842851592,4.77276545430296,2.86030299207001,10.8082212687532,NaN,NaN,NaN,0,0
real_adsb,burst_outage,stage4B_3Day_nohup_20260819T132526Z_w098_20260821T135740Z::a7b08d::20260821T140127__burst_outage,stage4B_3Day_nohup_20260819T132526Z_w098_20260821T135740Z::a7b08d::20260821T140127,observed_adsb,ca_ekf,posterior,adsb_scoring_proxy,97,1,26.0828130938719,9.71604677202004,62.0215842851592,4.77276545430296,2.86030299207001,10.8082212687532,NaN,NaN,NaN,0,0
real_adsb,burst_outage,stage4B_3Day_nohup_20260819T132526Z_w098_20260821T135740Z::a7b08d::20260821T140127__burst_outage,stage4B_3Day_nohup_20260819T132526Z_w098_20260821T135740Z::a7b08d::20260821T140127,observed_adsb,ct_ekf,prior,adsb_scoring_proxy,97,1,78.5956262614694,14.3291322808852,205.938819851195,9.11244627048629,4.4016086268856,20.0709816374197,NaN,NaN,NaN,0,0
real_adsb,burst_outage,stage4B_3Day_nohup_20260819T132526Z_w098_20260821T135740Z::a7b08d::20260821T140127__burst_outage,stage4B_3Day_nohup_20260819T132526Z_w098_20260821T135740Z::a7b08d::20260821T140127,observed_adsb,ct_ekf,posterior,adsb_scoring_proxy,97,1,78.5956262614694,14.3291322808852,205.938819851195,9.11244627048629,4.4016086268856,20.0709816374197,NaN,NaN,NaN,0,0
real_adsb,burst_outage,stage4B_3Day_nohup_20260819T132526Z_w098_20260821T135740Z::a7b08d::20260821T140127__burst_outage,stage4B_3Day_nohup_20260819T132526Z_w098_20260821T135740Z::a7b08d::20260821T140127,observed_adsb,native_imm,prior,adsb_scoring_proxy,97,1,39.101332397128,9.12109674769557,90.9976670948938,4.73909452874606,2.87254165202613,10.7985553732469,NaN,NaN,NaN,0,0
real_adsb,burst_outage,stage4B_3Day_nohup_20260819T132526Z_w098_20260821T135740Z::a7b08d::20260821T140127__burst_outage,stage4B_3Day_nohup_20260819T132526Z_w098_20260821T135740Z::a7b08d::20260821T140127,observed_adsb,native_imm,posterior,adsb_scoring_proxy,97,1,39.101332397128,9.12109674769557,90.9976670948938,4.73909452874606,2.87254165202613,10.7985553732469,NaN,NaN,NaN,0,0
real_adsb,burst_outage,stage4B_3Day_nohup_20260819T132526Z_w098_20260821T135740Z::a7b08d::20260821T140127__burst_outage,stage4B_3Day_nohup_20260819T132526Z_w098_20260821T135740Z::a7b08d::20260821T140127,observed_adsb,warm_ukf,prior,adsb_scoring_proxy,97,1,329.996590963087,29.0640187449216,1012.45272236085,23.1647256408135,15.4564003466401,44.8946921667957,NaN,NaN,NaN,0,0
real_adsb,burst_outage,stage4B_3Day_nohup_20260819T132526Z_w098_20260821T135740Z::a7b08d::20260821T140127__burst_outage,stage4B_3Day_nohup_20260819T132526Z_w098_20260821T135740Z::a7b08d::20260821T140127,observed_adsb,warm_ukf,posterior,adsb_scoring_proxy,97,1,329.996590963087,29.0640187449216,1012.45272236085,23.1647256408135,15.4564003466401,44.8946921667957,NaN,NaN,NaN,0,0
real_adsb,baseline,stage4B_3Day_nohup_20260819T132526Z_w101_20260821T152740Z::aa8cd7::20260821T152801__baseline,stage4B_3Day_nohup_20260819T132526Z_w101_20260821T152740Z::aa8cd7::20260821T152801,observed_adsb,cv_ekf,prior,adsb_scoring_proxy,97,1,6.69167976281189,4.45198517588181,10.5035305883319,1.7194934226879,1.59711683586893,2.38807201827171,NaN,NaN,NaN,0,0
real_adsb,baseline,stage4B_3Day_nohup_20260819T132526Z_w101_20260821T152740Z::aa8cd7::20260821T152801__baseline,stage4B_3Day_nohup_20260819T132526Z_w101_20260821T152740Z::aa8cd7::20260821T152801,observed_adsb,cv_ekf,posterior,adsb_scoring_proxy,97,1,6.69167976281189,4.45198517588181,10.5035305883319,1.7194934226879,1.59711683586893,2.38807201827171,NaN,NaN,NaN,0,0
real_adsb,baseline,stage4B_3Day_nohup_20260819T132526Z_w101_20260821T152740Z::aa8cd7::20260821T152801__baseline,stage4B_3Day_nohup_20260819T132526Z_w101_20260821T152740Z::aa8cd7::20260821T152801,observed_adsb,ca_ekf,prior,adsb_scoring_proxy,97,1,10.0296578213754,5.02960565937785,12.6485425632253,2.02160700897549,1.87787509959391,3.26568121606839,NaN,NaN,NaN,0,0
real_adsb,baseline,stage4B_3Day_nohup_20260819T132526Z_w101_20260821T152740Z::aa8cd7::20260821T152801__baseline,stage4B_3Day_nohup_20260819T132526Z_w101_20260821T152740Z::aa8cd7::20260821T152801,observed_adsb,ca_ekf,posterior,adsb_scoring_proxy,97,1,10.0296578213754,5.02960565937785,12.6485425632253,2.02160700897549,1.87787509959391,3.26568121606839,NaN,NaN,NaN,0,0
real_adsb,baseline,stage4B_3Day_nohup_20260819T132526Z_w101_20260821T152740Z::aa8cd7::20260821T152801__baseline,stage4B_3Day_nohup_20260819T132526Z_w101_20260821T152740Z::aa8cd7::20260821T152801,observed_adsb,ct_ekf,prior,adsb_scoring_proxy,97,1,6.83392616161205,4.48028399115775,10.4890224753757,1.72010746517872,1.62623063016522,2.39327059503495,NaN,NaN,NaN,0,0
real_adsb,baseline,stage4B_3Day_nohup_20260819T132526Z_w101_20260821T152740Z::aa8cd7::20260821T152801__baseline,stage4B_3Day_nohup_20260819T132526Z_w101_20260821T152740Z::aa8cd7::20260821T152801,observed_adsb,ct_ekf,posterior,adsb_scoring_proxy,97,1,6.83392616161205,4.48028399115775,10.4890224753757,1.72010746517872,1.62623063016522,2.39327059503495,NaN,NaN,NaN,0,0
real_adsb,baseline,stage4B_3Day_nohup_20260819T132526Z_w101_20260821T152740Z::aa8cd7::20260821T152801__baseline,stage4B_3Day_nohup_20260819T132526Z_w101_20260821T152740Z::aa8cd7::20260821T152801,observed_adsb,native_imm,prior,adsb_scoring_proxy,97,1,6.71967672691517,4.57195534300825,11.1145994740557,1.7811242991051,1.68797108623973,2.41790035857813,NaN,NaN,NaN,0,0
real_adsb,baseline,stage4B_3Day_nohup_20260819T132526Z_w101_20260821T152740Z::aa8cd7::20260821T152801__baseline,stage4B_3Day_nohup_20260819T132526Z_w101_20260821T152740Z::aa8cd7::20260821T152801,observed_adsb,native_imm,posterior,adsb_scoring_proxy,97,1,6.71967672691517,4.57195534300825,11.1145994740557,1.7811242991051,1.68797108623973,2.41790035857813,NaN,NaN,NaN,0,0
real_adsb,baseline,stage4B_3Day_nohup_20260819T132526Z_w101_20260821T152740Z::aa8cd7::20260821T152801__baseline,stage4B_3Day_nohup_20260819T132526Z_w101_20260821T152740Z::aa8cd7::20260821T152801,observed_adsb,warm_ukf,prior,adsb_scoring_proxy,97,1,257.578905577197,16.0723346647715,259.68282682512,11.0138979647339,9.83272892090781,17.3057971388734,NaN,NaN,NaN,0,0
real_adsb,baseline,stage4B_3Day_nohup_20260819T132526Z_w101_20260821T152740Z::aa8cd7::20260821T152801__baseline,stage4B_3Day_nohup_20260819T132526Z_w101_20260821T152740Z::aa8cd7::20260821T152801,observed_adsb,warm_ukf,posterior,adsb_scoring_proxy,97,1,257.578905577197,16.0723346647715,259.68282682512,11.0138979647339,9.83272892090781,17.3057971388734,NaN,NaN,NaN,0,0
real_adsb,random_dropout_10,stage4B_3Day_nohup_20260819T132526Z_w101_20260821T152740Z::aa8cd7::20260821T152801__random_dropout_10,stage4B_3Day_nohup_20260819T132526Z_w101_20260821T152740Z::aa8cd7::20260821T152801,observed_adsb,cv_ekf,prior,adsb_scoring_proxy,97,1,6.74237871222841,4.39507919653033,10.4391997529779,1.7208232322254,1.59159960085018,2.38961284348028,NaN,NaN,NaN,0,0
real_adsb,random_dropout_10,stage4B_3Day_nohup_20260819T132526Z_w101_20260821T152740Z::aa8cd7::20260821T152801__random_dropout_10,stage4B_3Day_nohup_20260819T132526Z_w101_20260821T152740Z::aa8cd7::20260821T152801,observed_adsb,cv_ekf,posterior,adsb_scoring_proxy,97,1,6.74237871222841,4.39507919653033,10.4391997529779,1.7208232322254,1.59159960085018,2.38961284348028,NaN,NaN,NaN,0,0
real_adsb,random_dropout_10,stage4B_3Day_nohup_20260819T132526Z_w101_20260821T152740Z::aa8cd7::20260821T152801__random_dropout_10,stage4B_3Day_nohup_20260819T132526Z_w101_20260821T152740Z::aa8cd7::20260821T152801,observed_adsb,ca_ekf,prior,adsb_scoring_proxy,97,1,10.0701135873758,4.88083560545068,13.1484836777333,2.02088748711806,1.83321772513925,3.36169184839904,NaN,NaN,NaN,0,0
real_adsb,random_dropout_10,stage4B_3Day_nohup_20260819T132526Z_w101_20260821T152740Z::aa8cd7::20260821T152801__random_dropout_10,stage4B_3Day_nohup_20260819T132526Z_w101_20260821T152740Z::aa8cd7::20260821T152801,observed_adsb,ca_ekf,posterior,adsb_scoring_proxy,97,1,10.0701135873758,4.88083560545068,13.1484836777333,2.02088748711806,1.83321772513925,3.36169184839904,NaN,NaN,NaN,0,0
real_adsb,random_dropout_10,stage4B_3Day_nohup_20260819T132526Z_w101_20260821T152740Z::aa8cd7::20260821T152801__random_dropout_10,stage4B_3Day_nohup_20260819T132526Z_w101_20260821T152740Z::aa8cd7::20260821T152801,observed_adsb,ct_ekf,prior,adsb_scoring_proxy,97,1,6.88264923158901,4.39965154649545,10.4257306430722,1.72141610646261,1.59471122089635,2.39190447365618,NaN,NaN,NaN,0,0
real_adsb,random_dropout_10,stage4B_3Day_nohup_20260819T132526Z_w101_20260821T152740Z::aa8cd7::20260821T152801__random_dropout_10,stage4B_3Day_nohup_20260819T132526Z_w101_20260821T152740Z::aa8cd7::20260821T152801,observed_adsb,ct_ekf,posterior,adsb_scoring_proxy,97,1,6.88264923158901,4.39965154649545,10.4257306430722,1.72141610646261,1.59471122089635,2.39190447365618,NaN,NaN,NaN,0,0
real_adsb,random_dropout_10,stage4B_3Day_nohup_20260819T132526Z_w101_20260821T152740Z::aa8cd7::20260821T152801__random_dropout_10,stage4B_3Day_nohup_20260819T132526Z_w101_20260821T152740Z::aa8cd7::20260821T152801,observed_adsb,native_imm,prior,adsb_scoring_proxy,97,1,6.76286893719398,4.52609441060848,11.1660772807569,1.79625782777102,1.69284403848998,2.48690996926266,NaN,NaN,NaN,0,0
real_adsb,random_dropout_10,stage4B_3Day_nohup_20260819T132526Z_w101_20260821T152740Z::aa8cd7::20260821T152801__random_dropout_10,stage4B_3Day_nohup_20260819T132526Z_w101_20260821T152740Z::aa8cd7::20260821T152801,observed_adsb,native_imm,posterior,adsb_scoring_proxy,97,1,6.76286893719398,4.52609441060848,11.1660772807569,1.79625782777102,1.69284403848998,2.48690996926266,NaN,NaN,NaN,0,0
real_adsb,random_dropout_10,stage4B_3Day_nohup_20260819T132526Z_w101_20260821T152740Z::aa8cd7::20260821T152801__random_dropout_10,stage4B_3Day_nohup_20260819T132526Z_w101_20260821T152740Z::aa8cd7::20260821T152801,observed_adsb,warm_ukf,prior,adsb_scoring_proxy,97,1,290.119537829815,14.974321966333,77.0491050288749,8.6380780071817,7.60841847612634,12.8022635234641,NaN,NaN,NaN,0,0
real_adsb,random_dropout_10,stage4B_3Day_nohup_20260819T132526Z_w101_20260821T152740Z::aa8cd7::20260821T152801__random_dropout_10,stage4B_3Day_nohup_20260819T132526Z_w101_20260821T152740Z::aa8cd7::20260821T152801,observed_adsb,warm_ukf,posterior,adsb_scoring_proxy,97,1,290.119537829815,14.974321966333,77.0491050288749,8.6380780071817,7.60841847612634,12.8022635234641,NaN,NaN,NaN,0,0
real_adsb,random_dropout_25,stage4B_3Day_nohup_20260819T132526Z_w101_20260821T152740Z::aa8cd7::20260821T152801__random_dropout_25,stage4B_3Day_nohup_20260819T132526Z_w101_20260821T152740Z::aa8cd7::20260821T152801,observed_adsb,cv_ekf,prior,adsb_scoring_proxy,97,1,6.8009916754252,4.56052769361006,11.184040304279,1.74174234951622,1.61355086023973,2.43462813200289,NaN,NaN,NaN,0,0
real_adsb,random_dropout_25,stage4B_3Day_nohup_20260819T132526Z_w101_20260821T152740Z::aa8cd7::20260821T152801__random_dropout_25,stage4B_3Day_nohup_20260819T132526Z_w101_20260821T152740Z::aa8cd7::20260821T152801,observed_adsb,cv_ekf,posterior,adsb_scoring_proxy,97,1,6.8009916754252,4.56052769361006,11.184040304279,1.74174234951622,1.61355086023973,2.43462813200289,NaN,NaN,NaN,0,0
real_adsb,random_dropout_25,stage4B_3Day_nohup_20260819T132526Z_w101_20260821T152740Z::aa8cd7::20260821T152801__random_dropout_25,stage4B_3Day_nohup_20260819T132526Z_w101_20260821T152740Z::aa8cd7::20260821T152801,observed_adsb,ca_ekf,prior,adsb_scoring_proxy,97,1,9.80638635011482,5.28894406136949,14.6353549315028,2.09859366570598,1.90330240745852,3.27849272690707,NaN,NaN,NaN,0,0
real_adsb,random_dropout_25,stage4B_3Day_nohup_20260819T132526Z_w101_20260821T152740Z::aa8cd7::20260821T152801__random_dropout_25,stage4B_3Day_nohup_20260819T132526Z_w101_20260821T152740Z::aa8cd7::20260821T152801,observed_adsb,ca_ekf,posterior,adsb_scoring_proxy,97,1,9.80638635011482,5.28894406136949,14.6353549315028,2.09859366570598,1.90330240745852,3.27849272690707,NaN,NaN,NaN,0,0
real_adsb,random_dropout_25,stage4B_3Day_nohup_20260819T132526Z_w101_20260821T152740Z::aa8cd7::20260821T152801__random_dropout_25,stage4B_3Day_nohup_20260819T132526Z_w101_20260821T152740Z::aa8cd7::20260821T152801,observed_adsb,ct_ekf,prior,adsb_scoring_proxy,97,1,6.93532107746077,4.45810757486781,11.1687891795026,1.74219909199703,1.61134305565357,2.47945723689047,NaN,NaN,NaN,0,0
real_adsb,random_dropout_25,stage4B_3Day_nohup_20260819T132526Z_w101_20260821T152740Z::aa8cd7::20260821T152801__random_dropout_25,stage4B_3Day_nohup_20260819T132526Z_w101_20260821T152740Z::aa8cd7::20260821T152801,observed_adsb,ct_ekf,posterior,adsb_scoring_proxy,97,1,6.93532107746077,4.45810757486781,11.1687891795026,1.74219909199703,1.61134305565357,2.47945723689047,NaN,NaN,NaN,0,0
real_adsb,random_dropout_25,stage4B_3Day_nohup_20260819T132526Z_w101_20260821T152740Z::aa8cd7::20260821T152801__random_dropout_25,stage4B_3Day_nohup_20260819T132526Z_w101_20260821T152740Z::aa8cd7::20260821T152801,observed_adsb,native_imm,prior,adsb_scoring_proxy,97,1,6.89774694662337,4.82227045775292,12.098013975817,1.82121315629371,1.70790270802775,2.545194052872,NaN,NaN,NaN,0,0
real_adsb,random_dropout_25,stage4B_3Day_nohup_20260819T132526Z_w101_20260821T152740Z::aa8cd7::20260821T152801__random_dropout_25,stage4B_3Day_nohup_20260819T132526Z_w101_20260821T152740Z::aa8cd7::20260821T152801,observed_adsb,native_imm,posterior,adsb_scoring_proxy,97,1,6.89774694662337,4.82227045775292,12.098013975817,1.82121315629371,1.70790270802775,2.545194052872,NaN,NaN,NaN,0,0
real_adsb,random_dropout_25,stage4B_3Day_nohup_20260819T132526Z_w101_20260821T152740Z::aa8cd7::20260821T152801__random_dropout_25,stage4B_3Day_nohup_20260819T132526Z_w101_20260821T152740Z::aa8cd7::20260821T152801,observed_adsb,warm_ukf,prior,adsb_scoring_proxy,97,1,116.24298024025,14.578417555126,230.331855966508,9.05829704833145,8.26214519554821,14.198573404544,NaN,NaN,NaN,0,0
real_adsb,random_dropout_25,stage4B_3Day_nohup_20260819T132526Z_w101_20260821T152740Z::aa8cd7::20260821T152801__random_dropout_25,stage4B_3Day_nohup_20260819T132526Z_w101_20260821T152740Z::aa8cd7::20260821T152801,observed_adsb,warm_ukf,posterior,adsb_scoring_proxy,97,1,116.24298024025,14.578417555126,230.331855966508,9.05829704833145,8.26214519554821,14.198573404544,NaN,NaN,NaN,0,0
real_adsb,burst_outage,stage4B_3Day_nohup_20260819T132526Z_w101_20260821T152740Z::aa8cd7::20260821T152801__burst_outage,stage4B_3Day_nohup_20260819T132526Z_w101_20260821T152740Z::aa8cd7::20260821T152801,observed_adsb,cv_ekf,prior,adsb_scoring_proxy,97,1,7.8990605701881,5.36176155022107,15.4426515533499,1.71383159753067,1.59711685779728,2.38807201827206,NaN,NaN,NaN,0,0
real_adsb,burst_outage,stage4B_3Day_nohup_20260819T132526Z_w101_20260821T152740Z::aa8cd7::20260821T152801__burst_outage,stage4B_3Day_nohup_20260819T132526Z_w101_20260821T152740Z::aa8cd7::20260821T152801,observed_adsb,cv_ekf,posterior,adsb_scoring_proxy,97,1,7.8990605701881,5.36176155022107,15.4426515533499,1.71383159753067,1.59711685779728,2.38807201827206,NaN,NaN,NaN,0,0
real_adsb,burst_outage,stage4B_3Day_nohup_20260819T132526Z_w101_20260821T152740Z::aa8cd7::20260821T152801__burst_outage,stage4B_3Day_nohup_20260819T132526Z_w101_20260821T152740Z::aa8cd7::20260821T152801,observed_adsb,ca_ekf,prior,adsb_scoring_proxy,97,1,44.8068858550253,5.90764496585522,123.95443287706,2.84605746875775,1.99666464974282,6.04666508168186,NaN,NaN,NaN,0,0
real_adsb,burst_outage,stage4B_3Day_nohup_20260819T132526Z_w101_20260821T152740Z::aa8cd7::20260821T152801__burst_outage,stage4B_3Day_nohup_20260819T132526Z_w101_20260821T152740Z::aa8cd7::20260821T152801,observed_adsb,ca_ekf,posterior,adsb_scoring_proxy,97,1,44.8068858550253,5.90764496585522,123.95443287706,2.84605746875775,1.99666464974282,6.04666508168186,NaN,NaN,NaN,0,0
real_adsb,burst_outage,stage4B_3Day_nohup_20260819T132526Z_w101_20260821T152740Z::aa8cd7::20260821T152801__burst_outage,stage4B_3Day_nohup_20260819T132526Z_w101_20260821T152740Z::aa8cd7::20260821T152801,observed_adsb,ct_ekf,prior,adsb_scoring_proxy,97,1,8.04604365534254,5.35924003447266,15.5807719652158,1.71513570730712,1.62545659232864,2.39295979954,NaN,NaN,NaN,0,0
real_adsb,burst_outage,stage4B_3Day_nohup_20260819T132526Z_w101_20260821T152740Z::aa8cd7::20260821T152801__burst_outage,stage4B_3Day_nohup_20260819T132526Z_w101_20260821T152740Z::aa8cd7::20260821T152801,observed_adsb,ct_ekf,posterior,adsb_scoring_proxy,97,1,8.04604365534254,5.35924003447266,15.5807719652158,1.71513570730712,1.62545659232864,2.39295979954,NaN,NaN,NaN,0,0
real_adsb,burst_outage,stage4B_3Day_nohup_20260819T132526Z_w101_20260821T152740Z::aa8cd7::20260821T152801__burst_outage,stage4B_3Day_nohup_20260819T132526Z_w101_20260821T152740Z::aa8cd7::20260821T152801,observed_adsb,native_imm,prior,adsb_scoring_proxy,97,1,26.3537423424642,5.65161544240357,72.9284527765003,1.72337912219749,1.66297320467282,2.41790035858064,NaN,NaN,NaN,0,0
real_adsb,burst_outage,stage4B_3Day_nohup_20260819T132526Z_w101_20260821T152740Z::aa8cd7::20260821T152801__burst_outage,stage4B_3Day_nohup_20260819T132526Z_w101_20260821T152740Z::aa8cd7::20260821T152801,observed_adsb,native_imm,posterior,adsb_scoring_proxy,97,1,26.3537423424642,5.65161544240357,72.9284527765003,1.72337912219749,1.66297320467282,2.41790035858064,NaN,NaN,NaN,0,0
real_adsb,burst_outage,stage4B_3Day_nohup_20260819T132526Z_w101_20260821T152740Z::aa8cd7::20260821T152801__burst_outage,stage4B_3Day_nohup_20260819T132526Z_w101_20260821T152740Z::aa8cd7::20260821T152801,observed_adsb,warm_ukf,prior,adsb_scoring_proxy,97,1,1851.67411390195,31.2814155865805,4656.81850504769,22.4545362548528,10.0033855463928,48.0875215039084,NaN,NaN,NaN,0,0
real_adsb,burst_outage,stage4B_3Day_nohup_20260819T132526Z_w101_20260821T152740Z::aa8cd7::20260821T152801__burst_outage,stage4B_3Day_nohup_20260819T132526Z_w101_20260821T152740Z::aa8cd7::20260821T152801,observed_adsb,warm_ukf,posterior,adsb_scoring_proxy,97,1,1851.67411390195,31.2814155865805,4656.81850504769,22.4545362548528,10.0033855463928,48.0875215039084,NaN,NaN,NaN,0,0
real_adsb,baseline,stage4B_3Day_nohup_20260819T132526Z_w004_20260819T145740Z::ac2549::20260819T145744__baseline,stage4B_3Day_nohup_20260819T132526Z_w004_20260819T145740Z::ac2549::20260819T145744,observed_adsb,cv_ekf,prior,adsb_scoring_proxy,96,1,7.00465963916101,4.79258905037689,14.75524588633,1.39913558728712,0.818370507442265,3.13349497651055,NaN,NaN,NaN,0,0
real_adsb,baseline,stage4B_3Day_nohup_20260819T132526Z_w004_20260819T145740Z::ac2549::20260819T145744__baseline,stage4B_3Day_nohup_20260819T132526Z_w004_20260819T145740Z::ac2549::20260819T145744,observed_adsb,cv_ekf,posterior,adsb_scoring_proxy,96,1,7.00465963916101,4.79258905037689,14.75524588633,1.39913558728712,0.818370507442265,3.13349497651055,NaN,NaN,NaN,0,0
real_adsb,baseline,stage4B_3Day_nohup_20260819T132526Z_w004_20260819T145740Z::ac2549::20260819T145744__baseline,stage4B_3Day_nohup_20260819T132526Z_w004_20260819T145740Z::ac2549::20260819T145744,observed_adsb,ca_ekf,prior,adsb_scoring_proxy,96,1,6.59731568997133,5.30878504294907,11.3890610554404,1.33633309298995,0.994360282726555,2.31265680567911,NaN,NaN,NaN,0,0
real_adsb,baseline,stage4B_3Day_nohup_20260819T132526Z_w004_20260819T145740Z::ac2549::20260819T145744__baseline,stage4B_3Day_nohup_20260819T132526Z_w004_20260819T145740Z::ac2549::20260819T145744,observed_adsb,ca_ekf,posterior,adsb_scoring_proxy,96,1,6.59731568997133,5.30878504294907,11.3890610554404,1.33633309298995,0.994360282726555,2.31265680567911,NaN,NaN,NaN,0,0
real_adsb,baseline,stage4B_3Day_nohup_20260819T132526Z_w004_20260819T145740Z::ac2549::20260819T145744__baseline,stage4B_3Day_nohup_20260819T132526Z_w004_20260819T145740Z::ac2549::20260819T145744,observed_adsb,ct_ekf,prior,adsb_scoring_proxy,96,1,7.10218274168252,4.80084818117102,14.7526916275103,1.40968003790569,0.817538227214098,3.17041114451978,NaN,NaN,NaN,0,0
real_adsb,baseline,stage4B_3Day_nohup_20260819T132526Z_w004_20260819T145740Z::ac2549::20260819T145744__baseline,stage4B_3Day_nohup_20260819T132526Z_w004_20260819T145740Z::ac2549::20260819T145744,observed_adsb,ct_ekf,posterior,adsb_scoring_proxy,96,1,7.10218274168252,4.80084818117102,14.7526916275103,1.40968003790569,0.817538227214098,3.17041114451978,NaN,NaN,NaN,0,0
real_adsb,baseline,stage4B_3Day_nohup_20260819T132526Z_w004_20260819T145740Z::ac2549::20260819T145744__baseline,stage4B_3Day_nohup_20260819T132526Z_w004_20260819T145740Z::ac2549::20260819T145744,observed_adsb,native_imm,prior,adsb_scoring_proxy,96,1,6.20302592547679,4.83463892629096,11.4445382908258,1.27728499559099,0.876294335972778,2.67053176740281,NaN,NaN,NaN,0,0
real_adsb,baseline,stage4B_3Day_nohup_20260819T132526Z_w004_20260819T145740Z::ac2549::20260819T145744__baseline,stage4B_3Day_nohup_20260819T132526Z_w004_20260819T145740Z::ac2549::20260819T145744,observed_adsb,native_imm,posterior,adsb_scoring_proxy,96,1,6.20302592547679,4.83463892629096,11.4445382908258,1.27728499559099,0.876294335972778,2.67053176740281,NaN,NaN,NaN,0,0
real_adsb,baseline,stage4B_3Day_nohup_20260819T132526Z_w004_20260819T145740Z::ac2549::20260819T145744__baseline,stage4B_3Day_nohup_20260819T132526Z_w004_20260819T145740Z::ac2549::20260819T145744,observed_adsb,warm_ukf,prior,adsb_scoring_proxy,96,1,90.0251796257911,17.9629171033699,174.551469076191,13.082073047234,11.5932539620507,20.2935214178525,NaN,NaN,NaN,0,0
real_adsb,baseline,stage4B_3Day_nohup_20260819T132526Z_w004_20260819T145740Z::ac2549::20260819T145744__baseline,stage4B_3Day_nohup_20260819T132526Z_w004_20260819T145740Z::ac2549::20260819T145744,observed_adsb,warm_ukf,posterior,adsb_scoring_proxy,96,1,90.0251796257911,17.9629171033699,174.551469076191,13.082073047234,11.5932539620507,20.2935214178525,NaN,NaN,NaN,0,0
real_adsb,random_dropout_10,stage4B_3Day_nohup_20260819T132526Z_w004_20260819T145740Z::ac2549::20260819T145744__random_dropout_10,stage4B_3Day_nohup_20260819T132526Z_w004_20260819T145740Z::ac2549::20260819T145744,observed_adsb,cv_ekf,prior,adsb_scoring_proxy,96,1,7.41047232938711,4.91397647596775,16.3744345702794,1.40500916991131,0.832921055985469,3.20582189856147,NaN,NaN,NaN,0,0
real_adsb,random_dropout_10,stage4B_3Day_nohup_20260819T132526Z_w004_20260819T145740Z::ac2549::20260819T145744__random_dropout_10,stage4B_3Day_nohup_20260819T132526Z_w004_20260819T145740Z::ac2549::20260819T145744,observed_adsb,cv_ekf,posterior,adsb_scoring_proxy,96,1,7.41047232938711,4.91397647596775,16.3744345702794,1.40500916991131,0.832921055985469,3.20582189856147,NaN,NaN,NaN,0,0
real_adsb,random_dropout_10,stage4B_3Day_nohup_20260819T132526Z_w004_20260819T145740Z::ac2549::20260819T145744__random_dropout_10,stage4B_3Day_nohup_20260819T132526Z_w004_20260819T145740Z::ac2549::20260819T145744,observed_adsb,ca_ekf,prior,adsb_scoring_proxy,96,1,8.51926536456798,5.61418858505713,11.4237235221273,1.39090688837116,0.990436710916736,2.82403021839552,NaN,NaN,NaN,0,0
real_adsb,random_dropout_10,stage4B_3Day_nohup_20260819T132526Z_w004_20260819T145740Z::ac2549::20260819T145744__random_dropout_10,stage4B_3Day_nohup_20260819T132526Z_w004_20260819T145740Z::ac2549::20260819T145744,observed_adsb,ca_ekf,posterior,adsb_scoring_proxy,96,1,8.51926536456798,5.61418858505713,11.4237235221273,1.39090688837116,0.990436710916736,2.82403021839552,NaN,NaN,NaN,0,0
real_adsb,random_dropout_10,stage4B_3Day_nohup_20260819T132526Z_w004_20260819T145740Z::ac2549::20260819T145744__random_dropout_10,stage4B_3Day_nohup_20260819T132526Z_w004_20260819T145740Z::ac2549::20260819T145744,observed_adsb,ct_ekf,prior,adsb_scoring_proxy,96,1,7.50194784408001,4.91164382387753,16.6294384800466,1.41570671965557,0.834172813121076,3.20950431980039,NaN,NaN,NaN,0,0
real_adsb,random_dropout_10,stage4B_3Day_nohup_20260819T132526Z_w004_20260819T145740Z::ac2549::20260819T145744__random_dropout_10,stage4B_3Day_nohup_20260819T132526Z_w004_20260819T145740Z::ac2549::20260819T145744,observed_adsb,ct_ekf,posterior,adsb_scoring_proxy,96,1,7.50194784408001,4.91164382387753,16.6294384800466,1.41570671965557,0.834172813121076,3.20950431980039,NaN,NaN,NaN,0,0
real_adsb,random_dropout_10,stage4B_3Day_nohup_20260819T132526Z_w004_20260819T145740Z::ac2549::20260819T145744__random_dropout_10,stage4B_3Day_nohup_20260819T132526Z_w004_20260819T145740Z::ac2549::20260819T145744,observed_adsb,native_imm,prior,adsb_scoring_proxy,96,1,6.99953499269284,5.06874873226153,11.6554515990363,1.28402013482149,0.888006859205334,2.81623003196465,NaN,NaN,NaN,0,0
real_adsb,random_dropout_10,stage4B_3Day_nohup_20260819T132526Z_w004_20260819T145740Z::ac2549::20260819T145744__random_dropout_10,stage4B_3Day_nohup_20260819T132526Z_w004_20260819T145740Z::ac2549::20260819T145744,observed_adsb,native_imm,posterior,adsb_scoring_proxy,96,1,6.99953499269284,5.06874873226153,11.6554515990363,1.28402013482149,0.888006859205334,2.81623003196465,NaN,NaN,NaN,0,0
real_adsb,random_dropout_10,stage4B_3Day_nohup_20260819T132526Z_w004_20260819T145740Z::ac2549::20260819T145744__random_dropout_10,stage4B_3Day_nohup_20260819T132526Z_w004_20260819T145740Z::ac2549::20260819T145744,observed_adsb,warm_ukf,prior,adsb_scoring_proxy,96,1,110.515664145234,16.6145645851816,264.490347034549,14.0621921432975,13.7386127626707,20.175428680028,NaN,NaN,NaN,0,0
real_adsb,random_dropout_10,stage4B_3Day_nohup_20260819T132526Z_w004_20260819T145740Z::ac2549::20260819T145744__random_dropout_10,stage4B_3Day_nohup_20260819T132526Z_w004_20260819T145740Z::ac2549::20260819T145744,observed_adsb,warm_ukf,posterior,adsb_scoring_proxy,96,1,110.515664145234,16.6145645851816,264.490347034549,14.0621921432975,13.7386127626707,20.175428680028,NaN,NaN,NaN,0,0
real_adsb,random_dropout_25,stage4B_3Day_nohup_20260819T132526Z_w004_20260819T145740Z::ac2549::20260819T145744__random_dropout_25,stage4B_3Day_nohup_20260819T132526Z_w004_20260819T145740Z::ac2549::20260819T145744,observed_adsb,cv_ekf,prior,adsb_scoring_proxy,96,1,7.8161721908459,5.0959176814883,14.6669644814067,1.47914587634106,0.829408608349625,3.26402684314863,NaN,NaN,NaN,0,0
real_adsb,random_dropout_25,stage4B_3Day_nohup_20260819T132526Z_w004_20260819T145740Z::ac2549::20260819T145744__random_dropout_25,stage4B_3Day_nohup_20260819T132526Z_w004_20260819T145740Z::ac2549::20260819T145744,observed_adsb,cv_ekf,posterior,adsb_scoring_proxy,96,1,7.8161721908459,5.0959176814883,14.6669644814067,1.47914587634106,0.829408608349625,3.26402684314863,NaN,NaN,NaN,0,0
real_adsb,random_dropout_25,stage4B_3Day_nohup_20260819T132526Z_w004_20260819T145740Z::ac2549::20260819T145744__random_dropout_25,stage4B_3Day_nohup_20260819T132526Z_w004_20260819T145740Z::ac2549::20260819T145744,observed_adsb,ca_ekf,prior,adsb_scoring_proxy,96,1,7.32185163384589,5.56884186638764,14.2614718705884,1.46407529869894,1.10366175106342,2.74908541042414,NaN,NaN,NaN,0,0
real_adsb,random_dropout_25,stage4B_3Day_nohup_20260819T132526Z_w004_20260819T145740Z::ac2549::20260819T145744__random_dropout_25,stage4B_3Day_nohup_20260819T132526Z_w004_20260819T145740Z::ac2549::20260819T145744,observed_adsb,ca_ekf,posterior,adsb_scoring_proxy,96,1,7.32185163384589,5.56884186638764,14.2614718705884,1.46407529869894,1.10366175106342,2.74908541042414,NaN,NaN,NaN,0,0
real_adsb,random_dropout_25,stage4B_3Day_nohup_20260819T132526Z_w004_20260819T145740Z::ac2549::20260819T145744__random_dropout_25,stage4B_3Day_nohup_20260819T132526Z_w004_20260819T145740Z::ac2549::20260819T145744,observed_adsb,ct_ekf,prior,adsb_scoring_proxy,96,1,7.94283542647795,5.07535799036277,14.6347304990253,1.49014651888761,0.826435423287208,3.303730913986,NaN,NaN,NaN,0,0
real_adsb,random_dropout_25,stage4B_3Day_nohup_20260819T132526Z_w004_20260819T145740Z::ac2549::20260819T145744__random_dropout_25,stage4B_3Day_nohup_20260819T132526Z_w004_20260819T145740Z::ac2549::20260819T145744,observed_adsb,ct_ekf,posterior,adsb_scoring_proxy,96,1,7.94283542647795,5.07535799036277,14.6347304990253,1.49014651888761,0.826435423287208,3.303730913986,NaN,NaN,NaN,0,0
real_adsb,random_dropout_25,stage4B_3Day_nohup_20260819T132526Z_w004_20260819T145740Z::ac2549::20260819T145744__random_dropout_25,stage4B_3Day_nohup_20260819T132526Z_w004_20260819T145740Z::ac2549::20260819T145744,observed_adsb,native_imm,prior,adsb_scoring_proxy,96,1,6.90699787140292,5.19575539693267,13.6541217218585,1.37546565582723,0.964244967960823,2.83562744372857,NaN,NaN,NaN,0,0
real_adsb,random_dropout_25,stage4B_3Day_nohup_20260819T132526Z_w004_20260819T145740Z::ac2549::20260819T145744__random_dropout_25,stage4B_3Day_nohup_20260819T132526Z_w004_20260819T145740Z::ac2549::20260819T145744,observed_adsb,native_imm,posterior,adsb_scoring_proxy,96,1,6.90699787140292,5.19575539693267,13.6541217218585,1.37546565582723,0.964244967960823,2.83562744372857,NaN,NaN,NaN,0,0
real_adsb,random_dropout_25,stage4B_3Day_nohup_20260819T132526Z_w004_20260819T145740Z::ac2549::20260819T145744__random_dropout_25,stage4B_3Day_nohup_20260819T132526Z_w004_20260819T145740Z::ac2549::20260819T145744,observed_adsb,warm_ukf,prior,adsb_scoring_proxy,96,1,225.14648808354,19.3015173943581,573.623065589442,15.402480394304,15.2196145371015,20.7656405325181,NaN,NaN,NaN,0,0
real_adsb,random_dropout_25,stage4B_3Day_nohup_20260819T132526Z_w004_20260819T145740Z::ac2549::20260819T145744__random_dropout_25,stage4B_3Day_nohup_20260819T132526Z_w004_20260819T145740Z::ac2549::20260819T145744,observed_adsb,warm_ukf,posterior,adsb_scoring_proxy,96,1,225.14648808354,19.3015173943581,573.623065589442,15.402480394304,15.2196145371015,20.7656405325181,NaN,NaN,NaN,0,0
real_adsb,burst_outage,stage4B_3Day_nohup_20260819T132526Z_w004_20260819T145740Z::ac2549::20260819T145744__burst_outage,stage4B_3Day_nohup_20260819T132526Z_w004_20260819T145740Z::ac2549::20260819T145744,observed_adsb,cv_ekf,prior,adsb_scoring_proxy,96,1,15.6362468807401,5.96126632995976,38.205642411188,1.50020233688709,0.906408262312331,3.13349497651055,NaN,NaN,NaN,0,0
real_adsb,burst_outage,stage4B_3Day_nohup_20260819T132526Z_w004_20260819T145740Z::ac2549::20260819T145744__burst_outage,stage4B_3Day_nohup_20260819T132526Z_w004_20260819T145740Z::ac2549::20260819T145744,observed_adsb,cv_ekf,posterior,adsb_scoring_proxy,96,1,15.6362468807401,5.96126632995976,38.205642411188,1.50020233688709,0.906408262312331,3.13349497651055,NaN,NaN,NaN,0,0
real_adsb,burst_outage,stage4B_3Day_nohup_20260819T132526Z_w004_20260819T145740Z::ac2549::20260819T145744__burst_outage,stage4B_3Day_nohup_20260819T132526Z_w004_20260819T145740Z::ac2549::20260819T145744,observed_adsb,ca_ekf,prior,adsb_scoring_proxy,96,1,46.8957928421211,7.18037559931566,135.04682110261,2.15775190284389,1.2772287389923,4.75804194427239,NaN,NaN,NaN,0,0
real_adsb,burst_outage,stage4B_3Day_nohup_20260819T132526Z_w004_20260819T145740Z::ac2549::20260819T145744__burst_outage,stage4B_3Day_nohup_20260819T132526Z_w004_20260819T145740Z::ac2549::20260819T145744,observed_adsb,ca_ekf,posterior,adsb_scoring_proxy,96,1,46.8957928421211,7.18037559931566,135.04682110261,2.15775190284389,1.2772287389923,4.75804194427239,NaN,NaN,NaN,0,0
real_adsb,burst_outage,stage4B_3Day_nohup_20260819T132526Z_w004_20260819T145740Z::ac2549::20260819T145744__burst_outage,stage4B_3Day_nohup_20260819T132526Z_w004_20260819T145740Z::ac2549::20260819T145744,observed_adsb,ct_ekf,prior,adsb_scoring_proxy,96,1,15.7559158441519,5.95652220005543,38.4761663431559,1.50996483169687,0.905590018080398,3.17041114451978,NaN,NaN,NaN,0,0
real_adsb,burst_outage,stage4B_3Day_nohup_20260819T132526Z_w004_20260819T145740Z::ac2549::20260819T145744__burst_outage,stage4B_3Day_nohup_20260819T132526Z_w004_20260819T145740Z::ac2549::20260819T145744,observed_adsb,ct_ekf,posterior,adsb_scoring_proxy,96,1,15.7559158441519,5.95652220005543,38.4761663431559,1.50996483169687,0.905590018080398,3.17041114451978,NaN,NaN,NaN,0,0
real_adsb,burst_outage,stage4B_3Day_nohup_20260819T132526Z_w004_20260819T145740Z::ac2549::20260819T145744__burst_outage,stage4B_3Day_nohup_20260819T132526Z_w004_20260819T145740Z::ac2549::20260819T145744,observed_adsb,native_imm,prior,adsb_scoring_proxy,96,1,32.3416181649662,6.23100961897993,90.2866666915868,1.68851422455948,1.03331214981641,3.23896408111307,NaN,NaN,NaN,0,0
real_adsb,burst_outage,stage4B_3Day_nohup_20260819T132526Z_w004_20260819T145740Z::ac2549::20260819T145744__burst_outage,stage4B_3Day_nohup_20260819T132526Z_w004_20260819T145740Z::ac2549::20260819T145744,observed_adsb,native_imm,posterior,adsb_scoring_proxy,96,1,32.3416181649662,6.23100961897993,90.2866666915868,1.68851422455948,1.03331214981641,3.23896408111307,NaN,NaN,NaN,0,0
real_adsb,burst_outage,stage4B_3Day_nohup_20260819T132526Z_w004_20260819T145740Z::ac2549::20260819T145744__burst_outage,stage4B_3Day_nohup_20260819T132526Z_w004_20260819T145740Z::ac2549::20260819T145744,observed_adsb,warm_ukf,prior,adsb_scoring_proxy,96,1,1523.0462631897,22.6670065409896,4550.03255738258,15.2581683609485,11.9317984591026,28.3453194065384,NaN,NaN,NaN,0,0
real_adsb,burst_outage,stage4B_3Day_nohup_20260819T132526Z_w004_20260819T145740Z::ac2549::20260819T145744__burst_outage,stage4B_3Day_nohup_20260819T132526Z_w004_20260819T145740Z::ac2549::20260819T145744,observed_adsb,warm_ukf,posterior,adsb_scoring_proxy,96,1,1523.0462631897,22.6670065409896,4550.03255738258,15.2581683609485,11.9317984591026,28.3453194065384,NaN,NaN,NaN,0,0
real_adsb,baseline,stage4B_3Day_nohup_20260819T132526Z_w089_20260821T092740Z::add2ad::20260821T093257__baseline,stage4B_3Day_nohup_20260819T132526Z_w089_20260821T092740Z::add2ad::20260821T093257,observed_adsb,cv_ekf,prior,adsb_scoring_proxy,95,1,11.2352058385365,6.03651926952682,23.7828276380738,2.86868921832844,1.61313398939797,6.22457178642821,NaN,NaN,NaN,0,0
real_adsb,baseline,stage4B_3Day_nohup_20260819T132526Z_w089_20260821T092740Z::add2ad::20260821T093257__baseline,stage4B_3Day_nohup_20260819T132526Z_w089_20260821T092740Z::add2ad::20260821T093257,observed_adsb,cv_ekf,posterior,adsb_scoring_proxy,95,1,11.2352058385365,6.03651926952682,23.7828276380738,2.86868921832844,1.61313398939797,6.22457178642821,NaN,NaN,NaN,0,0
real_adsb,baseline,stage4B_3Day_nohup_20260819T132526Z_w089_20260821T092740Z::add2ad::20260821T093257__baseline,stage4B_3Day_nohup_20260819T132526Z_w089_20260821T092740Z::add2ad::20260821T093257,observed_adsb,ca_ekf,prior,adsb_scoring_proxy,95,1,8.16666196961925,5.37899730849803,16.6725351024049,2.50466765536499,1.77071930964449,4.72363020785398,NaN,NaN,NaN,0,0
real_adsb,baseline,stage4B_3Day_nohup_20260819T132526Z_w089_20260821T092740Z::add2ad::20260821T093257__baseline,stage4B_3Day_nohup_20260819T132526Z_w089_20260821T092740Z::add2ad::20260821T093257,observed_adsb,ca_ekf,posterior,adsb_scoring_proxy,95,1,8.16666196961925,5.37899730849803,16.6725351024049,2.50466765536499,1.77071930964449,4.72363020785398,NaN,NaN,NaN,0,0
real_adsb,baseline,stage4B_3Day_nohup_20260819T132526Z_w089_20260821T092740Z::add2ad::20260821T093257__baseline,stage4B_3Day_nohup_20260819T132526Z_w089_20260821T092740Z::add2ad::20260821T093257,observed_adsb,ct_ekf,prior,adsb_scoring_proxy,95,1,11.5336507963708,6.02008483228165,24.083401378743,2.89242837693834,1.49296061392819,6.29531234628673,NaN,NaN,NaN,0,0
real_adsb,baseline,stage4B_3Day_nohup_20260819T132526Z_w089_20260821T092740Z::add2ad::20260821T093257__baseline,stage4B_3Day_nohup_20260819T132526Z_w089_20260821T092740Z::add2ad::20260821T093257,observed_adsb,ct_ekf,posterior,adsb_scoring_proxy,95,1,11.5336507963708,6.02008483228165,24.083401378743,2.89242837693834,1.49296061392819,6.29531234628673,NaN,NaN,NaN,0,0
real_adsb,baseline,stage4B_3Day_nohup_20260819T132526Z_w089_20260821T092740Z::add2ad::20260821T093257__baseline,stage4B_3Day_nohup_20260819T132526Z_w089_20260821T092740Z::add2ad::20260821T093257,observed_adsb,native_imm,prior,adsb_scoring_proxy,95,1,7.42021299234201,4.88612902912244,14.4049001186478,2.19038709283662,1.41069411945029,4.30777650671946,NaN,NaN,NaN,0,0
real_adsb,baseline,stage4B_3Day_nohup_20260819T132526Z_w089_20260821T092740Z::add2ad::20260821T093257__baseline,stage4B_3Day_nohup_20260819T132526Z_w089_20260821T092740Z::add2ad::20260821T093257,observed_adsb,native_imm,posterior,adsb_scoring_proxy,95,1,7.42021299234201,4.88612902912244,14.4049001186478,2.19038709283662,1.41069411945029,4.30777650671946,NaN,NaN,NaN,0,0
real_adsb,baseline,stage4B_3Day_nohup_20260819T132526Z_w089_20260821T092740Z::add2ad::20260821T093257__baseline,stage4B_3Day_nohup_20260819T132526Z_w089_20260821T092740Z::add2ad::20260821T093257,observed_adsb,warm_ukf,prior,adsb_scoring_proxy,95,1,249.659249132334,14.8684895141867,41.3966667812766,10.9207523239068,9.58991464038786,19.4796882086607,NaN,NaN,NaN,0,0
real_adsb,baseline,stage4B_3Day_nohup_20260819T132526Z_w089_20260821T092740Z::add2ad::20260821T093257__baseline,stage4B_3Day_nohup_20260819T132526Z_w089_20260821T092740Z::add2ad::20260821T093257,observed_adsb,warm_ukf,posterior,adsb_scoring_proxy,95,1,249.659249132334,14.8684895141867,41.3966667812766,10.9207523239068,9.58991464038786,19.4796882086607,NaN,NaN,NaN,0,0
real_adsb,random_dropout_10,stage4B_3Day_nohup_20260819T132526Z_w089_20260821T092740Z::add2ad::20260821T093257__random_dropout_10,stage4B_3Day_nohup_20260819T132526Z_w089_20260821T092740Z::add2ad::20260821T093257,observed_adsb,cv_ekf,prior,adsb_scoring_proxy,95,1,11.9091864774769,6.02465690262948,23.9472219697636,2.95562271857274,1.57359608407291,6.89631617008025,NaN,NaN,NaN,0,0
real_adsb,random_dropout_10,stage4B_3Day_nohup_20260819T132526Z_w089_20260821T092740Z::add2ad::20260821T093257__random_dropout_10,stage4B_3Day_nohup_20260819T132526Z_w089_20260821T092740Z::add2ad::20260821T093257,observed_adsb,cv_ekf,posterior,adsb_scoring_proxy,95,1,11.9091864774769,6.02465690262948,23.9472219697636,2.95562271857274,1.57359608407291,6.89631617008025,NaN,NaN,NaN,0,0
real_adsb,random_dropout_10,stage4B_3Day_nohup_20260819T132526Z_w089_20260821T092740Z::add2ad::20260821T093257__random_dropout_10,stage4B_3Day_nohup_20260819T132526Z_w089_20260821T092740Z::add2ad::20260821T093257,observed_adsb,ca_ekf,prior,adsb_scoring_proxy,95,1,8.76670416703114,5.53103126385548,17.3852747634954,2.58651600236612,1.87138148803327,5.16580091134865,NaN,NaN,NaN,0,0
real_adsb,random_dropout_10,stage4B_3Day_nohup_20260819T132526Z_w089_20260821T092740Z::add2ad::20260821T093257__random_dropout_10,stage4B_3Day_nohup_20260819T132526Z_w089_20260821T092740Z::add2ad::20260821T093257,observed_adsb,ca_ekf,posterior,adsb_scoring_proxy,95,1,8.76670416703114,5.53103126385548,17.3852747634954,2.58651600236612,1.87138148803327,5.16580091134865,NaN,NaN,NaN,0,0
real_adsb,random_dropout_10,stage4B_3Day_nohup_20260819T132526Z_w089_20260821T092740Z::add2ad::20260821T093257__random_dropout_10,stage4B_3Day_nohup_20260819T132526Z_w089_20260821T092740Z::add2ad::20260821T093257,observed_adsb,ct_ekf,prior,adsb_scoring_proxy,95,1,12.2047448965475,6.26428417984651,24.6096129875952,2.97831867579441,1.49079786118727,6.95117788481347,NaN,NaN,NaN,0,0
real_adsb,random_dropout_10,stage4B_3Day_nohup_20260819T132526Z_w089_20260821T092740Z::add2ad::20260821T093257__random_dropout_10,stage4B_3Day_nohup_20260819T132526Z_w089_20260821T092740Z::add2ad::20260821T093257,observed_adsb,ct_ekf,posterior,adsb_scoring_proxy,95,1,12.2047448965475,6.26428417984651,24.6096129875952,2.97831867579441,1.49079786118727,6.95117788481347,NaN,NaN,NaN,0,0
real_adsb,random_dropout_10,stage4B_3Day_nohup_20260819T132526Z_w089_20260821T092740Z::add2ad::20260821T093257__random_dropout_10,stage4B_3Day_nohup_20260819T132526Z_w089_20260821T092740Z::add2ad::20260821T093257,observed_adsb,native_imm,prior,adsb_scoring_proxy,95,1,7.73197285093547,4.94458677679974,16.4375694697139,2.23180247062312,1.33748414138084,4.35607035838487,NaN,NaN,NaN,0,0
real_adsb,random_dropout_10,stage4B_3Day_nohup_20260819T132526Z_w089_20260821T092740Z::add2ad::20260821T093257__random_dropout_10,stage4B_3Day_nohup_20260819T132526Z_w089_20260821T092740Z::add2ad::20260821T093257,observed_adsb,native_imm,posterior,adsb_scoring_proxy,95,1,7.73197285093547,4.94458677679974,16.4375694697139,2.23180247062312,1.33748414138084,4.35607035838487,NaN,NaN,NaN,0,0
real_adsb,random_dropout_10,stage4B_3Day_nohup_20260819T132526Z_w089_20260821T092740Z::add2ad::20260821T093257__random_dropout_10,stage4B_3Day_nohup_20260819T132526Z_w089_20260821T092740Z::add2ad::20260821T093257,observed_adsb,warm_ukf,prior,adsb_scoring_proxy,95,1,49.015595037718,18.3294530731341,74.3534761091708,10.1249621003509,9.48590014756453,15.3840814256412,NaN,NaN,NaN,0,0
real_adsb,random_dropout_10,stage4B_3Day_nohup_20260819T132526Z_w089_20260821T092740Z::add2ad::20260821T093257__random_dropout_10,stage4B_3Day_nohup_20260819T132526Z_w089_20260821T092740Z::add2ad::20260821T093257,observed_adsb,warm_ukf,posterior,adsb_scoring_proxy,95,1,49.015595037718,18.3294530731341,74.3534761091708,10.1249621003509,9.48590014756453,15.3840814256412,NaN,NaN,NaN,0,0
real_adsb,random_dropout_25,stage4B_3Day_nohup_20260819T132526Z_w089_20260821T092740Z::add2ad::20260821T093257__random_dropout_25,stage4B_3Day_nohup_20260819T132526Z_w089_20260821T092740Z::add2ad::20260821T093257,observed_adsb,cv_ekf,prior,adsb_scoring_proxy,95,1,13.365220952391,6.81745742860487,26.308515722064,3.07169173727661,1.59663761605099,7.07707624894165,NaN,NaN,NaN,0,0
real_adsb,random_dropout_25,stage4B_3Day_nohup_20260819T132526Z_w089_20260821T092740Z::add2ad::20260821T093257__random_dropout_25,stage4B_3Day_nohup_20260819T132526Z_w089_20260821T092740Z::add2ad::20260821T093257,observed_adsb,cv_ekf,posterior,adsb_scoring_proxy,95,1,13.365220952391,6.81745742860487,26.308515722064,3.07169173727661,1.59663761605099,7.07707624894165,NaN,NaN,NaN,0,0
real_adsb,random_dropout_25,stage4B_3Day_nohup_20260819T132526Z_w089_20260821T092740Z::add2ad::20260821T093257__random_dropout_25,stage4B_3Day_nohup_20260819T132526Z_w089_20260821T092740Z::add2ad::20260821T093257,observed_adsb,ca_ekf,prior,adsb_scoring_proxy,95,1,9.92763310542327,6.07625052272446,18.799224425636,2.74344819238612,1.85032856183146,5.95925426644733,NaN,NaN,NaN,0,0
real_adsb,random_dropout_25,stage4B_3Day_nohup_20260819T132526Z_w089_20260821T092740Z::add2ad::20260821T093257__random_dropout_25,stage4B_3Day_nohup_20260819T132526Z_w089_20260821T092740Z::add2ad::20260821T093257,observed_adsb,ca_ekf,posterior,adsb_scoring_proxy,95,1,9.92763310542327,6.07625052272446,18.799224425636,2.74344819238612,1.85032856183146,5.95925426644733,NaN,NaN,NaN,0,0
real_adsb,random_dropout_25,stage4B_3Day_nohup_20260819T132526Z_w089_20260821T092740Z::add2ad::20260821T093257__random_dropout_25,stage4B_3Day_nohup_20260819T132526Z_w089_20260821T092740Z::add2ad::20260821T093257,observed_adsb,ct_ekf,prior,adsb_scoring_proxy,95,1,13.6981636143322,6.84531209089116,27.0005210179867,3.09324937921455,1.53249825265147,7.08545517809828,NaN,NaN,NaN,0,0
real_adsb,random_dropout_25,stage4B_3Day_nohup_20260819T132526Z_w089_20260821T092740Z::add2ad::20260821T093257__random_dropout_25,stage4B_3Day_nohup_20260819T132526Z_w089_20260821T092740Z::add2ad::20260821T093257,observed_adsb,ct_ekf,posterior,adsb_scoring_proxy,95,1,13.6981636143322,6.84531209089116,27.0005210179867,3.09324937921455,1.53249825265147,7.08545517809828,NaN,NaN,NaN,0,0
real_adsb,random_dropout_25,stage4B_3Day_nohup_20260819T132526Z_w089_20260821T092740Z::add2ad::20260821T093257__random_dropout_25,stage4B_3Day_nohup_20260819T132526Z_w089_20260821T092740Z::add2ad::20260821T093257,observed_adsb,native_imm,prior,adsb_scoring_proxy,95,1,8.16687211177475,5.22891170017272,15.7567885747655,2.27281514667694,1.3660053854061,4.62298224023777,NaN,NaN,NaN,0,0
real_adsb,random_dropout_25,stage4B_3Day_nohup_20260819T132526Z_w089_20260821T092740Z::add2ad::20260821T093257__random_dropout_25,stage4B_3Day_nohup_20260819T132526Z_w089_20260821T092740Z::add2ad::20260821T093257,observed_adsb,native_imm,posterior,adsb_scoring_proxy,95,1,8.16687211177475,5.22891170017272,15.7567885747655,2.27281514667694,1.3660053854061,4.62298224023777,NaN,NaN,NaN,0,0
real_adsb,random_dropout_25,stage4B_3Day_nohup_20260819T132526Z_w089_20260821T092740Z::add2ad::20260821T093257__random_dropout_25,stage4B_3Day_nohup_20260819T132526Z_w089_20260821T092740Z::add2ad::20260821T093257,observed_adsb,warm_ukf,prior,adsb_scoring_proxy,95,1,301.007131760371,18.6968566137018,65.6904885963459,10.1620254026981,9.42577350481591,15.4217109959945,NaN,NaN,NaN,0,0
real_adsb,random_dropout_25,stage4B_3Day_nohup_20260819T132526Z_w089_20260821T092740Z::add2ad::20260821T093257__random_dropout_25,stage4B_3Day_nohup_20260819T132526Z_w089_20260821T092740Z::add2ad::20260821T093257,observed_adsb,warm_ukf,posterior,adsb_scoring_proxy,95,1,301.007131760371,18.6968566137018,65.6904885963459,10.1620254026981,9.42577350481591,15.4217109959945,NaN,NaN,NaN,0,0
real_adsb,burst_outage,stage4B_3Day_nohup_20260819T132526Z_w089_20260821T092740Z::add2ad::20260821T093257__burst_outage,stage4B_3Day_nohup_20260819T132526Z_w089_20260821T092740Z::add2ad::20260821T093257,observed_adsb,cv_ekf,prior,adsb_scoring_proxy,95,1,71.5604007020209,6.18663144122485,170.363496211677,5.39932404361077,1.68720787513064,16.5568672394712,NaN,NaN,NaN,0,0
real_adsb,burst_outage,stage4B_3Day_nohup_20260819T132526Z_w089_20260821T092740Z::add2ad::20260821T093257__burst_outage,stage4B_3Day_nohup_20260819T132526Z_w089_20260821T092740Z::add2ad::20260821T093257,observed_adsb,cv_ekf,posterior,adsb_scoring_proxy,95,1,71.5604007020209,6.18663144122485,170.363496211677,5.39932404361077,1.68720787513064,16.5568672394712,NaN,NaN,NaN,0,0
real_adsb,burst_outage,stage4B_3Day_nohup_20260819T132526Z_w089_20260821T092740Z::add2ad::20260821T093257__burst_outage,stage4B_3Day_nohup_20260819T132526Z_w089_20260821T092740Z::add2ad::20260821T093257,observed_adsb,ca_ekf,prior,adsb_scoring_proxy,95,1,52.6992860295773,5.33385736381188,117.542784096621,4.49656583591404,1.57106039594554,14.4680943390295,NaN,NaN,NaN,0,0
real_adsb,burst_outage,stage4B_3Day_nohup_20260819T132526Z_w089_20260821T092740Z::add2ad::20260821T093257__burst_outage,stage4B_3Day_nohup_20260819T132526Z_w089_20260821T092740Z::add2ad::20260821T093257,observed_adsb,ca_ekf,posterior,adsb_scoring_proxy,95,1,52.6992860295773,5.33385736381188,117.542784096621,4.49656583591404,1.57106039594554,14.4680943390295,NaN,NaN,NaN,0,0
real_adsb,burst_outage,stage4B_3Day_nohup_20260819T132526Z_w089_20260821T092740Z::add2ad::20260821T093257__burst_outage,stage4B_3Day_nohup_20260819T132526Z_w089_20260821T092740Z::add2ad::20260821T093257,observed_adsb,ct_ekf,prior,adsb_scoring_proxy,95,1,71.6566227801623,6.45715891222014,170.597992453778,5.40284188946105,1.63249984317047,16.564311950407,NaN,NaN,NaN,0,0
real_adsb,burst_outage,stage4B_3Day_nohup_20260819T132526Z_w089_20260821T092740Z::add2ad::20260821T093257__burst_outage,stage4B_3Day_nohup_20260819T132526Z_w089_20260821T092740Z::add2ad::20260821T093257,observed_adsb,ct_ekf,posterior,adsb_scoring_proxy,95,1,71.6566227801623,6.45715891222014,170.597992453778,5.40284188946105,1.63249984317047,16.564311950407,NaN,NaN,NaN,0,0
real_adsb,burst_outage,stage4B_3Day_nohup_20260819T132526Z_w089_20260821T092740Z::add2ad::20260821T093257__burst_outage,stage4B_3Day_nohup_20260819T132526Z_w089_20260821T092740Z::add2ad::20260821T093257,observed_adsb,native_imm,prior,adsb_scoring_proxy,95,1,74.5665146505356,5.36155724871075,176.7257046357,5.31513512320677,1.42461337424168,17.4618568154346,NaN,NaN,NaN,0,0
real_adsb,burst_outage,stage4B_3Day_nohup_20260819T132526Z_w089_20260821T092740Z::add2ad::20260821T093257__burst_outage,stage4B_3Day_nohup_20260819T132526Z_w089_20260821T092740Z::add2ad::20260821T093257,observed_adsb,native_imm,posterior,adsb_scoring_proxy,95,1,74.5665146505356,5.36155724871075,176.7257046357,5.31513512320677,1.42461337424168,17.4618568154346,NaN,NaN,NaN,0,0
real_adsb,burst_outage,stage4B_3Day_nohup_20260819T132526Z_w089_20260821T092740Z::add2ad::20260821T093257__burst_outage,stage4B_3Day_nohup_20260819T132526Z_w089_20260821T092740Z::add2ad::20260821T093257,observed_adsb,warm_ukf,prior,adsb_scoring_proxy,95,1,1145.47950082384,19.8611243355785,3156.4332932547,11.1719095353324,8.65185321860415,18.4007710372557,NaN,NaN,NaN,0,0
real_adsb,burst_outage,stage4B_3Day_nohup_20260819T132526Z_w089_20260821T092740Z::add2ad::20260821T093257__burst_outage,stage4B_3Day_nohup_20260819T132526Z_w089_20260821T092740Z::add2ad::20260821T093257,observed_adsb,warm_ukf,posterior,adsb_scoring_proxy,95,1,1145.47950082384,19.8611243355785,3156.4332932547,11.1719095353324,8.65185321860415,18.4007710372557,NaN,NaN,NaN,0,0
real_adsb,baseline,stage4B_3Day_nohup_20260819T132526Z_w114_20260821T215740Z::a6f5fc::20260821T215913__baseline,stage4B_3Day_nohup_20260819T132526Z_w114_20260821T215740Z::a6f5fc::20260821T215913,observed_adsb,cv_ekf,prior,adsb_scoring_proxy,95,1,6.98716179049575,5.37642756534179,12.401529967526,2.52744085275984,2.09859380258274,4.38627843589483,NaN,NaN,NaN,0,0
real_adsb,baseline,stage4B_3Day_nohup_20260819T132526Z_w114_20260821T215740Z::a6f5fc::20260821T215913__baseline,stage4B_3Day_nohup_20260819T132526Z_w114_20260821T215740Z::a6f5fc::20260821T215913,observed_adsb,cv_ekf,posterior,adsb_scoring_proxy,95,1,6.98716179049575,5.37642756534179,12.401529967526,2.52744085275984,2.09859380258274,4.38627843589483,NaN,NaN,NaN,0,0
real_adsb,baseline,stage4B_3Day_nohup_20260819T132526Z_w114_20260821T215740Z::a6f5fc::20260821T215913__baseline,stage4B_3Day_nohup_20260819T132526Z_w114_20260821T215740Z::a6f5fc::20260821T215913,observed_adsb,ca_ekf,prior,adsb_scoring_proxy,95,1,7.21974531662817,5.43955186869054,13.9168081517224,2.7642328571041,2.04311078727953,4.88848184848994,NaN,NaN,NaN,0,0
real_adsb,baseline,stage4B_3Day_nohup_20260819T132526Z_w114_20260821T215740Z::a6f5fc::20260821T215913__baseline,stage4B_3Day_nohup_20260819T132526Z_w114_20260821T215740Z::a6f5fc::20260821T215913,observed_adsb,ca_ekf,posterior,adsb_scoring_proxy,95,1,7.21974531662817,5.43955186869054,13.9168081517224,2.7642328571041,2.04311078727953,4.88848184848994,NaN,NaN,NaN,0,0
real_adsb,baseline,stage4B_3Day_nohup_20260819T132526Z_w114_20260821T215740Z::a6f5fc::20260821T215913__baseline,stage4B_3Day_nohup_20260819T132526Z_w114_20260821T215740Z::a6f5fc::20260821T215913,observed_adsb,ct_ekf,prior,adsb_scoring_proxy,95,1,7.07053630351078,5.41147739763231,12.3882274313253,2.52883639898573,2.05855104716948,4.38579567931626,NaN,NaN,NaN,0,0
real_adsb,baseline,stage4B_3Day_nohup_20260819T132526Z_w114_20260821T215740Z::a6f5fc::20260821T215913__baseline,stage4B_3Day_nohup_20260819T132526Z_w114_20260821T215740Z::a6f5fc::20260821T215913,observed_adsb,ct_ekf,posterior,adsb_scoring_proxy,95,1,7.07053630351078,5.41147739763231,12.3882274313253,2.52883639898573,2.05855104716948,4.38579567931626,NaN,NaN,NaN,0,0
real_adsb,baseline,stage4B_3Day_nohup_20260819T132526Z_w114_20260821T215740Z::a6f5fc::20260821T215913__baseline,stage4B_3Day_nohup_20260819T132526Z_w114_20260821T215740Z::a6f5fc::20260821T215913,observed_adsb,native_imm,prior,adsb_scoring_proxy,95,1,6.02814591258763,5.1296089301568,11.6156319070013,2.50586434440198,2.02085129774749,4.68275367305706,NaN,NaN,NaN,0,0
real_adsb,baseline,stage4B_3Day_nohup_20260819T132526Z_w114_20260821T215740Z::a6f5fc::20260821T215913__baseline,stage4B_3Day_nohup_20260819T132526Z_w114_20260821T215740Z::a6f5fc::20260821T215913,observed_adsb,native_imm,posterior,adsb_scoring_proxy,95,1,6.02814591258763,5.1296089301568,11.6156319070013,2.50586434440198,2.02085129774749,4.68275367305706,NaN,NaN,NaN,0,0
real_adsb,baseline,stage4B_3Day_nohup_20260819T132526Z_w114_20260821T215740Z::a6f5fc::20260821T215913__baseline,stage4B_3Day_nohup_20260819T132526Z_w114_20260821T215740Z::a6f5fc::20260821T215913,observed_adsb,warm_ukf,prior,adsb_scoring_proxy,95,1,221.730117479968,23.5759058261173,266.260181156852,12.0178360336642,9.94372223187707,19.6262216563761,NaN,NaN,NaN,0,0
real_adsb,baseline,stage4B_3Day_nohup_20260819T132526Z_w114_20260821T215740Z::a6f5fc::20260821T215913__baseline,stage4B_3Day_nohup_20260819T132526Z_w114_20260821T215740Z::a6f5fc::20260821T215913,observed_adsb,warm_ukf,posterior,adsb_scoring_proxy,95,1,221.730117479968,23.5759058261173,266.260181156852,12.0178360336642,9.94372223187707,19.6262216563761,NaN,NaN,NaN,0,0
real_adsb,random_dropout_10,stage4B_3Day_nohup_20260819T132526Z_w114_20260821T215740Z::a6f5fc::20260821T215913__random_dropout_10,stage4B_3Day_nohup_20260819T132526Z_w114_20260821T215740Z::a6f5fc::20260821T215913,observed_adsb,cv_ekf,prior,adsb_scoring_proxy,95,1,7.4750435927654,5.74186721968301,13.3821322477654,2.53916692524596,2.0384754259134,4.38875475168016,NaN,NaN,NaN,0,0
real_adsb,random_dropout_10,stage4B_3Day_nohup_20260819T132526Z_w114_20260821T215740Z::a6f5fc::20260821T215913__random_dropout_10,stage4B_3Day_nohup_20260819T132526Z_w114_20260821T215740Z::a6f5fc::20260821T215913,observed_adsb,cv_ekf,posterior,adsb_scoring_proxy,95,1,7.4750435927654,5.74186721968301,13.3821322477654,2.53916692524596,2.0384754259134,4.38875475168016,NaN,NaN,NaN,0,0
real_adsb,random_dropout_10,stage4B_3Day_nohup_20260819T132526Z_w114_20260821T215740Z::a6f5fc::20260821T215913__random_dropout_10,stage4B_3Day_nohup_20260819T132526Z_w114_20260821T215740Z::a6f5fc::20260821T215913,observed_adsb,ca_ekf,prior,adsb_scoring_proxy,95,1,7.719817020755,5.90939617961428,14.1583121999289,2.77321320183123,2.02533994565912,4.86720453767942,NaN,NaN,NaN,0,0
real_adsb,random_dropout_10,stage4B_3Day_nohup_20260819T132526Z_w114_20260821T215740Z::a6f5fc::20260821T215913__random_dropout_10,stage4B_3Day_nohup_20260819T132526Z_w114_20260821T215740Z::a6f5fc::20260821T215913,observed_adsb,ca_ekf,posterior,adsb_scoring_proxy,95,1,7.719817020755,5.90939617961428,14.1583121999289,2.77321320183123,2.02533994565912,4.86720453767942,NaN,NaN,NaN,0,0
real_adsb,random_dropout_10,stage4B_3Day_nohup_20260819T132526Z_w114_20260821T215740Z::a6f5fc::20260821T215913__random_dropout_10,stage4B_3Day_nohup_20260819T132526Z_w114_20260821T215740Z::a6f5fc::20260821T215913,observed_adsb,ct_ekf,prior,adsb_scoring_proxy,95,1,7.55532961328552,5.74753598065482,13.6477287989135,2.54050218733439,1.9969261019497,4.38833680195631,NaN,NaN,NaN,0,0
real_adsb,random_dropout_10,stage4B_3Day_nohup_20260819T132526Z_w114_20260821T215740Z::a6f5fc::20260821T215913__random_dropout_10,stage4B_3Day_nohup_20260819T132526Z_w114_20260821T215740Z::a6f5fc::20260821T215913,observed_adsb,ct_ekf,posterior,adsb_scoring_proxy,95,1,7.55532961328552,5.74753598065482,13.6477287989135,2.54050218733439,1.9969261019497,4.38833680195631,NaN,NaN,NaN,0,0
real_adsb,random_dropout_10,stage4B_3Day_nohup_20260819T132526Z_w114_20260821T215740Z::a6f5fc::20260821T215913__random_dropout_10,stage4B_3Day_nohup_20260819T132526Z_w114_20260821T215740Z::a6f5fc::20260821T215913,observed_adsb,native_imm,prior,adsb_scoring_proxy,95,1,6.30243289840749,5.3829813194895,11.7592491318276,2.50948367218985,2.12554208439633,4.66913304471835,NaN,NaN,NaN,0,0
real_adsb,random_dropout_10,stage4B_3Day_nohup_20260819T132526Z_w114_20260821T215740Z::a6f5fc::20260821T215913__random_dropout_10,stage4B_3Day_nohup_20260819T132526Z_w114_20260821T215740Z::a6f5fc::20260821T215913,observed_adsb,native_imm,posterior,adsb_scoring_proxy,95,1,6.30243289840749,5.3829813194895,11.7592491318276,2.50948367218985,2.12554208439633,4.66913304471835,NaN,NaN,NaN,0,0
real_adsb,random_dropout_10,stage4B_3Day_nohup_20260819T132526Z_w114_20260821T215740Z::a6f5fc::20260821T215913__random_dropout_10,stage4B_3Day_nohup_20260819T132526Z_w114_20260821T215740Z::a6f5fc::20260821T215913,observed_adsb,warm_ukf,prior,adsb_scoring_proxy,95,1,218.665007842914,21.9875797307058,61.5142452863292,10.3007112039821,8.27525608669448,19.9500150981622,NaN,NaN,NaN,0,0
real_adsb,random_dropout_10,stage4B_3Day_nohup_20260819T132526Z_w114_20260821T215740Z::a6f5fc::20260821T215913__random_dropout_10,stage4B_3Day_nohup_20260819T132526Z_w114_20260821T215740Z::a6f5fc::20260821T215913,observed_adsb,warm_ukf,posterior,adsb_scoring_proxy,95,1,218.665007842914,21.9875797307058,61.5142452863292,10.3007112039821,8.27525608669448,19.9500150981622,NaN,NaN,NaN,0,0
real_adsb,random_dropout_25,stage4B_3Day_nohup_20260819T132526Z_w114_20260821T215740Z::a6f5fc::20260821T215913__random_dropout_25,stage4B_3Day_nohup_20260819T132526Z_w114_20260821T215740Z::a6f5fc::20260821T215913,observed_adsb,cv_ekf,prior,adsb_scoring_proxy,95,1,7.59864070525758,5.74066920904266,12.5370258686933,2.54417461599765,2.01016233846728,4.4764736753604,NaN,NaN,NaN,0,0
real_adsb,random_dropout_25,stage4B_3Day_nohup_20260819T132526Z_w114_20260821T215740Z::a6f5fc::20260821T215913__random_dropout_25,stage4B_3Day_nohup_20260819T132526Z_w114_20260821T215740Z::a6f5fc::20260821T215913,observed_adsb,cv_ekf,posterior,adsb_scoring_proxy,95,1,7.59864070525758,5.74066920904266,12.5370258686933,2.54417461599765,2.01016233846728,4.4764736753604,NaN,NaN,NaN,0,0
real_adsb,random_dropout_25,stage4B_3Day_nohup_20260819T132526Z_w114_20260821T215740Z::a6f5fc::20260821T215913__random_dropout_25,stage4B_3Day_nohup_20260819T132526Z_w114_20260821T215740Z::a6f5fc::20260821T215913,observed_adsb,ca_ekf,prior,adsb_scoring_proxy,95,1,8.01049506095159,5.74295229056063,16.0089761551556,2.79567656150557,1.96689740587451,4.84683046572998,NaN,NaN,NaN,0,0
real_adsb,random_dropout_25,stage4B_3Day_nohup_20260819T132526Z_w114_20260821T215740Z::a6f5fc::20260821T215913__random_dropout_25,stage4B_3Day_nohup_20260819T132526Z_w114_20260821T215740Z::a6f5fc::20260821T215913,observed_adsb,ca_ekf,posterior,adsb_scoring_proxy,95,1,8.01049506095159,5.74295229056063,16.0089761551556,2.79567656150557,1.96689740587451,4.84683046572998,NaN,NaN,NaN,0,0
real_adsb,random_dropout_25,stage4B_3Day_nohup_20260819T132526Z_w114_20260821T215740Z::a6f5fc::20260821T215913__random_dropout_25,stage4B_3Day_nohup_20260819T132526Z_w114_20260821T215740Z::a6f5fc::20260821T215913,observed_adsb,ct_ekf,prior,adsb_scoring_proxy,95,1,7.68467815912674,5.75715738213323,12.9913927130209,2.54457011949795,2.02007630960349,4.46781533719959,NaN,NaN,NaN,0,0
real_adsb,random_dropout_25,stage4B_3Day_nohup_20260819T132526Z_w114_20260821T215740Z::a6f5fc::20260821T215913__random_dropout_25,stage4B_3Day_nohup_20260819T132526Z_w114_20260821T215740Z::a6f5fc::20260821T215913,observed_adsb,ct_ekf,posterior,adsb_scoring_proxy,95,1,7.68467815912674,5.75715738213323,12.9913927130209,2.54457011949795,2.02007630960349,4.46781533719959,NaN,NaN,NaN,0,0
real_adsb,random_dropout_25,stage4B_3Day_nohup_20260819T132526Z_w114_20260821T215740Z::a6f5fc::20260821T215913__random_dropout_25,stage4B_3Day_nohup_20260819T132526Z_w114_20260821T215740Z::a6f5fc::20260821T215913,observed_adsb,native_imm,prior,adsb_scoring_proxy,95,1,6.6364732318437,5.32309444176127,12.1221942445862,2.5757976972954,2.11695721011638,4.69390071204028,NaN,NaN,NaN,0,0
real_adsb,random_dropout_25,stage4B_3Day_nohup_20260819T132526Z_w114_20260821T215740Z::a6f5fc::20260821T215913__random_dropout_25,stage4B_3Day_nohup_20260819T132526Z_w114_20260821T215740Z::a6f5fc::20260821T215913,observed_adsb,native_imm,posterior,adsb_scoring_proxy,95,1,6.6364732318437,5.32309444176127,12.1221942445862,2.5757976972954,2.11695721011638,4.69390071204028,NaN,NaN,NaN,0,0
real_adsb,random_dropout_25,stage4B_3Day_nohup_20260819T132526Z_w114_20260821T215740Z::a6f5fc::20260821T215913__random_dropout_25,stage4B_3Day_nohup_20260819T132526Z_w114_20260821T215740Z::a6f5fc::20260821T215913,observed_adsb,warm_ukf,prior,adsb_scoring_proxy,95,1,169.06395157693,23.6163133469212,111.450271563686,12.3934251741406,11.6253965549924,19.6954303533315,NaN,NaN,NaN,0,0
real_adsb,random_dropout_25,stage4B_3Day_nohup_20260819T132526Z_w114_20260821T215740Z::a6f5fc::20260821T215913__random_dropout_25,stage4B_3Day_nohup_20260819T132526Z_w114_20260821T215740Z::a6f5fc::20260821T215913,observed_adsb,warm_ukf,posterior,adsb_scoring_proxy,95,1,169.06395157693,23.6163133469212,111.450271563686,12.3934251741406,11.6253965549924,19.6954303533315,NaN,NaN,NaN,0,0
real_adsb,burst_outage,stage4B_3Day_nohup_20260819T132526Z_w114_20260821T215740Z::a6f5fc::20260821T215913__burst_outage,stage4B_3Day_nohup_20260819T132526Z_w114_20260821T215740Z::a6f5fc::20260821T215913,observed_adsb,cv_ekf,prior,adsb_scoring_proxy,95,1,89.7196616843271,5.92702463243875,257.188502390715,2.79137099204385,2.32044454322746,4.68153273031606,NaN,NaN,NaN,0,0
real_adsb,burst_outage,stage4B_3Day_nohup_20260819T132526Z_w114_20260821T215740Z::a6f5fc::20260821T215913__burst_outage,stage4B_3Day_nohup_20260819T132526Z_w114_20260821T215740Z::a6f5fc::20260821T215913,observed_adsb,cv_ekf,posterior,adsb_scoring_proxy,95,1,89.7196616843271,5.92702463243875,257.188502390715,2.79137099204385,2.32044454322746,4.68153273031606,NaN,NaN,NaN,0,0
real_adsb,burst_outage,stage4B_3Day_nohup_20260819T132526Z_w114_20260821T215740Z::a6f5fc::20260821T215913__burst_outage,stage4B_3Day_nohup_20260819T132526Z_w114_20260821T215740Z::a6f5fc::20260821T215913,observed_adsb,ca_ekf,prior,adsb_scoring_proxy,95,1,173.550824450012,5.75694646514364,484.379315942116,4.20591660224552,2.26389779145677,9.2625476974512,NaN,NaN,NaN,0,0
real_adsb,burst_outage,stage4B_3Day_nohup_20260819T132526Z_w114_20260821T215740Z::a6f5fc::20260821T215913__burst_outage,stage4B_3Day_nohup_20260819T132526Z_w114_20260821T215740Z::a6f5fc::20260821T215913,observed_adsb,ca_ekf,posterior,adsb_scoring_proxy,95,1,173.550824450012,5.75694646514364,484.379315942116,4.20591660224552,2.26389779145677,9.2625476974512,NaN,NaN,NaN,0,0
real_adsb,burst_outage,stage4B_3Day_nohup_20260819T132526Z_w114_20260821T215740Z::a6f5fc::20260821T215913__burst_outage,stage4B_3Day_nohup_20260819T132526Z_w114_20260821T215740Z::a6f5fc::20260821T215913,observed_adsb,ct_ekf,prior,adsb_scoring_proxy,95,1,89.2498756263748,5.93192451065887,255.86262334067,2.78668177945247,2.33178091902838,4.66200791342761,NaN,NaN,NaN,0,0
real_adsb,burst_outage,stage4B_3Day_nohup_20260819T132526Z_w114_20260821T215740Z::a6f5fc::20260821T215913__burst_outage,stage4B_3Day_nohup_20260819T132526Z_w114_20260821T215740Z::a6f5fc::20260821T215913,observed_adsb,ct_ekf,posterior,adsb_scoring_proxy,95,1,89.2498756263748,5.93192451065887,255.86262334067,2.78668177945247,2.33178091902838,4.66200791342761,NaN,NaN,NaN,0,0
real_adsb,burst_outage,stage4B_3Day_nohup_20260819T132526Z_w114_20260821T215740Z::a6f5fc::20260821T215913__burst_outage,stage4B_3Day_nohup_20260819T132526Z_w114_20260821T215740Z::a6f5fc::20260821T215913,observed_adsb,native_imm,prior,adsb_scoring_proxy,95,1,92.049856142793,5.7026282965004,263.64900423192,2.82069989122389,2.26929268841887,4.81054325477174,NaN,NaN,NaN,0,0
real_adsb,burst_outage,stage4B_3Day_nohup_20260819T132526Z_w114_20260821T215740Z::a6f5fc::20260821T215913__burst_outage,stage4B_3Day_nohup_20260819T132526Z_w114_20260821T215740Z::a6f5fc::20260821T215913,observed_adsb,native_imm,posterior,adsb_scoring_proxy,95,1,92.049856142793,5.7026282965004,263.64900423192,2.82069989122389,2.26929268841887,4.81054325477174,NaN,NaN,NaN,0,0
real_adsb,burst_outage,stage4B_3Day_nohup_20260819T132526Z_w114_20260821T215740Z::a6f5fc::20260821T215913__burst_outage,stage4B_3Day_nohup_20260819T132526Z_w114_20260821T215740Z::a6f5fc::20260821T215913,observed_adsb,warm_ukf,prior,adsb_scoring_proxy,95,1,7329.50573866796,32.0083044988184,23278.3827747245,34.0071720564829,14.367212934415,80.0447921326931,NaN,NaN,NaN,0,0
real_adsb,burst_outage,stage4B_3Day_nohup_20260819T132526Z_w114_20260821T215740Z::a6f5fc::20260821T215913__burst_outage,stage4B_3Day_nohup_20260819T132526Z_w114_20260821T215740Z::a6f5fc::20260821T215913,observed_adsb,warm_ukf,posterior,adsb_scoring_proxy,95,1,7329.50573866796,32.0083044988184,23278.3827747245,34.0071720564829,14.367212934415,80.0447921326931,NaN,NaN,NaN,0,0
real_adsb,baseline,stage4B_3Day_nohup_20260819T132526Z_w125_20260822T032740Z::a3c8d1::20260822T033038__baseline,stage4B_3Day_nohup_20260819T132526Z_w125_20260822T032740Z::a3c8d1::20260822T033038,observed_adsb,cv_ekf,prior,adsb_scoring_proxy,93,1,25.1756954076252,7.67783963046419,38.8614741597947,4.00036243314062,1.72107315194583,11.0785030752162,NaN,NaN,NaN,0,0
real_adsb,baseline,stage4B_3Day_nohup_20260819T132526Z_w125_20260822T032740Z::a3c8d1::20260822T033038__baseline,stage4B_3Day_nohup_20260819T132526Z_w125_20260822T032740Z::a3c8d1::20260822T033038,observed_adsb,cv_ekf,posterior,adsb_scoring_proxy,93,1,25.1756954076252,7.67783963046419,38.8614741597947,4.00036243314062,1.72107315194583,11.0785030752162,NaN,NaN,NaN,0,0
real_adsb,baseline,stage4B_3Day_nohup_20260819T132526Z_w125_20260822T032740Z::a3c8d1::20260822T033038__baseline,stage4B_3Day_nohup_20260819T132526Z_w125_20260822T032740Z::a3c8d1::20260822T033038,observed_adsb,ca_ekf,prior,adsb_scoring_proxy,93,1,24.7702575219181,6.72768270024185,16.0742389009143,2.82785825656315,1.83050068992991,6.21734526802646,NaN,NaN,NaN,0,0
real_adsb,baseline,stage4B_3Day_nohup_20260819T132526Z_w125_20260822T032740Z::a3c8d1::20260822T033038__baseline,stage4B_3Day_nohup_20260819T132526Z_w125_20260822T032740Z::a3c8d1::20260822T033038,observed_adsb,ca_ekf,posterior,adsb_scoring_proxy,93,1,24.7702575219181,6.72768270024185,16.0742389009143,2.82785825656315,1.83050068992991,6.21734526802646,NaN,NaN,NaN,0,0
real_adsb,baseline,stage4B_3Day_nohup_20260819T132526Z_w125_20260822T032740Z::a3c8d1::20260822T033038__baseline,stage4B_3Day_nohup_20260819T132526Z_w125_20260822T032740Z::a3c8d1::20260822T033038,observed_adsb,ct_ekf,prior,adsb_scoring_proxy,93,1,25.2737171256319,7.70079758667668,37.8383368741341,3.93742473595971,1.64425481119116,10.7460655428817,NaN,NaN,NaN,0,0
real_adsb,baseline,stage4B_3Day_nohup_20260819T132526Z_w125_20260822T032740Z::a3c8d1::20260822T033038__baseline,stage4B_3Day_nohup_20260819T132526Z_w125_20260822T032740Z::a3c8d1::20260822T033038,observed_adsb,ct_ekf,posterior,adsb_scoring_proxy,93,1,25.2737171256319,7.70079758667668,37.8383368741341,3.93742473595971,1.64425481119116,10.7460655428817,NaN,NaN,NaN,0,0
real_adsb,baseline,stage4B_3Day_nohup_20260819T132526Z_w125_20260822T032740Z::a3c8d1::20260822T033038__baseline,stage4B_3Day_nohup_20260819T132526Z_w125_20260822T032740Z::a3c8d1::20260822T033038,observed_adsb,native_imm,prior,adsb_scoring_proxy,93,1,22.4304088090579,7.09051670416766,14.6770783404179,2.54064492929647,1.69856916060168,5.43723767734563,NaN,NaN,NaN,0,0
real_adsb,baseline,stage4B_3Day_nohup_20260819T132526Z_w125_20260822T032740Z::a3c8d1::20260822T033038__baseline,stage4B_3Day_nohup_20260819T132526Z_w125_20260822T032740Z::a3c8d1::20260822T033038,observed_adsb,native_imm,posterior,adsb_scoring_proxy,93,1,22.4304088090579,7.09051670416766,14.6770783404179,2.54064492929647,1.69856916060168,5.43723767734563,NaN,NaN,NaN,0,0
real_adsb,baseline,stage4B_3Day_nohup_20260819T132526Z_w125_20260822T032740Z::a3c8d1::20260822T033038__baseline,stage4B_3Day_nohup_20260819T132526Z_w125_20260822T032740Z::a3c8d1::20260822T033038,observed_adsb,warm_ukf,prior,adsb_scoring_proxy,93,1,136.512766135847,19.993195983962,201.400666173195,9.75641855404572,8.39867143531188,17.0217987722627,NaN,NaN,NaN,0,0
real_adsb,baseline,stage4B_3Day_nohup_20260819T132526Z_w125_20260822T032740Z::a3c8d1::20260822T033038__baseline,stage4B_3Day_nohup_20260819T132526Z_w125_20260822T032740Z::a3c8d1::20260822T033038,observed_adsb,warm_ukf,posterior,adsb_scoring_proxy,93,1,136.512766135847,19.993195983962,201.400666173195,9.75641855404572,8.39867143531188,17.0217987722627,NaN,NaN,NaN,0,0
real_adsb,random_dropout_10,stage4B_3Day_nohup_20260819T132526Z_w125_20260822T032740Z::a3c8d1::20260822T033038__random_dropout_10,stage4B_3Day_nohup_20260819T132526Z_w125_20260822T032740Z::a3c8d1::20260822T033038,observed_adsb,cv_ekf,prior,adsb_scoring_proxy,93,1,25.7992752180043,8.0159422024158,39.7438484035345,4.12861099907878,1.70746407826167,12.1183125742468,NaN,NaN,NaN,0,0
real_adsb,random_dropout_10,stage4B_3Day_nohup_20260819T132526Z_w125_20260822T032740Z::a3c8d1::20260822T033038__random_dropout_10,stage4B_3Day_nohup_20260819T132526Z_w125_20260822T032740Z::a3c8d1::20260822T033038,observed_adsb,cv_ekf,posterior,adsb_scoring_proxy,93,1,25.7992752180043,8.0159422024158,39.7438484035345,4.12861099907878,1.70746407826167,12.1183125742468,NaN,NaN,NaN,0,0
real_adsb,random_dropout_10,stage4B_3Day_nohup_20260819T132526Z_w125_20260822T032740Z::a3c8d1::20260822T033038__random_dropout_10,stage4B_3Day_nohup_20260819T132526Z_w125_20260822T032740Z::a3c8d1::20260822T033038,observed_adsb,ca_ekf,prior,adsb_scoring_proxy,93,1,24.2459760780776,6.88086331404249,16.6741082243469,2.88080459405343,1.80569169936543,6.54086549749676,NaN,NaN,NaN,0,0
real_adsb,random_dropout_10,stage4B_3Day_nohup_20260819T132526Z_w125_20260822T032740Z::a3c8d1::20260822T033038__random_dropout_10,stage4B_3Day_nohup_20260819T132526Z_w125_20260822T032740Z::a3c8d1::20260822T033038,observed_adsb,ca_ekf,posterior,adsb_scoring_proxy,93,1,24.2459760780776,6.88086331404249,16.6741082243469,2.88080459405343,1.80569169936543,6.54086549749676,NaN,NaN,NaN,0,0
real_adsb,random_dropout_10,stage4B_3Day_nohup_20260819T132526Z_w125_20260822T032740Z::a3c8d1::20260822T033038__random_dropout_10,stage4B_3Day_nohup_20260819T132526Z_w125_20260822T032740Z::a3c8d1::20260822T033038,observed_adsb,ct_ekf,prior,adsb_scoring_proxy,93,1,25.7455338806918,8.09994014045478,39.1615908462757,4.06272476943006,1.68599628243444,11.9352601149545,NaN,NaN,NaN,0,0
real_adsb,random_dropout_10,stage4B_3Day_nohup_20260819T132526Z_w125_20260822T032740Z::a3c8d1::20260822T033038__random_dropout_10,stage4B_3Day_nohup_20260819T132526Z_w125_20260822T032740Z::a3c8d1::20260822T033038,observed_adsb,ct_ekf,posterior,adsb_scoring_proxy,93,1,25.7455338806918,8.09994014045478,39.1615908462757,4.06272476943006,1.68599628243444,11.9352601149545,NaN,NaN,NaN,0,0
real_adsb,random_dropout_10,stage4B_3Day_nohup_20260819T132526Z_w125_20260822T032740Z::a3c8d1::20260822T033038__random_dropout_10,stage4B_3Day_nohup_20260819T132526Z_w125_20260822T032740Z::a3c8d1::20260822T033038,observed_adsb,native_imm,prior,adsb_scoring_proxy,93,1,22.2136213958013,7.32287672432315,16.4547588705487,2.5644124750447,1.67510808893473,5.43342256966279,NaN,NaN,NaN,0,0
real_adsb,random_dropout_10,stage4B_3Day_nohup_20260819T132526Z_w125_20260822T032740Z::a3c8d1::20260822T033038__random_dropout_10,stage4B_3Day_nohup_20260819T132526Z_w125_20260822T032740Z::a3c8d1::20260822T033038,observed_adsb,native_imm,posterior,adsb_scoring_proxy,93,1,22.2136213958013,7.32287672432315,16.4547588705487,2.5644124750447,1.67510808893473,5.43342256966279,NaN,NaN,NaN,0,0
real_adsb,random_dropout_10,stage4B_3Day_nohup_20260819T132526Z_w125_20260822T032740Z::a3c8d1::20260822T033038__random_dropout_10,stage4B_3Day_nohup_20260819T132526Z_w125_20260822T032740Z::a3c8d1::20260822T033038,observed_adsb,warm_ukf,prior,adsb_scoring_proxy,93,1,297.245568532952,22.7264322876779,611.728571405016,12.4315629309271,11.1825277334217,18.304778478,NaN,NaN,NaN,0,0
real_adsb,random_dropout_10,stage4B_3Day_nohup_20260819T132526Z_w125_20260822T032740Z::a3c8d1::20260822T033038__random_dropout_10,stage4B_3Day_nohup_20260819T132526Z_w125_20260822T032740Z::a3c8d1::20260822T033038,observed_adsb,warm_ukf,posterior,adsb_scoring_proxy,93,1,297.245568532952,22.7264322876779,611.728571405016,12.4315629309271,11.1825277334217,18.304778478,NaN,NaN,NaN,0,0
real_adsb,random_dropout_25,stage4B_3Day_nohup_20260819T132526Z_w125_20260822T032740Z::a3c8d1::20260822T033038__random_dropout_25,stage4B_3Day_nohup_20260819T132526Z_w125_20260822T032740Z::a3c8d1::20260822T033038,observed_adsb,cv_ekf,prior,adsb_scoring_proxy,93,1,27.2010513344902,7.36666796993216,47.737359261968,4.45732733711599,1.63768428513907,12.0675628794384,NaN,NaN,NaN,0,0
real_adsb,random_dropout_25,stage4B_3Day_nohup_20260819T132526Z_w125_20260822T032740Z::a3c8d1::20260822T033038__random_dropout_25,stage4B_3Day_nohup_20260819T132526Z_w125_20260822T032740Z::a3c8d1::20260822T033038,observed_adsb,cv_ekf,posterior,adsb_scoring_proxy,93,1,27.2010513344902,7.36666796993216,47.737359261968,4.45732733711599,1.63768428513907,12.0675628794384,NaN,NaN,NaN,0,0
real_adsb,random_dropout_25,stage4B_3Day_nohup_20260819T132526Z_w125_20260822T032740Z::a3c8d1::20260822T033038__random_dropout_25,stage4B_3Day_nohup_20260819T132526Z_w125_20260822T032740Z::a3c8d1::20260822T033038,observed_adsb,ca_ekf,prior,adsb_scoring_proxy,93,1,23.7120401483206,6.66881333415534,16.4424093043756,2.94922761346082,1.82997913962763,6.82706663917389,NaN,NaN,NaN,0,0
real_adsb,random_dropout_25,stage4B_3Day_nohup_20260819T132526Z_w125_20260822T032740Z::a3c8d1::20260822T033038__random_dropout_25,stage4B_3Day_nohup_20260819T132526Z_w125_20260822T032740Z::a3c8d1::20260822T033038,observed_adsb,ca_ekf,posterior,adsb_scoring_proxy,93,1,23.7120401483206,6.66881333415534,16.4424093043756,2.94922761346082,1.82997913962763,6.82706663917389,NaN,NaN,NaN,0,0
real_adsb,random_dropout_25,stage4B_3Day_nohup_20260819T132526Z_w125_20260822T032740Z::a3c8d1::20260822T033038__random_dropout_25,stage4B_3Day_nohup_20260819T132526Z_w125_20260822T032740Z::a3c8d1::20260822T033038,observed_adsb,ct_ekf,prior,adsb_scoring_proxy,93,1,27.1848601418763,7.58973457467859,47.0738432860986,4.38413647701166,1.64409539471836,11.8813577912097,NaN,NaN,NaN,0,0
real_adsb,random_dropout_25,stage4B_3Day_nohup_20260819T132526Z_w125_20260822T032740Z::a3c8d1::20260822T033038__random_dropout_25,stage4B_3Day_nohup_20260819T132526Z_w125_20260822T032740Z::a3c8d1::20260822T033038,observed_adsb,ct_ekf,posterior,adsb_scoring_proxy,93,1,27.1848601418763,7.58973457467859,47.0738432860986,4.38413647701166,1.64409539471836,11.8813577912097,NaN,NaN,NaN,0,0
real_adsb,random_dropout_25,stage4B_3Day_nohup_20260819T132526Z_w125_20260822T032740Z::a3c8d1::20260822T033038__random_dropout_25,stage4B_3Day_nohup_20260819T132526Z_w125_20260822T032740Z::a3c8d1::20260822T033038,observed_adsb,native_imm,prior,adsb_scoring_proxy,93,1,22.5951661783559,7.36222744026233,17.4336064721388,2.58015074716249,1.67209471019254,5.35933263488942,NaN,NaN,NaN,0,0
real_adsb,random_dropout_25,stage4B_3Day_nohup_20260819T132526Z_w125_20260822T032740Z::a3c8d1::20260822T033038__random_dropout_25,stage4B_3Day_nohup_20260819T132526Z_w125_20260822T032740Z::a3c8d1::20260822T033038,observed_adsb,native_imm,posterior,adsb_scoring_proxy,93,1,22.5951661783559,7.36222744026233,17.4336064721388,2.58015074716249,1.67209471019254,5.35933263488942,NaN,NaN,NaN,0,0
real_adsb,random_dropout_25,stage4B_3Day_nohup_20260819T132526Z_w125_20260822T032740Z::a3c8d1::20260822T033038__random_dropout_25,stage4B_3Day_nohup_20260819T132526Z_w125_20260822T032740Z::a3c8d1::20260822T033038,observed_adsb,warm_ukf,prior,adsb_scoring_proxy,93,1,87.3135528715719,22.4415164672202,133.061926281526,9.92543551238967,8.31145756615695,16.8450723154763,NaN,NaN,NaN,0,0
real_adsb,random_dropout_25,stage4B_3Day_nohup_20260819T132526Z_w125_20260822T032740Z::a3c8d1::20260822T033038__random_dropout_25,stage4B_3Day_nohup_20260819T132526Z_w125_20260822T032740Z::a3c8d1::20260822T033038,observed_adsb,warm_ukf,posterior,adsb_scoring_proxy,93,1,87.3135528715719,22.4415164672202,133.061926281526,9.92543551238967,8.31145756615695,16.8450723154763,NaN,NaN,NaN,0,0
real_adsb,burst_outage,stage4B_3Day_nohup_20260819T132526Z_w125_20260822T032740Z::a3c8d1::20260822T033038__burst_outage,stage4B_3Day_nohup_20260819T132526Z_w125_20260822T032740Z::a3c8d1::20260822T033038,observed_adsb,cv_ekf,prior,adsb_scoring_proxy,93,1,186.176525935576,8.7287217096245,390.48919711557,12.2641751871556,1.84407146356688,38.8503038620038,NaN,NaN,NaN,0,0
real_adsb,burst_outage,stage4B_3Day_nohup_20260819T132526Z_w125_20260822T032740Z::a3c8d1::20260822T033038__burst_outage,stage4B_3Day_nohup_20260819T132526Z_w125_20260822T032740Z::a3c8d1::20260822T033038,observed_adsb,cv_ekf,posterior,adsb_scoring_proxy,93,1,186.176525935576,8.7287217096245,390.48919711557,12.2641751871556,1.84407146356688,38.8503038620038,NaN,NaN,NaN,0,0
real_adsb,burst_outage,stage4B_3Day_nohup_20260819T132526Z_w125_20260822T032740Z::a3c8d1::20260822T033038__burst_outage,stage4B_3Day_nohup_20260819T132526Z_w125_20260822T032740Z::a3c8d1::20260822T033038,observed_adsb,ca_ekf,prior,adsb_scoring_proxy,93,1,158.922401683973,7.20321266471657,310.021018740141,10.9602861390449,1.80445312443913,35.553095925086,NaN,NaN,NaN,0,0
real_adsb,burst_outage,stage4B_3Day_nohup_20260819T132526Z_w125_20260822T032740Z::a3c8d1::20260822T033038__burst_outage,stage4B_3Day_nohup_20260819T132526Z_w125_20260822T032740Z::a3c8d1::20260822T033038,observed_adsb,ca_ekf,posterior,adsb_scoring_proxy,93,1,158.922401683973,7.20321266471657,310.021018740141,10.9602861390449,1.80445312443913,35.553095925086,NaN,NaN,NaN,0,0
real_adsb,burst_outage,stage4B_3Day_nohup_20260819T132526Z_w125_20260822T032740Z::a3c8d1::20260822T033038__burst_outage,stage4B_3Day_nohup_20260819T132526Z_w125_20260822T032740Z::a3c8d1::20260822T033038,observed_adsb,ct_ekf,prior,adsb_scoring_proxy,93,1,177.860576161741,8.97201340857118,366.802266982581,11.8998251093267,1.84121006113979,37.7781822391151,NaN,NaN,NaN,0,0
real_adsb,burst_outage,stage4B_3Day_nohup_20260819T132526Z_w125_20260822T032740Z::a3c8d1::20260822T033038__burst_outage,stage4B_3Day_nohup_20260819T132526Z_w125_20260822T032740Z::a3c8d1::20260822T033038,observed_adsb,ct_ekf,posterior,adsb_scoring_proxy,93,1,177.860576161741,8.97201340857118,366.802266982581,11.8998251093267,1.84121006113979,37.7781822391151,NaN,NaN,NaN,0,0
real_adsb,burst_outage,stage4B_3Day_nohup_20260819T132526Z_w125_20260822T032740Z::a3c8d1::20260822T033038__burst_outage,stage4B_3Day_nohup_20260819T132526Z_w125_20260822T032740Z::a3c8d1::20260822T033038,observed_adsb,native_imm,prior,adsb_scoring_proxy,93,1,182.609017179305,8.60946078741049,380.904765130172,11.8516108973914,1.73430534808848,38.1929810928494,NaN,NaN,NaN,0,0
real_adsb,burst_outage,stage4B_3Day_nohup_20260819T132526Z_w125_20260822T032740Z::a3c8d1::20260822T033038__burst_outage,stage4B_3Day_nohup_20260819T132526Z_w125_20260822T032740Z::a3c8d1::20260822T033038,observed_adsb,native_imm,posterior,adsb_scoring_proxy,93,1,182.609017179305,8.60946078741049,380.904765130172,11.8516108973914,1.73430534808848,38.1929810928494,NaN,NaN,NaN,0,0
real_adsb,burst_outage,stage4B_3Day_nohup_20260819T132526Z_w125_20260822T032740Z::a3c8d1::20260822T033038__burst_outage,stage4B_3Day_nohup_20260819T132526Z_w125_20260822T032740Z::a3c8d1::20260822T033038,observed_adsb,warm_ukf,prior,adsb_scoring_proxy,93,1,2202.04527249373,24.1229746930586,8332.84413876662,31.5296241920376,8.32784247485192,101.413077071515,NaN,NaN,NaN,0,0
real_adsb,burst_outage,stage4B_3Day_nohup_20260819T132526Z_w125_20260822T032740Z::a3c8d1::20260822T033038__burst_outage,stage4B_3Day_nohup_20260819T132526Z_w125_20260822T032740Z::a3c8d1::20260822T033038,observed_adsb,warm_ukf,posterior,adsb_scoring_proxy,93,1,2202.04527249373,24.1229746930586,8332.84413876662,31.5296241920376,8.32784247485192,101.413077071515,NaN,NaN,NaN,0,0
real_adsb,baseline,stage4B_3Day_nohup_20260819T132526Z_w019_20260819T222740Z::a3db0c::20260819T223301__baseline,stage4B_3Day_nohup_20260819T132526Z_w019_20260819T222740Z::a3db0c::20260819T223301,observed_adsb,cv_ekf,prior,adsb_scoring_proxy,93,1,8.85564391361569,4.9856625155017,21.7421730596859,2.75778004922551,1.02621833105968,6.24861056929166,NaN,NaN,NaN,0,0
real_adsb,baseline,stage4B_3Day_nohup_20260819T132526Z_w019_20260819T222740Z::a3db0c::20260819T223301__baseline,stage4B_3Day_nohup_20260819T132526Z_w019_20260819T222740Z::a3db0c::20260819T223301,observed_adsb,cv_ekf,posterior,adsb_scoring_proxy,93,1,8.85564391361569,4.9856625155017,21.7421730596859,2.75778004922551,1.02621833105968,6.24861056929166,NaN,NaN,NaN,0,0
real_adsb,baseline,stage4B_3Day_nohup_20260819T132526Z_w019_20260819T222740Z::a3db0c::20260819T223301__baseline,stage4B_3Day_nohup_20260819T132526Z_w019_20260819T222740Z::a3db0c::20260819T223301,observed_adsb,ca_ekf,prior,adsb_scoring_proxy,93,1,5.01887816712578,4.13019814537571,7.85994980314675,1.73032493145351,0.994293597204512,2.93940507361375,NaN,NaN,NaN,0,0
real_adsb,baseline,stage4B_3Day_nohup_20260819T132526Z_w019_20260819T222740Z::a3db0c::20260819T223301__baseline,stage4B_3Day_nohup_20260819T132526Z_w019_20260819T222740Z::a3db0c::20260819T223301,observed_adsb,ca_ekf,posterior,adsb_scoring_proxy,93,1,5.01887816712578,4.13019814537571,7.85994980314675,1.73032493145351,0.994293597204512,2.93940507361375,NaN,NaN,NaN,0,0
real_adsb,baseline,stage4B_3Day_nohup_20260819T132526Z_w019_20260819T222740Z::a3db0c::20260819T223301__baseline,stage4B_3Day_nohup_20260819T132526Z_w019_20260819T222740Z::a3db0c::20260819T223301,observed_adsb,ct_ekf,prior,adsb_scoring_proxy,93,1,8.86513042958298,5.02152472979896,21.679169008865,2.75511109971998,1.0357865969688,6.18348526363236,NaN,NaN,NaN,0,0
real_adsb,baseline,stage4B_3Day_nohup_20260819T132526Z_w019_20260819T222740Z::a3db0c::20260819T223301__baseline,stage4B_3Day_nohup_20260819T132526Z_w019_20260819T222740Z::a3db0c::20260819T223301,observed_adsb,ct_ekf,posterior,adsb_scoring_proxy,93,1,8.86513042958298,5.02152472979896,21.679169008865,2.75511109971998,1.0357865969688,6.18348526363236,NaN,NaN,NaN,0,0
real_adsb,baseline,stage4B_3Day_nohup_20260819T132526Z_w019_20260819T222740Z::a3db0c::20260819T223301__baseline,stage4B_3Day_nohup_20260819T132526Z_w019_20260819T222740Z::a3db0c::20260819T223301,observed_adsb,native_imm,prior,adsb_scoring_proxy,93,1,6.41782914657711,4.48083321768595,14.0418472586206,1.88407859030388,0.929389192153854,4.48279798536886,NaN,NaN,NaN,0,0
real_adsb,baseline,stage4B_3Day_nohup_20260819T132526Z_w019_20260819T222740Z::a3db0c::20260819T223301__baseline,stage4B_3Day_nohup_20260819T132526Z_w019_20260819T222740Z::a3db0c::20260819T223301,observed_adsb,native_imm,posterior,adsb_scoring_proxy,93,1,6.41782914657711,4.48083321768595,14.0418472586206,1.88407859030388,0.929389192153854,4.48279798536886,NaN,NaN,NaN,0,0
real_adsb,baseline,stage4B_3Day_nohup_20260819T132526Z_w019_20260819T222740Z::a3db0c::20260819T223301__baseline,stage4B_3Day_nohup_20260819T132526Z_w019_20260819T222740Z::a3db0c::20260819T223301,observed_adsb,warm_ukf,prior,adsb_scoring_proxy,93,1,60.9874907462796,16.1750473350762,47.9725542225743,6.35386240538027,5.22506488060396,11.5817648983082,NaN,NaN,NaN,0,0
real_adsb,baseline,stage4B_3Day_nohup_20260819T132526Z_w019_20260819T222740Z::a3db0c::20260819T223301__baseline,stage4B_3Day_nohup_20260819T132526Z_w019_20260819T222740Z::a3db0c::20260819T223301,observed_adsb,warm_ukf,posterior,adsb_scoring_proxy,93,1,60.9874907462796,16.1750473350762,47.9725542225743,6.35386240538027,5.22506488060396,11.5817648983082,NaN,NaN,NaN,0,0
real_adsb,random_dropout_10,stage4B_3Day_nohup_20260819T132526Z_w019_20260819T222740Z::a3db0c::20260819T223301__random_dropout_10,stage4B_3Day_nohup_20260819T132526Z_w019_20260819T222740Z::a3db0c::20260819T223301,observed_adsb,cv_ekf,prior,adsb_scoring_proxy,93,1,9.21437529010127,4.77069618650508,22.0613894729139,2.83335595193543,1.06976589299554,6.37289778155268,NaN,NaN,NaN,0,0
real_adsb,random_dropout_10,stage4B_3Day_nohup_20260819T132526Z_w019_20260819T222740Z::a3db0c::20260819T223301__random_dropout_10,stage4B_3Day_nohup_20260819T132526Z_w019_20260819T222740Z::a3db0c::20260819T223301,observed_adsb,cv_ekf,posterior,adsb_scoring_proxy,93,1,9.21437529010127,4.77069618650508,22.0613894729139,2.83335595193543,1.06976589299554,6.37289778155268,NaN,NaN,NaN,0,0
real_adsb,random_dropout_10,stage4B_3Day_nohup_20260819T132526Z_w019_20260819T222740Z::a3db0c::20260819T223301__random_dropout_10,stage4B_3Day_nohup_20260819T132526Z_w019_20260819T222740Z::a3db0c::20260819T223301,observed_adsb,ca_ekf,prior,adsb_scoring_proxy,93,1,5.19299130052826,4.23236231309241,8.92915144363827,1.8185172937938,1.01998028050102,2.87981005817494,NaN,NaN,NaN,0,0
real_adsb,random_dropout_10,stage4B_3Day_nohup_20260819T132526Z_w019_20260819T222740Z::a3db0c::20260819T223301__random_dropout_10,stage4B_3Day_nohup_20260819T132526Z_w019_20260819T222740Z::a3db0c::20260819T223301,observed_adsb,ca_ekf,posterior,adsb_scoring_proxy,93,1,5.19299130052826,4.23236231309241,8.92915144363827,1.8185172937938,1.01998028050102,2.87981005817494,NaN,NaN,NaN,0,0
real_adsb,random_dropout_10,stage4B_3Day_nohup_20260819T132526Z_w019_20260819T222740Z::a3db0c::20260819T223301__random_dropout_10,stage4B_3Day_nohup_20260819T132526Z_w019_20260819T222740Z::a3db0c::20260819T223301,observed_adsb,ct_ekf,prior,adsb_scoring_proxy,93,1,9.21915187830819,4.77220962373998,21.9179840385794,2.82985051578104,1.07801448043465,6.30820341651952,NaN,NaN,NaN,0,0
real_adsb,random_dropout_10,stage4B_3Day_nohup_20260819T132526Z_w019_20260819T222740Z::a3db0c::20260819T223301__random_dropout_10,stage4B_3Day_nohup_20260819T132526Z_w019_20260819T222740Z::a3db0c::20260819T223301,observed_adsb,ct_ekf,posterior,adsb_scoring_proxy,93,1,9.21915187830819,4.77220962373998,21.9179840385794,2.82985051578104,1.07801448043465,6.30820341651952,NaN,NaN,NaN,0,0
real_adsb,random_dropout_10,stage4B_3Day_nohup_20260819T132526Z_w019_20260819T222740Z::a3db0c::20260819T223301__random_dropout_10,stage4B_3Day_nohup_20260819T132526Z_w019_20260819T222740Z::a3db0c::20260819T223301,observed_adsb,native_imm,prior,adsb_scoring_proxy,93,1,6.48967023754754,4.33900018751101,15.0546607988839,1.91919879986941,0.917615694966008,4.48559643803776,NaN,NaN,NaN,0,0
real_adsb,random_dropout_10,stage4B_3Day_nohup_20260819T132526Z_w019_20260819T222740Z::a3db0c::20260819T223301__random_dropout_10,stage4B_3Day_nohup_20260819T132526Z_w019_20260819T222740Z::a3db0c::20260819T223301,observed_adsb,native_imm,posterior,adsb_scoring_proxy,93,1,6.48967023754754,4.33900018751101,15.0546607988839,1.91919879986941,0.917615694966008,4.48559643803776,NaN,NaN,NaN,0,0
real_adsb,random_dropout_10,stage4B_3Day_nohup_20260819T132526Z_w019_20260819T222740Z::a3db0c::20260819T223301__random_dropout_10,stage4B_3Day_nohup_20260819T132526Z_w019_20260819T222740Z::a3db0c::20260819T223301,observed_adsb,warm_ukf,prior,adsb_scoring_proxy,93,1,42.6294966697689,13.6799895589606,47.6542366355702,6.52392191270912,5.07782699104751,11.0819798698011,NaN,NaN,NaN,0,0
real_adsb,random_dropout_10,stage4B_3Day_nohup_20260819T132526Z_w019_20260819T222740Z::a3db0c::20260819T223301__random_dropout_10,stage4B_3Day_nohup_20260819T132526Z_w019_20260819T222740Z::a3db0c::20260819T223301,observed_adsb,warm_ukf,posterior,adsb_scoring_proxy,93,1,42.6294966697689,13.6799895589606,47.6542366355702,6.52392191270912,5.07782699104751,11.0819798698011,NaN,NaN,NaN,0,0
real_adsb,random_dropout_25,stage4B_3Day_nohup_20260819T132526Z_w019_20260819T222740Z::a3db0c::20260819T223301__random_dropout_25,stage4B_3Day_nohup_20260819T132526Z_w019_20260819T222740Z::a3db0c::20260819T223301,observed_adsb,cv_ekf,prior,adsb_scoring_proxy,93,1,9.72197626862527,5.05114376135912,22.7980498429488,2.88578070914679,1.05025177068904,6.52127415546489,NaN,NaN,NaN,0,0
real_adsb,random_dropout_25,stage4B_3Day_nohup_20260819T132526Z_w019_20260819T222740Z::a3db0c::20260819T223301__random_dropout_25,stage4B_3Day_nohup_20260819T132526Z_w019_20260819T222740Z::a3db0c::20260819T223301,observed_adsb,cv_ekf,posterior,adsb_scoring_proxy,93,1,9.72197626862527,5.05114376135912,22.7980498429488,2.88578070914679,1.05025177068904,6.52127415546489,NaN,NaN,NaN,0,0
real_adsb,random_dropout_25,stage4B_3Day_nohup_20260819T132526Z_w019_20260819T222740Z::a3db0c::20260819T223301__random_dropout_25,stage4B_3Day_nohup_20260819T132526Z_w019_20260819T222740Z::a3db0c::20260819T223301,observed_adsb,ca_ekf,prior,adsb_scoring_proxy,93,1,5.423797722105,4.23912219592768,9.52736969532773,1.87180473659452,1.08253439046828,2.94062127761255,NaN,NaN,NaN,0,0
real_adsb,random_dropout_25,stage4B_3Day_nohup_20260819T132526Z_w019_20260819T222740Z::a3db0c::20260819T223301__random_dropout_25,stage4B_3Day_nohup_20260819T132526Z_w019_20260819T222740Z::a3db0c::20260819T223301,observed_adsb,ca_ekf,posterior,adsb_scoring_proxy,93,1,5.423797722105,4.23912219592768,9.52736969532773,1.87180473659452,1.08253439046828,2.94062127761255,NaN,NaN,NaN,0,0
real_adsb,random_dropout_25,stage4B_3Day_nohup_20260819T132526Z_w019_20260819T222740Z::a3db0c::20260819T223301__random_dropout_25,stage4B_3Day_nohup_20260819T132526Z_w019_20260819T222740Z::a3db0c::20260819T223301,observed_adsb,ct_ekf,prior,adsb_scoring_proxy,93,1,9.73195897719348,5.06732515588588,22.6868261737959,2.88272008715699,1.06587700917329,6.55679737110642,NaN,NaN,NaN,0,0
real_adsb,random_dropout_25,stage4B_3Day_nohup_20260819T132526Z_w019_20260819T222740Z::a3db0c::20260819T223301__random_dropout_25,stage4B_3Day_nohup_20260819T132526Z_w019_20260819T222740Z::a3db0c::20260819T223301,observed_adsb,ct_ekf,posterior,adsb_scoring_proxy,93,1,9.73195897719348,5.06732515588588,22.6868261737959,2.88272008715699,1.06587700917329,6.55679737110642,NaN,NaN,NaN,0,0
real_adsb,random_dropout_25,stage4B_3Day_nohup_20260819T132526Z_w019_20260819T222740Z::a3db0c::20260819T223301__random_dropout_25,stage4B_3Day_nohup_20260819T132526Z_w019_20260819T222740Z::a3db0c::20260819T223301,observed_adsb,native_imm,prior,adsb_scoring_proxy,93,1,6.70957445832672,4.60530171821586,15.0359638383349,1.91612302639353,1.01086139084796,4.76047246846564,NaN,NaN,NaN,0,0
real_adsb,random_dropout_25,stage4B_3Day_nohup_20260819T132526Z_w019_20260819T222740Z::a3db0c::20260819T223301__random_dropout_25,stage4B_3Day_nohup_20260819T132526Z_w019_20260819T222740Z::a3db0c::20260819T223301,observed_adsb,native_imm,posterior,adsb_scoring_proxy,93,1,6.70957445832672,4.60530171821586,15.0359638383349,1.91612302639353,1.01086139084796,4.76047246846564,NaN,NaN,NaN,0,0
real_adsb,random_dropout_25,stage4B_3Day_nohup_20260819T132526Z_w019_20260819T222740Z::a3db0c::20260819T223301__random_dropout_25,stage4B_3Day_nohup_20260819T132526Z_w019_20260819T222740Z::a3db0c::20260819T223301,observed_adsb,warm_ukf,prior,adsb_scoring_proxy,93,1,404.235159246809,14.9079515982973,74.0939239997841,6.4197257053012,4.94905945285914,12.1167412437332,NaN,NaN,NaN,0,0
real_adsb,random_dropout_25,stage4B_3Day_nohup_20260819T132526Z_w019_20260819T222740Z::a3db0c::20260819T223301__random_dropout_25,stage4B_3Day_nohup_20260819T132526Z_w019_20260819T222740Z::a3db0c::20260819T223301,observed_adsb,warm_ukf,posterior,adsb_scoring_proxy,93,1,404.235159246809,14.9079515982973,74.0939239997841,6.4197257053012,4.94905945285914,12.1167412437332,NaN,NaN,NaN,0,0
real_adsb,burst_outage,stage4B_3Day_nohup_20260819T132526Z_w019_20260819T222740Z::a3db0c::20260819T223301__burst_outage,stage4B_3Day_nohup_20260819T132526Z_w019_20260819T222740Z::a3db0c::20260819T223301,observed_adsb,cv_ekf,prior,adsb_scoring_proxy,93,1,84.5899060683729,4.9685903819878,227.785087365231,6.26312478701961,1.03176419593795,18.1434671677225,NaN,NaN,NaN,0,0
real_adsb,burst_outage,stage4B_3Day_nohup_20260819T132526Z_w019_20260819T222740Z::a3db0c::20260819T223301__burst_outage,stage4B_3Day_nohup_20260819T132526Z_w019_20260819T222740Z::a3db0c::20260819T223301,observed_adsb,cv_ekf,posterior,adsb_scoring_proxy,93,1,84.5899060683729,4.9685903819878,227.785087365231,6.26312478701961,1.03176419593795,18.1434671677225,NaN,NaN,NaN,0,0
real_adsb,burst_outage,stage4B_3Day_nohup_20260819T132526Z_w019_20260819T222740Z::a3db0c::20260819T223301__burst_outage,stage4B_3Day_nohup_20260819T132526Z_w019_20260819T222740Z::a3db0c::20260819T223301,observed_adsb,ca_ekf,prior,adsb_scoring_proxy,93,1,77.1665840465687,4.85700920836477,206.151902501178,5.62292841061241,1.13940090345778,17.1344825902626,NaN,NaN,NaN,0,0
real_adsb,burst_outage,stage4B_3Day_nohup_20260819T132526Z_w019_20260819T222740Z::a3db0c::20260819T223301__burst_outage,stage4B_3Day_nohup_20260819T132526Z_w019_20260819T222740Z::a3db0c::20260819T223301,observed_adsb,ca_ekf,posterior,adsb_scoring_proxy,93,1,77.1665840465687,4.85700920836477,206.151902501178,5.62292841061241,1.13940090345778,17.1344825902626,NaN,NaN,NaN,0,0
real_adsb,burst_outage,stage4B_3Day_nohup_20260819T132526Z_w019_20260819T222740Z::a3db0c::20260819T223301__burst_outage,stage4B_3Day_nohup_20260819T132526Z_w019_20260819T222740Z::a3db0c::20260819T223301,observed_adsb,ct_ekf,prior,adsb_scoring_proxy,93,1,82.3515152383912,5.05219634727739,221.145547151326,6.17017995818089,1.03871347370859,17.8291324476937,NaN,NaN,NaN,0,0
real_adsb,burst_outage,stage4B_3Day_nohup_20260819T132526Z_w019_20260819T222740Z::a3db0c::20260819T223301__burst_outage,stage4B_3Day_nohup_20260819T132526Z_w019_20260819T222740Z::a3db0c::20260819T223301,observed_adsb,ct_ekf,posterior,adsb_scoring_proxy,93,1,82.3515152383912,5.05219634727739,221.145547151326,6.17017995818089,1.03871347370859,17.8291324476937,NaN,NaN,NaN,0,0
real_adsb,burst_outage,stage4B_3Day_nohup_20260819T132526Z_w019_20260819T222740Z::a3db0c::20260819T223301__burst_outage,stage4B_3Day_nohup_20260819T132526Z_w019_20260819T222740Z::a3db0c::20260819T223301,observed_adsb,native_imm,prior,adsb_scoring_proxy,93,1,87.9521083691708,4.62273291223479,238.325130759385,6.08666721994264,0.943346458407876,18.5677809795878,NaN,NaN,NaN,0,0
real_adsb,burst_outage,stage4B_3Day_nohup_20260819T132526Z_w019_20260819T222740Z::a3db0c::20260819T223301__burst_outage,stage4B_3Day_nohup_20260819T132526Z_w019_20260819T222740Z::a3db0c::20260819T223301,observed_adsb,native_imm,posterior,adsb_scoring_proxy,93,1,87.9521083691708,4.62273291223479,238.325130759385,6.08666721994264,0.943346458407876,18.5677809795878,NaN,NaN,NaN,0,0
real_adsb,burst_outage,stage4B_3Day_nohup_20260819T132526Z_w019_20260819T222740Z::a3db0c::20260819T223301__burst_outage,stage4B_3Day_nohup_20260819T132526Z_w019_20260819T222740Z::a3db0c::20260819T223301,observed_adsb,warm_ukf,prior,adsb_scoring_proxy,93,1,60.7404443124067,17.770156214407,140.881607698281,7.61113913282294,5.89181399991551,14.2078670254186,NaN,NaN,NaN,0,0
real_adsb,burst_outage,stage4B_3Day_nohup_20260819T132526Z_w019_20260819T222740Z::a3db0c::20260819T223301__burst_outage,stage4B_3Day_nohup_20260819T132526Z_w019_20260819T222740Z::a3db0c::20260819T223301,observed_adsb,warm_ukf,posterior,adsb_scoring_proxy,93,1,60.7404443124067,17.770156214407,140.881607698281,7.61113913282294,5.89181399991551,14.2078670254186,NaN,NaN,NaN,0,0
real_adsb,baseline,stage4B_3Day_nohup_20260819T132526Z_w047_20260820T122740Z::a1f0b4::20260820T122908__baseline,stage4B_3Day_nohup_20260819T132526Z_w047_20260820T122740Z::a1f0b4::20260820T122908,observed_adsb,cv_ekf,prior,adsb_scoring_proxy,92,1,12.5101722778914,9.64165240933828,23.4796488827329,2.94953994849447,1.99044398172596,5.83846591446784,NaN,NaN,NaN,0,0
real_adsb,baseline,stage4B_3Day_nohup_20260819T132526Z_w047_20260820T122740Z::a1f0b4::20260820T122908__baseline,stage4B_3Day_nohup_20260819T132526Z_w047_20260820T122740Z::a1f0b4::20260820T122908,observed_adsb,cv_ekf,posterior,adsb_scoring_proxy,92,1,12.5101722778914,9.64165240933828,23.4796488827329,2.94953994849447,1.99044398172596,5.83846591446784,NaN,NaN,NaN,0,0
real_adsb,baseline,stage4B_3Day_nohup_20260819T132526Z_w047_20260820T122740Z::a1f0b4::20260820T122908__baseline,stage4B_3Day_nohup_20260819T132526Z_w047_20260820T122740Z::a1f0b4::20260820T122908,observed_adsb,ca_ekf,prior,adsb_scoring_proxy,92,1,12.3853828916949,9.88913419938257,24.298752130772,2.78887210060238,2.13788685908419,6.01474151380811,NaN,NaN,NaN,0,0
real_adsb,baseline,stage4B_3Day_nohup_20260819T132526Z_w047_20260820T122740Z::a1f0b4::20260820T122908__baseline,stage4B_3Day_nohup_20260819T132526Z_w047_20260820T122740Z::a1f0b4::20260820T122908,observed_adsb,ca_ekf,posterior,adsb_scoring_proxy,92,1,12.3853828916949,9.88913419938257,24.298752130772,2.78887210060238,2.13788685908419,6.01474151380811,NaN,NaN,NaN,0,0
real_adsb,baseline,stage4B_3Day_nohup_20260819T132526Z_w047_20260820T122740Z::a1f0b4::20260820T122908__baseline,stage4B_3Day_nohup_20260819T132526Z_w047_20260820T122740Z::a1f0b4::20260820T122908,observed_adsb,ct_ekf,prior,adsb_scoring_proxy,92,1,12.5947901788582,9.65435119183456,23.7055121311731,2.89183527615522,1.96491900585741,5.83733378545355,NaN,NaN,NaN,0,0
real_adsb,baseline,stage4B_3Day_nohup_20260819T132526Z_w047_20260820T122740Z::a1f0b4::20260820T122908__baseline,stage4B_3Day_nohup_20260819T132526Z_w047_20260820T122740Z::a1f0b4::20260820T122908,observed_adsb,ct_ekf,posterior,adsb_scoring_proxy,92,1,12.5947901788582,9.65435119183456,23.7055121311731,2.89183527615522,1.96491900585741,5.83733378545355,NaN,NaN,NaN,0,0
real_adsb,baseline,stage4B_3Day_nohup_20260819T132526Z_w047_20260820T122740Z::a1f0b4::20260820T122908__baseline,stage4B_3Day_nohup_20260819T132526Z_w047_20260820T122740Z::a1f0b4::20260820T122908,observed_adsb,native_imm,prior,adsb_scoring_proxy,92,1,10.4561790331865,7.92220212722528,21.8699213931282,2.27416144273061,1.84891242401454,3.92933549061723,NaN,NaN,NaN,0,0
real_adsb,baseline,stage4B_3Day_nohup_20260819T132526Z_w047_20260820T122740Z::a1f0b4::20260820T122908__baseline,stage4B_3Day_nohup_20260819T132526Z_w047_20260820T122740Z::a1f0b4::20260820T122908,observed_adsb,native_imm,posterior,adsb_scoring_proxy,92,1,10.4561790331865,7.92220212722528,21.8699213931282,2.27416144273061,1.84891242401454,3.92933549061723,NaN,NaN,NaN,0,0
real_adsb,baseline,stage4B_3Day_nohup_20260819T132526Z_w047_20260820T122740Z::a1f0b4::20260820T122908__baseline,stage4B_3Day_nohup_20260819T132526Z_w047_20260820T122740Z::a1f0b4::20260820T122908,observed_adsb,warm_ukf,prior,adsb_scoring_proxy,92,1,205.487021847958,21.5547708648781,59.2227231244652,8.23418714736123,6.66457051854029,13.6582999653141,NaN,NaN,NaN,0,0
real_adsb,baseline,stage4B_3Day_nohup_20260819T132526Z_w047_20260820T122740Z::a1f0b4::20260820T122908__baseline,stage4B_3Day_nohup_20260819T132526Z_w047_20260820T122740Z::a1f0b4::20260820T122908,observed_adsb,warm_ukf,posterior,adsb_scoring_proxy,92,1,205.487021847958,21.5547708648781,59.2227231244652,8.23418714736123,6.66457051854029,13.6582999653141,NaN,NaN,NaN,0,0
real_adsb,random_dropout_10,stage4B_3Day_nohup_20260819T132526Z_w047_20260820T122740Z::a1f0b4::20260820T122908__random_dropout_10,stage4B_3Day_nohup_20260819T132526Z_w047_20260820T122740Z::a1f0b4::20260820T122908,observed_adsb,cv_ekf,prior,adsb_scoring_proxy,92,1,12.9425264923823,10.0386131399418,23.3412616633608,3.00619261067604,2.00103681587141,6.13628116128993,NaN,NaN,NaN,0,0
real_adsb,random_dropout_10,stage4B_3Day_nohup_20260819T132526Z_w047_20260820T122740Z::a1f0b4::20260820T122908__random_dropout_10,stage4B_3Day_nohup_20260819T132526Z_w047_20260820T122740Z::a1f0b4::20260820T122908,observed_adsb,cv_ekf,posterior,adsb_scoring_proxy,92,1,12.9425264923823,10.0386131399418,23.3412616633608,3.00619261067604,2.00103681587141,6.13628116128993,NaN,NaN,NaN,0,0
real_adsb,random_dropout_10,stage4B_3Day_nohup_20260819T132526Z_w047_20260820T122740Z::a1f0b4::20260820T122908__random_dropout_10,stage4B_3Day_nohup_20260819T132526Z_w047_20260820T122740Z::a1f0b4::20260820T122908,observed_adsb,ca_ekf,prior,adsb_scoring_proxy,92,1,12.7601796875058,10.3496914332697,22.628832565252,2.84883404112324,2.11140234417953,6.05761547676162,NaN,NaN,NaN,0,0
real_adsb,random_dropout_10,stage4B_3Day_nohup_20260819T132526Z_w047_20260820T122740Z::a1f0b4::20260820T122908__random_dropout_10,stage4B_3Day_nohup_20260819T132526Z_w047_20260820T122740Z::a1f0b4::20260820T122908,observed_adsb,ca_ekf,posterior,adsb_scoring_proxy,92,1,12.7601796875058,10.3496914332697,22.628832565252,2.84883404112324,2.11140234417953,6.05761547676162,NaN,NaN,NaN,0,0
real_adsb,random_dropout_10,stage4B_3Day_nohup_20260819T132526Z_w047_20260820T122740Z::a1f0b4::20260820T122908__random_dropout_10,stage4B_3Day_nohup_20260819T132526Z_w047_20260820T122740Z::a1f0b4::20260820T122908,observed_adsb,ct_ekf,prior,adsb_scoring_proxy,92,1,13.034808691536,10.010511432247,23.8165385896628,2.94619652417852,1.98098480629405,6.05796873641206,NaN,NaN,NaN,0,0
real_adsb,random_dropout_10,stage4B_3Day_nohup_20260819T132526Z_w047_20260820T122740Z::a1f0b4::20260820T122908__random_dropout_10,stage4B_3Day_nohup_20260819T132526Z_w047_20260820T122740Z::a1f0b4::20260820T122908,observed_adsb,ct_ekf,posterior,adsb_scoring_proxy,92,1,13.034808691536,10.010511432247,23.8165385896628,2.94619652417852,1.98098480629405,6.05796873641206,NaN,NaN,NaN,0,0
real_adsb,random_dropout_10,stage4B_3Day_nohup_20260819T132526Z_w047_20260820T122740Z::a1f0b4::20260820T122908__random_dropout_10,stage4B_3Day_nohup_20260819T132526Z_w047_20260820T122740Z::a1f0b4::20260820T122908,observed_adsb,native_imm,prior,adsb_scoring_proxy,92,1,10.5775848023074,8.08406667403037,20.0660610095521,2.30971044506062,1.83178364771995,3.89422581735063,NaN,NaN,NaN,0,0
real_adsb,random_dropout_10,stage4B_3Day_nohup_20260819T132526Z_w047_20260820T122740Z::a1f0b4::20260820T122908__random_dropout_10,stage4B_3Day_nohup_20260819T132526Z_w047_20260820T122740Z::a1f0b4::20260820T122908,observed_adsb,native_imm,posterior,adsb_scoring_proxy,92,1,10.5775848023074,8.08406667403037,20.0660610095521,2.30971044506062,1.83178364771995,3.89422581735063,NaN,NaN,NaN,0,0
real_adsb,random_dropout_10,stage4B_3Day_nohup_20260819T132526Z_w047_20260820T122740Z::a1f0b4::20260820T122908__random_dropout_10,stage4B_3Day_nohup_20260819T132526Z_w047_20260820T122740Z::a1f0b4::20260820T122908,observed_adsb,warm_ukf,prior,adsb_scoring_proxy,92,1,37.9080499743083,23.6532285284002,77.6545303815731,9.41199572788503,6.77599293120721,17.8746532610339,NaN,NaN,NaN,0,0
real_adsb,random_dropout_10,stage4B_3Day_nohup_20260819T132526Z_w047_20260820T122740Z::a1f0b4::20260820T122908__random_dropout_10,stage4B_3Day_nohup_20260819T132526Z_w047_20260820T122740Z::a1f0b4::20260820T122908,observed_adsb,warm_ukf,posterior,adsb_scoring_proxy,92,1,37.9080499743083,23.6532285284002,77.6545303815731,9.41199572788503,6.77599293120721,17.8746532610339,NaN,NaN,NaN,0,0
real_adsb,random_dropout_25,stage4B_3Day_nohup_20260819T132526Z_w047_20260820T122740Z::a1f0b4::20260820T122908__random_dropout_25,stage4B_3Day_nohup_20260819T132526Z_w047_20260820T122740Z::a1f0b4::20260820T122908,observed_adsb,cv_ekf,prior,adsb_scoring_proxy,92,1,13.2585292893882,10.4676297543119,23.1164567697006,3.0616073381454,2.04454990110573,6.08258362991864,NaN,NaN,NaN,0,0
real_adsb,random_dropout_25,stage4B_3Day_nohup_20260819T132526Z_w047_20260820T122740Z::a1f0b4::20260820T122908__random_dropout_25,stage4B_3Day_nohup_20260819T132526Z_w047_20260820T122740Z::a1f0b4::20260820T122908,observed_adsb,cv_ekf,posterior,adsb_scoring_proxy,92,1,13.2585292893882,10.4676297543119,23.1164567697006,3.0616073381454,2.04454990110573,6.08258362991864,NaN,NaN,NaN,0,0
real_adsb,random_dropout_25,stage4B_3Day_nohup_20260819T132526Z_w047_20260820T122740Z::a1f0b4::20260820T122908__random_dropout_25,stage4B_3Day_nohup_20260819T132526Z_w047_20260820T122740Z::a1f0b4::20260820T122908,observed_adsb,ca_ekf,prior,adsb_scoring_proxy,92,1,12.8408141711415,9.84663442419048,22.9923703265642,2.84271761382668,2.14279839761748,5.78690053920253,NaN,NaN,NaN,0,0
real_adsb,random_dropout_25,stage4B_3Day_nohup_20260819T132526Z_w047_20260820T122740Z::a1f0b4::20260820T122908__random_dropout_25,stage4B_3Day_nohup_20260819T132526Z_w047_20260820T122740Z::a1f0b4::20260820T122908,observed_adsb,ca_ekf,posterior,adsb_scoring_proxy,92,1,12.8408141711415,9.84663442419048,22.9923703265642,2.84271761382668,2.14279839761748,5.78690053920253,NaN,NaN,NaN,0,0
real_adsb,random_dropout_25,stage4B_3Day_nohup_20260819T132526Z_w047_20260820T122740Z::a1f0b4::20260820T122908__random_dropout_25,stage4B_3Day_nohup_20260819T132526Z_w047_20260820T122740Z::a1f0b4::20260820T122908,observed_adsb,ct_ekf,prior,adsb_scoring_proxy,92,1,13.3513023735772,11.0320558317308,23.6895488016791,2.99915146834252,2.03086990325015,5.91062008050167,NaN,NaN,NaN,0,0
real_adsb,random_dropout_25,stage4B_3Day_nohup_20260819T132526Z_w047_20260820T122740Z::a1f0b4::20260820T122908__random_dropout_25,stage4B_3Day_nohup_20260819T132526Z_w047_20260820T122740Z::a1f0b4::20260820T122908,observed_adsb,ct_ekf,posterior,adsb_scoring_proxy,92,1,13.3513023735772,11.0320558317308,23.6895488016791,2.99915146834252,2.03086990325015,5.91062008050167,NaN,NaN,NaN,0,0
real_adsb,random_dropout_25,stage4B_3Day_nohup_20260819T132526Z_w047_20260820T122740Z::a1f0b4::20260820T122908__random_dropout_25,stage4B_3Day_nohup_20260819T132526Z_w047_20260820T122740Z::a1f0b4::20260820T122908,observed_adsb,native_imm,prior,adsb_scoring_proxy,92,1,10.7322640458252,7.81015000542699,21.2285582954055,2.2836639392437,1.84454009798402,3.98211211781927,NaN,NaN,NaN,0,0
real_adsb,random_dropout_25,stage4B_3Day_nohup_20260819T132526Z_w047_20260820T122740Z::a1f0b4::20260820T122908__random_dropout_25,stage4B_3Day_nohup_20260819T132526Z_w047_20260820T122740Z::a1f0b4::20260820T122908,observed_adsb,native_imm,posterior,adsb_scoring_proxy,92,1,10.7322640458252,7.81015000542699,21.2285582954055,2.2836639392437,1.84454009798402,3.98211211781927,NaN,NaN,NaN,0,0
real_adsb,random_dropout_25,stage4B_3Day_nohup_20260819T132526Z_w047_20260820T122740Z::a1f0b4::20260820T122908__random_dropout_25,stage4B_3Day_nohup_20260819T132526Z_w047_20260820T122740Z::a1f0b4::20260820T122908,observed_adsb,warm_ukf,prior,adsb_scoring_proxy,92,1,277.91369409005,26.0594799168382,526.288822780372,9.68433737241777,7.06799323928454,17.2670917110147,NaN,NaN,NaN,0,0
real_adsb,random_dropout_25,stage4B_3Day_nohup_20260819T132526Z_w047_20260820T122740Z::a1f0b4::20260820T122908__random_dropout_25,stage4B_3Day_nohup_20260819T132526Z_w047_20260820T122740Z::a1f0b4::20260820T122908,observed_adsb,warm_ukf,posterior,adsb_scoring_proxy,92,1,277.91369409005,26.0594799168382,526.288822780372,9.68433737241777,7.06799323928454,17.2670917110147,NaN,NaN,NaN,0,0
real_adsb,burst_outage,stage4B_3Day_nohup_20260819T132526Z_w047_20260820T122740Z::a1f0b4::20260820T122908__burst_outage,stage4B_3Day_nohup_20260819T132526Z_w047_20260820T122740Z::a1f0b4::20260820T122908,observed_adsb,cv_ekf,prior,adsb_scoring_proxy,92,1,327.911201217913,11.9072092659027,920.074558082327,6.89803536954679,2.24139267182873,16.3407146494384,NaN,NaN,NaN,0,0
real_adsb,burst_outage,stage4B_3Day_nohup_20260819T132526Z_w047_20260820T122740Z::a1f0b4::20260820T122908__burst_outage,stage4B_3Day_nohup_20260819T132526Z_w047_20260820T122740Z::a1f0b4::20260820T122908,observed_adsb,cv_ekf,posterior,adsb_scoring_proxy,92,1,327.911201217913,11.9072092659027,920.074558082327,6.89803536954679,2.24139267182873,16.3407146494384,NaN,NaN,NaN,0,0
real_adsb,burst_outage,stage4B_3Day_nohup_20260819T132526Z_w047_20260820T122740Z::a1f0b4::20260820T122908__burst_outage,stage4B_3Day_nohup_20260819T132526Z_w047_20260820T122740Z::a1f0b4::20260820T122908,observed_adsb,ca_ekf,prior,adsb_scoring_proxy,92,1,195.368441118465,9.95353198844198,564.65157427715,4.42908899757273,2.26869208069972,9.05658576168682,NaN,NaN,NaN,0,0
real_adsb,burst_outage,stage4B_3Day_nohup_20260819T132526Z_w047_20260820T122740Z::a1f0b4::20260820T122908__burst_outage,stage4B_3Day_nohup_20260819T132526Z_w047_20260820T122740Z::a1f0b4::20260820T122908,observed_adsb,ca_ekf,posterior,adsb_scoring_proxy,92,1,195.368441118465,9.95353198844198,564.65157427715,4.42908899757273,2.26869208069972,9.05658576168682,NaN,NaN,NaN,0,0
real_adsb,burst_outage,stage4B_3Day_nohup_20260819T132526Z_w047_20260820T122740Z::a1f0b4::20260820T122908__burst_outage,stage4B_3Day_nohup_20260819T132526Z_w047_20260820T122740Z::a1f0b4::20260820T122908,observed_adsb,ct_ekf,prior,adsb_scoring_proxy,92,1,327.728014107704,12.3215308130319,919.605634822444,6.87068008468848,2.24713529570869,16.3240436168602,NaN,NaN,NaN,0,0
real_adsb,burst_outage,stage4B_3Day_nohup_20260819T132526Z_w047_20260820T122740Z::a1f0b4::20260820T122908__burst_outage,stage4B_3Day_nohup_20260819T132526Z_w047_20260820T122740Z::a1f0b4::20260820T122908,observed_adsb,ct_ekf,posterior,adsb_scoring_proxy,92,1,327.728014107704,12.3215308130319,919.605634822444,6.87068008468848,2.24713529570869,16.3240436168602,NaN,NaN,NaN,0,0
real_adsb,burst_outage,stage4B_3Day_nohup_20260819T132526Z_w047_20260820T122740Z::a1f0b4::20260820T122908__burst_outage,stage4B_3Day_nohup_20260819T132526Z_w047_20260820T122740Z::a1f0b4::20260820T122908,observed_adsb,native_imm,prior,adsb_scoring_proxy,92,1,229.418012308721,8.72711534782459,645.595384550941,5.1418600066849,2.01699534034086,12.1126896676514,NaN,NaN,NaN,0,0
real_adsb,burst_outage,stage4B_3Day_nohup_20260819T132526Z_w047_20260820T122740Z::a1f0b4::20260820T122908__burst_outage,stage4B_3Day_nohup_20260819T132526Z_w047_20260820T122740Z::a1f0b4::20260820T122908,observed_adsb,native_imm,posterior,adsb_scoring_proxy,92,1,229.418012308721,8.72711534782459,645.595384550941,5.1418600066849,2.01699534034086,12.1126896676514,NaN,NaN,NaN,0,0
real_adsb,burst_outage,stage4B_3Day_nohup_20260819T132526Z_w047_20260820T122740Z::a1f0b4::20260820T122908__burst_outage,stage4B_3Day_nohup_20260819T132526Z_w047_20260820T122740Z::a1f0b4::20260820T122908,observed_adsb,warm_ukf,prior,adsb_scoring_proxy,92,1,2600.15680166861,30.3242648878851,9801.83316767611,18.304131228545,7.95523063104489,46.3964309656116,NaN,NaN,NaN,0,0
real_adsb,burst_outage,stage4B_3Day_nohup_20260819T132526Z_w047_20260820T122740Z::a1f0b4::20260820T122908__burst_outage,stage4B_3Day_nohup_20260819T132526Z_w047_20260820T122740Z::a1f0b4::20260820T122908,observed_adsb,warm_ukf,posterior,adsb_scoring_proxy,92,1,2600.15680166861,30.3242648878851,9801.83316767611,18.304131228545,7.95523063104489,46.3964309656116,NaN,NaN,NaN,0,0
real_adsb,baseline,stage4B_3Day_nohup_20260819T132526Z_w114_20260821T215740Z::aa2bc1::20260821T220024__baseline,stage4B_3Day_nohup_20260819T132526Z_w114_20260821T215740Z::aa2bc1::20260821T220024,observed_adsb,cv_ekf,prior,adsb_scoring_proxy,92,1,16.7543785833502,9.86835969845406,24.6064264691876,3.38314540235492,1.63336612314617,5.40880613828321,NaN,NaN,NaN,0,0
real_adsb,baseline,stage4B_3Day_nohup_20260819T132526Z_w114_20260821T215740Z::aa2bc1::20260821T220024__baseline,stage4B_3Day_nohup_20260819T132526Z_w114_20260821T215740Z::aa2bc1::20260821T220024,observed_adsb,cv_ekf,posterior,adsb_scoring_proxy,92,1,16.7543785833502,9.86835969845406,24.6064264691876,3.38314540235492,1.63336612314617,5.40880613828321,NaN,NaN,NaN,0,0
real_adsb,baseline,stage4B_3Day_nohup_20260819T132526Z_w114_20260821T215740Z::aa2bc1::20260821T220024__baseline,stage4B_3Day_nohup_20260819T132526Z_w114_20260821T215740Z::aa2bc1::20260821T220024,observed_adsb,ca_ekf,prior,adsb_scoring_proxy,92,1,14.67496573466,10.2887892122742,27.230854152983,3.37156174872707,2.31114951299224,7.43412178577363,NaN,NaN,NaN,0,0
real_adsb,baseline,stage4B_3Day_nohup_20260819T132526Z_w114_20260821T215740Z::aa2bc1::20260821T220024__baseline,stage4B_3Day_nohup_20260819T132526Z_w114_20260821T215740Z::aa2bc1::20260821T220024,observed_adsb,ca_ekf,posterior,adsb_scoring_proxy,92,1,14.67496573466,10.2887892122742,27.230854152983,3.37156174872707,2.31114951299224,7.43412178577363,NaN,NaN,NaN,0,0
real_adsb,baseline,stage4B_3Day_nohup_20260819T132526Z_w114_20260821T215740Z::aa2bc1::20260821T220024__baseline,stage4B_3Day_nohup_20260819T132526Z_w114_20260821T215740Z::aa2bc1::20260821T220024,observed_adsb,ct_ekf,prior,adsb_scoring_proxy,92,1,16.8530927450165,10.2523672471585,25.1023111161814,3.37356548417579,1.62249905696304,5.45879248893564,NaN,NaN,NaN,0,0
real_adsb,baseline,stage4B_3Day_nohup_20260819T132526Z_w114_20260821T215740Z::aa2bc1::20260821T220024__baseline,stage4B_3Day_nohup_20260819T132526Z_w114_20260821T215740Z::aa2bc1::20260821T220024,observed_adsb,ct_ekf,posterior,adsb_scoring_proxy,92,1,16.8530927450165,10.2523672471585,25.1023111161814,3.37356548417579,1.62249905696304,5.45879248893564,NaN,NaN,NaN,0,0
real_adsb,baseline,stage4B_3Day_nohup_20260819T132526Z_w114_20260821T215740Z::aa2bc1::20260821T220024__baseline,stage4B_3Day_nohup_20260819T132526Z_w114_20260821T215740Z::aa2bc1::20260821T220024,observed_adsb,native_imm,prior,adsb_scoring_proxy,92,1,12.0216030423571,8.86773129457479,21.0021344258692,2.29618786337409,1.49295204506886,4.4228037627165,NaN,NaN,NaN,0,0
real_adsb,baseline,stage4B_3Day_nohup_20260819T132526Z_w114_20260821T215740Z::aa2bc1::20260821T220024__baseline,stage4B_3Day_nohup_20260819T132526Z_w114_20260821T215740Z::aa2bc1::20260821T220024,observed_adsb,native_imm,posterior,adsb_scoring_proxy,92,1,12.0216030423571,8.86773129457479,21.0021344258692,2.29618786337409,1.49295204506886,4.4228037627165,NaN,NaN,NaN,0,0
real_adsb,baseline,stage4B_3Day_nohup_20260819T132526Z_w114_20260821T215740Z::aa2bc1::20260821T220024__baseline,stage4B_3Day_nohup_20260819T132526Z_w114_20260821T215740Z::aa2bc1::20260821T220024,observed_adsb,warm_ukf,prior,adsb_scoring_proxy,92,1,104.02096857388,17.981929711068,122.634634574768,13.2970045973863,11.9583622403386,22.1820725494679,NaN,NaN,NaN,0,0
real_adsb,baseline,stage4B_3Day_nohup_20260819T132526Z_w114_20260821T215740Z::aa2bc1::20260821T220024__baseline,stage4B_3Day_nohup_20260819T132526Z_w114_20260821T215740Z::aa2bc1::20260821T220024,observed_adsb,warm_ukf,posterior,adsb_scoring_proxy,92,1,104.02096857388,17.981929711068,122.634634574768,13.2970045973863,11.9583622403386,22.1820725494679,NaN,NaN,NaN,0,0
real_adsb,random_dropout_10,stage4B_3Day_nohup_20260819T132526Z_w114_20260821T215740Z::aa2bc1::20260821T220024__random_dropout_10,stage4B_3Day_nohup_20260819T132526Z_w114_20260821T215740Z::aa2bc1::20260821T220024,observed_adsb,cv_ekf,prior,adsb_scoring_proxy,92,1,17.2093083617741,10.1301456958892,26.8316863485645,3.42291974425933,1.66007693783239,5.46247615626508,NaN,NaN,NaN,0,0
real_adsb,random_dropout_10,stage4B_3Day_nohup_20260819T132526Z_w114_20260821T215740Z::aa2bc1::20260821T220024__random_dropout_10,stage4B_3Day_nohup_20260819T132526Z_w114_20260821T215740Z::aa2bc1::20260821T220024,observed_adsb,cv_ekf,posterior,adsb_scoring_proxy,92,1,17.2093083617741,10.1301456958892,26.8316863485645,3.42291974425933,1.66007693783239,5.46247615626508,NaN,NaN,NaN,0,0
real_adsb,random_dropout_10,stage4B_3Day_nohup_20260819T132526Z_w114_20260821T215740Z::aa2bc1::20260821T220024__random_dropout_10,stage4B_3Day_nohup_20260819T132526Z_w114_20260821T215740Z::aa2bc1::20260821T220024,observed_adsb,ca_ekf,prior,adsb_scoring_proxy,92,1,14.9934057954049,10.167170954686,29.0633643290897,3.4154775546536,2.35448733834127,7.55278669816959,NaN,NaN,NaN,0,0
real_adsb,random_dropout_10,stage4B_3Day_nohup_20260819T132526Z_w114_20260821T215740Z::aa2bc1::20260821T220024__random_dropout_10,stage4B_3Day_nohup_20260819T132526Z_w114_20260821T215740Z::aa2bc1::20260821T220024,observed_adsb,ca_ekf,posterior,adsb_scoring_proxy,92,1,14.9934057954049,10.167170954686,29.0633643290897,3.4154775546536,2.35448733834127,7.55278669816959,NaN,NaN,NaN,0,0
real_adsb,random_dropout_10,stage4B_3Day_nohup_20260819T132526Z_w114_20260821T215740Z::aa2bc1::20260821T220024__random_dropout_10,stage4B_3Day_nohup_20260819T132526Z_w114_20260821T215740Z::aa2bc1::20260821T220024,observed_adsb,ct_ekf,prior,adsb_scoring_proxy,92,1,17.3278110045783,10.5645253516566,27.4628760637594,3.41455566083009,1.63934271870521,5.51287628480744,NaN,NaN,NaN,0,0
real_adsb,random_dropout_10,stage4B_3Day_nohup_20260819T132526Z_w114_20260821T215740Z::aa2bc1::20260821T220024__random_dropout_10,stage4B_3Day_nohup_20260819T132526Z_w114_20260821T215740Z::aa2bc1::20260821T220024,observed_adsb,ct_ekf,posterior,adsb_scoring_proxy,92,1,17.3278110045783,10.5645253516566,27.4628760637594,3.41455566083009,1.63934271870521,5.51287628480744,NaN,NaN,NaN,0,0
real_adsb,random_dropout_10,stage4B_3Day_nohup_20260819T132526Z_w114_20260821T215740Z::aa2bc1::20260821T220024__random_dropout_10,stage4B_3Day_nohup_20260819T132526Z_w114_20260821T215740Z::aa2bc1::20260821T220024,observed_adsb,native_imm,prior,adsb_scoring_proxy,92,1,12.2520128563982,8.81913843376548,21.2181259933649,2.31777580408264,1.49499105002034,4.45889556484184,NaN,NaN,NaN,0,0
real_adsb,random_dropout_10,stage4B_3Day_nohup_20260819T132526Z_w114_20260821T215740Z::aa2bc1::20260821T220024__random_dropout_10,stage4B_3Day_nohup_20260819T132526Z_w114_20260821T215740Z::aa2bc1::20260821T220024,observed_adsb,native_imm,posterior,adsb_scoring_proxy,92,1,12.2520128563982,8.81913843376548,21.2181259933649,2.31777580408264,1.49499105002034,4.45889556484184,NaN,NaN,NaN,0,0
real_adsb,random_dropout_10,stage4B_3Day_nohup_20260819T132526Z_w114_20260821T215740Z::aa2bc1::20260821T220024__random_dropout_10,stage4B_3Day_nohup_20260819T132526Z_w114_20260821T215740Z::aa2bc1::20260821T220024,observed_adsb,warm_ukf,prior,adsb_scoring_proxy,92,1,114.722833597718,20.5832469893326,96.0746000314554,11.3331126095691,8.77143922813964,18.1684605603293,NaN,NaN,NaN,0,0
real_adsb,random_dropout_10,stage4B_3Day_nohup_20260819T132526Z_w114_20260821T215740Z::aa2bc1::20260821T220024__random_dropout_10,stage4B_3Day_nohup_20260819T132526Z_w114_20260821T215740Z::aa2bc1::20260821T220024,observed_adsb,warm_ukf,posterior,adsb_scoring_proxy,92,1,114.722833597718,20.5832469893326,96.0746000314554,11.3331126095691,8.77143922813964,18.1684605603293,NaN,NaN,NaN,0,0
real_adsb,random_dropout_25,stage4B_3Day_nohup_20260819T132526Z_w114_20260821T215740Z::aa2bc1::20260821T220024__random_dropout_25,stage4B_3Day_nohup_20260819T132526Z_w114_20260821T215740Z::aa2bc1::20260821T220024,observed_adsb,cv_ekf,prior,adsb_scoring_proxy,92,1,17.7723276278161,10.4125159819345,27.1311487991249,3.45574411501389,1.62377648241067,5.4664677412975,NaN,NaN,NaN,0,0
real_adsb,random_dropout_25,stage4B_3Day_nohup_20260819T132526Z_w114_20260821T215740Z::aa2bc1::20260821T220024__random_dropout_25,stage4B_3Day_nohup_20260819T132526Z_w114_20260821T215740Z::aa2bc1::20260821T220024,observed_adsb,cv_ekf,posterior,adsb_scoring_proxy,92,1,17.7723276278161,10.4125159819345,27.1311487991249,3.45574411501389,1.62377648241067,5.4664677412975,NaN,NaN,NaN,0,0
real_adsb,random_dropout_25,stage4B_3Day_nohup_20260819T132526Z_w114_20260821T215740Z::aa2bc1::20260821T220024__random_dropout_25,stage4B_3Day_nohup_20260819T132526Z_w114_20260821T215740Z::aa2bc1::20260821T220024,observed_adsb,ca_ekf,prior,adsb_scoring_proxy,92,1,40.3389072894488,10.910446156337,29.9292233661017,4.10009265457735,2.31518724213808,8.4466707153794,NaN,NaN,NaN,0,0
real_adsb,random_dropout_25,stage4B_3Day_nohup_20260819T132526Z_w114_20260821T215740Z::aa2bc1::20260821T220024__random_dropout_25,stage4B_3Day_nohup_20260819T132526Z_w114_20260821T215740Z::aa2bc1::20260821T220024,observed_adsb,ca_ekf,posterior,adsb_scoring_proxy,92,1,40.3389072894488,10.910446156337,29.9292233661017,4.10009265457735,2.31518724213808,8.4466707153794,NaN,NaN,NaN,0,0
real_adsb,random_dropout_25,stage4B_3Day_nohup_20260819T132526Z_w114_20260821T215740Z::aa2bc1::20260821T220024__random_dropout_25,stage4B_3Day_nohup_20260819T132526Z_w114_20260821T215740Z::aa2bc1::20260821T220024,observed_adsb,ct_ekf,prior,adsb_scoring_proxy,92,1,18.3237755714411,10.587296405878,27.9100086125469,3.45388150305434,1.58772282373786,5.56037161042374,NaN,NaN,NaN,0,0
real_adsb,random_dropout_25,stage4B_3Day_nohup_20260819T132526Z_w114_20260821T215740Z::aa2bc1::20260821T220024__random_dropout_25,stage4B_3Day_nohup_20260819T132526Z_w114_20260821T215740Z::aa2bc1::20260821T220024,observed_adsb,ct_ekf,posterior,adsb_scoring_proxy,92,1,18.3237755714411,10.587296405878,27.9100086125469,3.45388150305434,1.58772282373786,5.56037161042374,NaN,NaN,NaN,0,0
real_adsb,random_dropout_25,stage4B_3Day_nohup_20260819T132526Z_w114_20260821T215740Z::aa2bc1::20260821T220024__random_dropout_25,stage4B_3Day_nohup_20260819T132526Z_w114_20260821T215740Z::aa2bc1::20260821T220024,observed_adsb,native_imm,prior,adsb_scoring_proxy,92,1,12.0040214880692,8.58378972620712,20.9196078617656,2.30780833365264,1.54309465157005,4.33564217909844,NaN,NaN,NaN,0,0
real_adsb,random_dropout_25,stage4B_3Day_nohup_20260819T132526Z_w114_20260821T215740Z::aa2bc1::20260821T220024__random_dropout_25,stage4B_3Day_nohup_20260819T132526Z_w114_20260821T215740Z::aa2bc1::20260821T220024,observed_adsb,native_imm,posterior,adsb_scoring_proxy,92,1,12.0040214880692,8.58378972620712,20.9196078617656,2.30780833365264,1.54309465157005,4.33564217909844,NaN,NaN,NaN,0,0
real_adsb,random_dropout_25,stage4B_3Day_nohup_20260819T132526Z_w114_20260821T215740Z::aa2bc1::20260821T220024__random_dropout_25,stage4B_3Day_nohup_20260819T132526Z_w114_20260821T215740Z::aa2bc1::20260821T220024,observed_adsb,warm_ukf,prior,adsb_scoring_proxy,92,1,220.431129307057,24.2262643292873,481.542189662121,15.9588410542198,13.6234231020431,24.2193548860132,NaN,NaN,NaN,0,0
real_adsb,random_dropout_25,stage4B_3Day_nohup_20260819T132526Z_w114_20260821T215740Z::aa2bc1::20260821T220024__random_dropout_25,stage4B_3Day_nohup_20260819T132526Z_w114_20260821T215740Z::aa2bc1::20260821T220024,observed_adsb,warm_ukf,posterior,adsb_scoring_proxy,92,1,220.431129307057,24.2262643292873,481.542189662121,15.9588410542198,13.6234231020431,24.2193548860132,NaN,NaN,NaN,0,0
real_adsb,burst_outage,stage4B_3Day_nohup_20260819T132526Z_w114_20260821T215740Z::aa2bc1::20260821T220024__burst_outage,stage4B_3Day_nohup_20260819T132526Z_w114_20260821T215740Z::aa2bc1::20260821T220024,observed_adsb,cv_ekf,prior,adsb_scoring_proxy,92,1,83.6724837423225,13.5127260802694,242.002469092907,4.55107378775406,2.23907008668025,9.20865111204084,NaN,NaN,NaN,0,0
real_adsb,burst_outage,stage4B_3Day_nohup_20260819T132526Z_w114_20260821T215740Z::aa2bc1::20260821T220024__burst_outage,stage4B_3Day_nohup_20260819T132526Z_w114_20260821T215740Z::aa2bc1::20260821T220024,observed_adsb,cv_ekf,posterior,adsb_scoring_proxy,92,1,83.6724837423225,13.5127260802694,242.002469092907,4.55107378775406,2.23907008668025,9.20865111204084,NaN,NaN,NaN,0,0
real_adsb,burst_outage,stage4B_3Day_nohup_20260819T132526Z_w114_20260821T215740Z::aa2bc1::20260821T220024__burst_outage,stage4B_3Day_nohup_20260819T132526Z_w114_20260821T215740Z::aa2bc1::20260821T220024,observed_adsb,ca_ekf,prior,adsb_scoring_proxy,92,1,84.0293087371059,11.5735491249762,240.504620708878,5.27582460049026,2.58949647455893,12.180388792217,NaN,NaN,NaN,0,0
real_adsb,burst_outage,stage4B_3Day_nohup_20260819T132526Z_w114_20260821T215740Z::aa2bc1::20260821T220024__burst_outage,stage4B_3Day_nohup_20260819T132526Z_w114_20260821T215740Z::aa2bc1::20260821T220024,observed_adsb,ca_ekf,posterior,adsb_scoring_proxy,92,1,84.0293087371059,11.5735491249762,240.504620708878,5.27582460049026,2.58949647455893,12.180388792217,NaN,NaN,NaN,0,0
real_adsb,burst_outage,stage4B_3Day_nohup_20260819T132526Z_w114_20260821T215740Z::aa2bc1::20260821T220024__burst_outage,stage4B_3Day_nohup_20260819T132526Z_w114_20260821T215740Z::aa2bc1::20260821T220024,observed_adsb,ct_ekf,prior,adsb_scoring_proxy,92,1,88.0947796484575,13.6018006096756,255.174486684325,4.64116147414108,2.27882551758301,9.47190617871984,NaN,NaN,NaN,0,0
real_adsb,burst_outage,stage4B_3Day_nohup_20260819T132526Z_w114_20260821T215740Z::aa2bc1::20260821T220024__burst_outage,stage4B_3Day_nohup_20260819T132526Z_w114_20260821T215740Z::aa2bc1::20260821T220024,observed_adsb,ct_ekf,posterior,adsb_scoring_proxy,92,1,88.0947796484575,13.6018006096756,255.174486684325,4.64116147414108,2.27882551758301,9.47190617871984,NaN,NaN,NaN,0,0
real_adsb,burst_outage,stage4B_3Day_nohup_20260819T132526Z_w114_20260821T215740Z::aa2bc1::20260821T220024__burst_outage,stage4B_3Day_nohup_20260819T132526Z_w114_20260821T215740Z::aa2bc1::20260821T220024,observed_adsb,native_imm,prior,adsb_scoring_proxy,92,1,73.6457406725674,11.6005063523921,214.941489930844,3.78131479574558,1.89750627713517,8.47383500361963,NaN,NaN,NaN,0,0
real_adsb,burst_outage,stage4B_3Day_nohup_20260819T132526Z_w114_20260821T215740Z::aa2bc1::20260821T220024__burst_outage,stage4B_3Day_nohup_20260819T132526Z_w114_20260821T215740Z::aa2bc1::20260821T220024,observed_adsb,native_imm,posterior,adsb_scoring_proxy,92,1,73.6457406725674,11.6005063523921,214.941489930844,3.78131479574558,1.89750627713517,8.47383500361963,NaN,NaN,NaN,0,0
real_adsb,burst_outage,stage4B_3Day_nohup_20260819T132526Z_w114_20260821T215740Z::aa2bc1::20260821T220024__burst_outage,stage4B_3Day_nohup_20260819T132526Z_w114_20260821T215740Z::aa2bc1::20260821T220024,observed_adsb,warm_ukf,prior,adsb_scoring_proxy,92,1,1092.91663962147,26.9429424348456,3589.69333256153,12.992268872252,10.4273805192914,16.8387851362455,NaN,NaN,NaN,0,0
real_adsb,burst_outage,stage4B_3Day_nohup_20260819T132526Z_w114_20260821T215740Z::aa2bc1::20260821T220024__burst_outage,stage4B_3Day_nohup_20260819T132526Z_w114_20260821T215740Z::aa2bc1::20260821T220024,observed_adsb,warm_ukf,posterior,adsb_scoring_proxy,92,1,1092.91663962147,26.9429424348456,3589.69333256153,12.992268872252,10.4273805192914,16.8387851362455,NaN,NaN,NaN,0,0
real_adsb,baseline,stage4B_3Day_nohup_20260819T132526Z_w055_20260820T162740Z::a19dff::20260820T162858__baseline,stage4B_3Day_nohup_20260819T132526Z_w055_20260820T162740Z::a19dff::20260820T162858,observed_adsb,cv_ekf,prior,adsb_scoring_proxy,91,1,11.9609248458829,7.62785007797605,24.3870849896053,2.12605109073609,1.46523249277054,3.83536856595294,NaN,NaN,NaN,0,0
real_adsb,baseline,stage4B_3Day_nohup_20260819T132526Z_w055_20260820T162740Z::a19dff::20260820T162858__baseline,stage4B_3Day_nohup_20260819T132526Z_w055_20260820T162740Z::a19dff::20260820T162858,observed_adsb,cv_ekf,posterior,adsb_scoring_proxy,91,1,11.9609248458829,7.62785007797605,24.3870849896053,2.12605109073609,1.46523249277054,3.83536856595294,NaN,NaN,NaN,0,0
real_adsb,baseline,stage4B_3Day_nohup_20260819T132526Z_w055_20260820T162740Z::a19dff::20260820T162858__baseline,stage4B_3Day_nohup_20260819T132526Z_w055_20260820T162740Z::a19dff::20260820T162858,observed_adsb,ca_ekf,prior,adsb_scoring_proxy,91,1,11.9976427193969,7.48801761690057,25.0102827870221,2.28520133404301,1.57410237531028,4.43207948212157,NaN,NaN,NaN,0,0
real_adsb,baseline,stage4B_3Day_nohup_20260819T132526Z_w055_20260820T162740Z::a19dff::20260820T162858__baseline,stage4B_3Day_nohup_20260819T132526Z_w055_20260820T162740Z::a19dff::20260820T162858,observed_adsb,ca_ekf,posterior,adsb_scoring_proxy,91,1,11.9976427193969,7.48801761690057,25.0102827870221,2.28520133404301,1.57410237531028,4.43207948212157,NaN,NaN,NaN,0,0
real_adsb,baseline,stage4B_3Day_nohup_20260819T132526Z_w055_20260820T162740Z::a19dff::20260820T162858__baseline,stage4B_3Day_nohup_20260819T132526Z_w055_20260820T162740Z::a19dff::20260820T162858,observed_adsb,ct_ekf,prior,adsb_scoring_proxy,91,1,11.9874915074637,7.53954940844245,24.4161039634294,2.12467699703558,1.46223061797371,3.88920189130315,NaN,NaN,NaN,0,0
real_adsb,baseline,stage4B_3Day_nohup_20260819T132526Z_w055_20260820T162740Z::a19dff::20260820T162858__baseline,stage4B_3Day_nohup_20260819T132526Z_w055_20260820T162740Z::a19dff::20260820T162858,observed_adsb,ct_ekf,posterior,adsb_scoring_proxy,91,1,11.9874915074637,7.53954940844245,24.4161039634294,2.12467699703558,1.46223061797371,3.88920189130315,NaN,NaN,NaN,0,0
real_adsb,baseline,stage4B_3Day_nohup_20260819T132526Z_w055_20260820T162740Z::a19dff::20260820T162858__baseline,stage4B_3Day_nohup_20260819T132526Z_w055_20260820T162740Z::a19dff::20260820T162858,observed_adsb,native_imm,prior,adsb_scoring_proxy,91,1,11.524120635494,7.40003610305382,24.0464964970978,1.92167433636867,1.55262287324585,2.96183797130276,NaN,NaN,NaN,0,0
real_adsb,baseline,stage4B_3Day_nohup_20260819T132526Z_w055_20260820T162740Z::a19dff::20260820T162858__baseline,stage4B_3Day_nohup_20260819T132526Z_w055_20260820T162740Z::a19dff::20260820T162858,observed_adsb,native_imm,posterior,adsb_scoring_proxy,91,1,11.524120635494,7.40003610305382,24.0464964970978,1.92167433636867,1.55262287324585,2.96183797130276,NaN,NaN,NaN,0,0
real_adsb,baseline,stage4B_3Day_nohup_20260819T132526Z_w055_20260820T162740Z::a19dff::20260820T162858__baseline,stage4B_3Day_nohup_20260819T132526Z_w055_20260820T162740Z::a19dff::20260820T162858,observed_adsb,warm_ukf,prior,adsb_scoring_proxy,91,1,53.6960903952897,19.1134799457505,63.5997686693296,9.55997319644339,8.74834743013949,15.7034677678443,NaN,NaN,NaN,0,0
real_adsb,baseline,stage4B_3Day_nohup_20260819T132526Z_w055_20260820T162740Z::a19dff::20260820T162858__baseline,stage4B_3Day_nohup_20260819T132526Z_w055_20260820T162740Z::a19dff::20260820T162858,observed_adsb,warm_ukf,posterior,adsb_scoring_proxy,91,1,53.6960903952897,19.1134799457505,63.5997686693296,9.55997319644339,8.74834743013949,15.7034677678443,NaN,NaN,NaN,0,0
real_adsb,random_dropout_10,stage4B_3Day_nohup_20260819T132526Z_w055_20260820T162740Z::a19dff::20260820T162858__random_dropout_10,stage4B_3Day_nohup_20260819T132526Z_w055_20260820T162740Z::a19dff::20260820T162858,observed_adsb,cv_ekf,prior,adsb_scoring_proxy,91,1,12.1022721398518,7.79854557343957,24.8148837349392,2.15040773634588,1.49432683045541,3.84697282128508,NaN,NaN,NaN,0,0
real_adsb,random_dropout_10,stage4B_3Day_nohup_20260819T132526Z_w055_20260820T162740Z::a19dff::20260820T162858__random_dropout_10,stage4B_3Day_nohup_20260819T132526Z_w055_20260820T162740Z::a19dff::20260820T162858,observed_adsb,cv_ekf,posterior,adsb_scoring_proxy,91,1,12.1022721398518,7.79854557343957,24.8148837349392,2.15040773634588,1.49432683045541,3.84697282128508,NaN,NaN,NaN,0,0
real_adsb,random_dropout_10,stage4B_3Day_nohup_20260819T132526Z_w055_20260820T162740Z::a19dff::20260820T162858__random_dropout_10,stage4B_3Day_nohup_20260819T132526Z_w055_20260820T162740Z::a19dff::20260820T162858,observed_adsb,ca_ekf,prior,adsb_scoring_proxy,91,1,12.1784865522448,7.53635886808768,25.2274535751771,2.30571554485078,1.66132802917004,4.11889239991549,NaN,NaN,NaN,0,0
real_adsb,random_dropout_10,stage4B_3Day_nohup_20260819T132526Z_w055_20260820T162740Z::a19dff::20260820T162858__random_dropout_10,stage4B_3Day_nohup_20260819T132526Z_w055_20260820T162740Z::a19dff::20260820T162858,observed_adsb,ca_ekf,posterior,adsb_scoring_proxy,91,1,12.1784865522448,7.53635886808768,25.2274535751771,2.30571554485078,1.66132802917004,4.11889239991549,NaN,NaN,NaN,0,0
real_adsb,random_dropout_10,stage4B_3Day_nohup_20260819T132526Z_w055_20260820T162740Z::a19dff::20260820T162858__random_dropout_10,stage4B_3Day_nohup_20260819T132526Z_w055_20260820T162740Z::a19dff::20260820T162858,observed_adsb,ct_ekf,prior,adsb_scoring_proxy,91,1,12.1258843028009,7.71790387482363,24.7181677496353,2.14838733259433,1.47487491190174,3.90035950808449,NaN,NaN,NaN,0,0
real_adsb,random_dropout_10,stage4B_3Day_nohup_20260819T132526Z_w055_20260820T162740Z::a19dff::20260820T162858__random_dropout_10,stage4B_3Day_nohup_20260819T132526Z_w055_20260820T162740Z::a19dff::20260820T162858,observed_adsb,ct_ekf,posterior,adsb_scoring_proxy,91,1,12.1258843028009,7.71790387482363,24.7181677496353,2.14838733259433,1.47487491190174,3.90035950808449,NaN,NaN,NaN,0,0
real_adsb,random_dropout_10,stage4B_3Day_nohup_20260819T132526Z_w055_20260820T162740Z::a19dff::20260820T162858__random_dropout_10,stage4B_3Day_nohup_20260819T132526Z_w055_20260820T162740Z::a19dff::20260820T162858,observed_adsb,native_imm,prior,adsb_scoring_proxy,91,1,11.642363331383,7.38429359648154,25.0487157721189,1.94685684858535,1.549621674024,3.07136717081267,NaN,NaN,NaN,0,0
real_adsb,random_dropout_10,stage4B_3Day_nohup_20260819T132526Z_w055_20260820T162740Z::a19dff::20260820T162858__random_dropout_10,stage4B_3Day_nohup_20260819T132526Z_w055_20260820T162740Z::a19dff::20260820T162858,observed_adsb,native_imm,posterior,adsb_scoring_proxy,91,1,11.642363331383,7.38429359648154,25.0487157721189,1.94685684858535,1.549621674024,3.07136717081267,NaN,NaN,NaN,0,0
real_adsb,random_dropout_10,stage4B_3Day_nohup_20260819T132526Z_w055_20260820T162740Z::a19dff::20260820T162858__random_dropout_10,stage4B_3Day_nohup_20260819T132526Z_w055_20260820T162740Z::a19dff::20260820T162858,observed_adsb,warm_ukf,prior,adsb_scoring_proxy,91,1,704.225096433408,21.3208975103313,65.6761147524041,14.4465241307283,12.1365663441783,23.2494434104345,NaN,NaN,NaN,0,0
real_adsb,random_dropout_10,stage4B_3Day_nohup_20260819T132526Z_w055_20260820T162740Z::a19dff::20260820T162858__random_dropout_10,stage4B_3Day_nohup_20260819T132526Z_w055_20260820T162740Z::a19dff::20260820T162858,observed_adsb,warm_ukf,posterior,adsb_scoring_proxy,91,1,704.225096433408,21.3208975103313,65.6761147524041,14.4465241307283,12.1365663441783,23.2494434104345,NaN,NaN,NaN,0,0
real_adsb,random_dropout_25,stage4B_3Day_nohup_20260819T132526Z_w055_20260820T162740Z::a19dff::20260820T162858__random_dropout_25,stage4B_3Day_nohup_20260819T132526Z_w055_20260820T162740Z::a19dff::20260820T162858,observed_adsb,cv_ekf,prior,adsb_scoring_proxy,91,1,13.0242971901926,7.64655463395167,25.0170142496288,2.31621360340599,1.50704257172011,3.79678637574787,NaN,NaN,NaN,0,0
real_adsb,random_dropout_25,stage4B_3Day_nohup_20260819T132526Z_w055_20260820T162740Z::a19dff::20260820T162858__random_dropout_25,stage4B_3Day_nohup_20260819T132526Z_w055_20260820T162740Z::a19dff::20260820T162858,observed_adsb,cv_ekf,posterior,adsb_scoring_proxy,91,1,13.0242971901926,7.64655463395167,25.0170142496288,2.31621360340599,1.50704257172011,3.79678637574787,NaN,NaN,NaN,0,0
real_adsb,random_dropout_25,stage4B_3Day_nohup_20260819T132526Z_w055_20260820T162740Z::a19dff::20260820T162858__random_dropout_25,stage4B_3Day_nohup_20260819T132526Z_w055_20260820T162740Z::a19dff::20260820T162858,observed_adsb,ca_ekf,prior,adsb_scoring_proxy,91,1,13.0191592544579,8.69050571884066,25.0445301819368,2.44074450541244,1.69803430277376,4.66190625386316,NaN,NaN,NaN,0,0
real_adsb,random_dropout_25,stage4B_3Day_nohup_20260819T132526Z_w055_20260820T162740Z::a19dff::20260820T162858__random_dropout_25,stage4B_3Day_nohup_20260819T132526Z_w055_20260820T162740Z::a19dff::20260820T162858,observed_adsb,ca_ekf,posterior,adsb_scoring_proxy,91,1,13.0191592544579,8.69050571884066,25.0445301819368,2.44074450541244,1.69803430277376,4.66190625386316,NaN,NaN,NaN,0,0
real_adsb,random_dropout_25,stage4B_3Day_nohup_20260819T132526Z_w055_20260820T162740Z::a19dff::20260820T162858__random_dropout_25,stage4B_3Day_nohup_20260819T132526Z_w055_20260820T162740Z::a19dff::20260820T162858,observed_adsb,ct_ekf,prior,adsb_scoring_proxy,91,1,13.0731963390697,7.78022676953022,25.0183079004272,2.31703460467976,1.51663437737202,3.85889860600885,NaN,NaN,NaN,0,0
real_adsb,random_dropout_25,stage4B_3Day_nohup_20260819T132526Z_w055_20260820T162740Z::a19dff::20260820T162858__random_dropout_25,stage4B_3Day_nohup_20260819T132526Z_w055_20260820T162740Z::a19dff::20260820T162858,observed_adsb,ct_ekf,posterior,adsb_scoring_proxy,91,1,13.0731963390697,7.78022676953022,25.0183079004272,2.31703460467976,1.51663437737202,3.85889860600885,NaN,NaN,NaN,0,0
real_adsb,random_dropout_25,stage4B_3Day_nohup_20260819T132526Z_w055_20260820T162740Z::a19dff::20260820T162858__random_dropout_25,stage4B_3Day_nohup_20260819T132526Z_w055_20260820T162740Z::a19dff::20260820T162858,observed_adsb,native_imm,prior,adsb_scoring_proxy,91,1,12.3630999581441,7.81650812480064,24.9516875287214,2.11761703351759,1.45741549061023,3.20227207372817,NaN,NaN,NaN,0,0
real_adsb,random_dropout_25,stage4B_3Day_nohup_20260819T132526Z_w055_20260820T162740Z::a19dff::20260820T162858__random_dropout_25,stage4B_3Day_nohup_20260819T132526Z_w055_20260820T162740Z::a19dff::20260820T162858,observed_adsb,native_imm,posterior,adsb_scoring_proxy,91,1,12.3630999581441,7.81650812480064,24.9516875287214,2.11761703351759,1.45741549061023,3.20227207372817,NaN,NaN,NaN,0,0
real_adsb,random_dropout_25,stage4B_3Day_nohup_20260819T132526Z_w055_20260820T162740Z::a19dff::20260820T162858__random_dropout_25,stage4B_3Day_nohup_20260819T132526Z_w055_20260820T162740Z::a19dff::20260820T162858,observed_adsb,warm_ukf,prior,adsb_scoring_proxy,91,1,669.963437173398,24.8006603871835,132.789144000602,14.5407931425803,13.9842685904775,23.8429712545636,NaN,NaN,NaN,0,0
real_adsb,random_dropout_25,stage4B_3Day_nohup_20260819T132526Z_w055_20260820T162740Z::a19dff::20260820T162858__random_dropout_25,stage4B_3Day_nohup_20260819T132526Z_w055_20260820T162740Z::a19dff::20260820T162858,observed_adsb,warm_ukf,posterior,adsb_scoring_proxy,91,1,669.963437173398,24.8006603871835,132.789144000602,14.5407931425803,13.9842685904775,23.8429712545636,NaN,NaN,NaN,0,0
real_adsb,burst_outage,stage4B_3Day_nohup_20260819T132526Z_w055_20260820T162740Z::a19dff::20260820T162858__burst_outage,stage4B_3Day_nohup_20260819T132526Z_w055_20260820T162740Z::a19dff::20260820T162858,observed_adsb,cv_ekf,prior,adsb_scoring_proxy,91,1,149.574022760873,10.6700619375762,436.211742482555,6.36660877073811,1.69693035850955,17.2557967844084,NaN,NaN,NaN,0,0
real_adsb,burst_outage,stage4B_3Day_nohup_20260819T132526Z_w055_20260820T162740Z::a19dff::20260820T162858__burst_outage,stage4B_3Day_nohup_20260819T132526Z_w055_20260820T162740Z::a19dff::20260820T162858,observed_adsb,cv_ekf,posterior,adsb_scoring_proxy,91,1,149.574022760873,10.6700619375762,436.211742482555,6.36660877073811,1.69693035850955,17.2557967844084,NaN,NaN,NaN,0,0
real_adsb,burst_outage,stage4B_3Day_nohup_20260819T132526Z_w055_20260820T162740Z::a19dff::20260820T162858__burst_outage,stage4B_3Day_nohup_20260819T132526Z_w055_20260820T162740Z::a19dff::20260820T162858,observed_adsb,ca_ekf,prior,adsb_scoring_proxy,91,1,82.1730931442483,10.3478195584429,239.893376054429,4.25156491500777,2.13472808495099,9.80412762185456,NaN,NaN,NaN,0,0
real_adsb,burst_outage,stage4B_3Day_nohup_20260819T132526Z_w055_20260820T162740Z::a19dff::20260820T162858__burst_outage,stage4B_3Day_nohup_20260819T132526Z_w055_20260820T162740Z::a19dff::20260820T162858,observed_adsb,ca_ekf,posterior,adsb_scoring_proxy,91,1,82.1730931442483,10.3478195584429,239.893376054429,4.25156491500777,2.13472808495099,9.80412762185456,NaN,NaN,NaN,0,0
real_adsb,burst_outage,stage4B_3Day_nohup_20260819T132526Z_w055_20260820T162740Z::a19dff::20260820T162858__burst_outage,stage4B_3Day_nohup_20260819T132526Z_w055_20260820T162740Z::a19dff::20260820T162858,observed_adsb,ct_ekf,prior,adsb_scoring_proxy,91,1,148.915297663115,10.6544100090532,434.347779211479,6.33567515884362,1.66878456897005,17.128610859299,NaN,NaN,NaN,0,0
real_adsb,burst_outage,stage4B_3Day_nohup_20260819T132526Z_w055_20260820T162740Z::a19dff::20260820T162858__burst_outage,stage4B_3Day_nohup_20260819T132526Z_w055_20260820T162740Z::a19dff::20260820T162858,observed_adsb,ct_ekf,posterior,adsb_scoring_proxy,91,1,148.915297663115,10.6544100090532,434.347779211479,6.33567515884362,1.66878456897005,17.128610859299,NaN,NaN,NaN,0,0
real_adsb,burst_outage,stage4B_3Day_nohup_20260819T132526Z_w055_20260820T162740Z::a19dff::20260820T162858__burst_outage,stage4B_3Day_nohup_20260819T132526Z_w055_20260820T162740Z::a19dff::20260820T162858,observed_adsb,native_imm,prior,adsb_scoring_proxy,91,1,144.604823245882,9.7244807091024,422.075422381171,6.35730570626521,1.77663711538638,17.3134440598951,NaN,NaN,NaN,0,0
real_adsb,burst_outage,stage4B_3Day_nohup_20260819T132526Z_w055_20260820T162740Z::a19dff::20260820T162858__burst_outage,stage4B_3Day_nohup_20260819T132526Z_w055_20260820T162740Z::a19dff::20260820T162858,observed_adsb,native_imm,posterior,adsb_scoring_proxy,91,1,144.604823245882,9.7244807091024,422.075422381171,6.35730570626521,1.77663711538638,17.3134440598951,NaN,NaN,NaN,0,0
real_adsb,burst_outage,stage4B_3Day_nohup_20260819T132526Z_w055_20260820T162740Z::a19dff::20260820T162858__burst_outage,stage4B_3Day_nohup_20260819T132526Z_w055_20260820T162740Z::a19dff::20260820T162858,observed_adsb,warm_ukf,prior,adsb_scoring_proxy,91,1,1759.67623770266,23.2155430586163,6482.63520785249,13.9728559611657,10.6514957735175,28.816661892112,NaN,NaN,NaN,0,0
real_adsb,burst_outage,stage4B_3Day_nohup_20260819T132526Z_w055_20260820T162740Z::a19dff::20260820T162858__burst_outage,stage4B_3Day_nohup_20260819T132526Z_w055_20260820T162740Z::a19dff::20260820T162858,observed_adsb,warm_ukf,posterior,adsb_scoring_proxy,91,1,1759.67623770266,23.2155430586163,6482.63520785249,13.9728559611657,10.6514957735175,28.816661892112,NaN,NaN,NaN,0,0
real_adsb,baseline,stage4B_3Day_nohup_20260819T132526Z_w113_20260821T212740Z::a0b866::20260821T212929__baseline,stage4B_3Day_nohup_20260819T132526Z_w113_20260821T212740Z::a0b866::20260821T212929,observed_adsb,cv_ekf,prior,adsb_scoring_proxy,91,1,13.0914034618924,6.67222369838008,27.929332230254,3.63635422399271,1.90975707348757,8.21537409319138,NaN,NaN,NaN,0,0
real_adsb,baseline,stage4B_3Day_nohup_20260819T132526Z_w113_20260821T212740Z::a0b866::20260821T212929__baseline,stage4B_3Day_nohup_20260819T132526Z_w113_20260821T212740Z::a0b866::20260821T212929,observed_adsb,cv_ekf,posterior,adsb_scoring_proxy,91,1,13.0914034618924,6.67222369838008,27.929332230254,3.63635422399271,1.90975707348757,8.21537409319138,NaN,NaN,NaN,0,0
real_adsb,baseline,stage4B_3Day_nohup_20260819T132526Z_w113_20260821T212740Z::a0b866::20260821T212929__baseline,stage4B_3Day_nohup_20260819T132526Z_w113_20260821T212740Z::a0b866::20260821T212929,observed_adsb,ca_ekf,prior,adsb_scoring_proxy,91,1,8.71783710639731,6.93675693461534,13.7736653868328,2.94610358118782,2.08394977810088,4.85425214967249,NaN,NaN,NaN,0,0
real_adsb,baseline,stage4B_3Day_nohup_20260819T132526Z_w113_20260821T212740Z::a0b866::20260821T212929__baseline,stage4B_3Day_nohup_20260819T132526Z_w113_20260821T212740Z::a0b866::20260821T212929,observed_adsb,ca_ekf,posterior,adsb_scoring_proxy,91,1,8.71783710639731,6.93675693461534,13.7736653868328,2.94610358118782,2.08394977810088,4.85425214967249,NaN,NaN,NaN,0,0
real_adsb,baseline,stage4B_3Day_nohup_20260819T132526Z_w113_20260821T212740Z::a0b866::20260821T212929__baseline,stage4B_3Day_nohup_20260819T132526Z_w113_20260821T212740Z::a0b866::20260821T212929,observed_adsb,ct_ekf,prior,adsb_scoring_proxy,91,1,13.1679814361778,6.79072639476439,27.9233942924079,3.65021032056623,1.89435798856511,8.34586027522162,NaN,NaN,NaN,0,0
real_adsb,baseline,stage4B_3Day_nohup_20260819T132526Z_w113_20260821T212740Z::a0b866::20260821T212929__baseline,stage4B_3Day_nohup_20260819T132526Z_w113_20260821T212740Z::a0b866::20260821T212929,observed_adsb,ct_ekf,posterior,adsb_scoring_proxy,91,1,13.1679814361778,6.79072639476439,27.9233942924079,3.65021032056623,1.89435798856511,8.34586027522162,NaN,NaN,NaN,0,0
real_adsb,baseline,stage4B_3Day_nohup_20260819T132526Z_w113_20260821T212740Z::a0b866::20260821T212929__baseline,stage4B_3Day_nohup_20260819T132526Z_w113_20260821T212740Z::a0b866::20260821T212929,observed_adsb,native_imm,prior,adsb_scoring_proxy,91,1,7.66085013895681,5.47192356517845,13.6621731751461,2.32513081292874,1.72100309696448,4.29431089398846,NaN,NaN,NaN,0,0
real_adsb,baseline,stage4B_3Day_nohup_20260819T132526Z_w113_20260821T212740Z::a0b866::20260821T212929__baseline,stage4B_3Day_nohup_20260819T132526Z_w113_20260821T212740Z::a0b866::20260821T212929,observed_adsb,native_imm,posterior,adsb_scoring_proxy,91,1,7.66085013895681,5.47192356517845,13.6621731751461,2.32513081292874,1.72100309696448,4.29431089398846,NaN,NaN,NaN,0,0
real_adsb,baseline,stage4B_3Day_nohup_20260819T132526Z_w113_20260821T212740Z::a0b866::20260821T212929__baseline,stage4B_3Day_nohup_20260819T132526Z_w113_20260821T212740Z::a0b866::20260821T212929,observed_adsb,warm_ukf,prior,adsb_scoring_proxy,91,1,78.1428777207874,18.4077424274099,57.1173230710912,11.3068509396052,9.51074247132965,17.4731300043702,NaN,NaN,NaN,0,0
real_adsb,baseline,stage4B_3Day_nohup_20260819T132526Z_w113_20260821T212740Z::a0b866::20260821T212929__baseline,stage4B_3Day_nohup_20260819T132526Z_w113_20260821T212740Z::a0b866::20260821T212929,observed_adsb,warm_ukf,posterior,adsb_scoring_proxy,91,1,78.1428777207874,18.4077424274099,57.1173230710912,11.3068509396052,9.51074247132965,17.4731300043702,NaN,NaN,NaN,0,0
real_adsb,random_dropout_10,stage4B_3Day_nohup_20260819T132526Z_w113_20260821T212740Z::a0b866::20260821T212929__random_dropout_10,stage4B_3Day_nohup_20260819T132526Z_w113_20260821T212740Z::a0b866::20260821T212929,observed_adsb,cv_ekf,prior,adsb_scoring_proxy,91,1,13.5609159536075,7.2516439576848,28.0533017912463,3.71174525514046,1.94801883810707,8.55281190803482,NaN,NaN,NaN,0,0
real_adsb,random_dropout_10,stage4B_3Day_nohup_20260819T132526Z_w113_20260821T212740Z::a0b866::20260821T212929__random_dropout_10,stage4B_3Day_nohup_20260819T132526Z_w113_20260821T212740Z::a0b866::20260821T212929,observed_adsb,cv_ekf,posterior,adsb_scoring_proxy,91,1,13.5609159536075,7.2516439576848,28.0533017912463,3.71174525514046,1.94801883810707,8.55281190803482,NaN,NaN,NaN,0,0
real_adsb,random_dropout_10,stage4B_3Day_nohup_20260819T132526Z_w113_20260821T212740Z::a0b866::20260821T212929__random_dropout_10,stage4B_3Day_nohup_20260819T132526Z_w113_20260821T212740Z::a0b866::20260821T212929,observed_adsb,ca_ekf,prior,adsb_scoring_proxy,91,1,8.91515952122219,6.87754686796819,15.7219526521706,2.99814123667179,2.11062950826557,5.73643058869477,NaN,NaN,NaN,0,0
real_adsb,random_dropout_10,stage4B_3Day_nohup_20260819T132526Z_w113_20260821T212740Z::a0b866::20260821T212929__random_dropout_10,stage4B_3Day_nohup_20260819T132526Z_w113_20260821T212740Z::a0b866::20260821T212929,observed_adsb,ca_ekf,posterior,adsb_scoring_proxy,91,1,8.91515952122219,6.87754686796819,15.7219526521706,2.99814123667179,2.11062950826557,5.73643058869477,NaN,NaN,NaN,0,0
real_adsb,random_dropout_10,stage4B_3Day_nohup_20260819T132526Z_w113_20260821T212740Z::a0b866::20260821T212929__random_dropout_10,stage4B_3Day_nohup_20260819T132526Z_w113_20260821T212740Z::a0b866::20260821T212929,observed_adsb,ct_ekf,prior,adsb_scoring_proxy,91,1,13.6528045033851,7.50949452461071,28.2771320760412,3.72644246512022,1.95305566677458,8.5400600412131,NaN,NaN,NaN,0,0
real_adsb,random_dropout_10,stage4B_3Day_nohup_20260819T132526Z_w113_20260821T212740Z::a0b866::20260821T212929__random_dropout_10,stage4B_3Day_nohup_20260819T132526Z_w113_20260821T212740Z::a0b866::20260821T212929,observed_adsb,ct_ekf,posterior,adsb_scoring_proxy,91,1,13.6528045033851,7.50949452461071,28.2771320760412,3.72644246512022,1.95305566677458,8.5400600412131,NaN,NaN,NaN,0,0
real_adsb,random_dropout_10,stage4B_3Day_nohup_20260819T132526Z_w113_20260821T212740Z::a0b866::20260821T212929__random_dropout_10,stage4B_3Day_nohup_20260819T132526Z_w113_20260821T212740Z::a0b866::20260821T212929,observed_adsb,native_imm,prior,adsb_scoring_proxy,91,1,7.65609958022735,5.86934679487388,12.4486226871876,2.30657261092788,1.75420595989934,4.07737129627913,NaN,NaN,NaN,0,0
real_adsb,random_dropout_10,stage4B_3Day_nohup_20260819T132526Z_w113_20260821T212740Z::a0b866::20260821T212929__random_dropout_10,stage4B_3Day_nohup_20260819T132526Z_w113_20260821T212740Z::a0b866::20260821T212929,observed_adsb,native_imm,posterior,adsb_scoring_proxy,91,1,7.65609958022735,5.86934679487388,12.4486226871876,2.30657261092788,1.75420595989934,4.07737129627913,NaN,NaN,NaN,0,0
real_adsb,random_dropout_10,stage4B_3Day_nohup_20260819T132526Z_w113_20260821T212740Z::a0b866::20260821T212929__random_dropout_10,stage4B_3Day_nohup_20260819T132526Z_w113_20260821T212740Z::a0b866::20260821T212929,observed_adsb,warm_ukf,prior,adsb_scoring_proxy,91,1,212.953747282173,18.1669067899743,264.890753437883,9.25362814277565,8.0480143333202,17.6512048300711,NaN,NaN,NaN,0,0
real_adsb,random_dropout_10,stage4B_3Day_nohup_20260819T132526Z_w113_20260821T212740Z::a0b866::20260821T212929__random_dropout_10,stage4B_3Day_nohup_20260819T132526Z_w113_20260821T212740Z::a0b866::20260821T212929,observed_adsb,warm_ukf,posterior,adsb_scoring_proxy,91,1,212.953747282173,18.1669067899743,264.890753437883,9.25362814277565,8.0480143333202,17.6512048300711,NaN,NaN,NaN,0,0
real_adsb,random_dropout_25,stage4B_3Day_nohup_20260819T132526Z_w113_20260821T212740Z::a0b866::20260821T212929__random_dropout_25,stage4B_3Day_nohup_20260819T132526Z_w113_20260821T212740Z::a0b866::20260821T212929,observed_adsb,cv_ekf,prior,adsb_scoring_proxy,91,1,15.7720490148214,7.29433681432305,29.2021981402602,3.99096659655285,2.04787106189795,9.12731629156393,NaN,NaN,NaN,0,0
real_adsb,random_dropout_25,stage4B_3Day_nohup_20260819T132526Z_w113_20260821T212740Z::a0b866::20260821T212929__random_dropout_25,stage4B_3Day_nohup_20260819T132526Z_w113_20260821T212740Z::a0b866::20260821T212929,observed_adsb,cv_ekf,posterior,adsb_scoring_proxy,91,1,15.7720490148214,7.29433681432305,29.2021981402602,3.99096659655285,2.04787106189795,9.12731629156393,NaN,NaN,NaN,0,0
real_adsb,random_dropout_25,stage4B_3Day_nohup_20260819T132526Z_w113_20260821T212740Z::a0b866::20260821T212929__random_dropout_25,stage4B_3Day_nohup_20260819T132526Z_w113_20260821T212740Z::a0b866::20260821T212929,observed_adsb,ca_ekf,prior,adsb_scoring_proxy,91,1,10.1491151458371,7.58211687081866,18.4091070453668,3.17254038479232,2.16178261076313,6.08770141741238,NaN,NaN,NaN,0,0
real_adsb,random_dropout_25,stage4B_3Day_nohup_20260819T132526Z_w113_20260821T212740Z::a0b866::20260821T212929__random_dropout_25,stage4B_3Day_nohup_20260819T132526Z_w113_20260821T212740Z::a0b866::20260821T212929,observed_adsb,ca_ekf,posterior,adsb_scoring_proxy,91,1,10.1491151458371,7.58211687081866,18.4091070453668,3.17254038479232,2.16178261076313,6.08770141741238,NaN,NaN,NaN,0,0
real_adsb,random_dropout_25,stage4B_3Day_nohup_20260819T132526Z_w113_20260821T212740Z::a0b866::20260821T212929__random_dropout_25,stage4B_3Day_nohup_20260819T132526Z_w113_20260821T212740Z::a0b866::20260821T212929,observed_adsb,ct_ekf,prior,adsb_scoring_proxy,91,1,15.8427941159085,7.56772572723642,29.361853460451,4.00569749909429,2.08812938695413,9.2477662685033,NaN,NaN,NaN,0,0
real_adsb,random_dropout_25,stage4B_3Day_nohup_20260819T132526Z_w113_20260821T212740Z::a0b866::20260821T212929__random_dropout_25,stage4B_3Day_nohup_20260819T132526Z_w113_20260821T212740Z::a0b866::20260821T212929,observed_adsb,ct_ekf,posterior,adsb_scoring_proxy,91,1,15.8427941159085,7.56772572723642,29.361853460451,4.00569749909429,2.08812938695413,9.2477662685033,NaN,NaN,NaN,0,0
real_adsb,random_dropout_25,stage4B_3Day_nohup_20260819T132526Z_w113_20260821T212740Z::a0b866::20260821T212929__random_dropout_25,stage4B_3Day_nohup_20260819T132526Z_w113_20260821T212740Z::a0b866::20260821T212929,observed_adsb,native_imm,prior,adsb_scoring_proxy,91,1,7.9009171407886,5.81034459448288,15.6300867665532,2.30403209984064,1.78273086834715,4.27762632614072,NaN,NaN,NaN,0,0
real_adsb,random_dropout_25,stage4B_3Day_nohup_20260819T132526Z_w113_20260821T212740Z::a0b866::20260821T212929__random_dropout_25,stage4B_3Day_nohup_20260819T132526Z_w113_20260821T212740Z::a0b866::20260821T212929,observed_adsb,native_imm,posterior,adsb_scoring_proxy,91,1,7.9009171407886,5.81034459448288,15.6300867665532,2.30403209984064,1.78273086834715,4.27762632614072,NaN,NaN,NaN,0,0
real_adsb,random_dropout_25,stage4B_3Day_nohup_20260819T132526Z_w113_20260821T212740Z::a0b866::20260821T212929__random_dropout_25,stage4B_3Day_nohup_20260819T132526Z_w113_20260821T212740Z::a0b866::20260821T212929,observed_adsb,warm_ukf,prior,adsb_scoring_proxy,91,1,78.6855300550634,21.5817962236232,106.35449948629,10.0044525690483,7.45823524545093,16.4906654746148,NaN,NaN,NaN,0,0
real_adsb,random_dropout_25,stage4B_3Day_nohup_20260819T132526Z_w113_20260821T212740Z::a0b866::20260821T212929__random_dropout_25,stage4B_3Day_nohup_20260819T132526Z_w113_20260821T212740Z::a0b866::20260821T212929,observed_adsb,warm_ukf,posterior,adsb_scoring_proxy,91,1,78.6855300550634,21.5817962236232,106.35449948629,10.0044525690483,7.45823524545093,16.4906654746148,NaN,NaN,NaN,0,0
real_adsb,burst_outage,stage4B_3Day_nohup_20260819T132526Z_w113_20260821T212740Z::a0b866::20260821T212929__burst_outage,stage4B_3Day_nohup_20260819T132526Z_w113_20260821T212740Z::a0b866::20260821T212929,observed_adsb,cv_ekf,prior,adsb_scoring_proxy,91,1,149.426478991939,9.0263459971826,414.263724037811,5.22028955492227,2.64059609363124,9.73803834817506,NaN,NaN,NaN,0,0
real_adsb,burst_outage,stage4B_3Day_nohup_20260819T132526Z_w113_20260821T212740Z::a0b866::20260821T212929__burst_outage,stage4B_3Day_nohup_20260819T132526Z_w113_20260821T212740Z::a0b866::20260821T212929,observed_adsb,cv_ekf,posterior,adsb_scoring_proxy,91,1,149.426478991939,9.0263459971826,414.263724037811,5.22028955492227,2.64059609363124,9.73803834817506,NaN,NaN,NaN,0,0
real_adsb,burst_outage,stage4B_3Day_nohup_20260819T132526Z_w113_20260821T212740Z::a0b866::20260821T212929__burst_outage,stage4B_3Day_nohup_20260819T132526Z_w113_20260821T212740Z::a0b866::20260821T212929,observed_adsb,ca_ekf,prior,adsb_scoring_proxy,91,1,751.763812646923,7.79935761206389,2154.6219031123,24.6773629852772,2.51528346632208,63.6192201220289,NaN,NaN,NaN,0,0
real_adsb,burst_outage,stage4B_3Day_nohup_20260819T132526Z_w113_20260821T212740Z::a0b866::20260821T212929__burst_outage,stage4B_3Day_nohup_20260819T132526Z_w113_20260821T212740Z::a0b866::20260821T212929,observed_adsb,ca_ekf,posterior,adsb_scoring_proxy,91,1,751.763812646923,7.79935761206389,2154.6219031123,24.6773629852772,2.51528346632208,63.6192201220289,NaN,NaN,NaN,0,0
real_adsb,burst_outage,stage4B_3Day_nohup_20260819T132526Z_w113_20260821T212740Z::a0b866::20260821T212929__burst_outage,stage4B_3Day_nohup_20260819T132526Z_w113_20260821T212740Z::a0b866::20260821T212929,observed_adsb,ct_ekf,prior,adsb_scoring_proxy,91,1,154.890858733413,8.9247676751811,431.297068495301,5.43504776144258,2.63253409664339,10.5520311989652,NaN,NaN,NaN,0,0
real_adsb,burst_outage,stage4B_3Day_nohup_20260819T132526Z_w113_20260821T212740Z::a0b866::20260821T212929__burst_outage,stage4B_3Day_nohup_20260819T132526Z_w113_20260821T212740Z::a0b866::20260821T212929,observed_adsb,ct_ekf,posterior,adsb_scoring_proxy,91,1,154.890858733413,8.9247676751811,431.297068495301,5.43504776144258,2.63253409664339,10.5520311989652,NaN,NaN,NaN,0,0
real_adsb,burst_outage,stage4B_3Day_nohup_20260819T132526Z_w113_20260821T212740Z::a0b866::20260821T212929__burst_outage,stage4B_3Day_nohup_20260819T132526Z_w113_20260821T212740Z::a0b866::20260821T212929,observed_adsb,native_imm,prior,adsb_scoring_proxy,91,1,134.166761608528,6.93054239588164,372.608123904976,4.14891012434629,2.23806612881617,8.19642238389181,NaN,NaN,NaN,0,0
real_adsb,burst_outage,stage4B_3Day_nohup_20260819T132526Z_w113_20260821T212740Z::a0b866::20260821T212929__burst_outage,stage4B_3Day_nohup_20260819T132526Z_w113_20260821T212740Z::a0b866::20260821T212929,observed_adsb,native_imm,posterior,adsb_scoring_proxy,91,1,134.166761608528,6.93054239588164,372.608123904976,4.14891012434629,2.23806612881617,8.19642238389181,NaN,NaN,NaN,0,0
real_adsb,burst_outage,stage4B_3Day_nohup_20260819T132526Z_w113_20260821T212740Z::a0b866::20260821T212929__burst_outage,stage4B_3Day_nohup_20260819T132526Z_w113_20260821T212740Z::a0b866::20260821T212929,observed_adsb,warm_ukf,prior,adsb_scoring_proxy,91,1,993.997906110871,24.1240730847051,2528.11457444077,10.6677847155388,7.83756748174679,22.2177412308847,NaN,NaN,NaN,0,0
real_adsb,burst_outage,stage4B_3Day_nohup_20260819T132526Z_w113_20260821T212740Z::a0b866::20260821T212929__burst_outage,stage4B_3Day_nohup_20260819T132526Z_w113_20260821T212740Z::a0b866::20260821T212929,observed_adsb,warm_ukf,posterior,adsb_scoring_proxy,91,1,993.997906110871,24.1240730847051,2528.11457444077,10.6677847155388,7.83756748174679,22.2177412308847,NaN,NaN,NaN,0,0
real_adsb,baseline,stage4B_3Day_nohup_20260819T132526Z_w042_20260820T095740Z::a7101e::20260820T095741__baseline,stage4B_3Day_nohup_20260819T132526Z_w042_20260820T095740Z::a7101e::20260820T095741,observed_adsb,cv_ekf,prior,adsb_scoring_proxy,91,1,11.0765106627412,8.80420449570076,21.3098147207171,2.86776551471027,2.45863622994953,4.616110070622,NaN,NaN,NaN,0,0
real_adsb,baseline,stage4B_3Day_nohup_20260819T132526Z_w042_20260820T095740Z::a7101e::20260820T095741__baseline,stage4B_3Day_nohup_20260819T132526Z_w042_20260820T095740Z::a7101e::20260820T095741,observed_adsb,cv_ekf,posterior,adsb_scoring_proxy,91,1,11.0765106627412,8.80420449570076,21.3098147207171,2.86776551471027,2.45863622994953,4.616110070622,NaN,NaN,NaN,0,0
real_adsb,baseline,stage4B_3Day_nohup_20260819T132526Z_w042_20260820T095740Z::a7101e::20260820T095741__baseline,stage4B_3Day_nohup_20260819T132526Z_w042_20260820T095740Z::a7101e::20260820T095741,observed_adsb,ca_ekf,prior,adsb_scoring_proxy,91,1,8.72897296204777,6.22011140405723,17.1788775190882,3.12374259431495,2.25378327761482,5.09574905825755,NaN,NaN,NaN,0,0
real_adsb,baseline,stage4B_3Day_nohup_20260819T132526Z_w042_20260820T095740Z::a7101e::20260820T095741__baseline,stage4B_3Day_nohup_20260819T132526Z_w042_20260820T095740Z::a7101e::20260820T095741,observed_adsb,ca_ekf,posterior,adsb_scoring_proxy,91,1,8.72897296204777,6.22011140405723,17.1788775190882,3.12374259431495,2.25378327761482,5.09574905825755,NaN,NaN,NaN,0,0
real_adsb,baseline,stage4B_3Day_nohup_20260819T132526Z_w042_20260820T095740Z::a7101e::20260820T095741__baseline,stage4B_3Day_nohup_20260819T132526Z_w042_20260820T095740Z::a7101e::20260820T095741,observed_adsb,ct_ekf,prior,adsb_scoring_proxy,91,1,11.3874660459303,8.9419270300995,21.8849348495131,2.87985919695342,2.40735209472235,4.65492132880305,NaN,NaN,NaN,0,0
real_adsb,baseline,stage4B_3Day_nohup_20260819T132526Z_w042_20260820T095740Z::a7101e::20260820T095741__baseline,stage4B_3Day_nohup_20260819T132526Z_w042_20260820T095740Z::a7101e::20260820T095741,observed_adsb,ct_ekf,posterior,adsb_scoring_proxy,91,1,11.3874660459303,8.9419270300995,21.8849348495131,2.87985919695342,2.40735209472235,4.65492132880305,NaN,NaN,NaN,0,0
real_adsb,baseline,stage4B_3Day_nohup_20260819T132526Z_w042_20260820T095740Z::a7101e::20260820T095741__baseline,stage4B_3Day_nohup_20260819T132526Z_w042_20260820T095740Z::a7101e::20260820T095741,observed_adsb,native_imm,prior,adsb_scoring_proxy,91,1,7.75784341320665,6.68634516055228,14.1678823371991,2.50826941738442,2.25747470748899,3.59678500187861,NaN,NaN,NaN,0,0
real_adsb,baseline,stage4B_3Day_nohup_20260819T132526Z_w042_20260820T095740Z::a7101e::20260820T095741__baseline,stage4B_3Day_nohup_20260819T132526Z_w042_20260820T095740Z::a7101e::20260820T095741,observed_adsb,native_imm,posterior,adsb_scoring_proxy,91,1,7.75784341320665,6.68634516055228,14.1678823371991,2.50826941738442,2.25747470748899,3.59678500187861,NaN,NaN,NaN,0,0
real_adsb,baseline,stage4B_3Day_nohup_20260819T132526Z_w042_20260820T095740Z::a7101e::20260820T095741__baseline,stage4B_3Day_nohup_20260819T132526Z_w042_20260820T095740Z::a7101e::20260820T095741,observed_adsb,warm_ukf,prior,adsb_scoring_proxy,91,1,41.5963487642866,16.5971728365405,87.4122551665617,11.4183188861032,9.00366998356239,17.1876612091636,NaN,NaN,NaN,0,0
real_adsb,baseline,stage4B_3Day_nohup_20260819T132526Z_w042_20260820T095740Z::a7101e::20260820T095741__baseline,stage4B_3Day_nohup_20260819T132526Z_w042_20260820T095740Z::a7101e::20260820T095741,observed_adsb,warm_ukf,posterior,adsb_scoring_proxy,91,1,41.5963487642866,16.5971728365405,87.4122551665617,11.4183188861032,9.00366998356239,17.1876612091636,NaN,NaN,NaN,0,0
real_adsb,random_dropout_10,stage4B_3Day_nohup_20260819T132526Z_w042_20260820T095740Z::a7101e::20260820T095741__random_dropout_10,stage4B_3Day_nohup_20260819T132526Z_w042_20260820T095740Z::a7101e::20260820T095741,observed_adsb,cv_ekf,prior,adsb_scoring_proxy,91,1,11.4318255103968,8.92739615371217,22.15675399546,2.91157283015588,2.46405345717557,4.7979278079804,NaN,NaN,NaN,0,0
real_adsb,random_dropout_10,stage4B_3Day_nohup_20260819T132526Z_w042_20260820T095740Z::a7101e::20260820T095741__random_dropout_10,stage4B_3Day_nohup_20260819T132526Z_w042_20260820T095740Z::a7101e::20260820T095741,observed_adsb,cv_ekf,posterior,adsb_scoring_proxy,91,1,11.4318255103968,8.92739615371217,22.15675399546,2.91157283015588,2.46405345717557,4.7979278079804,NaN,NaN,NaN,0,0
real_adsb,random_dropout_10,stage4B_3Day_nohup_20260819T132526Z_w042_20260820T095740Z::a7101e::20260820T095741__random_dropout_10,stage4B_3Day_nohup_20260819T132526Z_w042_20260820T095740Z::a7101e::20260820T095741,observed_adsb,ca_ekf,prior,adsb_scoring_proxy,91,1,8.80073225435175,6.12040616839544,17.7064366298305,3.12606712489223,2.34731755521678,5.19024453185872,NaN,NaN,NaN,0,0
real_adsb,random_dropout_10,stage4B_3Day_nohup_20260819T132526Z_w042_20260820T095740Z::a7101e::20260820T095741__random_dropout_10,stage4B_3Day_nohup_20260819T132526Z_w042_20260820T095740Z::a7101e::20260820T095741,observed_adsb,ca_ekf,posterior,adsb_scoring_proxy,91,1,8.80073225435175,6.12040616839544,17.7064366298305,3.12606712489223,2.34731755521678,5.19024453185872,NaN,NaN,NaN,0,0
real_adsb,random_dropout_10,stage4B_3Day_nohup_20260819T132526Z_w042_20260820T095740Z::a7101e::20260820T095741__random_dropout_10,stage4B_3Day_nohup_20260819T132526Z_w042_20260820T095740Z::a7101e::20260820T095741,observed_adsb,ct_ekf,prior,adsb_scoring_proxy,91,1,11.7594422861852,9.03260382029092,23.1141269386464,2.92422512522047,2.44525658802801,4.85622981026555,NaN,NaN,NaN,0,0
real_adsb,random_dropout_10,stage4B_3Day_nohup_20260819T132526Z_w042_20260820T095740Z::a7101e::20260820T095741__random_dropout_10,stage4B_3Day_nohup_20260819T132526Z_w042_20260820T095740Z::a7101e::20260820T095741,observed_adsb,ct_ekf,posterior,adsb_scoring_proxy,91,1,11.7594422861852,9.03260382029092,23.1141269386464,2.92422512522047,2.44525658802801,4.85622981026555,NaN,NaN,NaN,0,0
real_adsb,random_dropout_10,stage4B_3Day_nohup_20260819T132526Z_w042_20260820T095740Z::a7101e::20260820T095741__random_dropout_10,stage4B_3Day_nohup_20260819T132526Z_w042_20260820T095740Z::a7101e::20260820T095741,observed_adsb,native_imm,prior,adsb_scoring_proxy,91,1,7.82640056203019,6.81216537130689,13.592022267936,2.53532960558794,2.30301392533649,3.59597656455582,NaN,NaN,NaN,0,0
real_adsb,random_dropout_10,stage4B_3Day_nohup_20260819T132526Z_w042_20260820T095740Z::a7101e::20260820T095741__random_dropout_10,stage4B_3Day_nohup_20260819T132526Z_w042_20260820T095740Z::a7101e::20260820T095741,observed_adsb,native_imm,posterior,adsb_scoring_proxy,91,1,7.82640056203019,6.81216537130689,13.592022267936,2.53532960558794,2.30301392533649,3.59597656455582,NaN,NaN,NaN,0,0
real_adsb,random_dropout_10,stage4B_3Day_nohup_20260819T132526Z_w042_20260820T095740Z::a7101e::20260820T095741__random_dropout_10,stage4B_3Day_nohup_20260819T132526Z_w042_20260820T095740Z::a7101e::20260820T095741,observed_adsb,warm_ukf,prior,adsb_scoring_proxy,91,1,74.459688105259,18.5842081555313,113.007175880549,9.9630913788129,7.5197773527095,16.9886698973014,NaN,NaN,NaN,0,0
real_adsb,random_dropout_10,stage4B_3Day_nohup_20260819T132526Z_w042_20260820T095740Z::a7101e::20260820T095741__random_dropout_10,stage4B_3Day_nohup_20260819T132526Z_w042_20260820T095740Z::a7101e::20260820T095741,observed_adsb,warm_ukf,posterior,adsb_scoring_proxy,91,1,74.459688105259,18.5842081555313,113.007175880549,9.9630913788129,7.5197773527095,16.9886698973014,NaN,NaN,NaN,0,0
real_adsb,random_dropout_25,stage4B_3Day_nohup_20260819T132526Z_w042_20260820T095740Z::a7101e::20260820T095741__random_dropout_25,stage4B_3Day_nohup_20260819T132526Z_w042_20260820T095740Z::a7101e::20260820T095741,observed_adsb,cv_ekf,prior,adsb_scoring_proxy,91,1,12.9212965144717,9.92670760294311,24.0682992121302,3.02716294613051,2.54103960970251,4.84667830895472,NaN,NaN,NaN,0,0
real_adsb,random_dropout_25,stage4B_3Day_nohup_20260819T132526Z_w042_20260820T095740Z::a7101e::20260820T095741__random_dropout_25,stage4B_3Day_nohup_20260819T132526Z_w042_20260820T095740Z::a7101e::20260820T095741,observed_adsb,cv_ekf,posterior,adsb_scoring_proxy,91,1,12.9212965144717,9.92670760294311,24.0682992121302,3.02716294613051,2.54103960970251,4.84667830895472,NaN,NaN,NaN,0,0
real_adsb,random_dropout_25,stage4B_3Day_nohup_20260819T132526Z_w042_20260820T095740Z::a7101e::20260820T095741__random_dropout_25,stage4B_3Day_nohup_20260819T132526Z_w042_20260820T095740Z::a7101e::20260820T095741,observed_adsb,ca_ekf,prior,adsb_scoring_proxy,91,1,10.8047727607618,6.72242377894639,19.9170033766175,3.25977074473273,2.39206890326718,5.29109431770387,NaN,NaN,NaN,0,0
real_adsb,random_dropout_25,stage4B_3Day_nohup_20260819T132526Z_w042_20260820T095740Z::a7101e::20260820T095741__random_dropout_25,stage4B_3Day_nohup_20260819T132526Z_w042_20260820T095740Z::a7101e::20260820T095741,observed_adsb,ca_ekf,posterior,adsb_scoring_proxy,91,1,10.8047727607618,6.72242377894639,19.9170033766175,3.25977074473273,2.39206890326718,5.29109431770387,NaN,NaN,NaN,0,0
real_adsb,random_dropout_25,stage4B_3Day_nohup_20260819T132526Z_w042_20260820T095740Z::a7101e::20260820T095741__random_dropout_25,stage4B_3Day_nohup_20260819T132526Z_w042_20260820T095740Z::a7101e::20260820T095741,observed_adsb,ct_ekf,prior,adsb_scoring_proxy,91,1,13.2844462300191,9.93934052124134,24.7532860629901,3.04131641602801,2.57774036792242,4.86152671305971,NaN,NaN,NaN,0,0
real_adsb,random_dropout_25,stage4B_3Day_nohup_20260819T132526Z_w042_20260820T095740Z::a7101e::20260820T095741__random_dropout_25,stage4B_3Day_nohup_20260819T132526Z_w042_20260820T095740Z::a7101e::20260820T095741,observed_adsb,ct_ekf,posterior,adsb_scoring_proxy,91,1,13.2844462300191,9.93934052124134,24.7532860629901,3.04131641602801,2.57774036792242,4.86152671305971,NaN,NaN,NaN,0,0
real_adsb,random_dropout_25,stage4B_3Day_nohup_20260819T132526Z_w042_20260820T095740Z::a7101e::20260820T095741__random_dropout_25,stage4B_3Day_nohup_20260819T132526Z_w042_20260820T095740Z::a7101e::20260820T095741,observed_adsb,native_imm,prior,adsb_scoring_proxy,91,1,8.77208706250578,7.10355449109654,14.6346556862305,2.6027905117424,2.32537529241634,4.00301786407109,NaN,NaN,NaN,0,0
real_adsb,random_dropout_25,stage4B_3Day_nohup_20260819T132526Z_w042_20260820T095740Z::a7101e::20260820T095741__random_dropout_25,stage4B_3Day_nohup_20260819T132526Z_w042_20260820T095740Z::a7101e::20260820T095741,observed_adsb,native_imm,posterior,adsb_scoring_proxy,91,1,8.77208706250578,7.10355449109654,14.6346556862305,2.6027905117424,2.32537529241634,4.00301786407109,NaN,NaN,NaN,0,0
real_adsb,random_dropout_25,stage4B_3Day_nohup_20260819T132526Z_w042_20260820T095740Z::a7101e::20260820T095741__random_dropout_25,stage4B_3Day_nohup_20260819T132526Z_w042_20260820T095740Z::a7101e::20260820T095741,observed_adsb,warm_ukf,prior,adsb_scoring_proxy,91,1,487.422190018292,22.390495228122,215.863294338879,10.186007821915,8.51268583908038,15.8594246056478,NaN,NaN,NaN,0,0
real_adsb,random_dropout_25,stage4B_3Day_nohup_20260819T132526Z_w042_20260820T095740Z::a7101e::20260820T095741__random_dropout_25,stage4B_3Day_nohup_20260819T132526Z_w042_20260820T095740Z::a7101e::20260820T095741,observed_adsb,warm_ukf,posterior,adsb_scoring_proxy,91,1,487.422190018292,22.390495228122,215.863294338879,10.186007821915,8.51268583908038,15.8594246056478,NaN,NaN,NaN,0,0
real_adsb,burst_outage,stage4B_3Day_nohup_20260819T132526Z_w042_20260820T095740Z::a7101e::20260820T095741__burst_outage,stage4B_3Day_nohup_20260819T132526Z_w042_20260820T095740Z::a7101e::20260820T095741,observed_adsb,cv_ekf,prior,adsb_scoring_proxy,91,1,94.6224608933837,9.71157949728818,284.022965629404,3.55482953352085,2.71917790777819,6.75223757959393,NaN,NaN,NaN,0,0
real_adsb,burst_outage,stage4B_3Day_nohup_20260819T132526Z_w042_20260820T095740Z::a7101e::20260820T095741__burst_outage,stage4B_3Day_nohup_20260819T132526Z_w042_20260820T095740Z::a7101e::20260820T095741,observed_adsb,cv_ekf,posterior,adsb_scoring_proxy,91,1,94.6224608933837,9.71157949728818,284.022965629404,3.55482953352085,2.71917790777819,6.75223757959393,NaN,NaN,NaN,0,0
real_adsb,burst_outage,stage4B_3Day_nohup_20260819T132526Z_w042_20260820T095740Z::a7101e::20260820T095741__burst_outage,stage4B_3Day_nohup_20260819T132526Z_w042_20260820T095740Z::a7101e::20260820T095741,observed_adsb,ca_ekf,prior,adsb_scoring_proxy,91,1,93.5320939361445,6.59485900842178,291.338448426145,3.96710824571785,2.41865711962111,9.0670073289823,NaN,NaN,NaN,0,0
real_adsb,burst_outage,stage4B_3Day_nohup_20260819T132526Z_w042_20260820T095740Z::a7101e::20260820T095741__burst_outage,stage4B_3Day_nohup_20260819T132526Z_w042_20260820T095740Z::a7101e::20260820T095741,observed_adsb,ca_ekf,posterior,adsb_scoring_proxy,91,1,93.5320939361445,6.59485900842178,291.338448426145,3.96710824571785,2.41865711962111,9.0670073289823,NaN,NaN,NaN,0,0
real_adsb,burst_outage,stage4B_3Day_nohup_20260819T132526Z_w042_20260820T095740Z::a7101e::20260820T095741__burst_outage,stage4B_3Day_nohup_20260819T132526Z_w042_20260820T095740Z::a7101e::20260820T095741,observed_adsb,ct_ekf,prior,adsb_scoring_proxy,91,1,94.543126789338,9.79070083430156,283.578162886782,3.55841113765493,2.7178545933882,6.7784281890874,NaN,NaN,NaN,0,0
real_adsb,burst_outage,stage4B_3Day_nohup_20260819T132526Z_w042_20260820T095740Z::a7101e::20260820T095741__burst_outage,stage4B_3Day_nohup_20260819T132526Z_w042_20260820T095740Z::a7101e::20260820T095741,observed_adsb,ct_ekf,posterior,adsb_scoring_proxy,91,1,94.543126789338,9.79070083430156,283.578162886782,3.55841113765493,2.7178545933882,6.7784281890874,NaN,NaN,NaN,0,0
real_adsb,burst_outage,stage4B_3Day_nohup_20260819T132526Z_w042_20260820T095740Z::a7101e::20260820T095741__burst_outage,stage4B_3Day_nohup_20260819T132526Z_w042_20260820T095740Z::a7101e::20260820T095741,observed_adsb,native_imm,prior,adsb_scoring_proxy,91,1,110.525407142597,7.46598723788184,340.651076780575,3.43641392904598,2.42466807386079,7.00282667983003,NaN,NaN,NaN,0,0
real_adsb,burst_outage,stage4B_3Day_nohup_20260819T132526Z_w042_20260820T095740Z::a7101e::20260820T095741__burst_outage,stage4B_3Day_nohup_20260819T132526Z_w042_20260820T095740Z::a7101e::20260820T095741,observed_adsb,native_imm,posterior,adsb_scoring_proxy,91,1,110.525407142597,7.46598723788184,340.651076780575,3.43641392904598,2.42466807386079,7.00282667983003,NaN,NaN,NaN,0,0
real_adsb,burst_outage,stage4B_3Day_nohup_20260819T132526Z_w042_20260820T095740Z::a7101e::20260820T095741__burst_outage,stage4B_3Day_nohup_20260819T132526Z_w042_20260820T095740Z::a7101e::20260820T095741,observed_adsb,warm_ukf,prior,adsb_scoring_proxy,91,1,7543.7636564423,23.5176241543776,29719.7185439634,23.0095462405193,9.27248399647982,55.7177338760803,NaN,NaN,NaN,0,0
real_adsb,burst_outage,stage4B_3Day_nohup_20260819T132526Z_w042_20260820T095740Z::a7101e::20260820T095741__burst_outage,stage4B_3Day_nohup_20260819T132526Z_w042_20260820T095740Z::a7101e::20260820T095741,observed_adsb,warm_ukf,posterior,adsb_scoring_proxy,91,1,7543.7636564423,23.5176241543776,29719.7185439634,23.0095462405193,9.27248399647982,55.7177338760803,NaN,NaN,NaN,0,0
real_adsb,baseline,stage4B_3Day_nohup_20260819T132526Z_w113_20260821T212740Z::a350c3::20260821T212752__baseline,stage4B_3Day_nohup_20260819T132526Z_w113_20260821T212740Z::a350c3::20260821T212752,observed_adsb,cv_ekf,prior,adsb_scoring_proxy,91,1,9.63801840440364,7.96149192811972,17.329769056477,2.10025701615884,1.32211211571219,3.25161781590764,NaN,NaN,NaN,0,0
real_adsb,baseline,stage4B_3Day_nohup_20260819T132526Z_w113_20260821T212740Z::a350c3::20260821T212752__baseline,stage4B_3Day_nohup_20260819T132526Z_w113_20260821T212740Z::a350c3::20260821T212752,observed_adsb,cv_ekf,posterior,adsb_scoring_proxy,91,1,9.63801840440364,7.96149192811972,17.329769056477,2.10025701615884,1.32211211571219,3.25161781590764,NaN,NaN,NaN,0,0
real_adsb,baseline,stage4B_3Day_nohup_20260819T132526Z_w113_20260821T212740Z::a350c3::20260821T212752__baseline,stage4B_3Day_nohup_20260819T132526Z_w113_20260821T212740Z::a350c3::20260821T212752,observed_adsb,ca_ekf,prior,adsb_scoring_proxy,91,1,9.78872422322465,7.61367832616735,15.8073559192931,2.10512729576789,1.78518431416623,3.42389018375209,NaN,NaN,NaN,0,0
real_adsb,baseline,stage4B_3Day_nohup_20260819T132526Z_w113_20260821T212740Z::a350c3::20260821T212752__baseline,stage4B_3Day_nohup_20260819T132526Z_w113_20260821T212740Z::a350c3::20260821T212752,observed_adsb,ca_ekf,posterior,adsb_scoring_proxy,91,1,9.78872422322465,7.61367832616735,15.8073559192931,2.10512729576789,1.78518431416623,3.42389018375209,NaN,NaN,NaN,0,0
real_adsb,baseline,stage4B_3Day_nohup_20260819T132526Z_w113_20260821T212740Z::a350c3::20260821T212752__baseline,stage4B_3Day_nohup_20260819T132526Z_w113_20260821T212740Z::a350c3::20260821T212752,observed_adsb,ct_ekf,prior,adsb_scoring_proxy,91,1,9.64769186690805,7.9994517540164,17.4621502443916,2.07396478033166,1.34412054248972,3.20138237339321,NaN,NaN,NaN,0,0
real_adsb,baseline,stage4B_3Day_nohup_20260819T132526Z_w113_20260821T212740Z::a350c3::20260821T212752__baseline,stage4B_3Day_nohup_20260819T132526Z_w113_20260821T212740Z::a350c3::20260821T212752,observed_adsb,ct_ekf,posterior,adsb_scoring_proxy,91,1,9.64769186690805,7.9994517540164,17.4621502443916,2.07396478033166,1.34412054248972,3.20138237339321,NaN,NaN,NaN,0,0
real_adsb,baseline,stage4B_3Day_nohup_20260819T132526Z_w113_20260821T212740Z::a350c3::20260821T212752__baseline,stage4B_3Day_nohup_20260819T132526Z_w113_20260821T212740Z::a350c3::20260821T212752,observed_adsb,native_imm,prior,adsb_scoring_proxy,91,1,9.03035220721741,7.28653912007664,14.4852133646418,1.86175810001286,1.49264673267763,3.32430918106722,NaN,NaN,NaN,0,0
real_adsb,baseline,stage4B_3Day_nohup_20260819T132526Z_w113_20260821T212740Z::a350c3::20260821T212752__baseline,stage4B_3Day_nohup_20260819T132526Z_w113_20260821T212740Z::a350c3::20260821T212752,observed_adsb,native_imm,posterior,adsb_scoring_proxy,91,1,9.03035220721741,7.28653912007664,14.4852133646418,1.86175810001286,1.49264673267763,3.32430918106722,NaN,NaN,NaN,0,0
real_adsb,baseline,stage4B_3Day_nohup_20260819T132526Z_w113_20260821T212740Z::a350c3::20260821T212752__baseline,stage4B_3Day_nohup_20260819T132526Z_w113_20260821T212740Z::a350c3::20260821T212752,observed_adsb,warm_ukf,prior,adsb_scoring_proxy,91,1,205.304033822743,25.4497331875371,213.43556988121,10.2936301344051,9.60853938106055,15.8819339818542,NaN,NaN,NaN,0,0
real_adsb,baseline,stage4B_3Day_nohup_20260819T132526Z_w113_20260821T212740Z::a350c3::20260821T212752__baseline,stage4B_3Day_nohup_20260819T132526Z_w113_20260821T212740Z::a350c3::20260821T212752,observed_adsb,warm_ukf,posterior,adsb_scoring_proxy,91,1,205.304033822743,25.4497331875371,213.43556988121,10.2936301344051,9.60853938106055,15.8819339818542,NaN,NaN,NaN,0,0
real_adsb,random_dropout_10,stage4B_3Day_nohup_20260819T132526Z_w113_20260821T212740Z::a350c3::20260821T212752__random_dropout_10,stage4B_3Day_nohup_20260819T132526Z_w113_20260821T212740Z::a350c3::20260821T212752,observed_adsb,cv_ekf,prior,adsb_scoring_proxy,91,1,9.89721739132897,8.13505417437655,18.2428076189185,2.10261651340024,1.32824521769966,3.17674937909974,NaN,NaN,NaN,0,0
real_adsb,random_dropout_10,stage4B_3Day_nohup_20260819T132526Z_w113_20260821T212740Z::a350c3::20260821T212752__random_dropout_10,stage4B_3Day_nohup_20260819T132526Z_w113_20260821T212740Z::a350c3::20260821T212752,observed_adsb,cv_ekf,posterior,adsb_scoring_proxy,91,1,9.89721739132897,8.13505417437655,18.2428076189185,2.10261651340024,1.32824521769966,3.17674937909974,NaN,NaN,NaN,0,0
real_adsb,random_dropout_10,stage4B_3Day_nohup_20260819T132526Z_w113_20260821T212740Z::a350c3::20260821T212752__random_dropout_10,stage4B_3Day_nohup_20260819T132526Z_w113_20260821T212740Z::a350c3::20260821T212752,observed_adsb,ca_ekf,prior,adsb_scoring_proxy,91,1,9.92709568861085,7.86700962228692,16.1693837973084,2.10572736478967,1.78386201875161,3.53463844445829,NaN,NaN,NaN,0,0
real_adsb,random_dropout_10,stage4B_3Day_nohup_20260819T132526Z_w113_20260821T212740Z::a350c3::20260821T212752__random_dropout_10,stage4B_3Day_nohup_20260819T132526Z_w113_20260821T212740Z::a350c3::20260821T212752,observed_adsb,ca_ekf,posterior,adsb_scoring_proxy,91,1,9.92709568861085,7.86700962228692,16.1693837973084,2.10572736478967,1.78386201875161,3.53463844445829,NaN,NaN,NaN,0,0
real_adsb,random_dropout_10,stage4B_3Day_nohup_20260819T132526Z_w113_20260821T212740Z::a350c3::20260821T212752__random_dropout_10,stage4B_3Day_nohup_20260819T132526Z_w113_20260821T212740Z::a350c3::20260821T212752,observed_adsb,ct_ekf,prior,adsb_scoring_proxy,91,1,9.90380764203964,8.09590983690142,18.3816696653735,2.07632475528624,1.35087787881941,3.12827217763588,NaN,NaN,NaN,0,0
real_adsb,random_dropout_10,stage4B_3Day_nohup_20260819T132526Z_w113_20260821T212740Z::a350c3::20260821T212752__random_dropout_10,stage4B_3Day_nohup_20260819T132526Z_w113_20260821T212740Z::a350c3::20260821T212752,observed_adsb,ct_ekf,posterior,adsb_scoring_proxy,91,1,9.90380764203964,8.09590983690142,18.3816696653735,2.07632475528624,1.35087787881941,3.12827217763588,NaN,NaN,NaN,0,0
real_adsb,random_dropout_10,stage4B_3Day_nohup_20260819T132526Z_w113_20260821T212740Z::a350c3::20260821T212752__random_dropout_10,stage4B_3Day_nohup_20260819T132526Z_w113_20260821T212740Z::a350c3::20260821T212752,observed_adsb,native_imm,prior,adsb_scoring_proxy,91,1,9.24999534834236,7.18343435467428,15.9519505826675,1.8734892221109,1.46853549643993,3.33600486337144,NaN,NaN,NaN,0,0
real_adsb,random_dropout_10,stage4B_3Day_nohup_20260819T132526Z_w113_20260821T212740Z::a350c3::20260821T212752__random_dropout_10,stage4B_3Day_nohup_20260819T132526Z_w113_20260821T212740Z::a350c3::20260821T212752,observed_adsb,native_imm,posterior,adsb_scoring_proxy,91,1,9.24999534834236,7.18343435467428,15.9519505826675,1.8734892221109,1.46853549643993,3.33600486337144,NaN,NaN,NaN,0,0
real_adsb,random_dropout_10,stage4B_3Day_nohup_20260819T132526Z_w113_20260821T212740Z::a350c3::20260821T212752__random_dropout_10,stage4B_3Day_nohup_20260819T132526Z_w113_20260821T212740Z::a350c3::20260821T212752,observed_adsb,warm_ukf,prior,adsb_scoring_proxy,91,1,525.277378308209,23.1923456515801,112.069416551056,9.54535585147128,7.45850717842547,18.0914360310964,NaN,NaN,NaN,0,0
real_adsb,random_dropout_10,stage4B_3Day_nohup_20260819T132526Z_w113_20260821T212740Z::a350c3::20260821T212752__random_dropout_10,stage4B_3Day_nohup_20260819T132526Z_w113_20260821T212740Z::a350c3::20260821T212752,observed_adsb,warm_ukf,posterior,adsb_scoring_proxy,91,1,525.277378308209,23.1923456515801,112.069416551056,9.54535585147128,7.45850717842547,18.0914360310964,NaN,NaN,NaN,0,0
real_adsb,random_dropout_25,stage4B_3Day_nohup_20260819T132526Z_w113_20260821T212740Z::a350c3::20260821T212752__random_dropout_25,stage4B_3Day_nohup_20260819T132526Z_w113_20260821T212740Z::a350c3::20260821T212752,observed_adsb,cv_ekf,prior,adsb_scoring_proxy,91,1,10.1766414018341,7.1849772066818,17.4717814084174,2.21447486730442,1.31534916745698,4.20971825035126,NaN,NaN,NaN,0,0
real_adsb,random_dropout_25,stage4B_3Day_nohup_20260819T132526Z_w113_20260821T212740Z::a350c3::20260821T212752__random_dropout_25,stage4B_3Day_nohup_20260819T132526Z_w113_20260821T212740Z::a350c3::20260821T212752,observed_adsb,cv_ekf,posterior,adsb_scoring_proxy,91,1,10.1766414018341,7.1849772066818,17.4717814084174,2.21447486730442,1.31534916745698,4.20971825035126,NaN,NaN,NaN,0,0
real_adsb,random_dropout_25,stage4B_3Day_nohup_20260819T132526Z_w113_20260821T212740Z::a350c3::20260821T212752__random_dropout_25,stage4B_3Day_nohup_20260819T132526Z_w113_20260821T212740Z::a350c3::20260821T212752,observed_adsb,ca_ekf,prior,adsb_scoring_proxy,91,1,10.3592190679826,7.71478878405282,17.0421881056955,2.19531777290377,1.78040698967084,3.45526097333175,NaN,NaN,NaN,0,0
real_adsb,random_dropout_25,stage4B_3Day_nohup_20260819T132526Z_w113_20260821T212740Z::a350c3::20260821T212752__random_dropout_25,stage4B_3Day_nohup_20260819T132526Z_w113_20260821T212740Z::a350c3::20260821T212752,observed_adsb,ca_ekf,posterior,adsb_scoring_proxy,91,1,10.3592190679826,7.71478878405282,17.0421881056955,2.19531777290377,1.78040698967084,3.45526097333175,NaN,NaN,NaN,0,0
real_adsb,random_dropout_25,stage4B_3Day_nohup_20260819T132526Z_w113_20260821T212740Z::a350c3::20260821T212752__random_dropout_25,stage4B_3Day_nohup_20260819T132526Z_w113_20260821T212740Z::a350c3::20260821T212752,observed_adsb,ct_ekf,prior,adsb_scoring_proxy,91,1,10.1436804473654,7.26687517872153,17.5717529040084,2.18133013450894,1.32180552061704,3.90281810807821,NaN,NaN,NaN,0,0
real_adsb,random_dropout_25,stage4B_3Day_nohup_20260819T132526Z_w113_20260821T212740Z::a350c3::20260821T212752__random_dropout_25,stage4B_3Day_nohup_20260819T132526Z_w113_20260821T212740Z::a350c3::20260821T212752,observed_adsb,ct_ekf,posterior,adsb_scoring_proxy,91,1,10.1436804473654,7.26687517872153,17.5717529040084,2.18133013450894,1.32180552061704,3.90281810807821,NaN,NaN,NaN,0,0
real_adsb,random_dropout_25,stage4B_3Day_nohup_20260819T132526Z_w113_20260821T212740Z::a350c3::20260821T212752__random_dropout_25,stage4B_3Day_nohup_20260819T132526Z_w113_20260821T212740Z::a350c3::20260821T212752,observed_adsb,native_imm,prior,adsb_scoring_proxy,91,1,9.18933658457254,7.01005090285659,15.7057933366193,1.95102702579088,1.45180160943356,3.41543760348148,NaN,NaN,NaN,0,0
real_adsb,random_dropout_25,stage4B_3Day_nohup_20260819T132526Z_w113_20260821T212740Z::a350c3::20260821T212752__random_dropout_25,stage4B_3Day_nohup_20260819T132526Z_w113_20260821T212740Z::a350c3::20260821T212752,observed_adsb,native_imm,posterior,adsb_scoring_proxy,91,1,9.18933658457254,7.01005090285659,15.7057933366193,1.95102702579088,1.45180160943356,3.41543760348148,NaN,NaN,NaN,0,0
real_adsb,random_dropout_25,stage4B_3Day_nohup_20260819T132526Z_w113_20260821T212740Z::a350c3::20260821T212752__random_dropout_25,stage4B_3Day_nohup_20260819T132526Z_w113_20260821T212740Z::a350c3::20260821T212752,observed_adsb,warm_ukf,prior,adsb_scoring_proxy,91,1,169.368065776852,22.1416671459819,129.643314473051,9.84039220639771,7.57961560930204,17.0516274155873,NaN,NaN,NaN,0,0
real_adsb,random_dropout_25,stage4B_3Day_nohup_20260819T132526Z_w113_20260821T212740Z::a350c3::20260821T212752__random_dropout_25,stage4B_3Day_nohup_20260819T132526Z_w113_20260821T212740Z::a350c3::20260821T212752,observed_adsb,warm_ukf,posterior,adsb_scoring_proxy,91,1,169.368065776852,22.1416671459819,129.643314473051,9.84039220639771,7.57961560930204,17.0516274155873,NaN,NaN,NaN,0,0
real_adsb,burst_outage,stage4B_3Day_nohup_20260819T132526Z_w113_20260821T212740Z::a350c3::20260821T212752__burst_outage,stage4B_3Day_nohup_20260819T132526Z_w113_20260821T212740Z::a350c3::20260821T212752,observed_adsb,cv_ekf,prior,adsb_scoring_proxy,91,1,31.3066305690245,9.72432049274778,95.0909652820252,2.0958436514855,1.49034674464016,3.25097486000491,NaN,NaN,NaN,0,0
real_adsb,burst_outage,stage4B_3Day_nohup_20260819T132526Z_w113_20260821T212740Z::a350c3::20260821T212752__burst_outage,stage4B_3Day_nohup_20260819T132526Z_w113_20260821T212740Z::a350c3::20260821T212752,observed_adsb,cv_ekf,posterior,adsb_scoring_proxy,91,1,31.3066305690245,9.72432049274778,95.0909652820252,2.0958436514855,1.49034674464016,3.25097486000491,NaN,NaN,NaN,0,0
real_adsb,burst_outage,stage4B_3Day_nohup_20260819T132526Z_w113_20260821T212740Z::a350c3::20260821T212752__burst_outage,stage4B_3Day_nohup_20260819T132526Z_w113_20260821T212740Z::a350c3::20260821T212752,observed_adsb,ca_ekf,prior,adsb_scoring_proxy,91,1,218.134831891085,9.73954707378337,628.168891293769,4.98348785690327,2.25813922006241,12.786624712957,NaN,NaN,NaN,0,0
real_adsb,burst_outage,stage4B_3Day_nohup_20260819T132526Z_w113_20260821T212740Z::a350c3::20260821T212752__burst_outage,stage4B_3Day_nohup_20260819T132526Z_w113_20260821T212740Z::a350c3::20260821T212752,observed_adsb,ca_ekf,posterior,adsb_scoring_proxy,91,1,218.134831891085,9.73954707378337,628.168891293769,4.98348785690327,2.25813922006241,12.786624712957,NaN,NaN,NaN,0,0
real_adsb,burst_outage,stage4B_3Day_nohup_20260819T132526Z_w113_20260821T212740Z::a350c3::20260821T212752__burst_outage,stage4B_3Day_nohup_20260819T132526Z_w113_20260821T212740Z::a350c3::20260821T212752,observed_adsb,ct_ekf,prior,adsb_scoring_proxy,91,1,30.4492533372244,9.73635470506316,92.1248583505516,2.06895317588945,1.48741264659697,3.20040144740288,NaN,NaN,NaN,0,0
real_adsb,burst_outage,stage4B_3Day_nohup_20260819T132526Z_w113_20260821T212740Z::a350c3::20260821T212752__burst_outage,stage4B_3Day_nohup_20260819T132526Z_w113_20260821T212740Z::a350c3::20260821T212752,observed_adsb,ct_ekf,posterior,adsb_scoring_proxy,91,1,30.4492533372244,9.73635470506316,92.1248583505516,2.06895317588945,1.48741264659697,3.20040144740288,NaN,NaN,NaN,0,0
real_adsb,burst_outage,stage4B_3Day_nohup_20260819T132526Z_w113_20260821T212740Z::a350c3::20260821T212752__burst_outage,stage4B_3Day_nohup_20260819T132526Z_w113_20260821T212740Z::a350c3::20260821T212752,observed_adsb,native_imm,prior,adsb_scoring_proxy,91,1,44.3362791000627,8.49030237857972,135.385754392827,1.89850737818091,1.49264673267763,3.32783245386307,NaN,NaN,NaN,0,0
real_adsb,burst_outage,stage4B_3Day_nohup_20260819T132526Z_w113_20260821T212740Z::a350c3::20260821T212752__burst_outage,stage4B_3Day_nohup_20260819T132526Z_w113_20260821T212740Z::a350c3::20260821T212752,observed_adsb,native_imm,posterior,adsb_scoring_proxy,91,1,44.3362791000627,8.49030237857972,135.385754392827,1.89850737818091,1.49264673267763,3.32783245386307,NaN,NaN,NaN,0,0
real_adsb,burst_outage,stage4B_3Day_nohup_20260819T132526Z_w113_20260821T212740Z::a350c3::20260821T212752__burst_outage,stage4B_3Day_nohup_20260819T132526Z_w113_20260821T212740Z::a350c3::20260821T212752,observed_adsb,warm_ukf,prior,adsb_scoring_proxy,91,1,4400.64781421212,27.7450738613375,3164.7335751724,18.9293355844774,11.4023604123225,34.3516015874996,NaN,NaN,NaN,0,0
real_adsb,burst_outage,stage4B_3Day_nohup_20260819T132526Z_w113_20260821T212740Z::a350c3::20260821T212752__burst_outage,stage4B_3Day_nohup_20260819T132526Z_w113_20260821T212740Z::a350c3::20260821T212752,observed_adsb,warm_ukf,posterior,adsb_scoring_proxy,91,1,4400.64781421212,27.7450738613375,3164.7335751724,18.9293355844774,11.4023604123225,34.3516015874996,NaN,NaN,NaN,0,0
real_adsb,baseline,stage4B_3Day_nohup_20260819T132526Z_w105_20260821T172740Z::a4105b::20260821T173304__baseline,stage4B_3Day_nohup_20260819T132526Z_w105_20260821T172740Z::a4105b::20260821T173304,observed_adsb,cv_ekf,prior,adsb_scoring_proxy,90,1,8.24567098684929,5.19771935252953,17.4372795818027,2.08866430566898,1.55768652429666,3.56483006632853,NaN,NaN,NaN,0,0
real_adsb,baseline,stage4B_3Day_nohup_20260819T132526Z_w105_20260821T172740Z::a4105b::20260821T173304__baseline,stage4B_3Day_nohup_20260819T132526Z_w105_20260821T172740Z::a4105b::20260821T173304,observed_adsb,cv_ekf,posterior,adsb_scoring_proxy,90,1,8.24567098684929,5.19771935252953,17.4372795818027,2.08866430566898,1.55768652429666,3.56483006632853,NaN,NaN,NaN,0,0
real_adsb,baseline,stage4B_3Day_nohup_20260819T132526Z_w105_20260821T172740Z::a4105b::20260821T173304__baseline,stage4B_3Day_nohup_20260819T132526Z_w105_20260821T172740Z::a4105b::20260821T173304,observed_adsb,ca_ekf,prior,adsb_scoring_proxy,90,1,5.96706913488227,4.6915029691002,10.1711133859289,1.79394931771427,1.368825684479,3.52970741147994,NaN,NaN,NaN,0,0
real_adsb,baseline,stage4B_3Day_nohup_20260819T132526Z_w105_20260821T172740Z::a4105b::20260821T173304__baseline,stage4B_3Day_nohup_20260819T132526Z_w105_20260821T172740Z::a4105b::20260821T173304,observed_adsb,ca_ekf,posterior,adsb_scoring_proxy,90,1,5.96706913488227,4.6915029691002,10.1711133859289,1.79394931771427,1.368825684479,3.52970741147994,NaN,NaN,NaN,0,0
real_adsb,baseline,stage4B_3Day_nohup_20260819T132526Z_w105_20260821T172740Z::a4105b::20260821T173304__baseline,stage4B_3Day_nohup_20260819T132526Z_w105_20260821T172740Z::a4105b::20260821T173304,observed_adsb,ct_ekf,prior,adsb_scoring_proxy,90,1,8.39667211356814,5.25869326595886,17.5969573658124,2.08600901652948,1.56444005093245,3.61392374914464,NaN,NaN,NaN,0,0
real_adsb,baseline,stage4B_3Day_nohup_20260819T132526Z_w105_20260821T172740Z::a4105b::20260821T173304__baseline,stage4B_3Day_nohup_20260819T132526Z_w105_20260821T172740Z::a4105b::20260821T173304,observed_adsb,ct_ekf,posterior,adsb_scoring_proxy,90,1,8.39667211356814,5.25869326595886,17.5969573658124,2.08600901652948,1.56444005093245,3.61392374914464,NaN,NaN,NaN,0,0
real_adsb,baseline,stage4B_3Day_nohup_20260819T132526Z_w105_20260821T172740Z::a4105b::20260821T173304__baseline,stage4B_3Day_nohup_20260819T132526Z_w105_20260821T172740Z::a4105b::20260821T173304,observed_adsb,native_imm,prior,adsb_scoring_proxy,90,1,5.98294960193379,4.2409297872866,11.3724087516977,1.66026515876556,1.44691662249446,2.61661394041304,NaN,NaN,NaN,0,0
real_adsb,baseline,stage4B_3Day_nohup_20260819T132526Z_w105_20260821T172740Z::a4105b::20260821T173304__baseline,stage4B_3Day_nohup_20260819T132526Z_w105_20260821T172740Z::a4105b::20260821T173304,observed_adsb,native_imm,posterior,adsb_scoring_proxy,90,1,5.98294960193379,4.2409297872866,11.3724087516977,1.66026515876556,1.44691662249446,2.61661394041304,NaN,NaN,NaN,0,0
real_adsb,baseline,stage4B_3Day_nohup_20260819T132526Z_w105_20260821T172740Z::a4105b::20260821T173304__baseline,stage4B_3Day_nohup_20260819T132526Z_w105_20260821T172740Z::a4105b::20260821T173304,observed_adsb,warm_ukf,prior,adsb_scoring_proxy,90,1,138.443392257292,18.1005911780096,117.720768525314,11.698959165474,10.814785706536,18.5683787131275,NaN,NaN,NaN,0,0
real_adsb,baseline,stage4B_3Day_nohup_20260819T132526Z_w105_20260821T172740Z::a4105b::20260821T173304__baseline,stage4B_3Day_nohup_20260819T132526Z_w105_20260821T172740Z::a4105b::20260821T173304,observed_adsb,warm_ukf,posterior,adsb_scoring_proxy,90,1,138.443392257292,18.1005911780096,117.720768525314,11.698959165474,10.814785706536,18.5683787131275,NaN,NaN,NaN,0,0
real_adsb,random_dropout_10,stage4B_3Day_nohup_20260819T132526Z_w105_20260821T172740Z::a4105b::20260821T173304__random_dropout_10,stage4B_3Day_nohup_20260819T132526Z_w105_20260821T172740Z::a4105b::20260821T173304,observed_adsb,cv_ekf,prior,adsb_scoring_proxy,90,1,8.64930405002985,5.16839323725585,18.0024063093227,2.14125920187563,1.54799980390463,3.59299998537864,NaN,NaN,NaN,0,0
real_adsb,random_dropout_10,stage4B_3Day_nohup_20260819T132526Z_w105_20260821T172740Z::a4105b::20260821T173304__random_dropout_10,stage4B_3Day_nohup_20260819T132526Z_w105_20260821T172740Z::a4105b::20260821T173304,observed_adsb,cv_ekf,posterior,adsb_scoring_proxy,90,1,8.64930405002985,5.16839323725585,18.0024063093227,2.14125920187563,1.54799980390463,3.59299998537864,NaN,NaN,NaN,0,0
real_adsb,random_dropout_10,stage4B_3Day_nohup_20260819T132526Z_w105_20260821T172740Z::a4105b::20260821T173304__random_dropout_10,stage4B_3Day_nohup_20260819T132526Z_w105_20260821T172740Z::a4105b::20260821T173304,observed_adsb,ca_ekf,prior,adsb_scoring_proxy,90,1,6.10702959859241,4.63064428709222,10.6681105180416,1.81492606938098,1.36823141000545,3.56043415169368,NaN,NaN,NaN,0,0
real_adsb,random_dropout_10,stage4B_3Day_nohup_20260819T132526Z_w105_20260821T172740Z::a4105b::20260821T173304__random_dropout_10,stage4B_3Day_nohup_20260819T132526Z_w105_20260821T172740Z::a4105b::20260821T173304,observed_adsb,ca_ekf,posterior,adsb_scoring_proxy,90,1,6.10702959859241,4.63064428709222,10.6681105180416,1.81492606938098,1.36823141000545,3.56043415169368,NaN,NaN,NaN,0,0
real_adsb,random_dropout_10,stage4B_3Day_nohup_20260819T132526Z_w105_20260821T172740Z::a4105b::20260821T173304__random_dropout_10,stage4B_3Day_nohup_20260819T132526Z_w105_20260821T172740Z::a4105b::20260821T173304,observed_adsb,ct_ekf,prior,adsb_scoring_proxy,90,1,8.81047782093817,5.18668877951103,18.0023318684599,2.1387076091936,1.55887591807862,3.64223667708554,NaN,NaN,NaN,0,0
real_adsb,random_dropout_10,stage4B_3Day_nohup_20260819T132526Z_w105_20260821T172740Z::a4105b::20260821T173304__random_dropout_10,stage4B_3Day_nohup_20260819T132526Z_w105_20260821T172740Z::a4105b::20260821T173304,observed_adsb,ct_ekf,posterior,adsb_scoring_proxy,90,1,8.81047782093817,5.18668877951103,18.0023318684599,2.1387076091936,1.55887591807862,3.64223667708554,NaN,NaN,NaN,0,0
real_adsb,random_dropout_10,stage4B_3Day_nohup_20260819T132526Z_w105_20260821T172740Z::a4105b::20260821T173304__random_dropout_10,stage4B_3Day_nohup_20260819T132526Z_w105_20260821T172740Z::a4105b::20260821T173304,observed_adsb,native_imm,prior,adsb_scoring_proxy,90,1,6.09135830305683,4.29149409260749,11.7186858884567,1.67153608339795,1.44806667981539,2.67361944940041,NaN,NaN,NaN,0,0
real_adsb,random_dropout_10,stage4B_3Day_nohup_20260819T132526Z_w105_20260821T172740Z::a4105b::20260821T173304__random_dropout_10,stage4B_3Day_nohup_20260819T132526Z_w105_20260821T172740Z::a4105b::20260821T173304,observed_adsb,native_imm,posterior,adsb_scoring_proxy,90,1,6.09135830305683,4.29149409260749,11.7186858884567,1.67153608339795,1.44806667981539,2.67361944940041,NaN,NaN,NaN,0,0
real_adsb,random_dropout_10,stage4B_3Day_nohup_20260819T132526Z_w105_20260821T172740Z::a4105b::20260821T173304__random_dropout_10,stage4B_3Day_nohup_20260819T132526Z_w105_20260821T172740Z::a4105b::20260821T173304,observed_adsb,warm_ukf,prior,adsb_scoring_proxy,90,1,970.544020421684,16.7520343250129,87.9720986553407,14.115433169174,11.8596341693556,19.2718933053038,NaN,NaN,NaN,0,0
real_adsb,random_dropout_10,stage4B_3Day_nohup_20260819T132526Z_w105_20260821T172740Z::a4105b::20260821T173304__random_dropout_10,stage4B_3Day_nohup_20260819T132526Z_w105_20260821T172740Z::a4105b::20260821T173304,observed_adsb,warm_ukf,posterior,adsb_scoring_proxy,90,1,970.544020421684,16.7520343250129,87.9720986553407,14.115433169174,11.8596341693556,19.2718933053038,NaN,NaN,NaN,0,0
real_adsb,random_dropout_25,stage4B_3Day_nohup_20260819T132526Z_w105_20260821T172740Z::a4105b::20260821T173304__random_dropout_25,stage4B_3Day_nohup_20260819T132526Z_w105_20260821T172740Z::a4105b::20260821T173304,observed_adsb,cv_ekf,prior,adsb_scoring_proxy,90,1,9.24169221870598,5.16524549142577,18.0024063093227,2.21571031482533,1.59267969985051,3.87115739716742,NaN,NaN,NaN,0,0
real_adsb,random_dropout_25,stage4B_3Day_nohup_20260819T132526Z_w105_20260821T172740Z::a4105b::20260821T173304__random_dropout_25,stage4B_3Day_nohup_20260819T132526Z_w105_20260821T172740Z::a4105b::20260821T173304,observed_adsb,cv_ekf,posterior,adsb_scoring_proxy,90,1,9.24169221870598,5.16524549142577,18.0024063093227,2.21571031482533,1.59267969985051,3.87115739716742,NaN,NaN,NaN,0,0
real_adsb,random_dropout_25,stage4B_3Day_nohup_20260819T132526Z_w105_20260821T172740Z::a4105b::20260821T173304__random_dropout_25,stage4B_3Day_nohup_20260819T132526Z_w105_20260821T172740Z::a4105b::20260821T173304,observed_adsb,ca_ekf,prior,adsb_scoring_proxy,90,1,6.53929286957321,4.87929873729541,13.2528628718405,1.88718639354686,1.51301755855687,3.69894949419408,NaN,NaN,NaN,0,0
real_adsb,random_dropout_25,stage4B_3Day_nohup_20260819T132526Z_w105_20260821T172740Z::a4105b::20260821T173304__random_dropout_25,stage4B_3Day_nohup_20260819T132526Z_w105_20260821T172740Z::a4105b::20260821T173304,observed_adsb,ca_ekf,posterior,adsb_scoring_proxy,90,1,6.53929286957321,4.87929873729541,13.2528628718405,1.88718639354686,1.51301755855687,3.69894949419408,NaN,NaN,NaN,0,0
real_adsb,random_dropout_25,stage4B_3Day_nohup_20260819T132526Z_w105_20260821T172740Z::a4105b::20260821T173304__random_dropout_25,stage4B_3Day_nohup_20260819T132526Z_w105_20260821T172740Z::a4105b::20260821T173304,observed_adsb,ct_ekf,prior,adsb_scoring_proxy,90,1,9.40510231465546,5.17627863451736,18.3619757169057,2.21303690031669,1.63263616455111,3.89557057893418,NaN,NaN,NaN,0,0
real_adsb,random_dropout_25,stage4B_3Day_nohup_20260819T132526Z_w105_20260821T172740Z::a4105b::20260821T173304__random_dropout_25,stage4B_3Day_nohup_20260819T132526Z_w105_20260821T172740Z::a4105b::20260821T173304,observed_adsb,ct_ekf,posterior,adsb_scoring_proxy,90,1,9.40510231465546,5.17627863451736,18.3619757169057,2.21303690031669,1.63263616455111,3.89557057893418,NaN,NaN,NaN,0,0
real_adsb,random_dropout_25,stage4B_3Day_nohup_20260819T132526Z_w105_20260821T172740Z::a4105b::20260821T173304__random_dropout_25,stage4B_3Day_nohup_20260819T132526Z_w105_20260821T172740Z::a4105b::20260821T173304,observed_adsb,native_imm,prior,adsb_scoring_proxy,90,1,6.3502831109817,4.55413187318146,11.9530005491881,1.71367164923103,1.54479144079545,2.82518614049279,NaN,NaN,NaN,0,0
real_adsb,random_dropout_25,stage4B_3Day_nohup_20260819T132526Z_w105_20260821T172740Z::a4105b::20260821T173304__random_dropout_25,stage4B_3Day_nohup_20260819T132526Z_w105_20260821T172740Z::a4105b::20260821T173304,observed_adsb,native_imm,posterior,adsb_scoring_proxy,90,1,6.3502831109817,4.55413187318146,11.9530005491881,1.71367164923103,1.54479144079545,2.82518614049279,NaN,NaN,NaN,0,0
real_adsb,random_dropout_25,stage4B_3Day_nohup_20260819T132526Z_w105_20260821T172740Z::a4105b::20260821T173304__random_dropout_25,stage4B_3Day_nohup_20260819T132526Z_w105_20260821T172740Z::a4105b::20260821T173304,observed_adsb,warm_ukf,prior,adsb_scoring_proxy,90,1,79.5177038025077,19.3172222757058,62.0000305162621,12.2472551353796,10.3214863541606,23.2599627828272,NaN,NaN,NaN,0,0
real_adsb,random_dropout_25,stage4B_3Day_nohup_20260819T132526Z_w105_20260821T172740Z::a4105b::20260821T173304__random_dropout_25,stage4B_3Day_nohup_20260819T132526Z_w105_20260821T172740Z::a4105b::20260821T173304,observed_adsb,warm_ukf,posterior,adsb_scoring_proxy,90,1,79.5177038025077,19.3172222757058,62.0000305162621,12.2472551353796,10.3214863541606,23.2599627828272,NaN,NaN,NaN,0,0
real_adsb,burst_outage,stage4B_3Day_nohup_20260819T132526Z_w105_20260821T172740Z::a4105b::20260821T173304__burst_outage,stage4B_3Day_nohup_20260819T132526Z_w105_20260821T172740Z::a4105b::20260821T173304,observed_adsb,cv_ekf,prior,adsb_scoring_proxy,90,1,19.9031382259905,6.93511299540655,50.620860811468,2.27297000231502,1.67160264337691,4.07969501875402,NaN,NaN,NaN,0,0
real_adsb,burst_outage,stage4B_3Day_nohup_20260819T132526Z_w105_20260821T172740Z::a4105b::20260821T173304__burst_outage,stage4B_3Day_nohup_20260819T132526Z_w105_20260821T172740Z::a4105b::20260821T173304,observed_adsb,cv_ekf,posterior,adsb_scoring_proxy,90,1,19.9031382259905,6.93511299540655,50.620860811468,2.27297000231502,1.67160264337691,4.07969501875402,NaN,NaN,NaN,0,0
real_adsb,burst_outage,stage4B_3Day_nohup_20260819T132526Z_w105_20260821T172740Z::a4105b::20260821T173304__burst_outage,stage4B_3Day_nohup_20260819T132526Z_w105_20260821T172740Z::a4105b::20260821T173304,observed_adsb,ca_ekf,prior,adsb_scoring_proxy,90,1,13.7328217436404,5.62629357227154,36.0693641873797,1.93440776225925,1.59034502643687,3.52970741147994,NaN,NaN,NaN,0,0
real_adsb,burst_outage,stage4B_3Day_nohup_20260819T132526Z_w105_20260821T172740Z::a4105b::20260821T173304__burst_outage,stage4B_3Day_nohup_20260819T132526Z_w105_20260821T172740Z::a4105b::20260821T173304,observed_adsb,ca_ekf,posterior,adsb_scoring_proxy,90,1,13.7328217436404,5.62629357227154,36.0693641873797,1.93440776225925,1.59034502643687,3.52970741147994,NaN,NaN,NaN,0,0
real_adsb,burst_outage,stage4B_3Day_nohup_20260819T132526Z_w105_20260821T172740Z::a4105b::20260821T173304__burst_outage,stage4B_3Day_nohup_20260819T132526Z_w105_20260821T172740Z::a4105b::20260821T173304,observed_adsb,ct_ekf,prior,adsb_scoring_proxy,90,1,25.7663001634572,7.43765334935434,69.7307319254046,2.35011937379651,1.94870871892463,4.05471523797372,NaN,NaN,NaN,0,0
real_adsb,burst_outage,stage4B_3Day_nohup_20260819T132526Z_w105_20260821T172740Z::a4105b::20260821T173304__burst_outage,stage4B_3Day_nohup_20260819T132526Z_w105_20260821T172740Z::a4105b::20260821T173304,observed_adsb,ct_ekf,posterior,adsb_scoring_proxy,90,1,25.7663001634572,7.43765334935434,69.7307319254046,2.35011937379651,1.94870871892463,4.05471523797372,NaN,NaN,NaN,0,0
real_adsb,burst_outage,stage4B_3Day_nohup_20260819T132526Z_w105_20260821T172740Z::a4105b::20260821T173304__burst_outage,stage4B_3Day_nohup_20260819T132526Z_w105_20260821T172740Z::a4105b::20260821T173304,observed_adsb,native_imm,prior,adsb_scoring_proxy,90,1,20.7059803122483,5.43646484571021,57.7829819446582,1.88779606061823,1.73440056247309,3.1122213535719,NaN,NaN,NaN,0,0
real_adsb,burst_outage,stage4B_3Day_nohup_20260819T132526Z_w105_20260821T172740Z::a4105b::20260821T173304__burst_outage,stage4B_3Day_nohup_20260819T132526Z_w105_20260821T172740Z::a4105b::20260821T173304,observed_adsb,native_imm,posterior,adsb_scoring_proxy,90,1,20.7059803122483,5.43646484571021,57.7829819446582,1.88779606061823,1.73440056247309,3.1122213535719,NaN,NaN,NaN,0,0
real_adsb,burst_outage,stage4B_3Day_nohup_20260819T132526Z_w105_20260821T172740Z::a4105b::20260821T173304__burst_outage,stage4B_3Day_nohup_20260819T132526Z_w105_20260821T172740Z::a4105b::20260821T173304,observed_adsb,warm_ukf,prior,adsb_scoring_proxy,90,1,2337.57080021451,20.1057117402737,7370.16000922879,15.9703674355615,12.0951285422422,27.5128502694784,NaN,NaN,NaN,0,0
real_adsb,burst_outage,stage4B_3Day_nohup_20260819T132526Z_w105_20260821T172740Z::a4105b::20260821T173304__burst_outage,stage4B_3Day_nohup_20260819T132526Z_w105_20260821T172740Z::a4105b::20260821T173304,observed_adsb,warm_ukf,posterior,adsb_scoring_proxy,90,1,2337.57080021451,20.1057117402737,7370.16000922879,15.9703674355615,12.0951285422422,27.5128502694784,NaN,NaN,NaN,0,0
real_adsb,baseline,stage4B_3Day_nohup_20260819T132526Z_w054_20260820T155740Z::a78e09::20260820T155926__baseline,stage4B_3Day_nohup_20260819T132526Z_w054_20260820T155740Z::a78e09::20260820T155926,observed_adsb,cv_ekf,prior,adsb_scoring_proxy,90,1,11.7528503386746,7.43989212673781,24.0917764803447,2.74801789151749,1.93484048483991,5.44807696036953,NaN,NaN,NaN,0,0
real_adsb,baseline,stage4B_3Day_nohup_20260819T132526Z_w054_20260820T155740Z::a78e09::20260820T155926__baseline,stage4B_3Day_nohup_20260819T132526Z_w054_20260820T155740Z::a78e09::20260820T155926,observed_adsb,cv_ekf,posterior,adsb_scoring_proxy,90,1,11.7528503386746,7.43989212673781,24.0917764803447,2.74801789151749,1.93484048483991,5.44807696036953,NaN,NaN,NaN,0,0
real_adsb,baseline,stage4B_3Day_nohup_20260819T132526Z_w054_20260820T155740Z::a78e09::20260820T155926__baseline,stage4B_3Day_nohup_20260819T132526Z_w054_20260820T155740Z::a78e09::20260820T155926,observed_adsb,ca_ekf,prior,adsb_scoring_proxy,90,1,11.8544566589473,6.86742247261375,23.7771565074144,2.85217903961776,1.8283990685671,5.60234629425606,NaN,NaN,NaN,0,0
real_adsb,baseline,stage4B_3Day_nohup_20260819T132526Z_w054_20260820T155740Z::a78e09::20260820T155926__baseline,stage4B_3Day_nohup_20260819T132526Z_w054_20260820T155740Z::a78e09::20260820T155926,observed_adsb,ca_ekf,posterior,adsb_scoring_proxy,90,1,11.8544566589473,6.86742247261375,23.7771565074144,2.85217903961776,1.8283990685671,5.60234629425606,NaN,NaN,NaN,0,0
real_adsb,baseline,stage4B_3Day_nohup_20260819T132526Z_w054_20260820T155740Z::a78e09::20260820T155926__baseline,stage4B_3Day_nohup_20260819T132526Z_w054_20260820T155740Z::a78e09::20260820T155926,observed_adsb,ct_ekf,prior,adsb_scoring_proxy,90,1,12.1829946230589,7.39851056160637,25.4104075898139,2.78615930733095,1.96874596975832,5.52221936213611,NaN,NaN,NaN,0,0
real_adsb,baseline,stage4B_3Day_nohup_20260819T132526Z_w054_20260820T155740Z::a78e09::20260820T155926__baseline,stage4B_3Day_nohup_20260819T132526Z_w054_20260820T155740Z::a78e09::20260820T155926,observed_adsb,ct_ekf,posterior,adsb_scoring_proxy,90,1,12.1829946230589,7.39851056160637,25.4104075898139,2.78615930733095,1.96874596975832,5.52221936213611,NaN,NaN,NaN,0,0
real_adsb,baseline,stage4B_3Day_nohup_20260819T132526Z_w054_20260820T155740Z::a78e09::20260820T155926__baseline,stage4B_3Day_nohup_20260819T132526Z_w054_20260820T155740Z::a78e09::20260820T155926,observed_adsb,native_imm,prior,adsb_scoring_proxy,90,1,7.69472310165482,5.61861115584361,15.5673495437111,2.17572322488895,1.62876989136239,4.31414812116702,NaN,NaN,NaN,0,0
real_adsb,baseline,stage4B_3Day_nohup_20260819T132526Z_w054_20260820T155740Z::a78e09::20260820T155926__baseline,stage4B_3Day_nohup_20260819T132526Z_w054_20260820T155740Z::a78e09::20260820T155926,observed_adsb,native_imm,posterior,adsb_scoring_proxy,90,1,7.69472310165482,5.61861115584361,15.5673495437111,2.17572322488895,1.62876989136239,4.31414812116702,NaN,NaN,NaN,0,0
real_adsb,baseline,stage4B_3Day_nohup_20260819T132526Z_w054_20260820T155740Z::a78e09::20260820T155926__baseline,stage4B_3Day_nohup_20260819T132526Z_w054_20260820T155740Z::a78e09::20260820T155926,observed_adsb,warm_ukf,prior,adsb_scoring_proxy,90,1,59.9868284582057,20.5748725098398,111.471937136316,11.1967805203362,9.55405160972137,17.7840848368664,NaN,NaN,NaN,0,0
real_adsb,baseline,stage4B_3Day_nohup_20260819T132526Z_w054_20260820T155740Z::a78e09::20260820T155926__baseline,stage4B_3Day_nohup_20260819T132526Z_w054_20260820T155740Z::a78e09::20260820T155926,observed_adsb,warm_ukf,posterior,adsb_scoring_proxy,90,1,59.9868284582057,20.5748725098398,111.471937136316,11.1967805203362,9.55405160972137,17.7840848368664,NaN,NaN,NaN,0,0
real_adsb,random_dropout_10,stage4B_3Day_nohup_20260819T132526Z_w054_20260820T155740Z::a78e09::20260820T155926__random_dropout_10,stage4B_3Day_nohup_20260819T132526Z_w054_20260820T155740Z::a78e09::20260820T155926,observed_adsb,cv_ekf,prior,adsb_scoring_proxy,90,1,14.8678475149502,7.67419332062699,24.1329102965558,2.9421422131243,1.99008427468522,5.45391599590764,NaN,NaN,NaN,0,0
real_adsb,random_dropout_10,stage4B_3Day_nohup_20260819T132526Z_w054_20260820T155740Z::a78e09::20260820T155926__random_dropout_10,stage4B_3Day_nohup_20260819T132526Z_w054_20260820T155740Z::a78e09::20260820T155926,observed_adsb,cv_ekf,posterior,adsb_scoring_proxy,90,1,14.8678475149502,7.67419332062699,24.1329102965558,2.9421422131243,1.99008427468522,5.45391599590764,NaN,NaN,NaN,0,0
real_adsb,random_dropout_10,stage4B_3Day_nohup_20260819T132526Z_w054_20260820T155740Z::a78e09::20260820T155926__random_dropout_10,stage4B_3Day_nohup_20260819T132526Z_w054_20260820T155740Z::a78e09::20260820T155926,observed_adsb,ca_ekf,prior,adsb_scoring_proxy,90,1,14.8774717073235,7.04999218087918,24.3617955531189,3.02672001967108,1.95113813770749,6.04483640980902,NaN,NaN,NaN,0,0
real_adsb,random_dropout_10,stage4B_3Day_nohup_20260819T132526Z_w054_20260820T155740Z::a78e09::20260820T155926__random_dropout_10,stage4B_3Day_nohup_20260819T132526Z_w054_20260820T155740Z::a78e09::20260820T155926,observed_adsb,ca_ekf,posterior,adsb_scoring_proxy,90,1,14.8774717073235,7.04999218087918,24.3617955531189,3.02672001967108,1.95113813770749,6.04483640980902,NaN,NaN,NaN,0,0
real_adsb,random_dropout_10,stage4B_3Day_nohup_20260819T132526Z_w054_20260820T155740Z::a78e09::20260820T155926__random_dropout_10,stage4B_3Day_nohup_20260819T132526Z_w054_20260820T155740Z::a78e09::20260820T155926,observed_adsb,ct_ekf,prior,adsb_scoring_proxy,90,1,15.2345114227426,7.64844165362671,25.8228771503508,2.9782633010493,2.02623760391635,5.53258862013506,NaN,NaN,NaN,0,0
real_adsb,random_dropout_10,stage4B_3Day_nohup_20260819T132526Z_w054_20260820T155740Z::a78e09::20260820T155926__random_dropout_10,stage4B_3Day_nohup_20260819T132526Z_w054_20260820T155740Z::a78e09::20260820T155926,observed_adsb,ct_ekf,posterior,adsb_scoring_proxy,90,1,15.2345114227426,7.64844165362671,25.8228771503508,2.9782633010493,2.02623760391635,5.53258862013506,NaN,NaN,NaN,0,0
real_adsb,random_dropout_10,stage4B_3Day_nohup_20260819T132526Z_w054_20260820T155740Z::a78e09::20260820T155926__random_dropout_10,stage4B_3Day_nohup_20260819T132526Z_w054_20260820T155740Z::a78e09::20260820T155926,observed_adsb,native_imm,prior,adsb_scoring_proxy,90,1,11.5144603306485,5.37738997906796,15.8688717659508,2.38904181334048,1.65273728226005,4.28113270099217,NaN,NaN,NaN,0,0
real_adsb,random_dropout_10,stage4B_3Day_nohup_20260819T132526Z_w054_20260820T155740Z::a78e09::20260820T155926__random_dropout_10,stage4B_3Day_nohup_20260819T132526Z_w054_20260820T155740Z::a78e09::20260820T155926,observed_adsb,native_imm,posterior,adsb_scoring_proxy,90,1,11.5144603306485,5.37738997906796,15.8688717659508,2.38904181334048,1.65273728226005,4.28113270099217,NaN,NaN,NaN,0,0
real_adsb,random_dropout_10,stage4B_3Day_nohup_20260819T132526Z_w054_20260820T155740Z::a78e09::20260820T155926__random_dropout_10,stage4B_3Day_nohup_20260819T132526Z_w054_20260820T155740Z::a78e09::20260820T155926,observed_adsb,warm_ukf,prior,adsb_scoring_proxy,90,1,446.211350036405,22.8880572603436,317.91846471849,11.8020265400227,8.59637249057899,16.4810731531362,NaN,NaN,NaN,0,0
real_adsb,random_dropout_10,stage4B_3Day_nohup_20260819T132526Z_w054_20260820T155740Z::a78e09::20260820T155926__random_dropout_10,stage4B_3Day_nohup_20260819T132526Z_w054_20260820T155740Z::a78e09::20260820T155926,observed_adsb,warm_ukf,posterior,adsb_scoring_proxy,90,1,446.211350036405,22.8880572603436,317.91846471849,11.8020265400227,8.59637249057899,16.4810731531362,NaN,NaN,NaN,0,0
real_adsb,random_dropout_25,stage4B_3Day_nohup_20260819T132526Z_w054_20260820T155740Z::a78e09::20260820T155926__random_dropout_25,stage4B_3Day_nohup_20260819T132526Z_w054_20260820T155740Z::a78e09::20260820T155926,observed_adsb,cv_ekf,prior,adsb_scoring_proxy,90,1,15.5639796643461,8.09047822525886,31.3002070040857,3.03419449850293,2.01776897514276,6.03265349937304,NaN,NaN,NaN,0,0
real_adsb,random_dropout_25,stage4B_3Day_nohup_20260819T132526Z_w054_20260820T155740Z::a78e09::20260820T155926__random_dropout_25,stage4B_3Day_nohup_20260819T132526Z_w054_20260820T155740Z::a78e09::20260820T155926,observed_adsb,cv_ekf,posterior,adsb_scoring_proxy,90,1,15.5639796643461,8.09047822525886,31.3002070040857,3.03419449850293,2.01776897514276,6.03265349937304,NaN,NaN,NaN,0,0
real_adsb,random_dropout_25,stage4B_3Day_nohup_20260819T132526Z_w054_20260820T155740Z::a78e09::20260820T155926__random_dropout_25,stage4B_3Day_nohup_20260819T132526Z_w054_20260820T155740Z::a78e09::20260820T155926,observed_adsb,ca_ekf,prior,adsb_scoring_proxy,90,1,15.1332052160194,7.71660007398908,25.6937202993603,3.12669620399705,1.95522427601879,6.35446902165916,NaN,NaN,NaN,0,0
real_adsb,random_dropout_25,stage4B_3Day_nohup_20260819T132526Z_w054_20260820T155740Z::a78e09::20260820T155926__random_dropout_25,stage4B_3Day_nohup_20260819T132526Z_w054_20260820T155740Z::a78e09::20260820T155926,observed_adsb,ca_ekf,posterior,adsb_scoring_proxy,90,1,15.1332052160194,7.71660007398908,25.6937202993603,3.12669620399705,1.95522427601879,6.35446902165916,NaN,NaN,NaN,0,0
real_adsb,random_dropout_25,stage4B_3Day_nohup_20260819T132526Z_w054_20260820T155740Z::a78e09::20260820T155926__random_dropout_25,stage4B_3Day_nohup_20260819T132526Z_w054_20260820T155740Z::a78e09::20260820T155926,observed_adsb,ct_ekf,prior,adsb_scoring_proxy,90,1,15.9588810752248,8.26001839641044,33.3267676562289,3.07022089370202,2.02107851582829,6.206683191385,NaN,NaN,NaN,0,0
real_adsb,random_dropout_25,stage4B_3Day_nohup_20260819T132526Z_w054_20260820T155740Z::a78e09::20260820T155926__random_dropout_25,stage4B_3Day_nohup_20260819T132526Z_w054_20260820T155740Z::a78e09::20260820T155926,observed_adsb,ct_ekf,posterior,adsb_scoring_proxy,90,1,15.9588810752248,8.26001839641044,33.3267676562289,3.07022089370202,2.02107851582829,6.206683191385,NaN,NaN,NaN,0,0
real_adsb,random_dropout_25,stage4B_3Day_nohup_20260819T132526Z_w054_20260820T155740Z::a78e09::20260820T155926__random_dropout_25,stage4B_3Day_nohup_20260819T132526Z_w054_20260820T155740Z::a78e09::20260820T155926,observed_adsb,native_imm,prior,adsb_scoring_proxy,90,1,11.800320760278,5.50617730605514,18.4091961999141,2.46148571372206,1.6499130146982,4.29193432464539,NaN,NaN,NaN,0,0
real_adsb,random_dropout_25,stage4B_3Day_nohup_20260819T132526Z_w054_20260820T155740Z::a78e09::20260820T155926__random_dropout_25,stage4B_3Day_nohup_20260819T132526Z_w054_20260820T155740Z::a78e09::20260820T155926,observed_adsb,native_imm,posterior,adsb_scoring_proxy,90,1,11.800320760278,5.50617730605514,18.4091961999141,2.46148571372206,1.6499130146982,4.29193432464539,NaN,NaN,NaN,0,0
real_adsb,random_dropout_25,stage4B_3Day_nohup_20260819T132526Z_w054_20260820T155740Z::a78e09::20260820T155926__random_dropout_25,stage4B_3Day_nohup_20260819T132526Z_w054_20260820T155740Z::a78e09::20260820T155926,observed_adsb,warm_ukf,prior,adsb_scoring_proxy,90,1,464.373783084387,20.3418153864097,583.537307017448,11.043042230921,7.02797805786098,16.4314692446632,NaN,NaN,NaN,0,0
real_adsb,random_dropout_25,stage4B_3Day_nohup_20260819T132526Z_w054_20260820T155740Z::a78e09::20260820T155926__random_dropout_25,stage4B_3Day_nohup_20260819T132526Z_w054_20260820T155740Z::a78e09::20260820T155926,observed_adsb,warm_ukf,posterior,adsb_scoring_proxy,90,1,464.373783084387,20.3418153864097,583.537307017448,11.043042230921,7.02797805786098,16.4314692446632,NaN,NaN,NaN,0,0
real_adsb,burst_outage,stage4B_3Day_nohup_20260819T132526Z_w054_20260820T155740Z::a78e09::20260820T155926__burst_outage,stage4B_3Day_nohup_20260819T132526Z_w054_20260820T155740Z::a78e09::20260820T155926,observed_adsb,cv_ekf,prior,adsb_scoring_proxy,90,1,42.8913420821335,8.23745178946514,128.623192025606,3.31728247993898,2.56277520243047,6.03827882351897,NaN,NaN,NaN,0,0
real_adsb,burst_outage,stage4B_3Day_nohup_20260819T132526Z_w054_20260820T155740Z::a78e09::20260820T155926__burst_outage,stage4B_3Day_nohup_20260819T132526Z_w054_20260820T155740Z::a78e09::20260820T155926,observed_adsb,cv_ekf,posterior,adsb_scoring_proxy,90,1,42.8913420821335,8.23745178946514,128.623192025606,3.31728247993898,2.56277520243047,6.03827882351897,NaN,NaN,NaN,0,0
real_adsb,burst_outage,stage4B_3Day_nohup_20260819T132526Z_w054_20260820T155740Z::a78e09::20260820T155926__burst_outage,stage4B_3Day_nohup_20260819T132526Z_w054_20260820T155740Z::a78e09::20260820T155926,observed_adsb,ca_ekf,prior,adsb_scoring_proxy,90,1,51.5338419393332,9.18829534460678,161.102236717332,3.35335500504716,2.54025697005208,5.69872631371,NaN,NaN,NaN,0,0
real_adsb,burst_outage,stage4B_3Day_nohup_20260819T132526Z_w054_20260820T155740Z::a78e09::20260820T155926__burst_outage,stage4B_3Day_nohup_20260819T132526Z_w054_20260820T155740Z::a78e09::20260820T155926,observed_adsb,ca_ekf,posterior,adsb_scoring_proxy,90,1,51.5338419393332,9.18829534460678,161.102236717332,3.35335500504716,2.54025697005208,5.69872631371,NaN,NaN,NaN,0,0
real_adsb,burst_outage,stage4B_3Day_nohup_20260819T132526Z_w054_20260820T155740Z::a78e09::20260820T155926__burst_outage,stage4B_3Day_nohup_20260819T132526Z_w054_20260820T155740Z::a78e09::20260820T155926,observed_adsb,ct_ekf,prior,adsb_scoring_proxy,90,1,42.9836814065128,8.41373579947702,128.54122648593,3.33950210246754,2.61265433737013,6.05889621163141,NaN,NaN,NaN,0,0
real_adsb,burst_outage,stage4B_3Day_nohup_20260819T132526Z_w054_20260820T155740Z::a78e09::20260820T155926__burst_outage,stage4B_3Day_nohup_20260819T132526Z_w054_20260820T155740Z::a78e09::20260820T155926,observed_adsb,ct_ekf,posterior,adsb_scoring_proxy,90,1,42.9836814065128,8.41373579947702,128.54122648593,3.33950210246754,2.61265433737013,6.05889621163141,NaN,NaN,NaN,0,0
real_adsb,burst_outage,stage4B_3Day_nohup_20260819T132526Z_w054_20260820T155740Z::a78e09::20260820T155926__burst_outage,stage4B_3Day_nohup_20260819T132526Z_w054_20260820T155740Z::a78e09::20260820T155926,observed_adsb,native_imm,prior,adsb_scoring_proxy,90,1,43.4468227429449,6.62435312305001,132.67112209788,2.94181402756741,1.87174734167877,5.99504729262013,NaN,NaN,NaN,0,0
real_adsb,burst_outage,stage4B_3Day_nohup_20260819T132526Z_w054_20260820T155740Z::a78e09::20260820T155926__burst_outage,stage4B_3Day_nohup_20260819T132526Z_w054_20260820T155740Z::a78e09::20260820T155926,observed_adsb,native_imm,posterior,adsb_scoring_proxy,90,1,43.4468227429449,6.62435312305001,132.67112209788,2.94181402756741,1.87174734167877,5.99504729262013,NaN,NaN,NaN,0,0
real_adsb,burst_outage,stage4B_3Day_nohup_20260819T132526Z_w054_20260820T155740Z::a78e09::20260820T155926__burst_outage,stage4B_3Day_nohup_20260819T132526Z_w054_20260820T155740Z::a78e09::20260820T155926,observed_adsb,warm_ukf,prior,adsb_scoring_proxy,90,1,3271.09220541927,25.5637397601679,9306.578403468,11.6793627052686,9.64655654843811,17.4764666023927,NaN,NaN,NaN,0,0
real_adsb,burst_outage,stage4B_3Day_nohup_20260819T132526Z_w054_20260820T155740Z::a78e09::20260820T155926__burst_outage,stage4B_3Day_nohup_20260819T132526Z_w054_20260820T155740Z::a78e09::20260820T155926,observed_adsb,warm_ukf,posterior,adsb_scoring_proxy,90,1,3271.09220541927,25.5637397601679,9306.578403468,11.6793627052686,9.64655654843811,17.4764666023927,NaN,NaN,NaN,0,0
real_adsb,baseline,stage4B_3Day_nohup_20260819T132526Z_w054_20260820T155740Z::a56f8e::20260820T155742__baseline,stage4B_3Day_nohup_20260819T132526Z_w054_20260820T155740Z::a56f8e::20260820T155742,observed_adsb,cv_ekf,prior,adsb_scoring_proxy,88,1,6.71766305250296,5.25348641779355,12.2160345101075,1.63691371333674,1.36907112303032,2.94034769636171,NaN,NaN,NaN,0,0
real_adsb,baseline,stage4B_3Day_nohup_20260819T132526Z_w054_20260820T155740Z::a56f8e::20260820T155742__baseline,stage4B_3Day_nohup_20260819T132526Z_w054_20260820T155740Z::a56f8e::20260820T155742,observed_adsb,cv_ekf,posterior,adsb_scoring_proxy,88,1,6.71766305250296,5.25348641779355,12.2160345101075,1.63691371333674,1.36907112303032,2.94034769636171,NaN,NaN,NaN,0,0
real_adsb,baseline,stage4B_3Day_nohup_20260819T132526Z_w054_20260820T155740Z::a56f8e::20260820T155742__baseline,stage4B_3Day_nohup_20260819T132526Z_w054_20260820T155740Z::a56f8e::20260820T155742,observed_adsb,ca_ekf,prior,adsb_scoring_proxy,88,1,5.94376187837743,4.52884722717131,11.1963806647171,1.72592876518358,1.51140134472856,3.26459207685622,NaN,NaN,NaN,0,0
real_adsb,baseline,stage4B_3Day_nohup_20260819T132526Z_w054_20260820T155740Z::a56f8e::20260820T155742__baseline,stage4B_3Day_nohup_20260819T132526Z_w054_20260820T155740Z::a56f8e::20260820T155742,observed_adsb,ca_ekf,posterior,adsb_scoring_proxy,88,1,5.94376187837743,4.52884722717131,11.1963806647171,1.72592876518358,1.51140134472856,3.26459207685622,NaN,NaN,NaN,0,0
real_adsb,baseline,stage4B_3Day_nohup_20260819T132526Z_w054_20260820T155740Z::a56f8e::20260820T155742__baseline,stage4B_3Day_nohup_20260819T132526Z_w054_20260820T155740Z::a56f8e::20260820T155742,observed_adsb,ct_ekf,prior,adsb_scoring_proxy,88,1,6.82207835883989,5.35332938245527,12.3951753734062,1.64425504771943,1.3756908417453,2.94417336839219,NaN,NaN,NaN,0,0
real_adsb,baseline,stage4B_3Day_nohup_20260819T132526Z_w054_20260820T155740Z::a56f8e::20260820T155742__baseline,stage4B_3Day_nohup_20260819T132526Z_w054_20260820T155740Z::a56f8e::20260820T155742,observed_adsb,ct_ekf,posterior,adsb_scoring_proxy,88,1,6.82207835883989,5.35332938245527,12.3951753734062,1.64425504771943,1.3756908417453,2.94417336839219,NaN,NaN,NaN,0,0
real_adsb,baseline,stage4B_3Day_nohup_20260819T132526Z_w054_20260820T155740Z::a56f8e::20260820T155742__baseline,stage4B_3Day_nohup_20260819T132526Z_w054_20260820T155740Z::a56f8e::20260820T155742,observed_adsb,native_imm,prior,adsb_scoring_proxy,88,1,5.5159660331434,4.46767237541345,9.59723693777667,1.48587057023217,1.37008139038839,2.50277642681581,NaN,NaN,NaN,0,0
real_adsb,baseline,stage4B_3Day_nohup_20260819T132526Z_w054_20260820T155740Z::a56f8e::20260820T155742__baseline,stage4B_3Day_nohup_20260819T132526Z_w054_20260820T155740Z::a56f8e::20260820T155742,observed_adsb,native_imm,posterior,adsb_scoring_proxy,88,1,5.5159660331434,4.46767237541345,9.59723693777667,1.48587057023217,1.37008139038839,2.50277642681581,NaN,NaN,NaN,0,0
real_adsb,baseline,stage4B_3Day_nohup_20260819T132526Z_w054_20260820T155740Z::a56f8e::20260820T155742__baseline,stage4B_3Day_nohup_20260819T132526Z_w054_20260820T155740Z::a56f8e::20260820T155742,observed_adsb,warm_ukf,prior,adsb_scoring_proxy,88,1,148.993053389826,15.1536080053049,59.2561859616858,18.474972403574,17.5936559179055,25.4053529125836,NaN,NaN,NaN,0,0
real_adsb,baseline,stage4B_3Day_nohup_20260819T132526Z_w054_20260820T155740Z::a56f8e::20260820T155742__baseline,stage4B_3Day_nohup_20260819T132526Z_w054_20260820T155740Z::a56f8e::20260820T155742,observed_adsb,warm_ukf,posterior,adsb_scoring_proxy,88,1,148.993053389826,15.1536080053049,59.2561859616858,18.474972403574,17.5936559179055,25.4053529125836,NaN,NaN,NaN,0,0
real_adsb,random_dropout_10,stage4B_3Day_nohup_20260819T132526Z_w054_20260820T155740Z::a56f8e::20260820T155742__random_dropout_10,stage4B_3Day_nohup_20260819T132526Z_w054_20260820T155740Z::a56f8e::20260820T155742,observed_adsb,cv_ekf,prior,adsb_scoring_proxy,88,1,6.83132246931164,5.34040961406092,12.1433004468519,1.65193777533424,1.40202299843316,2.95578599447727,NaN,NaN,NaN,0,0
real_adsb,random_dropout_10,stage4B_3Day_nohup_20260819T132526Z_w054_20260820T155740Z::a56f8e::20260820T155742__random_dropout_10,stage4B_3Day_nohup_20260819T132526Z_w054_20260820T155740Z::a56f8e::20260820T155742,observed_adsb,cv_ekf,posterior,adsb_scoring_proxy,88,1,6.83132246931164,5.34040961406092,12.1433004468519,1.65193777533424,1.40202299843316,2.95578599447727,NaN,NaN,NaN,0,0
real_adsb,random_dropout_10,stage4B_3Day_nohup_20260819T132526Z_w054_20260820T155740Z::a56f8e::20260820T155742__random_dropout_10,stage4B_3Day_nohup_20260819T132526Z_w054_20260820T155740Z::a56f8e::20260820T155742,observed_adsb,ca_ekf,prior,adsb_scoring_proxy,88,1,5.98553591558205,4.68358464030689,11.5700987921433,1.7243531061166,1.44213552749443,3.22439404108958,NaN,NaN,NaN,0,0
real_adsb,random_dropout_10,stage4B_3Day_nohup_20260819T132526Z_w054_20260820T155740Z::a56f8e::20260820T155742__random_dropout_10,stage4B_3Day_nohup_20260819T132526Z_w054_20260820T155740Z::a56f8e::20260820T155742,observed_adsb,ca_ekf,posterior,adsb_scoring_proxy,88,1,5.98553591558205,4.68358464030689,11.5700987921433,1.7243531061166,1.44213552749443,3.22439404108958,NaN,NaN,NaN,0,0
real_adsb,random_dropout_10,stage4B_3Day_nohup_20260819T132526Z_w054_20260820T155740Z::a56f8e::20260820T155742__random_dropout_10,stage4B_3Day_nohup_20260819T132526Z_w054_20260820T155740Z::a56f8e::20260820T155742,observed_adsb,ct_ekf,prior,adsb_scoring_proxy,88,1,6.93692770366464,5.49508746647934,12.2982008383923,1.65947428097213,1.41411778223616,2.95834118224272,NaN,NaN,NaN,0,0
real_adsb,random_dropout_10,stage4B_3Day_nohup_20260819T132526Z_w054_20260820T155740Z::a56f8e::20260820T155742__random_dropout_10,stage4B_3Day_nohup_20260819T132526Z_w054_20260820T155740Z::a56f8e::20260820T155742,observed_adsb,ct_ekf,posterior,adsb_scoring_proxy,88,1,6.93692770366464,5.49508746647934,12.2982008383923,1.65947428097213,1.41411778223616,2.95834118224272,NaN,NaN,NaN,0,0
real_adsb,random_dropout_10,stage4B_3Day_nohup_20260819T132526Z_w054_20260820T155740Z::a56f8e::20260820T155742__random_dropout_10,stage4B_3Day_nohup_20260819T132526Z_w054_20260820T155740Z::a56f8e::20260820T155742,observed_adsb,native_imm,prior,adsb_scoring_proxy,88,1,5.5648371057471,4.33451547952875,9.57939117301262,1.49119557813001,1.39512727346932,2.46091671808417,NaN,NaN,NaN,0,0
real_adsb,random_dropout_10,stage4B_3Day_nohup_20260819T132526Z_w054_20260820T155740Z::a56f8e::20260820T155742__random_dropout_10,stage4B_3Day_nohup_20260819T132526Z_w054_20260820T155740Z::a56f8e::20260820T155742,observed_adsb,native_imm,posterior,adsb_scoring_proxy,88,1,5.5648371057471,4.33451547952875,9.57939117301262,1.49119557813001,1.39512727346932,2.46091671808417,NaN,NaN,NaN,0,0
real_adsb,random_dropout_10,stage4B_3Day_nohup_20260819T132526Z_w054_20260820T155740Z::a56f8e::20260820T155742__random_dropout_10,stage4B_3Day_nohup_20260819T132526Z_w054_20260820T155740Z::a56f8e::20260820T155742,observed_adsb,warm_ukf,prior,adsb_scoring_proxy,88,1,182.62085880635,16.1464457807281,34.1020399485776,17.8738233377647,17.7297970013914,25.1315137776408,NaN,NaN,NaN,0,0
real_adsb,random_dropout_10,stage4B_3Day_nohup_20260819T132526Z_w054_20260820T155740Z::a56f8e::20260820T155742__random_dropout_10,stage4B_3Day_nohup_20260819T132526Z_w054_20260820T155740Z::a56f8e::20260820T155742,observed_adsb,warm_ukf,posterior,adsb_scoring_proxy,88,1,182.62085880635,16.1464457807281,34.1020399485776,17.8738233377647,17.7297970013914,25.1315137776408,NaN,NaN,NaN,0,0
real_adsb,random_dropout_25,stage4B_3Day_nohup_20260819T132526Z_w054_20260820T155740Z::a56f8e::20260820T155742__random_dropout_25,stage4B_3Day_nohup_20260819T132526Z_w054_20260820T155740Z::a56f8e::20260820T155742,observed_adsb,cv_ekf,prior,adsb_scoring_proxy,88,1,7.41775000060284,5.95247329252716,13.503066135054,1.70849729208293,1.46075510988984,3.03897196983444,NaN,NaN,NaN,0,0
real_adsb,random_dropout_25,stage4B_3Day_nohup_20260819T132526Z_w054_20260820T155740Z::a56f8e::20260820T155742__random_dropout_25,stage4B_3Day_nohup_20260819T132526Z_w054_20260820T155740Z::a56f8e::20260820T155742,observed_adsb,cv_ekf,posterior,adsb_scoring_proxy,88,1,7.41775000060284,5.95247329252716,13.503066135054,1.70849729208293,1.46075510988984,3.03897196983444,NaN,NaN,NaN,0,0
real_adsb,random_dropout_25,stage4B_3Day_nohup_20260819T132526Z_w054_20260820T155740Z::a56f8e::20260820T155742__random_dropout_25,stage4B_3Day_nohup_20260819T132526Z_w054_20260820T155740Z::a56f8e::20260820T155742,observed_adsb,ca_ekf,prior,adsb_scoring_proxy,88,1,6.6200878164455,5.01805905651611,11.2823556649494,1.79715879434578,1.5808020026025,3.25270407670912,NaN,NaN,NaN,0,0
real_adsb,random_dropout_25,stage4B_3Day_nohup_20260819T132526Z_w054_20260820T155740Z::a56f8e::20260820T155742__random_dropout_25,stage4B_3Day_nohup_20260819T132526Z_w054_20260820T155740Z::a56f8e::20260820T155742,observed_adsb,ca_ekf,posterior,adsb_scoring_proxy,88,1,6.6200878164455,5.01805905651611,11.2823556649494,1.79715879434578,1.5808020026025,3.25270407670912,NaN,NaN,NaN,0,0
real_adsb,random_dropout_25,stage4B_3Day_nohup_20260819T132526Z_w054_20260820T155740Z::a56f8e::20260820T155742__random_dropout_25,stage4B_3Day_nohup_20260819T132526Z_w054_20260820T155740Z::a56f8e::20260820T155742,observed_adsb,ct_ekf,prior,adsb_scoring_proxy,88,1,7.52595987086366,5.97721616676941,13.7279432298001,1.71549844576904,1.47828068687799,3.04128561103484,NaN,NaN,NaN,0,0
real_adsb,random_dropout_25,stage4B_3Day_nohup_20260819T132526Z_w054_20260820T155740Z::a56f8e::20260820T155742__random_dropout_25,stage4B_3Day_nohup_20260819T132526Z_w054_20260820T155740Z::a56f8e::20260820T155742,observed_adsb,ct_ekf,posterior,adsb_scoring_proxy,88,1,7.52595987086366,5.97721616676941,13.7279432298001,1.71549844576904,1.47828068687799,3.04128561103484,NaN,NaN,NaN,0,0
real_adsb,random_dropout_25,stage4B_3Day_nohup_20260819T132526Z_w054_20260820T155740Z::a56f8e::20260820T155742__random_dropout_25,stage4B_3Day_nohup_20260819T132526Z_w054_20260820T155740Z::a56f8e::20260820T155742,observed_adsb,native_imm,prior,adsb_scoring_proxy,88,1,6.06449772543253,4.77763725386098,10.4925035240795,1.55123470471326,1.39798300427146,2.4957987521783,NaN,NaN,NaN,0,0
real_adsb,random_dropout_25,stage4B_3Day_nohup_20260819T132526Z_w054_20260820T155740Z::a56f8e::20260820T155742__random_dropout_25,stage4B_3Day_nohup_20260819T132526Z_w054_20260820T155740Z::a56f8e::20260820T155742,observed_adsb,native_imm,posterior,adsb_scoring_proxy,88,1,6.06449772543253,4.77763725386098,10.4925035240795,1.55123470471326,1.39798300427146,2.4957987521783,NaN,NaN,NaN,0,0
real_adsb,random_dropout_25,stage4B_3Day_nohup_20260819T132526Z_w054_20260820T155740Z::a56f8e::20260820T155742__random_dropout_25,stage4B_3Day_nohup_20260819T132526Z_w054_20260820T155740Z::a56f8e::20260820T155742,observed_adsb,warm_ukf,prior,adsb_scoring_proxy,88,1,407.560740132927,18.4226925475725,60.7302782558727,19.6967008016416,19.3878242360749,27.1998923189831,NaN,NaN,NaN,0,0
real_adsb,random_dropout_25,stage4B_3Day_nohup_20260819T132526Z_w054_20260820T155740Z::a56f8e::20260820T155742__random_dropout_25,stage4B_3Day_nohup_20260819T132526Z_w054_20260820T155740Z::a56f8e::20260820T155742,observed_adsb,warm_ukf,posterior,adsb_scoring_proxy,88,1,407.560740132927,18.4226925475725,60.7302782558727,19.6967008016416,19.3878242360749,27.1998923189831,NaN,NaN,NaN,0,0
real_adsb,burst_outage,stage4B_3Day_nohup_20260819T132526Z_w054_20260820T155740Z::a56f8e::20260820T155742__burst_outage,stage4B_3Day_nohup_20260819T132526Z_w054_20260820T155740Z::a56f8e::20260820T155742,observed_adsb,cv_ekf,prior,adsb_scoring_proxy,88,1,12.6868385265369,5.9591298126845,32.9122019888782,1.83525291601466,1.43104643926294,3.4664574032644,NaN,NaN,NaN,0,0
real_adsb,burst_outage,stage4B_3Day_nohup_20260819T132526Z_w054_20260820T155740Z::a56f8e::20260820T155742__burst_outage,stage4B_3Day_nohup_20260819T132526Z_w054_20260820T155740Z::a56f8e::20260820T155742,observed_adsb,cv_ekf,posterior,adsb_scoring_proxy,88,1,12.6868385265369,5.9591298126845,32.9122019888782,1.83525291601466,1.43104643926294,3.4664574032644,NaN,NaN,NaN,0,0
real_adsb,burst_outage,stage4B_3Day_nohup_20260819T132526Z_w054_20260820T155740Z::a56f8e::20260820T155742__burst_outage,stage4B_3Day_nohup_20260819T132526Z_w054_20260820T155740Z::a56f8e::20260820T155742,observed_adsb,ca_ekf,prior,adsb_scoring_proxy,88,1,61.4331859074434,5.23722193767468,182.393909992842,3.37514070473191,1.72811384547106,8.88031959423907,NaN,NaN,NaN,0,0
real_adsb,burst_outage,stage4B_3Day_nohup_20260819T132526Z_w054_20260820T155740Z::a56f8e::20260820T155742__burst_outage,stage4B_3Day_nohup_20260819T132526Z_w054_20260820T155740Z::a56f8e::20260820T155742,observed_adsb,ca_ekf,posterior,adsb_scoring_proxy,88,1,61.4331859074434,5.23722193767468,182.393909992842,3.37514070473191,1.72811384547106,8.88031959423907,NaN,NaN,NaN,0,0
real_adsb,burst_outage,stage4B_3Day_nohup_20260819T132526Z_w054_20260820T155740Z::a56f8e::20260820T155742__burst_outage,stage4B_3Day_nohup_20260819T132526Z_w054_20260820T155740Z::a56f8e::20260820T155742,observed_adsb,ct_ekf,prior,adsb_scoring_proxy,88,1,12.4762435398002,5.93193776620383,32.0292358848476,1.83704684962343,1.4536939326726,3.50208900921215,NaN,NaN,NaN,0,0
real_adsb,burst_outage,stage4B_3Day_nohup_20260819T132526Z_w054_20260820T155740Z::a56f8e::20260820T155742__burst_outage,stage4B_3Day_nohup_20260819T132526Z_w054_20260820T155740Z::a56f8e::20260820T155742,observed_adsb,ct_ekf,posterior,adsb_scoring_proxy,88,1,12.4762435398002,5.93193776620383,32.0292358848476,1.83704684962343,1.4536939326726,3.50208900921215,NaN,NaN,NaN,0,0
real_adsb,burst_outage,stage4B_3Day_nohup_20260819T132526Z_w054_20260820T155740Z::a56f8e::20260820T155742__burst_outage,stage4B_3Day_nohup_20260819T132526Z_w054_20260820T155740Z::a56f8e::20260820T155742,observed_adsb,native_imm,prior,adsb_scoring_proxy,88,1,17.5493100814148,4.8040995228141,48.7934339920816,1.79374560610325,1.45419847649823,3.06266955421669,NaN,NaN,NaN,0,0
real_adsb,burst_outage,stage4B_3Day_nohup_20260819T132526Z_w054_20260820T155740Z::a56f8e::20260820T155742__burst_outage,stage4B_3Day_nohup_20260819T132526Z_w054_20260820T155740Z::a56f8e::20260820T155742,observed_adsb,native_imm,posterior,adsb_scoring_proxy,88,1,17.5493100814148,4.8040995228141,48.7934339920816,1.79374560610325,1.45419847649823,3.06266955421669,NaN,NaN,NaN,0,0
real_adsb,burst_outage,stage4B_3Day_nohup_20260819T132526Z_w054_20260820T155740Z::a56f8e::20260820T155742__burst_outage,stage4B_3Day_nohup_20260819T132526Z_w054_20260820T155740Z::a56f8e::20260820T155742,observed_adsb,warm_ukf,prior,adsb_scoring_proxy,88,1,466.411158809232,15.8225630552125,1105.76157808711,19.1773405456717,15.3509225513313,32.6965507046107,NaN,NaN,NaN,0,0
real_adsb,burst_outage,stage4B_3Day_nohup_20260819T132526Z_w054_20260820T155740Z::a56f8e::20260820T155742__burst_outage,stage4B_3Day_nohup_20260819T132526Z_w054_20260820T155740Z::a56f8e::20260820T155742,observed_adsb,warm_ukf,posterior,adsb_scoring_proxy,88,1,466.411158809232,15.8225630552125,1105.76157808711,19.1773405456717,15.3509225513313,32.6965507046107,NaN,NaN,NaN,0,0
real_adsb,baseline,stage4B_3Day_nohup_20260819T132526Z_w052_20260820T145740Z::aa6ade::20260820T145746__baseline,stage4B_3Day_nohup_20260819T132526Z_w052_20260820T145740Z::aa6ade::20260820T145746,observed_adsb,cv_ekf,prior,adsb_scoring_proxy,87,1,15.1922798879349,12.2205668461897,27.7742817005578,3.7578049682066,2.38136757591167,9.34455660847571,NaN,NaN,NaN,0,0
real_adsb,baseline,stage4B_3Day_nohup_20260819T132526Z_w052_20260820T145740Z::aa6ade::20260820T145746__baseline,stage4B_3Day_nohup_20260819T132526Z_w052_20260820T145740Z::aa6ade::20260820T145746,observed_adsb,cv_ekf,posterior,adsb_scoring_proxy,87,1,15.1922798879349,12.2205668461897,27.7742817005578,3.7578049682066,2.38136757591167,9.34455660847571,NaN,NaN,NaN,0,0
real_adsb,baseline,stage4B_3Day_nohup_20260819T132526Z_w052_20260820T145740Z::aa6ade::20260820T145746__baseline,stage4B_3Day_nohup_20260819T132526Z_w052_20260820T145740Z::aa6ade::20260820T145746,observed_adsb,ca_ekf,prior,adsb_scoring_proxy,87,1,12.9894526641621,10.0437717304003,23.9050694495927,3.04850832712334,2.41701697751561,5.37171192263766,NaN,NaN,NaN,0,0
real_adsb,baseline,stage4B_3Day_nohup_20260819T132526Z_w052_20260820T145740Z::aa6ade::20260820T145746__baseline,stage4B_3Day_nohup_20260819T132526Z_w052_20260820T145740Z::aa6ade::20260820T145746,observed_adsb,ca_ekf,posterior,adsb_scoring_proxy,87,1,12.9894526641621,10.0437717304003,23.9050694495927,3.04850832712334,2.41701697751561,5.37171192263766,NaN,NaN,NaN,0,0
real_adsb,baseline,stage4B_3Day_nohup_20260819T132526Z_w052_20260820T145740Z::aa6ade::20260820T145746__baseline,stage4B_3Day_nohup_20260819T132526Z_w052_20260820T145740Z::aa6ade::20260820T145746,observed_adsb,ct_ekf,prior,adsb_scoring_proxy,87,1,15.2551927926472,12.8870446784452,26.7118054545239,3.79940033767745,2.47995993056948,9.2315556601306,NaN,NaN,NaN,0,0
real_adsb,baseline,stage4B_3Day_nohup_20260819T132526Z_w052_20260820T145740Z::aa6ade::20260820T145746__baseline,stage4B_3Day_nohup_20260819T132526Z_w052_20260820T145740Z::aa6ade::20260820T145746,observed_adsb,ct_ekf,posterior,adsb_scoring_proxy,87,1,15.2551927926472,12.8870446784452,26.7118054545239,3.79940033767745,2.47995993056948,9.2315556601306,NaN,NaN,NaN,0,0
real_adsb,baseline,stage4B_3Day_nohup_20260819T132526Z_w052_20260820T145740Z::aa6ade::20260820T145746__baseline,stage4B_3Day_nohup_20260819T132526Z_w052_20260820T145740Z::aa6ade::20260820T145746,observed_adsb,native_imm,prior,adsb_scoring_proxy,87,1,11.6904887042307,8.82748231567951,20.6069936509553,2.47573472624117,2.0063179642718,4.48961926203249,NaN,NaN,NaN,0,0
real_adsb,baseline,stage4B_3Day_nohup_20260819T132526Z_w052_20260820T145740Z::aa6ade::20260820T145746__baseline,stage4B_3Day_nohup_20260819T132526Z_w052_20260820T145740Z::aa6ade::20260820T145746,observed_adsb,native_imm,posterior,adsb_scoring_proxy,87,1,11.6904887042307,8.82748231567951,20.6069936509553,2.47573472624117,2.0063179642718,4.48961926203249,NaN,NaN,NaN,0,0
real_adsb,baseline,stage4B_3Day_nohup_20260819T132526Z_w052_20260820T145740Z::aa6ade::20260820T145746__baseline,stage4B_3Day_nohup_20260819T132526Z_w052_20260820T145740Z::aa6ade::20260820T145746,observed_adsb,warm_ukf,prior,adsb_scoring_proxy,87,1,113.76721449483,21.7681018408281,59.9813201802805,12.3976939037674,10.9929763628632,20.4718143280446,NaN,NaN,NaN,0,0
real_adsb,baseline,stage4B_3Day_nohup_20260819T132526Z_w052_20260820T145740Z::aa6ade::20260820T145746__baseline,stage4B_3Day_nohup_20260819T132526Z_w052_20260820T145740Z::aa6ade::20260820T145746,observed_adsb,warm_ukf,posterior,adsb_scoring_proxy,87,1,113.76721449483,21.7681018408281,59.9813201802805,12.3976939037674,10.9929763628632,20.4718143280446,NaN,NaN,NaN,0,0
real_adsb,random_dropout_10,stage4B_3Day_nohup_20260819T132526Z_w052_20260820T145740Z::aa6ade::20260820T145746__random_dropout_10,stage4B_3Day_nohup_20260819T132526Z_w052_20260820T145740Z::aa6ade::20260820T145746,observed_adsb,cv_ekf,prior,adsb_scoring_proxy,87,1,15.8511603054289,12.7515016904657,29.2655223175108,3.9236581066686,2.34640670948149,9.7835171530655,NaN,NaN,NaN,0,0
real_adsb,random_dropout_10,stage4B_3Day_nohup_20260819T132526Z_w052_20260820T145740Z::aa6ade::20260820T145746__random_dropout_10,stage4B_3Day_nohup_20260819T132526Z_w052_20260820T145740Z::aa6ade::20260820T145746,observed_adsb,cv_ekf,posterior,adsb_scoring_proxy,87,1,15.8511603054289,12.7515016904657,29.2655223175108,3.9236581066686,2.34640670948149,9.7835171530655,NaN,NaN,NaN,0,0
real_adsb,random_dropout_10,stage4B_3Day_nohup_20260819T132526Z_w052_20260820T145740Z::aa6ade::20260820T145746__random_dropout_10,stage4B_3Day_nohup_20260819T132526Z_w052_20260820T145740Z::aa6ade::20260820T145746,observed_adsb,ca_ekf,prior,adsb_scoring_proxy,87,1,13.2106777779743,10.5695763261715,24.0486102176513,3.10939999367102,2.32413047938777,5.4532014445435,NaN,NaN,NaN,0,0
real_adsb,random_dropout_10,stage4B_3Day_nohup_20260819T132526Z_w052_20260820T145740Z::aa6ade::20260820T145746__random_dropout_10,stage4B_3Day_nohup_20260819T132526Z_w052_20260820T145740Z::aa6ade::20260820T145746,observed_adsb,ca_ekf,posterior,adsb_scoring_proxy,87,1,13.2106777779743,10.5695763261715,24.0486102176513,3.10939999367102,2.32413047938777,5.4532014445435,NaN,NaN,NaN,0,0
real_adsb,random_dropout_10,stage4B_3Day_nohup_20260819T132526Z_w052_20260820T145740Z::aa6ade::20260820T145746__random_dropout_10,stage4B_3Day_nohup_20260819T132526Z_w052_20260820T145740Z::aa6ade::20260820T145746,observed_adsb,ct_ekf,prior,adsb_scoring_proxy,87,1,15.9315754260325,13.2305338408277,29.380633735195,3.96404147472906,2.47849041959557,9.68202721903931,NaN,NaN,NaN,0,0
real_adsb,random_dropout_10,stage4B_3Day_nohup_20260819T132526Z_w052_20260820T145740Z::aa6ade::20260820T145746__random_dropout_10,stage4B_3Day_nohup_20260819T132526Z_w052_20260820T145740Z::aa6ade::20260820T145746,observed_adsb,ct_ekf,posterior,adsb_scoring_proxy,87,1,15.9315754260325,13.2305338408277,29.380633735195,3.96404147472906,2.47849041959557,9.68202721903931,NaN,NaN,NaN,0,0
real_adsb,random_dropout_10,stage4B_3Day_nohup_20260819T132526Z_w052_20260820T145740Z::aa6ade::20260820T145746__random_dropout_10,stage4B_3Day_nohup_20260819T132526Z_w052_20260820T145740Z::aa6ade::20260820T145746,observed_adsb,native_imm,prior,adsb_scoring_proxy,87,1,11.9027096886476,8.95603226153401,20.2371216559767,2.50248428133755,1.91565766191235,4.60029178006272,NaN,NaN,NaN,0,0
real_adsb,random_dropout_10,stage4B_3Day_nohup_20260819T132526Z_w052_20260820T145740Z::aa6ade::20260820T145746__random_dropout_10,stage4B_3Day_nohup_20260819T132526Z_w052_20260820T145740Z::aa6ade::20260820T145746,observed_adsb,native_imm,posterior,adsb_scoring_proxy,87,1,11.9027096886476,8.95603226153401,20.2371216559767,2.50248428133755,1.91565766191235,4.60029178006272,NaN,NaN,NaN,0,0
real_adsb,random_dropout_10,stage4B_3Day_nohup_20260819T132526Z_w052_20260820T145740Z::aa6ade::20260820T145746__random_dropout_10,stage4B_3Day_nohup_20260819T132526Z_w052_20260820T145740Z::aa6ade::20260820T145746,observed_adsb,warm_ukf,prior,adsb_scoring_proxy,87,1,87.0542950767904,19.3175299513462,53.2882916827876,15.8472392430216,13.7371042969743,29.9019336101002,NaN,NaN,NaN,0,0
real_adsb,random_dropout_10,stage4B_3Day_nohup_20260819T132526Z_w052_20260820T145740Z::aa6ade::20260820T145746__random_dropout_10,stage4B_3Day_nohup_20260819T132526Z_w052_20260820T145740Z::aa6ade::20260820T145746,observed_adsb,warm_ukf,posterior,adsb_scoring_proxy,87,1,87.0542950767904,19.3175299513462,53.2882916827876,15.8472392430216,13.7371042969743,29.9019336101002,NaN,NaN,NaN,0,0
real_adsb,random_dropout_25,stage4B_3Day_nohup_20260819T132526Z_w052_20260820T145740Z::aa6ade::20260820T145746__random_dropout_25,stage4B_3Day_nohup_20260819T132526Z_w052_20260820T145740Z::aa6ade::20260820T145746,observed_adsb,cv_ekf,prior,adsb_scoring_proxy,87,1,17.7864524837668,13.1339453478965,37.0514533928114,4.06021880332813,2.50507386179878,9.65535017851915,NaN,NaN,NaN,0,0
real_adsb,random_dropout_25,stage4B_3Day_nohup_20260819T132526Z_w052_20260820T145740Z::aa6ade::20260820T145746__random_dropout_25,stage4B_3Day_nohup_20260819T132526Z_w052_20260820T145740Z::aa6ade::20260820T145746,observed_adsb,cv_ekf,posterior,adsb_scoring_proxy,87,1,17.7864524837668,13.1339453478965,37.0514533928114,4.06021880332813,2.50507386179878,9.65535017851915,NaN,NaN,NaN,0,0
real_adsb,random_dropout_25,stage4B_3Day_nohup_20260819T132526Z_w052_20260820T145740Z::aa6ade::20260820T145746__random_dropout_25,stage4B_3Day_nohup_20260819T132526Z_w052_20260820T145740Z::aa6ade::20260820T145746,observed_adsb,ca_ekf,prior,adsb_scoring_proxy,87,1,17.3821528343173,11.1328735769897,25.9854656139122,3.29847088796242,2.4695473366712,6.09710234233088,NaN,NaN,NaN,0,0
real_adsb,random_dropout_25,stage4B_3Day_nohup_20260819T132526Z_w052_20260820T145740Z::aa6ade::20260820T145746__random_dropout_25,stage4B_3Day_nohup_20260819T132526Z_w052_20260820T145740Z::aa6ade::20260820T145746,observed_adsb,ca_ekf,posterior,adsb_scoring_proxy,87,1,17.3821528343173,11.1328735769897,25.9854656139122,3.29847088796242,2.4695473366712,6.09710234233088,NaN,NaN,NaN,0,0
real_adsb,random_dropout_25,stage4B_3Day_nohup_20260819T132526Z_w052_20260820T145740Z::aa6ade::20260820T145746__random_dropout_25,stage4B_3Day_nohup_20260819T132526Z_w052_20260820T145740Z::aa6ade::20260820T145746,observed_adsb,ct_ekf,prior,adsb_scoring_proxy,87,1,17.894284719537,13.5526732401673,36.9612843477631,4.10816877781871,2.61240359464278,9.54832839501877,NaN,NaN,NaN,0,0
real_adsb,random_dropout_25,stage4B_3Day_nohup_20260819T132526Z_w052_20260820T145740Z::aa6ade::20260820T145746__random_dropout_25,stage4B_3Day_nohup_20260819T132526Z_w052_20260820T145740Z::aa6ade::20260820T145746,observed_adsb,ct_ekf,posterior,adsb_scoring_proxy,87,1,17.894284719537,13.5526732401673,36.9612843477631,4.10816877781871,2.61240359464278,9.54832839501877,NaN,NaN,NaN,0,0
real_adsb,random_dropout_25,stage4B_3Day_nohup_20260819T132526Z_w052_20260820T145740Z::aa6ade::20260820T145746__random_dropout_25,stage4B_3Day_nohup_20260819T132526Z_w052_20260820T145740Z::aa6ade::20260820T145746,observed_adsb,native_imm,prior,adsb_scoring_proxy,87,1,12.8946976248924,9.19774116645822,21.5147044793284,2.54749982759942,1.99295614490473,4.67304444430665,NaN,NaN,NaN,0,0
real_adsb,random_dropout_25,stage4B_3Day_nohup_20260819T132526Z_w052_20260820T145740Z::aa6ade::20260820T145746__random_dropout_25,stage4B_3Day_nohup_20260819T132526Z_w052_20260820T145740Z::aa6ade::20260820T145746,observed_adsb,native_imm,posterior,adsb_scoring_proxy,87,1,12.8946976248924,9.19774116645822,21.5147044793284,2.54749982759942,1.99295614490473,4.67304444430665,NaN,NaN,NaN,0,0
real_adsb,random_dropout_25,stage4B_3Day_nohup_20260819T132526Z_w052_20260820T145740Z::aa6ade::20260820T145746__random_dropout_25,stage4B_3Day_nohup_20260819T132526Z_w052_20260820T145740Z::aa6ade::20260820T145746,observed_adsb,warm_ukf,prior,adsb_scoring_proxy,87,1,101.259012063428,19.7734005971735,75.8024590200328,12.5941076665727,7.68836421752001,21.7892089630428,NaN,NaN,NaN,0,0
real_adsb,random_dropout_25,stage4B_3Day_nohup_20260819T132526Z_w052_20260820T145740Z::aa6ade::20260820T145746__random_dropout_25,stage4B_3Day_nohup_20260819T132526Z_w052_20260820T145740Z::aa6ade::20260820T145746,observed_adsb,warm_ukf,posterior,adsb_scoring_proxy,87,1,101.259012063428,19.7734005971735,75.8024590200328,12.5941076665727,7.68836421752001,21.7892089630428,NaN,NaN,NaN,0,0
real_adsb,burst_outage,stage4B_3Day_nohup_20260819T132526Z_w052_20260820T145740Z::aa6ade::20260820T145746__burst_outage,stage4B_3Day_nohup_20260819T132526Z_w052_20260820T145740Z::aa6ade::20260820T145746,observed_adsb,cv_ekf,prior,adsb_scoring_proxy,87,1,64.3917565773074,14.7907696708301,157.193832277813,4.09245143017756,2.62581189782202,9.34455660847571,NaN,NaN,NaN,0,0
real_adsb,burst_outage,stage4B_3Day_nohup_20260819T132526Z_w052_20260820T145740Z::aa6ade::20260820T145746__burst_outage,stage4B_3Day_nohup_20260819T132526Z_w052_20260820T145740Z::aa6ade::20260820T145746,observed_adsb,cv_ekf,posterior,adsb_scoring_proxy,87,1,64.3917565773074,14.7907696708301,157.193832277813,4.09245143017756,2.62581189782202,9.34455660847571,NaN,NaN,NaN,0,0
real_adsb,burst_outage,stage4B_3Day_nohup_20260819T132526Z_w052_20260820T145740Z::aa6ade::20260820T145746__burst_outage,stage4B_3Day_nohup_20260819T132526Z_w052_20260820T145740Z::aa6ade::20260820T145746,observed_adsb,ca_ekf,prior,adsb_scoring_proxy,87,1,312.680059261052,10.9634085292527,773.14616242653,9.47527242604493,2.57172852876394,22.4953816427542,NaN,NaN,NaN,0,0
real_adsb,burst_outage,stage4B_3Day_nohup_20260819T132526Z_w052_20260820T145740Z::aa6ade::20260820T145746__burst_outage,stage4B_3Day_nohup_20260819T132526Z_w052_20260820T145740Z::aa6ade::20260820T145746,observed_adsb,ca_ekf,posterior,adsb_scoring_proxy,87,1,312.680059261052,10.9634085292527,773.14616242653,9.47527242604493,2.57172852876394,22.4953816427542,NaN,NaN,NaN,0,0
real_adsb,burst_outage,stage4B_3Day_nohup_20260819T132526Z_w052_20260820T145740Z::aa6ade::20260820T145746__burst_outage,stage4B_3Day_nohup_20260819T132526Z_w052_20260820T145740Z::aa6ade::20260820T145746,observed_adsb,ct_ekf,prior,adsb_scoring_proxy,87,1,91.5979959533336,14.9771873337279,228.873722952319,4.63957531313862,2.82446709669361,9.37504745294886,NaN,NaN,NaN,0,0
real_adsb,burst_outage,stage4B_3Day_nohup_20260819T132526Z_w052_20260820T145740Z::aa6ade::20260820T145746__burst_outage,stage4B_3Day_nohup_20260819T132526Z_w052_20260820T145740Z::aa6ade::20260820T145746,observed_adsb,ct_ekf,posterior,adsb_scoring_proxy,87,1,91.5979959533336,14.9771873337279,228.873722952319,4.63957531313862,2.82446709669361,9.37504745294886,NaN,NaN,NaN,0,0
real_adsb,burst_outage,stage4B_3Day_nohup_20260819T132526Z_w052_20260820T145740Z::aa6ade::20260820T145746__burst_outage,stage4B_3Day_nohup_20260819T132526Z_w052_20260820T145740Z::aa6ade::20260820T145746,observed_adsb,native_imm,prior,adsb_scoring_proxy,87,1,65.728026881117,10.1088671483042,160.029287703115,2.95220808574447,2.35725863767393,5.38462692213303,NaN,NaN,NaN,0,0
real_adsb,burst_outage,stage4B_3Day_nohup_20260819T132526Z_w052_20260820T145740Z::aa6ade::20260820T145746__burst_outage,stage4B_3Day_nohup_20260819T132526Z_w052_20260820T145740Z::aa6ade::20260820T145746,observed_adsb,native_imm,posterior,adsb_scoring_proxy,87,1,65.728026881117,10.1088671483042,160.029287703115,2.95220808574447,2.35725863767393,5.38462692213303,NaN,NaN,NaN,0,0
real_adsb,burst_outage,stage4B_3Day_nohup_20260819T132526Z_w052_20260820T145740Z::aa6ade::20260820T145746__burst_outage,stage4B_3Day_nohup_20260819T132526Z_w052_20260820T145740Z::aa6ade::20260820T145746,observed_adsb,warm_ukf,prior,adsb_scoring_proxy,87,1,345.938034143725,24.7344504010574,1204.13231162441,12.6749276545061,11.2118591790155,20.4718143280446,NaN,NaN,NaN,0,0
real_adsb,burst_outage,stage4B_3Day_nohup_20260819T132526Z_w052_20260820T145740Z::aa6ade::20260820T145746__burst_outage,stage4B_3Day_nohup_20260819T132526Z_w052_20260820T145740Z::aa6ade::20260820T145746,observed_adsb,warm_ukf,posterior,adsb_scoring_proxy,87,1,345.938034143725,24.7344504010574,1204.13231162441,12.6749276545061,11.2118591790155,20.4718143280446,NaN,NaN,NaN,0,0
real_adsb,baseline,stage4B_3Day_nohup_20260819T132526Z_w128_20260822T045740Z::a2b7f5::20260822T050126__baseline,stage4B_3Day_nohup_20260819T132526Z_w128_20260822T045740Z::a2b7f5::20260822T050126,observed_adsb,cv_ekf,prior,adsb_scoring_proxy,87,1,12.2790460113466,5.25454462222763,26.1464518497617,2.89686394222644,1.78876153231758,5.81157219327762,NaN,NaN,NaN,0,0
real_adsb,baseline,stage4B_3Day_nohup_20260819T132526Z_w128_20260822T045740Z::a2b7f5::20260822T050126__baseline,stage4B_3Day_nohup_20260819T132526Z_w128_20260822T045740Z::a2b7f5::20260822T050126,observed_adsb,cv_ekf,posterior,adsb_scoring_proxy,87,1,12.2790460113466,5.25454462222763,26.1464518497617,2.89686394222644,1.78876153231758,5.81157219327762,NaN,NaN,NaN,0,0
real_adsb,baseline,stage4B_3Day_nohup_20260819T132526Z_w128_20260822T045740Z::a2b7f5::20260822T050126__baseline,stage4B_3Day_nohup_20260819T132526Z_w128_20260822T045740Z::a2b7f5::20260822T050126,observed_adsb,ca_ekf,prior,adsb_scoring_proxy,87,1,11.8565016302375,4.59969453430245,17.2462276962151,3.04369163274813,1.83310312322521,5.29763424721413,NaN,NaN,NaN,0,0
real_adsb,baseline,stage4B_3Day_nohup_20260819T132526Z_w128_20260822T045740Z::a2b7f5::20260822T050126__baseline,stage4B_3Day_nohup_20260819T132526Z_w128_20260822T045740Z::a2b7f5::20260822T050126,observed_adsb,ca_ekf,posterior,adsb_scoring_proxy,87,1,11.8565016302375,4.59969453430245,17.2462276962151,3.04369163274813,1.83310312322521,5.29763424721413,NaN,NaN,NaN,0,0
real_adsb,baseline,stage4B_3Day_nohup_20260819T132526Z_w128_20260822T045740Z::a2b7f5::20260822T050126__baseline,stage4B_3Day_nohup_20260819T132526Z_w128_20260822T045740Z::a2b7f5::20260822T050126,observed_adsb,ct_ekf,prior,adsb_scoring_proxy,87,1,12.5005557592945,5.32245228230775,26.8442874087108,2.92035138097977,1.83626230681225,5.77694424803439,NaN,NaN,NaN,0,0
real_adsb,baseline,stage4B_3Day_nohup_20260819T132526Z_w128_20260822T045740Z::a2b7f5::20260822T050126__baseline,stage4B_3Day_nohup_20260819T132526Z_w128_20260822T045740Z::a2b7f5::20260822T050126,observed_adsb,ct_ekf,posterior,adsb_scoring_proxy,87,1,12.5005557592945,5.32245228230775,26.8442874087108,2.92035138097977,1.83626230681225,5.77694424803439,NaN,NaN,NaN,0,0
real_adsb,baseline,stage4B_3Day_nohup_20260819T132526Z_w128_20260822T045740Z::a2b7f5::20260822T050126__baseline,stage4B_3Day_nohup_20260819T132526Z_w128_20260822T045740Z::a2b7f5::20260822T050126,observed_adsb,native_imm,prior,adsb_scoring_proxy,87,1,9.8608000745584,4.6003378036401,15.4485623506163,2.46319292537869,1.51992472868276,3.73122550028025,NaN,NaN,NaN,0,0
real_adsb,baseline,stage4B_3Day_nohup_20260819T132526Z_w128_20260822T045740Z::a2b7f5::20260822T050126__baseline,stage4B_3Day_nohup_20260819T132526Z_w128_20260822T045740Z::a2b7f5::20260822T050126,observed_adsb,native_imm,posterior,adsb_scoring_proxy,87,1,9.8608000745584,4.6003378036401,15.4485623506163,2.46319292537869,1.51992472868276,3.73122550028025,NaN,NaN,NaN,0,0
real_adsb,baseline,stage4B_3Day_nohup_20260819T132526Z_w128_20260822T045740Z::a2b7f5::20260822T050126__baseline,stage4B_3Day_nohup_20260819T132526Z_w128_20260822T045740Z::a2b7f5::20260822T050126,observed_adsb,warm_ukf,prior,adsb_scoring_proxy,87,1,227.785202347336,20.1231851957221,63.9534996017876,11.3533402951679,9.59064029616245,18.4605412432075,NaN,NaN,NaN,0,0
real_adsb,baseline,stage4B_3Day_nohup_20260819T132526Z_w128_20260822T045740Z::a2b7f5::20260822T050126__baseline,stage4B_3Day_nohup_20260819T132526Z_w128_20260822T045740Z::a2b7f5::20260822T050126,observed_adsb,warm_ukf,posterior,adsb_scoring_proxy,87,1,227.785202347336,20.1231851957221,63.9534996017876,11.3533402951679,9.59064029616245,18.4605412432075,NaN,NaN,NaN,0,0
real_adsb,random_dropout_10,stage4B_3Day_nohup_20260819T132526Z_w128_20260822T045740Z::a2b7f5::20260822T050126__random_dropout_10,stage4B_3Day_nohup_20260819T132526Z_w128_20260822T045740Z::a2b7f5::20260822T050126,observed_adsb,cv_ekf,prior,adsb_scoring_proxy,87,1,12.6579497008306,5.37805220921173,27.2443742833498,2.96624541125772,1.86007471017433,6.06748425131985,NaN,NaN,NaN,0,0
real_adsb,random_dropout_10,stage4B_3Day_nohup_20260819T132526Z_w128_20260822T045740Z::a2b7f5::20260822T050126__random_dropout_10,stage4B_3Day_nohup_20260819T132526Z_w128_20260822T045740Z::a2b7f5::20260822T050126,observed_adsb,cv_ekf,posterior,adsb_scoring_proxy,87,1,12.6579497008306,5.37805220921173,27.2443742833498,2.96624541125772,1.86007471017433,6.06748425131985,NaN,NaN,NaN,0,0
real_adsb,random_dropout_10,stage4B_3Day_nohup_20260819T132526Z_w128_20260822T045740Z::a2b7f5::20260822T050126__random_dropout_10,stage4B_3Day_nohup_20260819T132526Z_w128_20260822T045740Z::a2b7f5::20260822T050126,observed_adsb,ca_ekf,prior,adsb_scoring_proxy,87,1,12.1517620295139,4.68348031381594,16.9703255442966,3.11506791411989,1.83774490430695,5.45406525525791,NaN,NaN,NaN,0,0
real_adsb,random_dropout_10,stage4B_3Day_nohup_20260819T132526Z_w128_20260822T045740Z::a2b7f5::20260822T050126__random_dropout_10,stage4B_3Day_nohup_20260819T132526Z_w128_20260822T045740Z::a2b7f5::20260822T050126,observed_adsb,ca_ekf,posterior,adsb_scoring_proxy,87,1,12.1517620295139,4.68348031381594,16.9703255442966,3.11506791411989,1.83774490430695,5.45406525525791,NaN,NaN,NaN,0,0
real_adsb,random_dropout_10,stage4B_3Day_nohup_20260819T132526Z_w128_20260822T045740Z::a2b7f5::20260822T050126__random_dropout_10,stage4B_3Day_nohup_20260819T132526Z_w128_20260822T045740Z::a2b7f5::20260822T050126,observed_adsb,ct_ekf,prior,adsb_scoring_proxy,87,1,12.872705525763,5.65974162275241,27.3371604799545,2.9871680645138,1.94028344586892,6.12238441731659,NaN,NaN,NaN,0,0
real_adsb,random_dropout_10,stage4B_3Day_nohup_20260819T132526Z_w128_20260822T045740Z::a2b7f5::20260822T050126__random_dropout_10,stage4B_3Day_nohup_20260819T132526Z_w128_20260822T045740Z::a2b7f5::20260822T050126,observed_adsb,ct_ekf,posterior,adsb_scoring_proxy,87,1,12.872705525763,5.65974162275241,27.3371604799545,2.9871680645138,1.94028344586892,6.12238441731659,NaN,NaN,NaN,0,0
real_adsb,random_dropout_10,stage4B_3Day_nohup_20260819T132526Z_w128_20260822T045740Z::a2b7f5::20260822T050126__random_dropout_10,stage4B_3Day_nohup_20260819T132526Z_w128_20260822T045740Z::a2b7f5::20260822T050126,observed_adsb,native_imm,prior,adsb_scoring_proxy,87,1,10.2164931502681,4.83895791347408,15.2670905422763,2.54734286708458,1.59433384630197,3.6574605617061,NaN,NaN,NaN,0,0
real_adsb,random_dropout_10,stage4B_3Day_nohup_20260819T132526Z_w128_20260822T045740Z::a2b7f5::20260822T050126__random_dropout_10,stage4B_3Day_nohup_20260819T132526Z_w128_20260822T045740Z::a2b7f5::20260822T050126,observed_adsb,native_imm,posterior,adsb_scoring_proxy,87,1,10.2164931502681,4.83895791347408,15.2670905422763,2.54734286708458,1.59433384630197,3.6574605617061,NaN,NaN,NaN,0,0
real_adsb,random_dropout_10,stage4B_3Day_nohup_20260819T132526Z_w128_20260822T045740Z::a2b7f5::20260822T050126__random_dropout_10,stage4B_3Day_nohup_20260819T132526Z_w128_20260822T045740Z::a2b7f5::20260822T050126,observed_adsb,warm_ukf,prior,adsb_scoring_proxy,87,1,644.995511909215,19.3831696170772,312.078959023857,11.0745430299278,11.0008405320583,16.6375263933868,NaN,NaN,NaN,0,0
real_adsb,random_dropout_10,stage4B_3Day_nohup_20260819T132526Z_w128_20260822T045740Z::a2b7f5::20260822T050126__random_dropout_10,stage4B_3Day_nohup_20260819T132526Z_w128_20260822T045740Z::a2b7f5::20260822T050126,observed_adsb,warm_ukf,posterior,adsb_scoring_proxy,87,1,644.995511909215,19.3831696170772,312.078959023857,11.0745430299278,11.0008405320583,16.6375263933868,NaN,NaN,NaN,0,0
real_adsb,random_dropout_25,stage4B_3Day_nohup_20260819T132526Z_w128_20260822T045740Z::a2b7f5::20260822T050126__random_dropout_25,stage4B_3Day_nohup_20260819T132526Z_w128_20260822T045740Z::a2b7f5::20260822T050126,observed_adsb,cv_ekf,prior,adsb_scoring_proxy,87,1,13.8893425915246,5.83750103608876,29.8109238984595,3.08809014417931,1.89278956406688,6.69179257317772,NaN,NaN,NaN,0,0
real_adsb,random_dropout_25,stage4B_3Day_nohup_20260819T132526Z_w128_20260822T045740Z::a2b7f5::20260822T050126__random_dropout_25,stage4B_3Day_nohup_20260819T132526Z_w128_20260822T045740Z::a2b7f5::20260822T050126,observed_adsb,cv_ekf,posterior,adsb_scoring_proxy,87,1,13.8893425915246,5.83750103608876,29.8109238984595,3.08809014417931,1.89278956406688,6.69179257317772,NaN,NaN,NaN,0,0
real_adsb,random_dropout_25,stage4B_3Day_nohup_20260819T132526Z_w128_20260822T045740Z::a2b7f5::20260822T050126__random_dropout_25,stage4B_3Day_nohup_20260819T132526Z_w128_20260822T045740Z::a2b7f5::20260822T050126,observed_adsb,ca_ekf,prior,adsb_scoring_proxy,87,1,12.5852548858025,5.11493774141572,23.1822881001493,3.15474776478088,1.87556112748313,5.85995785113738,NaN,NaN,NaN,0,0
real_adsb,random_dropout_25,stage4B_3Day_nohup_20260819T132526Z_w128_20260822T045740Z::a2b7f5::20260822T050126__random_dropout_25,stage4B_3Day_nohup_20260819T132526Z_w128_20260822T045740Z::a2b7f5::20260822T050126,observed_adsb,ca_ekf,posterior,adsb_scoring_proxy,87,1,12.5852548858025,5.11493774141572,23.1822881001493,3.15474776478088,1.87556112748313,5.85995785113738,NaN,NaN,NaN,0,0
real_adsb,random_dropout_25,stage4B_3Day_nohup_20260819T132526Z_w128_20260822T045740Z::a2b7f5::20260822T050126__random_dropout_25,stage4B_3Day_nohup_20260819T132526Z_w128_20260822T045740Z::a2b7f5::20260822T050126,observed_adsb,ct_ekf,prior,adsb_scoring_proxy,87,1,14.1445620331353,5.86453671709243,30.6829764586222,3.11145406178159,1.93893753728977,6.76537703954933,NaN,NaN,NaN,0,0
real_adsb,random_dropout_25,stage4B_3Day_nohup_20260819T132526Z_w128_20260822T045740Z::a2b7f5::20260822T050126__random_dropout_25,stage4B_3Day_nohup_20260819T132526Z_w128_20260822T045740Z::a2b7f5::20260822T050126,observed_adsb,ct_ekf,posterior,adsb_scoring_proxy,87,1,14.1445620331353,5.86453671709243,30.6829764586222,3.11145406178159,1.93893753728977,6.76537703954933,NaN,NaN,NaN,0,0
real_adsb,random_dropout_25,stage4B_3Day_nohup_20260819T132526Z_w128_20260822T045740Z::a2b7f5::20260822T050126__random_dropout_25,stage4B_3Day_nohup_20260819T132526Z_w128_20260822T045740Z::a2b7f5::20260822T050126,observed_adsb,native_imm,prior,adsb_scoring_proxy,87,1,10.2978391616008,4.75311203229114,17.9451618063524,2.54753969897058,1.66097669429254,4.18307457392873,NaN,NaN,NaN,0,0
real_adsb,random_dropout_25,stage4B_3Day_nohup_20260819T132526Z_w128_20260822T045740Z::a2b7f5::20260822T050126__random_dropout_25,stage4B_3Day_nohup_20260819T132526Z_w128_20260822T045740Z::a2b7f5::20260822T050126,observed_adsb,native_imm,posterior,adsb_scoring_proxy,87,1,10.2978391616008,4.75311203229114,17.9451618063524,2.54753969897058,1.66097669429254,4.18307457392873,NaN,NaN,NaN,0,0
real_adsb,random_dropout_25,stage4B_3Day_nohup_20260819T132526Z_w128_20260822T045740Z::a2b7f5::20260822T050126__random_dropout_25,stage4B_3Day_nohup_20260819T132526Z_w128_20260822T045740Z::a2b7f5::20260822T050126,observed_adsb,warm_ukf,prior,adsb_scoring_proxy,87,1,378.493891806892,23.9360880447898,529.481298578229,15.3779932698313,14.7731020906255,23.6530748661451,NaN,NaN,NaN,0,0
real_adsb,random_dropout_25,stage4B_3Day_nohup_20260819T132526Z_w128_20260822T045740Z::a2b7f5::20260822T050126__random_dropout_25,stage4B_3Day_nohup_20260819T132526Z_w128_20260822T045740Z::a2b7f5::20260822T050126,observed_adsb,warm_ukf,posterior,adsb_scoring_proxy,87,1,378.493891806892,23.9360880447898,529.481298578229,15.3779932698313,14.7731020906255,23.6530748661451,NaN,NaN,NaN,0,0
real_adsb,burst_outage,stage4B_3Day_nohup_20260819T132526Z_w128_20260822T045740Z::a2b7f5::20260822T050126__burst_outage,stage4B_3Day_nohup_20260819T132526Z_w128_20260822T045740Z::a2b7f5::20260822T050126,observed_adsb,cv_ekf,prior,adsb_scoring_proxy,87,1,173.222487896128,6.28855384056006,221.14955195978,5.69691635231079,2.05237944461076,15.9818425186286,NaN,NaN,NaN,0,0
real_adsb,burst_outage,stage4B_3Day_nohup_20260819T132526Z_w128_20260822T045740Z::a2b7f5::20260822T050126__burst_outage,stage4B_3Day_nohup_20260819T132526Z_w128_20260822T045740Z::a2b7f5::20260822T050126,observed_adsb,cv_ekf,posterior,adsb_scoring_proxy,87,1,173.222487896128,6.28855384056006,221.14955195978,5.69691635231079,2.05237944461076,15.9818425186286,NaN,NaN,NaN,0,0
real_adsb,burst_outage,stage4B_3Day_nohup_20260819T132526Z_w128_20260822T045740Z::a2b7f5::20260822T050126__burst_outage,stage4B_3Day_nohup_20260819T132526Z_w128_20260822T045740Z::a2b7f5::20260822T050126,observed_adsb,ca_ekf,prior,adsb_scoring_proxy,87,1,86.079556230205,7.07860884439424,283.543653633923,3.47035575842013,2.39271659212285,7.29489999235721,NaN,NaN,NaN,0,0
real_adsb,burst_outage,stage4B_3Day_nohup_20260819T132526Z_w128_20260822T045740Z::a2b7f5::20260822T050126__burst_outage,stage4B_3Day_nohup_20260819T132526Z_w128_20260822T045740Z::a2b7f5::20260822T050126,observed_adsb,ca_ekf,posterior,adsb_scoring_proxy,87,1,86.079556230205,7.07860884439424,283.543653633923,3.47035575842013,2.39271659212285,7.29489999235721,NaN,NaN,NaN,0,0
real_adsb,burst_outage,stage4B_3Day_nohup_20260819T132526Z_w128_20260822T045740Z::a2b7f5::20260822T050126__burst_outage,stage4B_3Day_nohup_20260819T132526Z_w128_20260822T045740Z::a2b7f5::20260822T050126,observed_adsb,ct_ekf,prior,adsb_scoring_proxy,87,1,193.56655171957,6.38856602438737,261.113000772826,6.08028113530902,2.13866855410666,17.3461911811588,NaN,NaN,NaN,0,0
real_adsb,burst_outage,stage4B_3Day_nohup_20260819T132526Z_w128_20260822T045740Z::a2b7f5::20260822T050126__burst_outage,stage4B_3Day_nohup_20260819T132526Z_w128_20260822T045740Z::a2b7f5::20260822T050126,observed_adsb,ct_ekf,posterior,adsb_scoring_proxy,87,1,193.56655171957,6.38856602438737,261.113000772826,6.08028113530902,2.13866855410666,17.3461911811588,NaN,NaN,NaN,0,0
real_adsb,burst_outage,stage4B_3Day_nohup_20260819T132526Z_w128_20260822T045740Z::a2b7f5::20260822T050126__burst_outage,stage4B_3Day_nohup_20260819T132526Z_w128_20260822T045740Z::a2b7f5::20260822T050126,observed_adsb,native_imm,prior,adsb_scoring_proxy,87,1,131.847233189447,5.4103656735565,134.330805241828,5.05179278982181,1.84007511530744,13.6801084502436,NaN,NaN,NaN,0,0
real_adsb,burst_outage,stage4B_3Day_nohup_20260819T132526Z_w128_20260822T045740Z::a2b7f5::20260822T050126__burst_outage,stage4B_3Day_nohup_20260819T132526Z_w128_20260822T045740Z::a2b7f5::20260822T050126,observed_adsb,native_imm,posterior,adsb_scoring_proxy,87,1,131.847233189447,5.4103656735565,134.330805241828,5.05179278982181,1.84007511530744,13.6801084502436,NaN,NaN,NaN,0,0
real_adsb,burst_outage,stage4B_3Day_nohup_20260819T132526Z_w128_20260822T045740Z::a2b7f5::20260822T050126__burst_outage,stage4B_3Day_nohup_20260819T132526Z_w128_20260822T045740Z::a2b7f5::20260822T050126,observed_adsb,warm_ukf,prior,adsb_scoring_proxy,87,1,421.152737564304,21.4202248840126,895.724580097797,14.0452108521697,10.2744168601776,30.3228256053287,NaN,NaN,NaN,0,0
real_adsb,burst_outage,stage4B_3Day_nohup_20260819T132526Z_w128_20260822T045740Z::a2b7f5::20260822T050126__burst_outage,stage4B_3Day_nohup_20260819T132526Z_w128_20260822T045740Z::a2b7f5::20260822T050126,observed_adsb,warm_ukf,posterior,adsb_scoring_proxy,87,1,421.152737564304,21.4202248840126,895.724580097797,14.0452108521697,10.2744168601776,30.3228256053287,NaN,NaN,NaN,0,0
real_adsb,baseline,stage4B_3Day_nohup_20260819T132526Z_w101_20260821T152740Z::a94b72::20260821T153237__baseline,stage4B_3Day_nohup_20260819T132526Z_w101_20260821T152740Z::a94b72::20260821T153237,observed_adsb,cv_ekf,prior,adsb_scoring_proxy,87,1,11.6930991538197,7.92981321560891,21.5244402668841,2.35062740075303,1.88269258805115,4.72493635377074,NaN,NaN,NaN,0,0
real_adsb,baseline,stage4B_3Day_nohup_20260819T132526Z_w101_20260821T152740Z::a94b72::20260821T153237__baseline,stage4B_3Day_nohup_20260819T132526Z_w101_20260821T152740Z::a94b72::20260821T153237,observed_adsb,cv_ekf,posterior,adsb_scoring_proxy,87,1,11.6930991538197,7.92981321560891,21.5244402668841,2.35062740075303,1.88269258805115,4.72493635377074,NaN,NaN,NaN,0,0
real_adsb,baseline,stage4B_3Day_nohup_20260819T132526Z_w101_20260821T152740Z::a94b72::20260821T153237__baseline,stage4B_3Day_nohup_20260819T132526Z_w101_20260821T152740Z::a94b72::20260821T153237,observed_adsb,ca_ekf,prior,adsb_scoring_proxy,87,1,10.3734160604795,7.76012328299883,16.9101928118084,2.52352974470244,2.25405487671164,4.23899591966758,NaN,NaN,NaN,0,0
real_adsb,baseline,stage4B_3Day_nohup_20260819T132526Z_w101_20260821T152740Z::a94b72::20260821T153237__baseline,stage4B_3Day_nohup_20260819T132526Z_w101_20260821T152740Z::a94b72::20260821T153237,observed_adsb,ca_ekf,posterior,adsb_scoring_proxy,87,1,10.3734160604795,7.76012328299883,16.9101928118084,2.52352974470244,2.25405487671164,4.23899591966758,NaN,NaN,NaN,0,0
real_adsb,baseline,stage4B_3Day_nohup_20260819T132526Z_w101_20260821T152740Z::a94b72::20260821T153237__baseline,stage4B_3Day_nohup_20260819T132526Z_w101_20260821T152740Z::a94b72::20260821T153237,observed_adsb,ct_ekf,prior,adsb_scoring_proxy,87,1,11.8156644876642,8.24842000264891,21.5208785096723,2.36856488224016,1.8785383548477,4.70853114085073,NaN,NaN,NaN,0,0
real_adsb,baseline,stage4B_3Day_nohup_20260819T132526Z_w101_20260821T152740Z::a94b72::20260821T153237__baseline,stage4B_3Day_nohup_20260819T132526Z_w101_20260821T152740Z::a94b72::20260821T153237,observed_adsb,ct_ekf,posterior,adsb_scoring_proxy,87,1,11.8156644876642,8.24842000264891,21.5208785096723,2.36856488224016,1.8785383548477,4.70853114085073,NaN,NaN,NaN,0,0
real_adsb,baseline,stage4B_3Day_nohup_20260819T132526Z_w101_20260821T152740Z::a94b72::20260821T153237__baseline,stage4B_3Day_nohup_20260819T132526Z_w101_20260821T152740Z::a94b72::20260821T153237,observed_adsb,native_imm,prior,adsb_scoring_proxy,87,1,9.97037936692692,7.32244904786585,18.1342546017564,1.99011781751252,1.73085123493167,3.40236369461761,NaN,NaN,NaN,0,0
real_adsb,baseline,stage4B_3Day_nohup_20260819T132526Z_w101_20260821T152740Z::a94b72::20260821T153237__baseline,stage4B_3Day_nohup_20260819T132526Z_w101_20260821T152740Z::a94b72::20260821T153237,observed_adsb,native_imm,posterior,adsb_scoring_proxy,87,1,9.97037936692692,7.32244904786585,18.1342546017564,1.99011781751252,1.73085123493167,3.40236369461761,NaN,NaN,NaN,0,0
real_adsb,baseline,stage4B_3Day_nohup_20260819T132526Z_w101_20260821T152740Z::a94b72::20260821T153237__baseline,stage4B_3Day_nohup_20260819T132526Z_w101_20260821T152740Z::a94b72::20260821T153237,observed_adsb,warm_ukf,prior,adsb_scoring_proxy,87,1,157.734725463193,17.0421627641512,58.2077564784566,9.06640514949232,8.27960991817738,13.5903018860232,NaN,NaN,NaN,0,0
real_adsb,baseline,stage4B_3Day_nohup_20260819T132526Z_w101_20260821T152740Z::a94b72::20260821T153237__baseline,stage4B_3Day_nohup_20260819T132526Z_w101_20260821T152740Z::a94b72::20260821T153237,observed_adsb,warm_ukf,posterior,adsb_scoring_proxy,87,1,157.734725463193,17.0421627641512,58.2077564784566,9.06640514949232,8.27960991817738,13.5903018860232,NaN,NaN,NaN,0,0
real_adsb,random_dropout_10,stage4B_3Day_nohup_20260819T132526Z_w101_20260821T152740Z::a94b72::20260821T153237__random_dropout_10,stage4B_3Day_nohup_20260819T132526Z_w101_20260821T152740Z::a94b72::20260821T153237,observed_adsb,cv_ekf,prior,adsb_scoring_proxy,87,1,11.8453795795163,8.28161668044281,21.4487399691474,2.41364693248069,1.86564707450522,4.71298438487584,NaN,NaN,NaN,0,0
real_adsb,random_dropout_10,stage4B_3Day_nohup_20260819T132526Z_w101_20260821T152740Z::a94b72::20260821T153237__random_dropout_10,stage4B_3Day_nohup_20260819T132526Z_w101_20260821T152740Z::a94b72::20260821T153237,observed_adsb,cv_ekf,posterior,adsb_scoring_proxy,87,1,11.8453795795163,8.28161668044281,21.4487399691474,2.41364693248069,1.86564707450522,4.71298438487584,NaN,NaN,NaN,0,0
real_adsb,random_dropout_10,stage4B_3Day_nohup_20260819T132526Z_w101_20260821T152740Z::a94b72::20260821T153237__random_dropout_10,stage4B_3Day_nohup_20260819T132526Z_w101_20260821T152740Z::a94b72::20260821T153237,observed_adsb,ca_ekf,prior,adsb_scoring_proxy,87,1,10.6637680450924,8.32966936506106,18.6953202185542,2.55841973804531,2.25405487671164,4.12181629090688,NaN,NaN,NaN,0,0
real_adsb,random_dropout_10,stage4B_3Day_nohup_20260819T132526Z_w101_20260821T152740Z::a94b72::20260821T153237__random_dropout_10,stage4B_3Day_nohup_20260819T132526Z_w101_20260821T152740Z::a94b72::20260821T153237,observed_adsb,ca_ekf,posterior,adsb_scoring_proxy,87,1,10.6637680450924,8.32966936506106,18.6953202185542,2.55841973804531,2.25405487671164,4.12181629090688,NaN,NaN,NaN,0,0
real_adsb,random_dropout_10,stage4B_3Day_nohup_20260819T132526Z_w101_20260821T152740Z::a94b72::20260821T153237__random_dropout_10,stage4B_3Day_nohup_20260819T132526Z_w101_20260821T152740Z::a94b72::20260821T153237,observed_adsb,ct_ekf,prior,adsb_scoring_proxy,87,1,11.968581760707,8.74681483911048,21.4165855401234,2.43160900945907,1.8785383548477,4.71440852022305,NaN,NaN,NaN,0,0
real_adsb,random_dropout_10,stage4B_3Day_nohup_20260819T132526Z_w101_20260821T152740Z::a94b72::20260821T153237__random_dropout_10,stage4B_3Day_nohup_20260819T132526Z_w101_20260821T152740Z::a94b72::20260821T153237,observed_adsb,ct_ekf,posterior,adsb_scoring_proxy,87,1,11.968581760707,8.74681483911048,21.4165855401234,2.43160900945907,1.8785383548477,4.71440852022305,NaN,NaN,NaN,0,0
real_adsb,random_dropout_10,stage4B_3Day_nohup_20260819T132526Z_w101_20260821T152740Z::a94b72::20260821T153237__random_dropout_10,stage4B_3Day_nohup_20260819T132526Z_w101_20260821T152740Z::a94b72::20260821T153237,observed_adsb,native_imm,prior,adsb_scoring_proxy,87,1,9.99503117303417,7.32244904786585,18.2819968955721,2.01666561126761,1.72157208377473,3.65303854105263,NaN,NaN,NaN,0,0
real_adsb,random_dropout_10,stage4B_3Day_nohup_20260819T132526Z_w101_20260821T152740Z::a94b72::20260821T153237__random_dropout_10,stage4B_3Day_nohup_20260819T132526Z_w101_20260821T152740Z::a94b72::20260821T153237,observed_adsb,native_imm,posterior,adsb_scoring_proxy,87,1,9.99503117303417,7.32244904786585,18.2819968955721,2.01666561126761,1.72157208377473,3.65303854105263,NaN,NaN,NaN,0,0
real_adsb,random_dropout_10,stage4B_3Day_nohup_20260819T132526Z_w101_20260821T152740Z::a94b72::20260821T153237__random_dropout_10,stage4B_3Day_nohup_20260819T132526Z_w101_20260821T152740Z::a94b72::20260821T153237,observed_adsb,warm_ukf,prior,adsb_scoring_proxy,87,1,157.321156099314,19.4143066970164,135.279060004237,14.6693700686668,13.7574721506132,21.9449035344909,NaN,NaN,NaN,0,0
real_adsb,random_dropout_10,stage4B_3Day_nohup_20260819T132526Z_w101_20260821T152740Z::a94b72::20260821T153237__random_dropout_10,stage4B_3Day_nohup_20260819T132526Z_w101_20260821T152740Z::a94b72::20260821T153237,observed_adsb,warm_ukf,posterior,adsb_scoring_proxy,87,1,157.321156099314,19.4143066970164,135.279060004237,14.6693700686668,13.7574721506132,21.9449035344909,NaN,NaN,NaN,0,0
real_adsb,random_dropout_25,stage4B_3Day_nohup_20260819T132526Z_w101_20260821T152740Z::a94b72::20260821T153237__random_dropout_25,stage4B_3Day_nohup_20260819T132526Z_w101_20260821T152740Z::a94b72::20260821T153237,observed_adsb,cv_ekf,prior,adsb_scoring_proxy,87,1,13.5385673737226,10.000070749231,23.93309806678,2.56455059448422,2.01573171794423,4.91728661625759,NaN,NaN,NaN,0,0
real_adsb,random_dropout_25,stage4B_3Day_nohup_20260819T132526Z_w101_20260821T152740Z::a94b72::20260821T153237__random_dropout_25,stage4B_3Day_nohup_20260819T132526Z_w101_20260821T152740Z::a94b72::20260821T153237,observed_adsb,cv_ekf,posterior,adsb_scoring_proxy,87,1,13.5385673737226,10.000070749231,23.93309806678,2.56455059448422,2.01573171794423,4.91728661625759,NaN,NaN,NaN,0,0
real_adsb,random_dropout_25,stage4B_3Day_nohup_20260819T132526Z_w101_20260821T152740Z::a94b72::20260821T153237__random_dropout_25,stage4B_3Day_nohup_20260819T132526Z_w101_20260821T152740Z::a94b72::20260821T153237,observed_adsb,ca_ekf,prior,adsb_scoring_proxy,87,1,11.1111208246402,8.57395234256672,22.9175770311357,2.56502376465914,2.21161371063879,4.12345407265628,NaN,NaN,NaN,0,0
real_adsb,random_dropout_25,stage4B_3Day_nohup_20260819T132526Z_w101_20260821T152740Z::a94b72::20260821T153237__random_dropout_25,stage4B_3Day_nohup_20260819T132526Z_w101_20260821T152740Z::a94b72::20260821T153237,observed_adsb,ca_ekf,posterior,adsb_scoring_proxy,87,1,11.1111208246402,8.57395234256672,22.9175770311357,2.56502376465914,2.21161371063879,4.12345407265628,NaN,NaN,NaN,0,0
real_adsb,random_dropout_25,stage4B_3Day_nohup_20260819T132526Z_w101_20260821T152740Z::a94b72::20260821T153237__random_dropout_25,stage4B_3Day_nohup_20260819T132526Z_w101_20260821T152740Z::a94b72::20260821T153237,observed_adsb,ct_ekf,prior,adsb_scoring_proxy,87,1,13.6774124866953,10.0915014231467,23.8902214247809,2.58180657794664,2.01919159417434,4.86801252174973,NaN,NaN,NaN,0,0
real_adsb,random_dropout_25,stage4B_3Day_nohup_20260819T132526Z_w101_20260821T152740Z::a94b72::20260821T153237__random_dropout_25,stage4B_3Day_nohup_20260819T132526Z_w101_20260821T152740Z::a94b72::20260821T153237,observed_adsb,ct_ekf,posterior,adsb_scoring_proxy,87,1,13.6774124866953,10.0915014231467,23.8902214247809,2.58180657794664,2.01919159417434,4.86801252174973,NaN,NaN,NaN,0,0
real_adsb,random_dropout_25,stage4B_3Day_nohup_20260819T132526Z_w101_20260821T152740Z::a94b72::20260821T153237__random_dropout_25,stage4B_3Day_nohup_20260819T132526Z_w101_20260821T152740Z::a94b72::20260821T153237,observed_adsb,native_imm,prior,adsb_scoring_proxy,87,1,11.024123674759,8.42859299271044,19.7214663197235,2.18305791295746,1.77290161936106,3.8668254395275,NaN,NaN,NaN,0,0
real_adsb,random_dropout_25,stage4B_3Day_nohup_20260819T132526Z_w101_20260821T152740Z::a94b72::20260821T153237__random_dropout_25,stage4B_3Day_nohup_20260819T132526Z_w101_20260821T152740Z::a94b72::20260821T153237,observed_adsb,native_imm,posterior,adsb_scoring_proxy,87,1,11.024123674759,8.42859299271044,19.7214663197235,2.18305791295746,1.77290161936106,3.8668254395275,NaN,NaN,NaN,0,0
real_adsb,random_dropout_25,stage4B_3Day_nohup_20260819T132526Z_w101_20260821T152740Z::a94b72::20260821T153237__random_dropout_25,stage4B_3Day_nohup_20260819T132526Z_w101_20260821T152740Z::a94b72::20260821T153237,observed_adsb,warm_ukf,prior,adsb_scoring_proxy,87,1,494.150483001521,19.0582645620422,164.795402572596,9.71926234335169,7.50102609874708,18.2425243679764,NaN,NaN,NaN,0,0
real_adsb,random_dropout_25,stage4B_3Day_nohup_20260819T132526Z_w101_20260821T152740Z::a94b72::20260821T153237__random_dropout_25,stage4B_3Day_nohup_20260819T132526Z_w101_20260821T152740Z::a94b72::20260821T153237,observed_adsb,warm_ukf,posterior,adsb_scoring_proxy,87,1,494.150483001521,19.0582645620422,164.795402572596,9.71926234335169,7.50102609874708,18.2425243679764,NaN,NaN,NaN,0,0
real_adsb,burst_outage,stage4B_3Day_nohup_20260819T132526Z_w101_20260821T152740Z::a94b72::20260821T153237__burst_outage,stage4B_3Day_nohup_20260819T132526Z_w101_20260821T152740Z::a94b72::20260821T153237,observed_adsb,cv_ekf,prior,adsb_scoring_proxy,87,1,146.60790004112,9.13071715306712,402.113706852438,6.33637977719566,2.0678817818329,17.0051965747171,NaN,NaN,NaN,0,0
real_adsb,burst_outage,stage4B_3Day_nohup_20260819T132526Z_w101_20260821T152740Z::a94b72::20260821T153237__burst_outage,stage4B_3Day_nohup_20260819T132526Z_w101_20260821T152740Z::a94b72::20260821T153237,observed_adsb,cv_ekf,posterior,adsb_scoring_proxy,87,1,146.60790004112,9.13071715306712,402.113706852438,6.33637977719566,2.0678817818329,17.0051965747171,NaN,NaN,NaN,0,0
real_adsb,burst_outage,stage4B_3Day_nohup_20260819T132526Z_w101_20260821T152740Z::a94b72::20260821T153237__burst_outage,stage4B_3Day_nohup_20260819T132526Z_w101_20260821T152740Z::a94b72::20260821T153237,observed_adsb,ca_ekf,prior,adsb_scoring_proxy,87,1,53.3692926582965,8.31936488368057,136.090920984077,3.3899564707117,2.42799467881884,8.10019148917482,NaN,NaN,NaN,0,0
real_adsb,burst_outage,stage4B_3Day_nohup_20260819T132526Z_w101_20260821T152740Z::a94b72::20260821T153237__burst_outage,stage4B_3Day_nohup_20260819T132526Z_w101_20260821T152740Z::a94b72::20260821T153237,observed_adsb,ca_ekf,posterior,adsb_scoring_proxy,87,1,53.3692926582965,8.31936488368057,136.090920984077,3.3899564707117,2.42799467881884,8.10019148917482,NaN,NaN,NaN,0,0
real_adsb,burst_outage,stage4B_3Day_nohup_20260819T132526Z_w101_20260821T152740Z::a94b72::20260821T153237__burst_outage,stage4B_3Day_nohup_20260819T132526Z_w101_20260821T152740Z::a94b72::20260821T153237,observed_adsb,ct_ekf,prior,adsb_scoring_proxy,87,1,146.710428405999,9.19718987887825,402.300537339074,6.34613748797391,2.12533718016614,17.0244937353,NaN,NaN,NaN,0,0
real_adsb,burst_outage,stage4B_3Day_nohup_20260819T132526Z_w101_20260821T152740Z::a94b72::20260821T153237__burst_outage,stage4B_3Day_nohup_20260819T132526Z_w101_20260821T152740Z::a94b72::20260821T153237,observed_adsb,ct_ekf,posterior,adsb_scoring_proxy,87,1,146.710428405999,9.19718987887825,402.300537339074,6.34613748797391,2.12533718016614,17.0244937353,NaN,NaN,NaN,0,0
real_adsb,burst_outage,stage4B_3Day_nohup_20260819T132526Z_w101_20260821T152740Z::a94b72::20260821T153237__burst_outage,stage4B_3Day_nohup_20260819T132526Z_w101_20260821T152740Z::a94b72::20260821T153237,observed_adsb,native_imm,prior,adsb_scoring_proxy,87,1,134.724956106294,8.12302877777691,366.813159919941,5.93052804878856,1.81189766710489,16.2073410709682,NaN,NaN,NaN,0,0
real_adsb,burst_outage,stage4B_3Day_nohup_20260819T132526Z_w101_20260821T152740Z::a94b72::20260821T153237__burst_outage,stage4B_3Day_nohup_20260819T132526Z_w101_20260821T152740Z::a94b72::20260821T153237,observed_adsb,native_imm,posterior,adsb_scoring_proxy,87,1,134.724956106294,8.12302877777691,366.813159919941,5.93052804878856,1.81189766710489,16.2073410709682,NaN,NaN,NaN,0,0
real_adsb,burst_outage,stage4B_3Day_nohup_20260819T132526Z_w101_20260821T152740Z::a94b72::20260821T153237__burst_outage,stage4B_3Day_nohup_20260819T132526Z_w101_20260821T152740Z::a94b72::20260821T153237,observed_adsb,warm_ukf,prior,adsb_scoring_proxy,87,1,17530.0992891952,20.3666325599879,11435.0584386221,163.647241022386,9.01476704748032,202.951026098774,NaN,NaN,NaN,0,0
real_adsb,burst_outage,stage4B_3Day_nohup_20260819T132526Z_w101_20260821T152740Z::a94b72::20260821T153237__burst_outage,stage4B_3Day_nohup_20260819T132526Z_w101_20260821T152740Z::a94b72::20260821T153237,observed_adsb,warm_ukf,posterior,adsb_scoring_proxy,87,1,17530.0992891952,20.3666325599879,11435.0584386221,163.647241022386,9.01476704748032,202.951026098774,NaN,NaN,NaN,0,0
real_adsb,baseline,stage4B_3Day_nohup_20260819T132526Z_w004_20260819T145740Z::ac7a84::20260819T145950__baseline,stage4B_3Day_nohup_20260819T132526Z_w004_20260819T145740Z::ac7a84::20260819T145950,observed_adsb,cv_ekf,prior,adsb_scoring_proxy,87,1,25.180992528779,9.53412247702374,52.4394374911875,7.93057964169255,2.14201508288934,18.5597554724393,NaN,NaN,NaN,0,0
real_adsb,baseline,stage4B_3Day_nohup_20260819T132526Z_w004_20260819T145740Z::ac7a84::20260819T145950__baseline,stage4B_3Day_nohup_20260819T132526Z_w004_20260819T145740Z::ac7a84::20260819T145950,observed_adsb,cv_ekf,posterior,adsb_scoring_proxy,87,1,25.180992528779,9.53412247702374,52.4394374911875,7.93057964169255,2.14201508288934,18.5597554724393,NaN,NaN,NaN,0,0
real_adsb,baseline,stage4B_3Day_nohup_20260819T132526Z_w004_20260819T145740Z::ac7a84::20260819T145950__baseline,stage4B_3Day_nohup_20260819T132526Z_w004_20260819T145740Z::ac7a84::20260819T145950,observed_adsb,ca_ekf,prior,adsb_scoring_proxy,87,1,15.1968075509357,7.09241713041246,22.5962239493116,3.60348348902665,2.65914398282572,7.32479600358753,NaN,NaN,NaN,0,0
real_adsb,baseline,stage4B_3Day_nohup_20260819T132526Z_w004_20260819T145740Z::ac7a84::20260819T145950__baseline,stage4B_3Day_nohup_20260819T132526Z_w004_20260819T145740Z::ac7a84::20260819T145950,observed_adsb,ca_ekf,posterior,adsb_scoring_proxy,87,1,15.1968075509357,7.09241713041246,22.5962239493116,3.60348348902665,2.65914398282572,7.32479600358753,NaN,NaN,NaN,0,0
real_adsb,baseline,stage4B_3Day_nohup_20260819T132526Z_w004_20260819T145740Z::ac7a84::20260819T145950__baseline,stage4B_3Day_nohup_20260819T132526Z_w004_20260819T145740Z::ac7a84::20260819T145950,observed_adsb,ct_ekf,prior,adsb_scoring_proxy,87,1,25.303766653677,9.5659315203903,51.9708564170591,7.72512119744318,1.90535396688787,18.3865007160291,NaN,NaN,NaN,0,0
real_adsb,baseline,stage4B_3Day_nohup_20260819T132526Z_w004_20260819T145740Z::ac7a84::20260819T145950__baseline,stage4B_3Day_nohup_20260819T132526Z_w004_20260819T145740Z::ac7a84::20260819T145950,observed_adsb,ct_ekf,posterior,adsb_scoring_proxy,87,1,25.303766653677,9.5659315203903,51.9708564170591,7.72512119744318,1.90535396688787,18.3865007160291,NaN,NaN,NaN,0,0
real_adsb,baseline,stage4B_3Day_nohup_20260819T132526Z_w004_20260819T145740Z::ac7a84::20260819T145950__baseline,stage4B_3Day_nohup_20260819T132526Z_w004_20260819T145740Z::ac7a84::20260819T145950,observed_adsb,native_imm,prior,adsb_scoring_proxy,87,1,13.2611197629422,6.21784851258035,23.4545882475278,2.7983115182819,1.65348799103943,5.72938000355768,NaN,NaN,NaN,0,0
real_adsb,baseline,stage4B_3Day_nohup_20260819T132526Z_w004_20260819T145740Z::ac7a84::20260819T145950__baseline,stage4B_3Day_nohup_20260819T132526Z_w004_20260819T145740Z::ac7a84::20260819T145950,observed_adsb,native_imm,posterior,adsb_scoring_proxy,87,1,13.2611197629422,6.21784851258035,23.4545882475278,2.7983115182819,1.65348799103943,5.72938000355768,NaN,NaN,NaN,0,0
real_adsb,baseline,stage4B_3Day_nohup_20260819T132526Z_w004_20260819T145740Z::ac7a84::20260819T145950__baseline,stage4B_3Day_nohup_20260819T132526Z_w004_20260819T145740Z::ac7a84::20260819T145950,observed_adsb,warm_ukf,prior,adsb_scoring_proxy,87,1,373.941363272586,20.1984150710217,287.570378964834,12.6091938395201,9.16819296791179,27.0455101501201,NaN,NaN,NaN,0,0
real_adsb,baseline,stage4B_3Day_nohup_20260819T132526Z_w004_20260819T145740Z::ac7a84::20260819T145950__baseline,stage4B_3Day_nohup_20260819T132526Z_w004_20260819T145740Z::ac7a84::20260819T145950,observed_adsb,warm_ukf,posterior,adsb_scoring_proxy,87,1,373.941363272586,20.1984150710217,287.570378964834,12.6091938395201,9.16819296791179,27.0455101501201,NaN,NaN,NaN,0,0
real_adsb,random_dropout_10,stage4B_3Day_nohup_20260819T132526Z_w004_20260819T145740Z::ac7a84::20260819T145950__random_dropout_10,stage4B_3Day_nohup_20260819T132526Z_w004_20260819T145740Z::ac7a84::20260819T145950,observed_adsb,cv_ekf,prior,adsb_scoring_proxy,87,1,26.0217775865662,10.15093836518,52.4133830342469,8.03680669639009,2.24888855667129,18.5476795318495,NaN,NaN,NaN,0,0
real_adsb,random_dropout_10,stage4B_3Day_nohup_20260819T132526Z_w004_20260819T145740Z::ac7a84::20260819T145950__random_dropout_10,stage4B_3Day_nohup_20260819T132526Z_w004_20260819T145740Z::ac7a84::20260819T145950,observed_adsb,cv_ekf,posterior,adsb_scoring_proxy,87,1,26.0217775865662,10.15093836518,52.4133830342469,8.03680669639009,2.24888855667129,18.5476795318495,NaN,NaN,NaN,0,0
real_adsb,random_dropout_10,stage4B_3Day_nohup_20260819T132526Z_w004_20260819T145740Z::ac7a84::20260819T145950__random_dropout_10,stage4B_3Day_nohup_20260819T132526Z_w004_20260819T145740Z::ac7a84::20260819T145950,observed_adsb,ca_ekf,prior,adsb_scoring_proxy,87,1,15.6511953599962,7.77835750299469,25.301532874898,3.68085254328576,2.6922880161004,7.28395401388048,NaN,NaN,NaN,0,0
real_adsb,random_dropout_10,stage4B_3Day_nohup_20260819T132526Z_w004_20260819T145740Z::ac7a84::20260819T145950__random_dropout_10,stage4B_3Day_nohup_20260819T132526Z_w004_20260819T145740Z::ac7a84::20260819T145950,observed_adsb,ca_ekf,posterior,adsb_scoring_proxy,87,1,15.6511953599962,7.77835750299469,25.301532874898,3.68085254328576,2.6922880161004,7.28395401388048,NaN,NaN,NaN,0,0
real_adsb,random_dropout_10,stage4B_3Day_nohup_20260819T132526Z_w004_20260819T145740Z::ac7a84::20260819T145950__random_dropout_10,stage4B_3Day_nohup_20260819T132526Z_w004_20260819T145740Z::ac7a84::20260819T145950,observed_adsb,ct_ekf,prior,adsb_scoring_proxy,87,1,26.1111446925215,9.59249030645787,51.851211546118,7.82704390203151,1.940554171372,18.3720000657484,NaN,NaN,NaN,0,0
real_adsb,random_dropout_10,stage4B_3Day_nohup_20260819T132526Z_w004_20260819T145740Z::ac7a84::20260819T145950__random_dropout_10,stage4B_3Day_nohup_20260819T132526Z_w004_20260819T145740Z::ac7a84::20260819T145950,observed_adsb,ct_ekf,posterior,adsb_scoring_proxy,87,1,26.1111446925215,9.59249030645787,51.851211546118,7.82704390203151,1.940554171372,18.3720000657484,NaN,NaN,NaN,0,0
real_adsb,random_dropout_10,stage4B_3Day_nohup_20260819T132526Z_w004_20260819T145740Z::ac7a84::20260819T145950__random_dropout_10,stage4B_3Day_nohup_20260819T132526Z_w004_20260819T145740Z::ac7a84::20260819T145950,observed_adsb,native_imm,prior,adsb_scoring_proxy,87,1,13.5789025319788,6.20394328487173,25.7452899764218,2.72637901402837,1.7083523000986,6.04533158721036,NaN,NaN,NaN,0,0
real_adsb,random_dropout_10,stage4B_3Day_nohup_20260819T132526Z_w004_20260819T145740Z::ac7a84::20260819T145950__random_dropout_10,stage4B_3Day_nohup_20260819T132526Z_w004_20260819T145740Z::ac7a84::20260819T145950,observed_adsb,native_imm,posterior,adsb_scoring_proxy,87,1,13.5789025319788,6.20394328487173,25.7452899764218,2.72637901402837,1.7083523000986,6.04533158721036,NaN,NaN,NaN,0,0
real_adsb,random_dropout_10,stage4B_3Day_nohup_20260819T132526Z_w004_20260819T145740Z::ac7a84::20260819T145950__random_dropout_10,stage4B_3Day_nohup_20260819T132526Z_w004_20260819T145740Z::ac7a84::20260819T145950,observed_adsb,warm_ukf,prior,adsb_scoring_proxy,87,1,47.0474445799188,27.9665749640693,80.5768323633578,17.9940337616418,14.4816757935791,28.5514330475134,NaN,NaN,NaN,0,0
real_adsb,random_dropout_10,stage4B_3Day_nohup_20260819T132526Z_w004_20260819T145740Z::ac7a84::20260819T145950__random_dropout_10,stage4B_3Day_nohup_20260819T132526Z_w004_20260819T145740Z::ac7a84::20260819T145950,observed_adsb,warm_ukf,posterior,adsb_scoring_proxy,87,1,47.0474445799188,27.9665749640693,80.5768323633578,17.9940337616418,14.4816757935791,28.5514330475134,NaN,NaN,NaN,0,0
real_adsb,random_dropout_25,stage4B_3Day_nohup_20260819T132526Z_w004_20260819T145740Z::ac7a84::20260819T145950__random_dropout_25,stage4B_3Day_nohup_20260819T132526Z_w004_20260819T145740Z::ac7a84::20260819T145950,observed_adsb,cv_ekf,prior,adsb_scoring_proxy,87,1,30.8701104261099,11.5201711447131,58.611420184412,8.41742748969907,2.05758365917957,19.5456820480929,NaN,NaN,NaN,0,0
real_adsb,random_dropout_25,stage4B_3Day_nohup_20260819T132526Z_w004_20260819T145740Z::ac7a84::20260819T145950__random_dropout_25,stage4B_3Day_nohup_20260819T132526Z_w004_20260819T145740Z::ac7a84::20260819T145950,observed_adsb,cv_ekf,posterior,adsb_scoring_proxy,87,1,30.8701104261099,11.5201711447131,58.611420184412,8.41742748969907,2.05758365917957,19.5456820480929,NaN,NaN,NaN,0,0
real_adsb,random_dropout_25,stage4B_3Day_nohup_20260819T132526Z_w004_20260819T145740Z::ac7a84::20260819T145950__random_dropout_25,stage4B_3Day_nohup_20260819T132526Z_w004_20260819T145740Z::ac7a84::20260819T145950,observed_adsb,ca_ekf,prior,adsb_scoring_proxy,87,1,19.6515188431897,9.64685389981892,23.3935179812861,3.91912424596214,2.68897161397408,7.9450605342795,NaN,NaN,NaN,0,0
real_adsb,random_dropout_25,stage4B_3Day_nohup_20260819T132526Z_w004_20260819T145740Z::ac7a84::20260819T145950__random_dropout_25,stage4B_3Day_nohup_20260819T132526Z_w004_20260819T145740Z::ac7a84::20260819T145950,observed_adsb,ca_ekf,posterior,adsb_scoring_proxy,87,1,19.6515188431897,9.64685389981892,23.3935179812861,3.91912424596214,2.68897161397408,7.9450605342795,NaN,NaN,NaN,0,0
real_adsb,random_dropout_25,stage4B_3Day_nohup_20260819T132526Z_w004_20260819T145740Z::ac7a84::20260819T145950__random_dropout_25,stage4B_3Day_nohup_20260819T132526Z_w004_20260819T145740Z::ac7a84::20260819T145950,observed_adsb,ct_ekf,prior,adsb_scoring_proxy,87,1,31.0792400977163,11.5099597972698,57.223218857106,8.20237725591709,2.0648378832623,18.7338250657666,NaN,NaN,NaN,0,0
real_adsb,random_dropout_25,stage4B_3Day_nohup_20260819T132526Z_w004_20260819T145740Z::ac7a84::20260819T145950__random_dropout_25,stage4B_3Day_nohup_20260819T132526Z_w004_20260819T145740Z::ac7a84::20260819T145950,observed_adsb,ct_ekf,posterior,adsb_scoring_proxy,87,1,31.0792400977163,11.5099597972698,57.223218857106,8.20237725591709,2.0648378832623,18.7338250657666,NaN,NaN,NaN,0,0
real_adsb,random_dropout_25,stage4B_3Day_nohup_20260819T132526Z_w004_20260819T145740Z::ac7a84::20260819T145950__random_dropout_25,stage4B_3Day_nohup_20260819T132526Z_w004_20260819T145740Z::ac7a84::20260819T145950,observed_adsb,native_imm,prior,adsb_scoring_proxy,87,1,19.0741154184483,7.62019938196793,24.9716716516501,2.92478437754053,1.55053268865147,5.66501407094758,NaN,NaN,NaN,0,0
real_adsb,random_dropout_25,stage4B_3Day_nohup_20260819T132526Z_w004_20260819T145740Z::ac7a84::20260819T145950__random_dropout_25,stage4B_3Day_nohup_20260819T132526Z_w004_20260819T145740Z::ac7a84::20260819T145950,observed_adsb,native_imm,posterior,adsb_scoring_proxy,87,1,19.0741154184483,7.62019938196793,24.9716716516501,2.92478437754053,1.55053268865147,5.66501407094758,NaN,NaN,NaN,0,0
real_adsb,random_dropout_25,stage4B_3Day_nohup_20260819T132526Z_w004_20260819T145740Z::ac7a84::20260819T145950__random_dropout_25,stage4B_3Day_nohup_20260819T132526Z_w004_20260819T145740Z::ac7a84::20260819T145950,observed_adsb,warm_ukf,prior,adsb_scoring_proxy,87,1,581.559960743252,28.575021219856,411.296216049974,13.8643058941251,10.2183387885472,25.2652681877064,NaN,NaN,NaN,0,0
real_adsb,random_dropout_25,stage4B_3Day_nohup_20260819T132526Z_w004_20260819T145740Z::ac7a84::20260819T145950__random_dropout_25,stage4B_3Day_nohup_20260819T132526Z_w004_20260819T145740Z::ac7a84::20260819T145950,observed_adsb,warm_ukf,posterior,adsb_scoring_proxy,87,1,581.559960743252,28.575021219856,411.296216049974,13.8643058941251,10.2183387885472,25.2652681877064,NaN,NaN,NaN,0,0
real_adsb,burst_outage,stage4B_3Day_nohup_20260819T132526Z_w004_20260819T145740Z::ac7a84::20260819T145950__burst_outage,stage4B_3Day_nohup_20260819T132526Z_w004_20260819T145740Z::ac7a84::20260819T145950,observed_adsb,cv_ekf,prior,adsb_scoring_proxy,87,1,369.026359462455,16.4912648972235,1046.75287772666,15.1503215988426,4.59844564955532,31.7770936891454,NaN,NaN,NaN,0,0
real_adsb,burst_outage,stage4B_3Day_nohup_20260819T132526Z_w004_20260819T145740Z::ac7a84::20260819T145950__burst_outage,stage4B_3Day_nohup_20260819T132526Z_w004_20260819T145740Z::ac7a84::20260819T145950,observed_adsb,cv_ekf,posterior,adsb_scoring_proxy,87,1,369.026359462455,16.4912648972235,1046.75287772666,15.1503215988426,4.59844564955532,31.7770936891454,NaN,NaN,NaN,0,0
real_adsb,burst_outage,stage4B_3Day_nohup_20260819T132526Z_w004_20260819T145740Z::ac7a84::20260819T145950__burst_outage,stage4B_3Day_nohup_20260819T132526Z_w004_20260819T145740Z::ac7a84::20260819T145950,observed_adsb,ca_ekf,prior,adsb_scoring_proxy,87,1,622.710759944245,10.2124139875898,1589.24830598549,36.1342562993237,3.31477653620496,99.7333850620864,NaN,NaN,NaN,0,0
real_adsb,burst_outage,stage4B_3Day_nohup_20260819T132526Z_w004_20260819T145740Z::ac7a84::20260819T145950__burst_outage,stage4B_3Day_nohup_20260819T132526Z_w004_20260819T145740Z::ac7a84::20260819T145950,observed_adsb,ca_ekf,posterior,adsb_scoring_proxy,87,1,622.710759944245,10.2124139875898,1589.24830598549,36.1342562993237,3.31477653620496,99.7333850620864,NaN,NaN,NaN,0,0
real_adsb,burst_outage,stage4B_3Day_nohup_20260819T132526Z_w004_20260819T145740Z::ac7a84::20260819T145950__burst_outage,stage4B_3Day_nohup_20260819T132526Z_w004_20260819T145740Z::ac7a84::20260819T145950,observed_adsb,ct_ekf,prior,adsb_scoring_proxy,87,1,352.003150243544,17.7100332464556,1000.15833842012,14.3981205505112,3.82087943845529,30.0114923148549,NaN,NaN,NaN,0,0
real_adsb,burst_outage,stage4B_3Day_nohup_20260819T132526Z_w004_20260819T145740Z::ac7a84::20260819T145950__burst_outage,stage4B_3Day_nohup_20260819T132526Z_w004_20260819T145740Z::ac7a84::20260819T145950,observed_adsb,ct_ekf,posterior,adsb_scoring_proxy,87,1,352.003150243544,17.7100332464556,1000.15833842012,14.3981205505112,3.82087943845529,30.0114923148549,NaN,NaN,NaN,0,0
real_adsb,burst_outage,stage4B_3Day_nohup_20260819T132526Z_w004_20260819T145740Z::ac7a84::20260819T145950__burst_outage,stage4B_3Day_nohup_20260819T132526Z_w004_20260819T145740Z::ac7a84::20260819T145950,observed_adsb,native_imm,prior,adsb_scoring_proxy,87,1,149.542214333913,8.90791740713439,386.520025109006,8.62652220570884,2.03139697598039,22.3801595875429,NaN,NaN,NaN,0,0
real_adsb,burst_outage,stage4B_3Day_nohup_20260819T132526Z_w004_20260819T145740Z::ac7a84::20260819T145950__burst_outage,stage4B_3Day_nohup_20260819T132526Z_w004_20260819T145740Z::ac7a84::20260819T145950,observed_adsb,native_imm,posterior,adsb_scoring_proxy,87,1,149.542214333913,8.90791740713439,386.520025109006,8.62652220570884,2.03139697598039,22.3801595875429,NaN,NaN,NaN,0,0
real_adsb,burst_outage,stage4B_3Day_nohup_20260819T132526Z_w004_20260819T145740Z::ac7a84::20260819T145950__burst_outage,stage4B_3Day_nohup_20260819T132526Z_w004_20260819T145740Z::ac7a84::20260819T145950,observed_adsb,warm_ukf,prior,adsb_scoring_proxy,87,1,1275.63154317363,37.1589844618299,1923.23590308283,24.2576254451192,18.9405276691797,44.7449648963458,NaN,NaN,NaN,0,0
real_adsb,burst_outage,stage4B_3Day_nohup_20260819T132526Z_w004_20260819T145740Z::ac7a84::20260819T145950__burst_outage,stage4B_3Day_nohup_20260819T132526Z_w004_20260819T145740Z::ac7a84::20260819T145950,observed_adsb,warm_ukf,posterior,adsb_scoring_proxy,87,1,1275.63154317363,37.1589844618299,1923.23590308283,24.2576254451192,18.9405276691797,44.7449648963458,NaN,NaN,NaN,0,0
real_adsb,baseline,stage4B_3Day_nohup_20260819T132526Z_w007_20260819T162740Z::a19dff::20260819T162816__baseline,stage4B_3Day_nohup_20260819T132526Z_w007_20260819T162740Z::a19dff::20260819T162816,observed_adsb,cv_ekf,prior,adsb_scoring_proxy,86,1,22.7464080766671,9.07718490929386,57.6299027013112,7.08486664827752,1.67090723577195,21.4006005801302,NaN,NaN,NaN,0,0
real_adsb,baseline,stage4B_3Day_nohup_20260819T132526Z_w007_20260819T162740Z::a19dff::20260819T162816__baseline,stage4B_3Day_nohup_20260819T132526Z_w007_20260819T162740Z::a19dff::20260819T162816,observed_adsb,cv_ekf,posterior,adsb_scoring_proxy,86,1,22.7464080766671,9.07718490929386,57.6299027013112,7.08486664827752,1.67090723577195,21.4006005801302,NaN,NaN,NaN,0,0
real_adsb,baseline,stage4B_3Day_nohup_20260819T132526Z_w007_20260819T162740Z::a19dff::20260819T162816__baseline,stage4B_3Day_nohup_20260819T132526Z_w007_20260819T162740Z::a19dff::20260819T162816,observed_adsb,ca_ekf,prior,adsb_scoring_proxy,86,1,17.0806021491363,8.38642985670029,36.7461390934618,4.96067515909828,1.82998820821447,12.3944540426224,NaN,NaN,NaN,0,0
real_adsb,baseline,stage4B_3Day_nohup_20260819T132526Z_w007_20260819T162740Z::a19dff::20260819T162816__baseline,stage4B_3Day_nohup_20260819T132526Z_w007_20260819T162740Z::a19dff::20260819T162816,observed_adsb,ca_ekf,posterior,adsb_scoring_proxy,86,1,17.0806021491363,8.38642985670029,36.7461390934618,4.96067515909828,1.82998820821447,12.3944540426224,NaN,NaN,NaN,0,0
real_adsb,baseline,stage4B_3Day_nohup_20260819T132526Z_w007_20260819T162740Z::a19dff::20260819T162816__baseline,stage4B_3Day_nohup_20260819T132526Z_w007_20260819T162740Z::a19dff::20260819T162816,observed_adsb,ct_ekf,prior,adsb_scoring_proxy,86,1,22.7750054845559,9.21470971365885,56.4160634537912,7.0850844129027,1.65428749072652,21.2366762156474,NaN,NaN,NaN,0,0
real_adsb,baseline,stage4B_3Day_nohup_20260819T132526Z_w007_20260819T162740Z::a19dff::20260819T162816__baseline,stage4B_3Day_nohup_20260819T132526Z_w007_20260819T162740Z::a19dff::20260819T162816,observed_adsb,ct_ekf,posterior,adsb_scoring_proxy,86,1,22.7750054845559,9.21470971365885,56.4160634537912,7.0850844129027,1.65428749072652,21.2366762156474,NaN,NaN,NaN,0,0
real_adsb,baseline,stage4B_3Day_nohup_20260819T132526Z_w007_20260819T162740Z::a19dff::20260819T162816__baseline,stage4B_3Day_nohup_20260819T132526Z_w007_20260819T162740Z::a19dff::20260819T162816,observed_adsb,native_imm,prior,adsb_scoring_proxy,86,1,12.9602911216103,8.1804839645162,23.6725976386288,3.36950106434455,1.56307648024218,8.43114959129463,NaN,NaN,NaN,0,0
real_adsb,baseline,stage4B_3Day_nohup_20260819T132526Z_w007_20260819T162740Z::a19dff::20260819T162816__baseline,stage4B_3Day_nohup_20260819T132526Z_w007_20260819T162740Z::a19dff::20260819T162816,observed_adsb,native_imm,posterior,adsb_scoring_proxy,86,1,12.9602911216103,8.1804839645162,23.6725976386288,3.36950106434455,1.56307648024218,8.43114959129463,NaN,NaN,NaN,0,0
real_adsb,baseline,stage4B_3Day_nohup_20260819T132526Z_w007_20260819T162740Z::a19dff::20260819T162816__baseline,stage4B_3Day_nohup_20260819T132526Z_w007_20260819T162740Z::a19dff::20260819T162816,observed_adsb,warm_ukf,prior,adsb_scoring_proxy,86,1,84.2612461253969,21.5704022389505,104.777832922937,16.835709634454,9.70406863686081,30.2299151739298,NaN,NaN,NaN,0,0
real_adsb,baseline,stage4B_3Day_nohup_20260819T132526Z_w007_20260819T162740Z::a19dff::20260819T162816__baseline,stage4B_3Day_nohup_20260819T132526Z_w007_20260819T162740Z::a19dff::20260819T162816,observed_adsb,warm_ukf,posterior,adsb_scoring_proxy,86,1,84.2612461253969,21.5704022389505,104.777832922937,16.835709634454,9.70406863686081,30.2299151739298,NaN,NaN,NaN,0,0
real_adsb,random_dropout_10,stage4B_3Day_nohup_20260819T132526Z_w007_20260819T162740Z::a19dff::20260819T162816__random_dropout_10,stage4B_3Day_nohup_20260819T132526Z_w007_20260819T162740Z::a19dff::20260819T162816,observed_adsb,cv_ekf,prior,adsb_scoring_proxy,86,1,37.0422552458957,8.70091590741686,60.3209205787207,7.56974446459536,1.74235582137251,20.8716858621803,NaN,NaN,NaN,0,0
real_adsb,random_dropout_10,stage4B_3Day_nohup_20260819T132526Z_w007_20260819T162740Z::a19dff::20260819T162816__random_dropout_10,stage4B_3Day_nohup_20260819T132526Z_w007_20260819T162740Z::a19dff::20260819T162816,observed_adsb,cv_ekf,posterior,adsb_scoring_proxy,86,1,37.0422552458957,8.70091590741686,60.3209205787207,7.56974446459536,1.74235582137251,20.8716858621803,NaN,NaN,NaN,0,0
real_adsb,random_dropout_10,stage4B_3Day_nohup_20260819T132526Z_w007_20260819T162740Z::a19dff::20260819T162816__random_dropout_10,stage4B_3Day_nohup_20260819T132526Z_w007_20260819T162740Z::a19dff::20260819T162816,observed_adsb,ca_ekf,prior,adsb_scoring_proxy,86,1,41.2677897452675,8.79316517615436,42.1285572892583,6.38212682754071,1.81161681497538,12.9994231227982,NaN,NaN,NaN,0,0
real_adsb,random_dropout_10,stage4B_3Day_nohup_20260819T132526Z_w007_20260819T162740Z::a19dff::20260819T162816__random_dropout_10,stage4B_3Day_nohup_20260819T132526Z_w007_20260819T162740Z::a19dff::20260819T162816,observed_adsb,ca_ekf,posterior,adsb_scoring_proxy,86,1,41.2677897452675,8.79316517615436,42.1285572892583,6.38212682754071,1.81161681497538,12.9994231227982,NaN,NaN,NaN,0,0
real_adsb,random_dropout_10,stage4B_3Day_nohup_20260819T132526Z_w007_20260819T162740Z::a19dff::20260819T162816__random_dropout_10,stage4B_3Day_nohup_20260819T132526Z_w007_20260819T162740Z::a19dff::20260819T162816,observed_adsb,ct_ekf,prior,adsb_scoring_proxy,86,1,37.6296576825768,8.68174762711384,59.879135800468,7.60902732628108,1.72354201446928,21.2189008154031,NaN,NaN,NaN,0,0
real_adsb,random_dropout_10,stage4B_3Day_nohup_20260819T132526Z_w007_20260819T162740Z::a19dff::20260819T162816__random_dropout_10,stage4B_3Day_nohup_20260819T132526Z_w007_20260819T162740Z::a19dff::20260819T162816,observed_adsb,ct_ekf,posterior,adsb_scoring_proxy,86,1,37.6296576825768,8.68174762711384,59.879135800468,7.60902732628108,1.72354201446928,21.2189008154031,NaN,NaN,NaN,0,0
real_adsb,random_dropout_10,stage4B_3Day_nohup_20260819T132526Z_w007_20260819T162740Z::a19dff::20260819T162816__random_dropout_10,stage4B_3Day_nohup_20260819T132526Z_w007_20260819T162740Z::a19dff::20260819T162816,observed_adsb,native_imm,prior,adsb_scoring_proxy,86,1,20.0554129524803,8.56570661034217,23.2586433261102,3.92934094703377,1.51489599867813,8.25195906740453,NaN,NaN,NaN,0,0
real_adsb,random_dropout_10,stage4B_3Day_nohup_20260819T132526Z_w007_20260819T162740Z::a19dff::20260819T162816__random_dropout_10,stage4B_3Day_nohup_20260819T132526Z_w007_20260819T162740Z::a19dff::20260819T162816,observed_adsb,native_imm,posterior,adsb_scoring_proxy,86,1,20.0554129524803,8.56570661034217,23.2586433261102,3.92934094703377,1.51489599867813,8.25195906740453,NaN,NaN,NaN,0,0
real_adsb,random_dropout_10,stage4B_3Day_nohup_20260819T132526Z_w007_20260819T162740Z::a19dff::20260819T162816__random_dropout_10,stage4B_3Day_nohup_20260819T132526Z_w007_20260819T162740Z::a19dff::20260819T162816,observed_adsb,warm_ukf,prior,adsb_scoring_proxy,86,1,251.346641149585,22.7155655968364,98.1583845564185,16.1281366382555,10.2720703880306,32.9783299828116,NaN,NaN,NaN,0,0
real_adsb,random_dropout_10,stage4B_3Day_nohup_20260819T132526Z_w007_20260819T162740Z::a19dff::20260819T162816__random_dropout_10,stage4B_3Day_nohup_20260819T132526Z_w007_20260819T162740Z::a19dff::20260819T162816,observed_adsb,warm_ukf,posterior,adsb_scoring_proxy,86,1,251.346641149585,22.7155655968364,98.1583845564185,16.1281366382555,10.2720703880306,32.9783299828116,NaN,NaN,NaN,0,0
real_adsb,random_dropout_25,stage4B_3Day_nohup_20260819T132526Z_w007_20260819T162740Z::a19dff::20260819T162816__random_dropout_25,stage4B_3Day_nohup_20260819T132526Z_w007_20260819T162740Z::a19dff::20260819T162816,observed_adsb,cv_ekf,prior,adsb_scoring_proxy,86,1,26.5914467618266,9.04201405921861,58.0808593801126,7.50862561818005,1.79580820984036,21.577049842939,NaN,NaN,NaN,0,0
real_adsb,random_dropout_25,stage4B_3Day_nohup_20260819T132526Z_w007_20260819T162740Z::a19dff::20260819T162816__random_dropout_25,stage4B_3Day_nohup_20260819T132526Z_w007_20260819T162740Z::a19dff::20260819T162816,observed_adsb,cv_ekf,posterior,adsb_scoring_proxy,86,1,26.5914467618266,9.04201405921861,58.0808593801126,7.50862561818005,1.79580820984036,21.577049842939,NaN,NaN,NaN,0,0
real_adsb,random_dropout_25,stage4B_3Day_nohup_20260819T132526Z_w007_20260819T162740Z::a19dff::20260819T162816__random_dropout_25,stage4B_3Day_nohup_20260819T132526Z_w007_20260819T162740Z::a19dff::20260819T162816,observed_adsb,ca_ekf,prior,adsb_scoring_proxy,86,1,20.4588332622191,9.96230048030822,37.0450817288335,5.52276078365605,2.02288076277943,12.7965611405437,NaN,NaN,NaN,0,0
real_adsb,random_dropout_25,stage4B_3Day_nohup_20260819T132526Z_w007_20260819T162740Z::a19dff::20260819T162816__random_dropout_25,stage4B_3Day_nohup_20260819T132526Z_w007_20260819T162740Z::a19dff::20260819T162816,observed_adsb,ca_ekf,posterior,adsb_scoring_proxy,86,1,20.4588332622191,9.96230048030822,37.0450817288335,5.52276078365605,2.02288076277943,12.7965611405437,NaN,NaN,NaN,0,0
real_adsb,random_dropout_25,stage4B_3Day_nohup_20260819T132526Z_w007_20260819T162740Z::a19dff::20260819T162816__random_dropout_25,stage4B_3Day_nohup_20260819T132526Z_w007_20260819T162740Z::a19dff::20260819T162816,observed_adsb,ct_ekf,prior,adsb_scoring_proxy,86,1,26.6301145407658,9.07968355698258,56.905924259658,7.50882621638885,1.77697570700633,21.4103475116856,NaN,NaN,NaN,0,0
real_adsb,random_dropout_25,stage4B_3Day_nohup_20260819T132526Z_w007_20260819T162740Z::a19dff::20260819T162816__random_dropout_25,stage4B_3Day_nohup_20260819T132526Z_w007_20260819T162740Z::a19dff::20260819T162816,observed_adsb,ct_ekf,posterior,adsb_scoring_proxy,86,1,26.6301145407658,9.07968355698258,56.905924259658,7.50882621638885,1.77697570700633,21.4103475116856,NaN,NaN,NaN,0,0
real_adsb,random_dropout_25,stage4B_3Day_nohup_20260819T132526Z_w007_20260819T162740Z::a19dff::20260819T162816__random_dropout_25,stage4B_3Day_nohup_20260819T132526Z_w007_20260819T162740Z::a19dff::20260819T162816,observed_adsb,native_imm,prior,adsb_scoring_proxy,86,1,16.3014058153555,7.79957650997396,23.1949977780573,4.06699000695441,1.61942594270224,8.5740493052182,NaN,NaN,NaN,0,0
real_adsb,random_dropout_25,stage4B_3Day_nohup_20260819T132526Z_w007_20260819T162740Z::a19dff::20260819T162816__random_dropout_25,stage4B_3Day_nohup_20260819T132526Z_w007_20260819T162740Z::a19dff::20260819T162816,observed_adsb,native_imm,posterior,adsb_scoring_proxy,86,1,16.3014058153555,7.79957650997396,23.1949977780573,4.06699000695441,1.61942594270224,8.5740493052182,NaN,NaN,NaN,0,0
real_adsb,random_dropout_25,stage4B_3Day_nohup_20260819T132526Z_w007_20260819T162740Z::a19dff::20260819T162816__random_dropout_25,stage4B_3Day_nohup_20260819T132526Z_w007_20260819T162740Z::a19dff::20260819T162816,observed_adsb,warm_ukf,prior,adsb_scoring_proxy,86,1,336.526098406308,27.1413105203872,368.846195740612,14.6877509364631,10.1158593718383,30.7787833087365,NaN,NaN,NaN,0,0
real_adsb,random_dropout_25,stage4B_3Day_nohup_20260819T132526Z_w007_20260819T162740Z::a19dff::20260819T162816__random_dropout_25,stage4B_3Day_nohup_20260819T132526Z_w007_20260819T162740Z::a19dff::20260819T162816,observed_adsb,warm_ukf,posterior,adsb_scoring_proxy,86,1,336.526098406308,27.1413105203872,368.846195740612,14.6877509364631,10.1158593718383,30.7787833087365,NaN,NaN,NaN,0,0
real_adsb,burst_outage,stage4B_3Day_nohup_20260819T132526Z_w007_20260819T162740Z::a19dff::20260819T162816__burst_outage,stage4B_3Day_nohup_20260819T132526Z_w007_20260819T162740Z::a19dff::20260819T162816,observed_adsb,cv_ekf,prior,adsb_scoring_proxy,86,1,44.3429641896667,12.3990340108609,103.632761295261,7.22218215297931,1.96925019369377,21.4006005801339,NaN,NaN,NaN,0,0
real_adsb,burst_outage,stage4B_3Day_nohup_20260819T132526Z_w007_20260819T162740Z::a19dff::20260819T162816__burst_outage,stage4B_3Day_nohup_20260819T132526Z_w007_20260819T162740Z::a19dff::20260819T162816,observed_adsb,cv_ekf,posterior,adsb_scoring_proxy,86,1,44.3429641896667,12.3990340108609,103.632761295261,7.22218215297931,1.96925019369377,21.4006005801339,NaN,NaN,NaN,0,0
real_adsb,burst_outage,stage4B_3Day_nohup_20260819T132526Z_w007_20260819T162740Z::a19dff::20260819T162816__burst_outage,stage4B_3Day_nohup_20260819T132526Z_w007_20260819T162740Z::a19dff::20260819T162816,observed_adsb,ca_ekf,prior,adsb_scoring_proxy,86,1,81.1226675506032,11.1913571863484,228.291252191344,6.55195634791972,2.48482598085055,13.0198881543672,NaN,NaN,NaN,0,0
real_adsb,burst_outage,stage4B_3Day_nohup_20260819T132526Z_w007_20260819T162740Z::a19dff::20260819T162816__burst_outage,stage4B_3Day_nohup_20260819T132526Z_w007_20260819T162740Z::a19dff::20260819T162816,observed_adsb,ca_ekf,posterior,adsb_scoring_proxy,86,1,81.1226675506032,11.1913571863484,228.291252191344,6.55195634791972,2.48482598085055,13.0198881543672,NaN,NaN,NaN,0,0
real_adsb,burst_outage,stage4B_3Day_nohup_20260819T132526Z_w007_20260819T162740Z::a19dff::20260819T162816__burst_outage,stage4B_3Day_nohup_20260819T132526Z_w007_20260819T162740Z::a19dff::20260819T162816,observed_adsb,ct_ekf,prior,adsb_scoring_proxy,86,1,40.6651838937989,12.4915587335332,94.5542137978274,7.1989978547921,1.98728345705841,21.2380600354544,NaN,NaN,NaN,0,0
real_adsb,burst_outage,stage4B_3Day_nohup_20260819T132526Z_w007_20260819T162740Z::a19dff::20260819T162816__burst_outage,stage4B_3Day_nohup_20260819T132526Z_w007_20260819T162740Z::a19dff::20260819T162816,observed_adsb,ct_ekf,posterior,adsb_scoring_proxy,86,1,40.6651838937989,12.4915587335332,94.5542137978274,7.1989978547921,1.98728345705841,21.2380600354544,NaN,NaN,NaN,0,0
real_adsb,burst_outage,stage4B_3Day_nohup_20260819T132526Z_w007_20260819T162740Z::a19dff::20260819T162816__burst_outage,stage4B_3Day_nohup_20260819T132526Z_w007_20260819T162740Z::a19dff::20260819T162816,observed_adsb,native_imm,prior,adsb_scoring_proxy,86,1,35.3349487050633,11.0852941411131,87.2186447867243,3.7812876003363,2.13787843040069,8.43114959129189,NaN,NaN,NaN,0,0
real_adsb,burst_outage,stage4B_3Day_nohup_20260819T132526Z_w007_20260819T162740Z::a19dff::20260819T162816__burst_outage,stage4B_3Day_nohup_20260819T132526Z_w007_20260819T162740Z::a19dff::20260819T162816,observed_adsb,native_imm,posterior,adsb_scoring_proxy,86,1,35.3349487050633,11.0852941411131,87.2186447867243,3.7812876003363,2.13787843040069,8.43114959129189,NaN,NaN,NaN,0,0
real_adsb,burst_outage,stage4B_3Day_nohup_20260819T132526Z_w007_20260819T162740Z::a19dff::20260819T162816__burst_outage,stage4B_3Day_nohup_20260819T132526Z_w007_20260819T162740Z::a19dff::20260819T162816,observed_adsb,warm_ukf,prior,adsb_scoring_proxy,86,1,1361.01491808927,24.6969038648518,1693.26752323486,14.7022516728497,9.23724005283045,25.16605258733,NaN,NaN,NaN,0,0
real_adsb,burst_outage,stage4B_3Day_nohup_20260819T132526Z_w007_20260819T162740Z::a19dff::20260819T162816__burst_outage,stage4B_3Day_nohup_20260819T132526Z_w007_20260819T162740Z::a19dff::20260819T162816,observed_adsb,warm_ukf,posterior,adsb_scoring_proxy,86,1,1361.01491808927,24.6969038648518,1693.26752323486,14.7022516728497,9.23724005283045,25.16605258733,NaN,NaN,NaN,0,0
real_adsb,baseline,stage4B_3Day_nohup_20260819T132526Z_w009_20260819T172740Z::ab0ed6::20260819T173007__baseline,stage4B_3Day_nohup_20260819T132526Z_w009_20260819T172740Z::ab0ed6::20260819T173007,observed_adsb,cv_ekf,prior,adsb_scoring_proxy,84,1,82.6639555186466,14.2403778721892,77.9856688330265,8.23961548340159,2.37231078474388,25.7199919028829,NaN,NaN,NaN,0,0
real_adsb,baseline,stage4B_3Day_nohup_20260819T132526Z_w009_20260819T172740Z::ab0ed6::20260819T173007__baseline,stage4B_3Day_nohup_20260819T132526Z_w009_20260819T172740Z::ab0ed6::20260819T173007,observed_adsb,cv_ekf,posterior,adsb_scoring_proxy,84,1,82.6639555186466,14.2403778721892,77.9856688330265,8.23961548340159,2.37231078474388,25.7199919028829,NaN,NaN,NaN,0,0
real_adsb,baseline,stage4B_3Day_nohup_20260819T132526Z_w009_20260819T172740Z::ab0ed6::20260819T173007__baseline,stage4B_3Day_nohup_20260819T132526Z_w009_20260819T172740Z::ab0ed6::20260819T173007,observed_adsb,ca_ekf,prior,adsb_scoring_proxy,84,1,169.703420397463,9.85263526048198,32.4920709512283,13.1623126584193,2.40041893003521,6.32763541393283,NaN,NaN,NaN,0,0
real_adsb,baseline,stage4B_3Day_nohup_20260819T132526Z_w009_20260819T172740Z::ab0ed6::20260819T173007__baseline,stage4B_3Day_nohup_20260819T132526Z_w009_20260819T172740Z::ab0ed6::20260819T173007,observed_adsb,ca_ekf,posterior,adsb_scoring_proxy,84,1,169.703420397463,9.85263526048198,32.4920709512283,13.1623126584193,2.40041893003521,6.32763541393283,NaN,NaN,NaN,0,0
real_adsb,baseline,stage4B_3Day_nohup_20260819T132526Z_w009_20260819T172740Z::ab0ed6::20260819T173007__baseline,stage4B_3Day_nohup_20260819T132526Z_w009_20260819T172740Z::ab0ed6::20260819T173007,observed_adsb,ct_ekf,prior,adsb_scoring_proxy,84,1,73.1116152186911,14.9881722643358,77.2607117984218,7.96926178369624,2.46174010578292,22.5608928245779,NaN,NaN,NaN,0,0
real_adsb,baseline,stage4B_3Day_nohup_20260819T132526Z_w009_20260819T172740Z::ab0ed6::20260819T173007__baseline,stage4B_3Day_nohup_20260819T132526Z_w009_20260819T172740Z::ab0ed6::20260819T173007,observed_adsb,ct_ekf,posterior,adsb_scoring_proxy,84,1,73.1116152186911,14.9881722643358,77.2607117984218,7.96926178369624,2.46174010578292,22.5608928245779,NaN,NaN,NaN,0,0
real_adsb,baseline,stage4B_3Day_nohup_20260819T132526Z_w009_20260819T172740Z::ab0ed6::20260819T173007__baseline,stage4B_3Day_nohup_20260819T132526Z_w009_20260819T172740Z::ab0ed6::20260819T173007,observed_adsb,native_imm,prior,adsb_scoring_proxy,84,1,33.3092196073475,10.8244170951665,24.4902965170761,4.6437457105924,2.02903055832089,6.3046206305443,NaN,NaN,NaN,0,0
real_adsb,baseline,stage4B_3Day_nohup_20260819T132526Z_w009_20260819T172740Z::ab0ed6::20260819T173007__baseline,stage4B_3Day_nohup_20260819T132526Z_w009_20260819T172740Z::ab0ed6::20260819T173007,observed_adsb,native_imm,posterior,adsb_scoring_proxy,84,1,33.3092196073475,10.8244170951665,24.4902965170761,4.6437457105924,2.02903055832089,6.3046206305443,NaN,NaN,NaN,0,0
real_adsb,baseline,stage4B_3Day_nohup_20260819T132526Z_w009_20260819T172740Z::ab0ed6::20260819T173007__baseline,stage4B_3Day_nohup_20260819T132526Z_w009_20260819T172740Z::ab0ed6::20260819T173007,observed_adsb,warm_ukf,prior,adsb_scoring_proxy,84,1,285.883208007939,25.6806607789887,766.233502381478,15.7811207943268,13.6807094268876,28.6288487284076,NaN,NaN,NaN,0,0
real_adsb,baseline,stage4B_3Day_nohup_20260819T132526Z_w009_20260819T172740Z::ab0ed6::20260819T173007__baseline,stage4B_3Day_nohup_20260819T132526Z_w009_20260819T172740Z::ab0ed6::20260819T173007,observed_adsb,warm_ukf,posterior,adsb_scoring_proxy,84,1,285.883208007939,25.6806607789887,766.233502381478,15.7811207943268,13.6807094268876,28.6288487284076,NaN,NaN,NaN,0,0
real_adsb,random_dropout_10,stage4B_3Day_nohup_20260819T132526Z_w009_20260819T172740Z::ab0ed6::20260819T173007__random_dropout_10,stage4B_3Day_nohup_20260819T132526Z_w009_20260819T172740Z::ab0ed6::20260819T173007,observed_adsb,cv_ekf,prior,adsb_scoring_proxy,84,1,83.1054154269818,14.5040786479085,78.0223710621528,8.38202188788758,2.50206938794022,25.9697369494847,NaN,NaN,NaN,0,0
real_adsb,random_dropout_10,stage4B_3Day_nohup_20260819T132526Z_w009_20260819T172740Z::ab0ed6::20260819T173007__random_dropout_10,stage4B_3Day_nohup_20260819T132526Z_w009_20260819T172740Z::ab0ed6::20260819T173007,observed_adsb,cv_ekf,posterior,adsb_scoring_proxy,84,1,83.1054154269818,14.5040786479085,78.0223710621528,8.38202188788758,2.50206938794022,25.9697369494847,NaN,NaN,NaN,0,0
real_adsb,random_dropout_10,stage4B_3Day_nohup_20260819T132526Z_w009_20260819T172740Z::ab0ed6::20260819T173007__random_dropout_10,stage4B_3Day_nohup_20260819T132526Z_w009_20260819T172740Z::ab0ed6::20260819T173007,observed_adsb,ca_ekf,prior,adsb_scoring_proxy,84,1,169.588622300368,10.1596716382485,32.5801638791838,13.172957587173,2.46396487460437,6.50499815951178,NaN,NaN,NaN,0,0
real_adsb,random_dropout_10,stage4B_3Day_nohup_20260819T132526Z_w009_20260819T172740Z::ab0ed6::20260819T173007__random_dropout_10,stage4B_3Day_nohup_20260819T132526Z_w009_20260819T172740Z::ab0ed6::20260819T173007,observed_adsb,ca_ekf,posterior,adsb_scoring_proxy,84,1,169.588622300368,10.1596716382485,32.5801638791838,13.172957587173,2.46396487460437,6.50499815951178,NaN,NaN,NaN,0,0
real_adsb,random_dropout_10,stage4B_3Day_nohup_20260819T132526Z_w009_20260819T172740Z::ab0ed6::20260819T173007__random_dropout_10,stage4B_3Day_nohup_20260819T132526Z_w009_20260819T172740Z::ab0ed6::20260819T173007,observed_adsb,ct_ekf,prior,adsb_scoring_proxy,84,1,73.6237163430726,15.7389757008352,77.2220151540785,8.11515518386222,2.54966861133857,22.7451119822297,NaN,NaN,NaN,0,0
real_adsb,random_dropout_10,stage4B_3Day_nohup_20260819T132526Z_w009_20260819T172740Z::ab0ed6::20260819T173007__random_dropout_10,stage4B_3Day_nohup_20260819T132526Z_w009_20260819T172740Z::ab0ed6::20260819T173007,observed_adsb,ct_ekf,posterior,adsb_scoring_proxy,84,1,73.6237163430726,15.7389757008352,77.2220151540785,8.11515518386222,2.54966861133857,22.7451119822297,NaN,NaN,NaN,0,0
real_adsb,random_dropout_10,stage4B_3Day_nohup_20260819T132526Z_w009_20260819T172740Z::ab0ed6::20260819T173007__random_dropout_10,stage4B_3Day_nohup_20260819T132526Z_w009_20260819T172740Z::ab0ed6::20260819T173007,observed_adsb,native_imm,prior,adsb_scoring_proxy,84,1,33.3284852233789,11.2165242890009,24.3853355341574,4.68073494572172,2.37712381950227,6.30021429755144,NaN,NaN,NaN,0,0
real_adsb,random_dropout_10,stage4B_3Day_nohup_20260819T132526Z_w009_20260819T172740Z::ab0ed6::20260819T173007__random_dropout_10,stage4B_3Day_nohup_20260819T132526Z_w009_20260819T172740Z::ab0ed6::20260819T173007,observed_adsb,native_imm,posterior,adsb_scoring_proxy,84,1,33.3284852233789,11.2165242890009,24.3853355341574,4.68073494572172,2.37712381950227,6.30021429755144,NaN,NaN,NaN,0,0
real_adsb,random_dropout_10,stage4B_3Day_nohup_20260819T132526Z_w009_20260819T172740Z::ab0ed6::20260819T173007__random_dropout_10,stage4B_3Day_nohup_20260819T132526Z_w009_20260819T172740Z::ab0ed6::20260819T173007,observed_adsb,warm_ukf,prior,adsb_scoring_proxy,84,1,178.924277392905,20.7792699116618,185.55282926836,15.2215610972537,10.051506681917,34.7056293878023,NaN,NaN,NaN,0,0
real_adsb,random_dropout_10,stage4B_3Day_nohup_20260819T132526Z_w009_20260819T172740Z::ab0ed6::20260819T173007__random_dropout_10,stage4B_3Day_nohup_20260819T132526Z_w009_20260819T172740Z::ab0ed6::20260819T173007,observed_adsb,warm_ukf,posterior,adsb_scoring_proxy,84,1,178.924277392905,20.7792699116618,185.55282926836,15.2215610972537,10.051506681917,34.7056293878023,NaN,NaN,NaN,0,0
real_adsb,random_dropout_25,stage4B_3Day_nohup_20260819T132526Z_w009_20260819T172740Z::ab0ed6::20260819T173007__random_dropout_25,stage4B_3Day_nohup_20260819T132526Z_w009_20260819T172740Z::ab0ed6::20260819T173007,observed_adsb,cv_ekf,prior,adsb_scoring_proxy,84,1,84.5448904205337,17.0043499943626,83.3392756135351,8.70541235783452,2.90955104943809,27.1124337838704,NaN,NaN,NaN,0,0
real_adsb,random_dropout_25,stage4B_3Day_nohup_20260819T132526Z_w009_20260819T172740Z::ab0ed6::20260819T173007__random_dropout_25,stage4B_3Day_nohup_20260819T132526Z_w009_20260819T172740Z::ab0ed6::20260819T173007,observed_adsb,cv_ekf,posterior,adsb_scoring_proxy,84,1,84.5448904205337,17.0043499943626,83.3392756135351,8.70541235783452,2.90955104943809,27.1124337838704,NaN,NaN,NaN,0,0
real_adsb,random_dropout_25,stage4B_3Day_nohup_20260819T132526Z_w009_20260819T172740Z::ab0ed6::20260819T173007__random_dropout_25,stage4B_3Day_nohup_20260819T132526Z_w009_20260819T172740Z::ab0ed6::20260819T173007,observed_adsb,ca_ekf,prior,adsb_scoring_proxy,84,1,170.709577156728,10.3632400135218,32.97699147201,13.4991996159426,2.46397954239573,8.70368153284381,NaN,NaN,NaN,0,0
real_adsb,random_dropout_25,stage4B_3Day_nohup_20260819T132526Z_w009_20260819T172740Z::ab0ed6::20260819T173007__random_dropout_25,stage4B_3Day_nohup_20260819T132526Z_w009_20260819T172740Z::ab0ed6::20260819T173007,observed_adsb,ca_ekf,posterior,adsb_scoring_proxy,84,1,170.709577156728,10.3632400135218,32.97699147201,13.4991996159426,2.46397954239573,8.70368153284381,NaN,NaN,NaN,0,0
real_adsb,random_dropout_25,stage4B_3Day_nohup_20260819T132526Z_w009_20260819T172740Z::ab0ed6::20260819T173007__random_dropout_25,stage4B_3Day_nohup_20260819T132526Z_w009_20260819T172740Z::ab0ed6::20260819T173007,observed_adsb,ct_ekf,prior,adsb_scoring_proxy,84,1,75.3530380041342,17.4852456217735,87.5665487129647,8.47578776319178,3.02475561074493,23.5050282064842,NaN,NaN,NaN,0,0
real_adsb,random_dropout_25,stage4B_3Day_nohup_20260819T132526Z_w009_20260819T172740Z::ab0ed6::20260819T173007__random_dropout_25,stage4B_3Day_nohup_20260819T132526Z_w009_20260819T172740Z::ab0ed6::20260819T173007,observed_adsb,ct_ekf,posterior,adsb_scoring_proxy,84,1,75.3530380041342,17.4852456217735,87.5665487129647,8.47578776319178,3.02475561074493,23.5050282064842,NaN,NaN,NaN,0,0
real_adsb,random_dropout_25,stage4B_3Day_nohup_20260819T132526Z_w009_20260819T172740Z::ab0ed6::20260819T173007__random_dropout_25,stage4B_3Day_nohup_20260819T132526Z_w009_20260819T172740Z::ab0ed6::20260819T173007,observed_adsb,native_imm,prior,adsb_scoring_proxy,84,1,33.290561945356,11.1894979629488,29.9849225953081,4.72222836658425,2.21339942841871,6.58437680658113,NaN,NaN,NaN,0,0
real_adsb,random_dropout_25,stage4B_3Day_nohup_20260819T132526Z_w009_20260819T172740Z::ab0ed6::20260819T173007__random_dropout_25,stage4B_3Day_nohup_20260819T132526Z_w009_20260819T172740Z::ab0ed6::20260819T173007,observed_adsb,native_imm,posterior,adsb_scoring_proxy,84,1,33.290561945356,11.1894979629488,29.9849225953081,4.72222836658425,2.21339942841871,6.58437680658113,NaN,NaN,NaN,0,0
real_adsb,random_dropout_25,stage4B_3Day_nohup_20260819T132526Z_w009_20260819T172740Z::ab0ed6::20260819T173007__random_dropout_25,stage4B_3Day_nohup_20260819T132526Z_w009_20260819T172740Z::ab0ed6::20260819T173007,observed_adsb,warm_ukf,prior,adsb_scoring_proxy,84,1,403.119936661116,25.6717814350536,698.508797918136,14.4175269698398,10.5333502610674,33.6445149689773,NaN,NaN,NaN,0,0
real_adsb,random_dropout_25,stage4B_3Day_nohup_20260819T132526Z_w009_20260819T172740Z::ab0ed6::20260819T173007__random_dropout_25,stage4B_3Day_nohup_20260819T132526Z_w009_20260819T172740Z::ab0ed6::20260819T173007,observed_adsb,warm_ukf,posterior,adsb_scoring_proxy,84,1,403.119936661116,25.6717814350536,698.508797918136,14.4175269698398,10.5333502610674,33.6445149689773,NaN,NaN,NaN,0,0
real_adsb,burst_outage,stage4B_3Day_nohup_20260819T132526Z_w009_20260819T172740Z::ab0ed6::20260819T173007__burst_outage,stage4B_3Day_nohup_20260819T132526Z_w009_20260819T172740Z::ab0ed6::20260819T173007,observed_adsb,cv_ekf,prior,adsb_scoring_proxy,84,1,209.492788034562,19.0664345988588,712.666891981892,9.29509978373687,3.98059082877065,25.7199918989945,NaN,NaN,NaN,0,0
real_adsb,burst_outage,stage4B_3Day_nohup_20260819T132526Z_w009_20260819T172740Z::ab0ed6::20260819T173007__burst_outage,stage4B_3Day_nohup_20260819T132526Z_w009_20260819T172740Z::ab0ed6::20260819T173007,observed_adsb,cv_ekf,posterior,adsb_scoring_proxy,84,1,209.492788034562,19.0664345988588,712.666891981892,9.29509978373687,3.98059082877065,25.7199918989945,NaN,NaN,NaN,0,0
real_adsb,burst_outage,stage4B_3Day_nohup_20260819T132526Z_w009_20260819T172740Z::ab0ed6::20260819T173007__burst_outage,stage4B_3Day_nohup_20260819T132526Z_w009_20260819T172740Z::ab0ed6::20260819T173007,observed_adsb,ca_ekf,prior,adsb_scoring_proxy,84,1,251.917339459498,11.8276058265984,703.246170545814,13.6189846719088,2.95167618120799,10.3478817198306,NaN,NaN,NaN,0,0
real_adsb,burst_outage,stage4B_3Day_nohup_20260819T132526Z_w009_20260819T172740Z::ab0ed6::20260819T173007__burst_outage,stage4B_3Day_nohup_20260819T132526Z_w009_20260819T172740Z::ab0ed6::20260819T173007,observed_adsb,ca_ekf,posterior,adsb_scoring_proxy,84,1,251.917339459498,11.8276058265984,703.246170545814,13.6189846719088,2.95167618120799,10.3478817198306,NaN,NaN,NaN,0,0
real_adsb,burst_outage,stage4B_3Day_nohup_20260819T132526Z_w009_20260819T172740Z::ab0ed6::20260819T173007__burst_outage,stage4B_3Day_nohup_20260819T132526Z_w009_20260819T172740Z::ab0ed6::20260819T173007,observed_adsb,ct_ekf,prior,adsb_scoring_proxy,84,1,206.006373128052,20.5148612691085,663.730325799297,9.0756300645462,4.07462129273905,22.6470459957615,NaN,NaN,NaN,0,0
real_adsb,burst_outage,stage4B_3Day_nohup_20260819T132526Z_w009_20260819T172740Z::ab0ed6::20260819T173007__burst_outage,stage4B_3Day_nohup_20260819T132526Z_w009_20260819T172740Z::ab0ed6::20260819T173007,observed_adsb,ct_ekf,posterior,adsb_scoring_proxy,84,1,206.006373128052,20.5148612691085,663.730325799297,9.0756300645462,4.07462129273905,22.6470459957615,NaN,NaN,NaN,0,0
real_adsb,burst_outage,stage4B_3Day_nohup_20260819T132526Z_w009_20260819T172740Z::ab0ed6::20260819T173007__burst_outage,stage4B_3Day_nohup_20260819T132526Z_w009_20260819T172740Z::ab0ed6::20260819T173007,observed_adsb,native_imm,prior,adsb_scoring_proxy,84,1,174.465472360002,12.1727398901036,589.250756722059,6.03677605632113,3.1046725074192,13.5804602458213,NaN,NaN,NaN,0,0
real_adsb,burst_outage,stage4B_3Day_nohup_20260819T132526Z_w009_20260819T172740Z::ab0ed6::20260819T173007__burst_outage,stage4B_3Day_nohup_20260819T132526Z_w009_20260819T172740Z::ab0ed6::20260819T173007,observed_adsb,native_imm,posterior,adsb_scoring_proxy,84,1,174.465472360002,12.1727398901036,589.250756722059,6.03677605632113,3.1046725074192,13.5804602458213,NaN,NaN,NaN,0,0
real_adsb,burst_outage,stage4B_3Day_nohup_20260819T132526Z_w009_20260819T172740Z::ab0ed6::20260819T173007__burst_outage,stage4B_3Day_nohup_20260819T132526Z_w009_20260819T172740Z::ab0ed6::20260819T173007,observed_adsb,warm_ukf,prior,adsb_scoring_proxy,84,1,4964.00814749894,39.0287645368158,14267.3957644494,45.4285133190194,16.5651074420579,121.000745089102,NaN,NaN,NaN,0,0
real_adsb,burst_outage,stage4B_3Day_nohup_20260819T132526Z_w009_20260819T172740Z::ab0ed6::20260819T173007__burst_outage,stage4B_3Day_nohup_20260819T132526Z_w009_20260819T172740Z::ab0ed6::20260819T173007,observed_adsb,warm_ukf,posterior,adsb_scoring_proxy,84,1,4964.00814749894,39.0287645368158,14267.3957644494,45.4285133190194,16.5651074420579,121.000745089102,NaN,NaN,NaN,0,0
real_adsb,baseline,stage4B_3Day_nohup_20260819T132526Z_w002_20260819T135740Z::a27088::20260819T135741__baseline,stage4B_3Day_nohup_20260819T132526Z_w002_20260819T135740Z::a27088::20260819T135741,observed_adsb,cv_ekf,prior,adsb_scoring_proxy,84,1,8.56088854220125,4.68566928490685,24.2293887002758,1.31482267205184,0.91847660091607,2.58638120474849,NaN,NaN,NaN,0,0
real_adsb,baseline,stage4B_3Day_nohup_20260819T132526Z_w002_20260819T135740Z::a27088::20260819T135741__baseline,stage4B_3Day_nohup_20260819T132526Z_w002_20260819T135740Z::a27088::20260819T135741,observed_adsb,cv_ekf,posterior,adsb_scoring_proxy,84,1,8.56088854220125,4.68566928490685,24.2293887002758,1.31482267205184,0.91847660091607,2.58638120474849,NaN,NaN,NaN,0,0
real_adsb,baseline,stage4B_3Day_nohup_20260819T132526Z_w002_20260819T135740Z::a27088::20260819T135741__baseline,stage4B_3Day_nohup_20260819T132526Z_w002_20260819T135740Z::a27088::20260819T135741,observed_adsb,ca_ekf,prior,adsb_scoring_proxy,84,1,8.21925449551578,4.04023415253452,21.1684952970711,1.53978959900262,0.981536729417926,3.38622133986571,NaN,NaN,NaN,0,0
real_adsb,baseline,stage4B_3Day_nohup_20260819T132526Z_w002_20260819T135740Z::a27088::20260819T135741__baseline,stage4B_3Day_nohup_20260819T132526Z_w002_20260819T135740Z::a27088::20260819T135741,observed_adsb,ca_ekf,posterior,adsb_scoring_proxy,84,1,8.21925449551578,4.04023415253452,21.1684952970711,1.53978959900262,0.981536729417926,3.38622133986571,NaN,NaN,NaN,0,0
real_adsb,baseline,stage4B_3Day_nohup_20260819T132526Z_w002_20260819T135740Z::a27088::20260819T135741__baseline,stage4B_3Day_nohup_20260819T132526Z_w002_20260819T135740Z::a27088::20260819T135741,observed_adsb,ct_ekf,prior,adsb_scoring_proxy,84,1,8.6264808539228,4.68028947022078,24.2623826309784,1.30727285764747,0.923561972573698,2.58386294748133,NaN,NaN,NaN,0,0
real_adsb,baseline,stage4B_3Day_nohup_20260819T132526Z_w002_20260819T135740Z::a27088::20260819T135741__baseline,stage4B_3Day_nohup_20260819T132526Z_w002_20260819T135740Z::a27088::20260819T135741,observed_adsb,ct_ekf,posterior,adsb_scoring_proxy,84,1,8.6264808539228,4.68028947022078,24.2623826309784,1.30727285764747,0.923561972573698,2.58386294748133,NaN,NaN,NaN,0,0
real_adsb,baseline,stage4B_3Day_nohup_20260819T132526Z_w002_20260819T135740Z::a27088::20260819T135741__baseline,stage4B_3Day_nohup_20260819T132526Z_w002_20260819T135740Z::a27088::20260819T135741,observed_adsb,native_imm,prior,adsb_scoring_proxy,84,1,7.58757857101216,4.10036539020595,20.4475334737,1.29883606602777,0.826310343634005,2.55088344197969,NaN,NaN,NaN,0,0
real_adsb,baseline,stage4B_3Day_nohup_20260819T132526Z_w002_20260819T135740Z::a27088::20260819T135741__baseline,stage4B_3Day_nohup_20260819T132526Z_w002_20260819T135740Z::a27088::20260819T135741,observed_adsb,native_imm,posterior,adsb_scoring_proxy,84,1,7.58757857101216,4.10036539020595,20.4475334737,1.29883606602777,0.826310343634005,2.55088344197969,NaN,NaN,NaN,0,0
real_adsb,baseline,stage4B_3Day_nohup_20260819T132526Z_w002_20260819T135740Z::a27088::20260819T135741__baseline,stage4B_3Day_nohup_20260819T132526Z_w002_20260819T135740Z::a27088::20260819T135741,observed_adsb,warm_ukf,prior,adsb_scoring_proxy,84,1,395.943967771812,14.4138061270905,32.4055329615235,6.1812820583272,5.22348274596164,9.48463467572442,NaN,NaN,NaN,0,0
real_adsb,baseline,stage4B_3Day_nohup_20260819T132526Z_w002_20260819T135740Z::a27088::20260819T135741__baseline,stage4B_3Day_nohup_20260819T132526Z_w002_20260819T135740Z::a27088::20260819T135741,observed_adsb,warm_ukf,posterior,adsb_scoring_proxy,84,1,395.943967771812,14.4138061270905,32.4055329615235,6.1812820583272,5.22348274596164,9.48463467572442,NaN,NaN,NaN,0,0
real_adsb,random_dropout_10,stage4B_3Day_nohup_20260819T132526Z_w002_20260819T135740Z::a27088::20260819T135741__random_dropout_10,stage4B_3Day_nohup_20260819T132526Z_w002_20260819T135740Z::a27088::20260819T135741,observed_adsb,cv_ekf,prior,adsb_scoring_proxy,84,1,9.09413389491582,4.74998132703941,24.6974434990786,1.35687941448528,0.955163515956645,2.60028254279901,NaN,NaN,NaN,0,0
real_adsb,random_dropout_10,stage4B_3Day_nohup_20260819T132526Z_w002_20260819T135740Z::a27088::20260819T135741__random_dropout_10,stage4B_3Day_nohup_20260819T132526Z_w002_20260819T135740Z::a27088::20260819T135741,observed_adsb,cv_ekf,posterior,adsb_scoring_proxy,84,1,9.09413389491582,4.74998132703941,24.6974434990786,1.35687941448528,0.955163515956645,2.60028254279901,NaN,NaN,NaN,0,0
real_adsb,random_dropout_10,stage4B_3Day_nohup_20260819T132526Z_w002_20260819T135740Z::a27088::20260819T135741__random_dropout_10,stage4B_3Day_nohup_20260819T132526Z_w002_20260819T135740Z::a27088::20260819T135741,observed_adsb,ca_ekf,prior,adsb_scoring_proxy,84,1,8.99051284457496,4.05870986174103,25.3038725607351,1.58772710967396,0.9913643584147,3.30097338163955,NaN,NaN,NaN,0,0
real_adsb,random_dropout_10,stage4B_3Day_nohup_20260819T132526Z_w002_20260819T135740Z::a27088::20260819T135741__random_dropout_10,stage4B_3Day_nohup_20260819T132526Z_w002_20260819T135740Z::a27088::20260819T135741,observed_adsb,ca_ekf,posterior,adsb_scoring_proxy,84,1,8.99051284457496,4.05870986174103,25.3038725607351,1.58772710967396,0.9913643584147,3.30097338163955,NaN,NaN,NaN,0,0
real_adsb,random_dropout_10,stage4B_3Day_nohup_20260819T132526Z_w002_20260819T135740Z::a27088::20260819T135741__random_dropout_10,stage4B_3Day_nohup_20260819T132526Z_w002_20260819T135740Z::a27088::20260819T135741,observed_adsb,ct_ekf,prior,adsb_scoring_proxy,84,1,9.1428194731077,4.70201972671034,24.5783516313982,1.34911352173772,0.960986215717438,2.59951582865897,NaN,NaN,NaN,0,0
real_adsb,random_dropout_10,stage4B_3Day_nohup_20260819T132526Z_w002_20260819T135740Z::a27088::20260819T135741__random_dropout_10,stage4B_3Day_nohup_20260819T132526Z_w002_20260819T135740Z::a27088::20260819T135741,observed_adsb,ct_ekf,posterior,adsb_scoring_proxy,84,1,9.1428194731077,4.70201972671034,24.5783516313982,1.34911352173772,0.960986215717438,2.59951582865897,NaN,NaN,NaN,0,0
real_adsb,random_dropout_10,stage4B_3Day_nohup_20260819T132526Z_w002_20260819T135740Z::a27088::20260819T135741__random_dropout_10,stage4B_3Day_nohup_20260819T132526Z_w002_20260819T135740Z::a27088::20260819T135741,observed_adsb,native_imm,prior,adsb_scoring_proxy,84,1,8.18032566294464,4.13181573224694,23.4540026662866,1.33335459268133,0.831546139193439,2.54699953999574,NaN,NaN,NaN,0,0
real_adsb,random_dropout_10,stage4B_3Day_nohup_20260819T132526Z_w002_20260819T135740Z::a27088::20260819T135741__random_dropout_10,stage4B_3Day_nohup_20260819T132526Z_w002_20260819T135740Z::a27088::20260819T135741,observed_adsb,native_imm,posterior,adsb_scoring_proxy,84,1,8.18032566294464,4.13181573224694,23.4540026662866,1.33335459268133,0.831546139193439,2.54699953999574,NaN,NaN,NaN,0,0
real_adsb,random_dropout_10,stage4B_3Day_nohup_20260819T132526Z_w002_20260819T135740Z::a27088::20260819T135741__random_dropout_10,stage4B_3Day_nohup_20260819T132526Z_w002_20260819T135740Z::a27088::20260819T135741,observed_adsb,warm_ukf,prior,adsb_scoring_proxy,84,1,64.6312431254816,14.4272470768348,45.2075471173926,7.1946824892779,6.3460642942798,11.2386508819549,NaN,NaN,NaN,0,0
real_adsb,random_dropout_10,stage4B_3Day_nohup_20260819T132526Z_w002_20260819T135740Z::a27088::20260819T135741__random_dropout_10,stage4B_3Day_nohup_20260819T132526Z_w002_20260819T135740Z::a27088::20260819T135741,observed_adsb,warm_ukf,posterior,adsb_scoring_proxy,84,1,64.6312431254816,14.4272470768348,45.2075471173926,7.1946824892779,6.3460642942798,11.2386508819549,NaN,NaN,NaN,0,0
real_adsb,random_dropout_25,stage4B_3Day_nohup_20260819T132526Z_w002_20260819T135740Z::a27088::20260819T135741__random_dropout_25,stage4B_3Day_nohup_20260819T132526Z_w002_20260819T135740Z::a27088::20260819T135741,observed_adsb,cv_ekf,prior,adsb_scoring_proxy,84,1,9.70891552669353,4.86532697412506,27.5411783472008,1.37298180133071,1.07460484058777,2.59654040188467,NaN,NaN,NaN,0,0
real_adsb,random_dropout_25,stage4B_3Day_nohup_20260819T132526Z_w002_20260819T135740Z::a27088::20260819T135741__random_dropout_25,stage4B_3Day_nohup_20260819T132526Z_w002_20260819T135740Z::a27088::20260819T135741,observed_adsb,cv_ekf,posterior,adsb_scoring_proxy,84,1,9.70891552669353,4.86532697412506,27.5411783472008,1.37298180133071,1.07460484058777,2.59654040188467,NaN,NaN,NaN,0,0
real_adsb,random_dropout_25,stage4B_3Day_nohup_20260819T132526Z_w002_20260819T135740Z::a27088::20260819T135741__random_dropout_25,stage4B_3Day_nohup_20260819T132526Z_w002_20260819T135740Z::a27088::20260819T135741,observed_adsb,ca_ekf,prior,adsb_scoring_proxy,84,1,9.43149476351649,4.465264616235,24.5909973841965,1.5563279849038,0.997259507951674,3.0365159344881,NaN,NaN,NaN,0,0
real_adsb,random_dropout_25,stage4B_3Day_nohup_20260819T132526Z_w002_20260819T135740Z::a27088::20260819T135741__random_dropout_25,stage4B_3Day_nohup_20260819T132526Z_w002_20260819T135740Z::a27088::20260819T135741,observed_adsb,ca_ekf,posterior,adsb_scoring_proxy,84,1,9.43149476351649,4.465264616235,24.5909973841965,1.5563279849038,0.997259507951674,3.0365159344881,NaN,NaN,NaN,0,0
real_adsb,random_dropout_25,stage4B_3Day_nohup_20260819T132526Z_w002_20260819T135740Z::a27088::20260819T135741__random_dropout_25,stage4B_3Day_nohup_20260819T132526Z_w002_20260819T135740Z::a27088::20260819T135741,observed_adsb,ct_ekf,prior,adsb_scoring_proxy,84,1,9.76370965196616,4.88598979109203,27.6576332056413,1.36789687135784,1.07933942750191,2.59698173393393,NaN,NaN,NaN,0,0
real_adsb,random_dropout_25,stage4B_3Day_nohup_20260819T132526Z_w002_20260819T135740Z::a27088::20260819T135741__random_dropout_25,stage4B_3Day_nohup_20260819T132526Z_w002_20260819T135740Z::a27088::20260819T135741,observed_adsb,ct_ekf,posterior,adsb_scoring_proxy,84,1,9.76370965196616,4.88598979109203,27.6576332056413,1.36789687135784,1.07933942750191,2.59698173393393,NaN,NaN,NaN,0,0
real_adsb,random_dropout_25,stage4B_3Day_nohup_20260819T132526Z_w002_20260819T135740Z::a27088::20260819T135741__random_dropout_25,stage4B_3Day_nohup_20260819T132526Z_w002_20260819T135740Z::a27088::20260819T135741,observed_adsb,native_imm,prior,adsb_scoring_proxy,84,1,8.41262676076844,4.39236359676257,22.3995305700395,1.3437361106974,0.954178629513242,2.53371076310161,NaN,NaN,NaN,0,0
real_adsb,random_dropout_25,stage4B_3Day_nohup_20260819T132526Z_w002_20260819T135740Z::a27088::20260819T135741__random_dropout_25,stage4B_3Day_nohup_20260819T132526Z_w002_20260819T135740Z::a27088::20260819T135741,observed_adsb,native_imm,posterior,adsb_scoring_proxy,84,1,8.41262676076844,4.39236359676257,22.3995305700395,1.3437361106974,0.954178629513242,2.53371076310161,NaN,NaN,NaN,0,0
real_adsb,random_dropout_25,stage4B_3Day_nohup_20260819T132526Z_w002_20260819T135740Z::a27088::20260819T135741__random_dropout_25,stage4B_3Day_nohup_20260819T132526Z_w002_20260819T135740Z::a27088::20260819T135741,observed_adsb,warm_ukf,prior,adsb_scoring_proxy,84,1,244.94216752112,14.3735526738068,497.052958726009,5.97818766090844,3.88259066577588,12.3049138189107,NaN,NaN,NaN,0,0
real_adsb,random_dropout_25,stage4B_3Day_nohup_20260819T132526Z_w002_20260819T135740Z::a27088::20260819T135741__random_dropout_25,stage4B_3Day_nohup_20260819T132526Z_w002_20260819T135740Z::a27088::20260819T135741,observed_adsb,warm_ukf,posterior,adsb_scoring_proxy,84,1,244.94216752112,14.3735526738068,497.052958726009,5.97818766090844,3.88259066577588,12.3049138189107,NaN,NaN,NaN,0,0
real_adsb,burst_outage,stage4B_3Day_nohup_20260819T132526Z_w002_20260819T135740Z::a27088::20260819T135741__burst_outage,stage4B_3Day_nohup_20260819T132526Z_w002_20260819T135740Z::a27088::20260819T135741,observed_adsb,cv_ekf,prior,adsb_scoring_proxy,84,1,13.555265613767,6.06234959788856,30.8961022975165,1.36755835001569,1.11196950954265,2.58786791879033,NaN,NaN,NaN,0,0
real_adsb,burst_outage,stage4B_3Day_nohup_20260819T132526Z_w002_20260819T135740Z::a27088::20260819T135741__burst_outage,stage4B_3Day_nohup_20260819T132526Z_w002_20260819T135740Z::a27088::20260819T135741,observed_adsb,cv_ekf,posterior,adsb_scoring_proxy,84,1,13.555265613767,6.06234959788856,30.8961022975165,1.36755835001569,1.11196950954265,2.58786791879033,NaN,NaN,NaN,0,0
real_adsb,burst_outage,stage4B_3Day_nohup_20260819T132526Z_w002_20260819T135740Z::a27088::20260819T135741__burst_outage,stage4B_3Day_nohup_20260819T132526Z_w002_20260819T135740Z::a27088::20260819T135741,observed_adsb,ca_ekf,prior,adsb_scoring_proxy,84,1,39.8092708178376,5.90508872341732,112.737151988146,2.44390723537671,1.42294088397292,5.37662972872914,NaN,NaN,NaN,0,0
real_adsb,burst_outage,stage4B_3Day_nohup_20260819T132526Z_w002_20260819T135740Z::a27088::20260819T135741__burst_outage,stage4B_3Day_nohup_20260819T132526Z_w002_20260819T135740Z::a27088::20260819T135741,observed_adsb,ca_ekf,posterior,adsb_scoring_proxy,84,1,39.8092708178376,5.90508872341732,112.737151988146,2.44390723537671,1.42294088397292,5.37662972872914,NaN,NaN,NaN,0,0
real_adsb,burst_outage,stage4B_3Day_nohup_20260819T132526Z_w002_20260819T135740Z::a27088::20260819T135741__burst_outage,stage4B_3Day_nohup_20260819T132526Z_w002_20260819T135740Z::a27088::20260819T135741,observed_adsb,ct_ekf,prior,adsb_scoring_proxy,84,1,13.6984585069818,6.05774710106773,31.3036442148665,1.36256167869115,1.11618297745717,2.58549353830545,NaN,NaN,NaN,0,0
real_adsb,burst_outage,stage4B_3Day_nohup_20260819T132526Z_w002_20260819T135740Z::a27088::20260819T135741__burst_outage,stage4B_3Day_nohup_20260819T132526Z_w002_20260819T135740Z::a27088::20260819T135741,observed_adsb,ct_ekf,posterior,adsb_scoring_proxy,84,1,13.6984585069818,6.05774710106773,31.3036442148665,1.36256167869115,1.11618297745717,2.58549353830545,NaN,NaN,NaN,0,0
real_adsb,burst_outage,stage4B_3Day_nohup_20260819T132526Z_w002_20260819T135740Z::a27088::20260819T135741__burst_outage,stage4B_3Day_nohup_20260819T132526Z_w002_20260819T135740Z::a27088::20260819T135741,observed_adsb,native_imm,prior,adsb_scoring_proxy,84,1,16.7464335370265,5.28436777133402,43.826626554023,1.41043793007453,1.05125842566895,2.55626013379876,NaN,NaN,NaN,0,0
real_adsb,burst_outage,stage4B_3Day_nohup_20260819T132526Z_w002_20260819T135740Z::a27088::20260819T135741__burst_outage,stage4B_3Day_nohup_20260819T132526Z_w002_20260819T135740Z::a27088::20260819T135741,observed_adsb,native_imm,posterior,adsb_scoring_proxy,84,1,16.7464335370265,5.28436777133402,43.826626554023,1.41043793007453,1.05125842566895,2.55626013379876,NaN,NaN,NaN,0,0
real_adsb,burst_outage,stage4B_3Day_nohup_20260819T132526Z_w002_20260819T135740Z::a27088::20260819T135741__burst_outage,stage4B_3Day_nohup_20260819T132526Z_w002_20260819T135740Z::a27088::20260819T135741,observed_adsb,warm_ukf,prior,adsb_scoring_proxy,84,1,877.927502808624,15.7760611238578,2212.815822889,10.6616988427571,6.57529840432343,23.3413359209685,NaN,NaN,NaN,0,0
real_adsb,burst_outage,stage4B_3Day_nohup_20260819T132526Z_w002_20260819T135740Z::a27088::20260819T135741__burst_outage,stage4B_3Day_nohup_20260819T132526Z_w002_20260819T135740Z::a27088::20260819T135741,observed_adsb,warm_ukf,posterior,adsb_scoring_proxy,84,1,877.927502808624,15.7760611238578,2212.815822889,10.6616988427571,6.57529840432343,23.3413359209685,NaN,NaN,NaN,0,0
real_adsb,baseline,stage4B_3Day_nohup_20260819T132526Z_w005_20260819T152740Z::aa9633::20260819T152741__baseline,stage4B_3Day_nohup_20260819T132526Z_w005_20260819T152740Z::aa9633::20260819T152741,observed_adsb,cv_ekf,prior,adsb_scoring_proxy,83,1,8.40681177064469,4.84794492755658,19.5356625639387,2.51418129224946,1.23735604006687,5.25312117758865,NaN,NaN,NaN,0,0
real_adsb,baseline,stage4B_3Day_nohup_20260819T132526Z_w005_20260819T152740Z::aa9633::20260819T152741__baseline,stage4B_3Day_nohup_20260819T132526Z_w005_20260819T152740Z::aa9633::20260819T152741,observed_adsb,cv_ekf,posterior,adsb_scoring_proxy,83,1,8.40681177064469,4.84794492755658,19.5356625639387,2.51418129224946,1.23735604006687,5.25312117758865,NaN,NaN,NaN,0,0
real_adsb,baseline,stage4B_3Day_nohup_20260819T132526Z_w005_20260819T152740Z::aa9633::20260819T152741__baseline,stage4B_3Day_nohup_20260819T132526Z_w005_20260819T152740Z::aa9633::20260819T152741,observed_adsb,ca_ekf,prior,adsb_scoring_proxy,83,1,5.47413413835463,4.31533692964446,8.69554810026062,1.80281985474495,1.17815386987565,3.62540280489364,NaN,NaN,NaN,0,0
real_adsb,baseline,stage4B_3Day_nohup_20260819T132526Z_w005_20260819T152740Z::aa9633::20260819T152741__baseline,stage4B_3Day_nohup_20260819T132526Z_w005_20260819T152740Z::aa9633::20260819T152741,observed_adsb,ca_ekf,posterior,adsb_scoring_proxy,83,1,5.47413413835463,4.31533692964446,8.69554810026062,1.80281985474495,1.17815386987565,3.62540280489364,NaN,NaN,NaN,0,0
real_adsb,baseline,stage4B_3Day_nohup_20260819T132526Z_w005_20260819T152740Z::aa9633::20260819T152741__baseline,stage4B_3Day_nohup_20260819T132526Z_w005_20260819T152740Z::aa9633::20260819T152741,observed_adsb,ct_ekf,prior,adsb_scoring_proxy,83,1,8.50619413621034,4.96667855473632,19.9076013330408,2.52042813757721,1.22453015288733,5.28237524209873,NaN,NaN,NaN,0,0
real_adsb,baseline,stage4B_3Day_nohup_20260819T132526Z_w005_20260819T152740Z::aa9633::20260819T152741__baseline,stage4B_3Day_nohup_20260819T132526Z_w005_20260819T152740Z::aa9633::20260819T152741,observed_adsb,ct_ekf,posterior,adsb_scoring_proxy,83,1,8.50619413621034,4.96667855473632,19.9076013330408,2.52042813757721,1.22453015288733,5.28237524209873,NaN,NaN,NaN,0,0
real_adsb,baseline,stage4B_3Day_nohup_20260819T132526Z_w005_20260819T152740Z::aa9633::20260819T152741__baseline,stage4B_3Day_nohup_20260819T132526Z_w005_20260819T152740Z::aa9633::20260819T152741,observed_adsb,native_imm,prior,adsb_scoring_proxy,83,1,5.7628017032587,4.2324739018997,10.9226967606968,1.68091943991736,0.997636928016674,3.93262891944104,NaN,NaN,NaN,0,0
real_adsb,baseline,stage4B_3Day_nohup_20260819T132526Z_w005_20260819T152740Z::aa9633::20260819T152741__baseline,stage4B_3Day_nohup_20260819T132526Z_w005_20260819T152740Z::aa9633::20260819T152741,observed_adsb,native_imm,posterior,adsb_scoring_proxy,83,1,5.7628017032587,4.2324739018997,10.9226967606968,1.68091943991736,0.997636928016674,3.93262891944104,NaN,NaN,NaN,0,0
real_adsb,baseline,stage4B_3Day_nohup_20260819T132526Z_w005_20260819T152740Z::aa9633::20260819T152741__baseline,stage4B_3Day_nohup_20260819T132526Z_w005_20260819T152740Z::aa9633::20260819T152741,observed_adsb,warm_ukf,prior,adsb_scoring_proxy,83,1,37.2390678776054,15.5276147842933,39.4054329010953,19.8174609488608,13.748072719647,34.2788799333825,NaN,NaN,NaN,0,0
real_adsb,baseline,stage4B_3Day_nohup_20260819T132526Z_w005_20260819T152740Z::aa9633::20260819T152741__baseline,stage4B_3Day_nohup_20260819T132526Z_w005_20260819T152740Z::aa9633::20260819T152741,observed_adsb,warm_ukf,posterior,adsb_scoring_proxy,83,1,37.2390678776054,15.5276147842933,39.4054329010953,19.8174609488608,13.748072719647,34.2788799333825,NaN,NaN,NaN,0,0
real_adsb,random_dropout_10,stage4B_3Day_nohup_20260819T132526Z_w005_20260819T152740Z::aa9633::20260819T152741__random_dropout_10,stage4B_3Day_nohup_20260819T132526Z_w005_20260819T152740Z::aa9633::20260819T152741,observed_adsb,cv_ekf,prior,adsb_scoring_proxy,83,1,8.62896122377065,4.84197206498677,19.7602551771918,2.54676450130167,1.25047768850075,5.34782363091539,NaN,NaN,NaN,0,0
real_adsb,random_dropout_10,stage4B_3Day_nohup_20260819T132526Z_w005_20260819T152740Z::aa9633::20260819T152741__random_dropout_10,stage4B_3Day_nohup_20260819T132526Z_w005_20260819T152740Z::aa9633::20260819T152741,observed_adsb,cv_ekf,posterior,adsb_scoring_proxy,83,1,8.62896122377065,4.84197206498677,19.7602551771918,2.54676450130167,1.25047768850075,5.34782363091539,NaN,NaN,NaN,0,0
real_adsb,random_dropout_10,stage4B_3Day_nohup_20260819T132526Z_w005_20260819T152740Z::aa9633::20260819T152741__random_dropout_10,stage4B_3Day_nohup_20260819T132526Z_w005_20260819T152740Z::aa9633::20260819T152741,observed_adsb,ca_ekf,prior,adsb_scoring_proxy,83,1,5.58194826313978,4.50185916162366,10.2515699831208,1.8298979623362,1.19857601537981,3.64230964430207,NaN,NaN,NaN,0,0
real_adsb,random_dropout_10,stage4B_3Day_nohup_20260819T132526Z_w005_20260819T152740Z::aa9633::20260819T152741__random_dropout_10,stage4B_3Day_nohup_20260819T132526Z_w005_20260819T152740Z::aa9633::20260819T152741,observed_adsb,ca_ekf,posterior,adsb_scoring_proxy,83,1,5.58194826313978,4.50185916162366,10.2515699831208,1.8298979623362,1.19857601537981,3.64230964430207,NaN,NaN,NaN,0,0
real_adsb,random_dropout_10,stage4B_3Day_nohup_20260819T132526Z_w005_20260819T152740Z::aa9633::20260819T152741__random_dropout_10,stage4B_3Day_nohup_20260819T132526Z_w005_20260819T152740Z::aa9633::20260819T152741,observed_adsb,ct_ekf,prior,adsb_scoring_proxy,83,1,8.73036901281963,4.80990207820735,20.0396377779276,2.55312110121196,1.25610891704084,5.37749424915517,NaN,NaN,NaN,0,0
real_adsb,random_dropout_10,stage4B_3Day_nohup_20260819T132526Z_w005_20260819T152740Z::aa9633::20260819T152741__random_dropout_10,stage4B_3Day_nohup_20260819T132526Z_w005_20260819T152740Z::aa9633::20260819T152741,observed_adsb,ct_ekf,posterior,adsb_scoring_proxy,83,1,8.73036901281963,4.80990207820735,20.0396377779276,2.55312110121196,1.25610891704084,5.37749424915517,NaN,NaN,NaN,0,0
real_adsb,random_dropout_10,stage4B_3Day_nohup_20260819T132526Z_w005_20260819T152740Z::aa9633::20260819T152741__random_dropout_10,stage4B_3Day_nohup_20260819T132526Z_w005_20260819T152740Z::aa9633::20260819T152741,observed_adsb,native_imm,prior,adsb_scoring_proxy,83,1,5.85392651733375,4.16106614129772,10.7811239716281,1.68959379373742,1.0234927051171,3.96997806081742,NaN,NaN,NaN,0,0
real_adsb,random_dropout_10,stage4B_3Day_nohup_20260819T132526Z_w005_20260819T152740Z::aa9633::20260819T152741__random_dropout_10,stage4B_3Day_nohup_20260819T132526Z_w005_20260819T152740Z::aa9633::20260819T152741,observed_adsb,native_imm,posterior,adsb_scoring_proxy,83,1,5.85392651733375,4.16106614129772,10.7811239716281,1.68959379373742,1.0234927051171,3.96997806081742,NaN,NaN,NaN,0,0
real_adsb,random_dropout_10,stage4B_3Day_nohup_20260819T132526Z_w005_20260819T152740Z::aa9633::20260819T152741__random_dropout_10,stage4B_3Day_nohup_20260819T132526Z_w005_20260819T152740Z::aa9633::20260819T152741,observed_adsb,warm_ukf,prior,adsb_scoring_proxy,83,1,85.7034394456237,20.6811726880129,38.7319932402435,15.7985052245405,12.5743727444752,26.6324609015365,NaN,NaN,NaN,0,0
real_adsb,random_dropout_10,stage4B_3Day_nohup_20260819T132526Z_w005_20260819T152740Z::aa9633::20260819T152741__random_dropout_10,stage4B_3Day_nohup_20260819T132526Z_w005_20260819T152740Z::aa9633::20260819T152741,observed_adsb,warm_ukf,posterior,adsb_scoring_proxy,83,1,85.7034394456237,20.6811726880129,38.7319932402435,15.7985052245405,12.5743727444752,26.6324609015365,NaN,NaN,NaN,0,0
real_adsb,random_dropout_25,stage4B_3Day_nohup_20260819T132526Z_w005_20260819T152740Z::aa9633::20260819T152741__random_dropout_25,stage4B_3Day_nohup_20260819T132526Z_w005_20260819T152740Z::aa9633::20260819T152741,observed_adsb,cv_ekf,prior,adsb_scoring_proxy,83,1,9.48280058146015,5.41987690457498,22.940417802049,2.65494055272128,1.30131590262578,5.87864807701983,NaN,NaN,NaN,0,0
real_adsb,random_dropout_25,stage4B_3Day_nohup_20260819T132526Z_w005_20260819T152740Z::aa9633::20260819T152741__random_dropout_25,stage4B_3Day_nohup_20260819T132526Z_w005_20260819T152740Z::aa9633::20260819T152741,observed_adsb,cv_ekf,posterior,adsb_scoring_proxy,83,1,9.48280058146015,5.41987690457498,22.940417802049,2.65494055272128,1.30131590262578,5.87864807701983,NaN,NaN,NaN,0,0
real_adsb,random_dropout_25,stage4B_3Day_nohup_20260819T132526Z_w005_20260819T152740Z::aa9633::20260819T152741__random_dropout_25,stage4B_3Day_nohup_20260819T132526Z_w005_20260819T152740Z::aa9633::20260819T152741,observed_adsb,ca_ekf,prior,adsb_scoring_proxy,83,1,5.66550437019411,4.50977267006076,9.81692335316507,1.87217084821749,1.30485271553444,3.784683560124,NaN,NaN,NaN,0,0
real_adsb,random_dropout_25,stage4B_3Day_nohup_20260819T132526Z_w005_20260819T152740Z::aa9633::20260819T152741__random_dropout_25,stage4B_3Day_nohup_20260819T132526Z_w005_20260819T152740Z::aa9633::20260819T152741,observed_adsb,ca_ekf,posterior,adsb_scoring_proxy,83,1,5.66550437019411,4.50977267006076,9.81692335316507,1.87217084821749,1.30485271553444,3.784683560124,NaN,NaN,NaN,0,0
real_adsb,random_dropout_25,stage4B_3Day_nohup_20260819T132526Z_w005_20260819T152740Z::aa9633::20260819T152741__random_dropout_25,stage4B_3Day_nohup_20260819T132526Z_w005_20260819T152740Z::aa9633::20260819T152741,observed_adsb,ct_ekf,prior,adsb_scoring_proxy,83,1,9.60581160559751,5.42077159454696,23.2062335683077,2.66263516241272,1.31089832099281,5.87627378069602,NaN,NaN,NaN,0,0
real_adsb,random_dropout_25,stage4B_3Day_nohup_20260819T132526Z_w005_20260819T152740Z::aa9633::20260819T152741__random_dropout_25,stage4B_3Day_nohup_20260819T132526Z_w005_20260819T152740Z::aa9633::20260819T152741,observed_adsb,ct_ekf,posterior,adsb_scoring_proxy,83,1,9.60581160559751,5.42077159454696,23.2062335683077,2.66263516241272,1.31089832099281,5.87627378069602,NaN,NaN,NaN,0,0
real_adsb,random_dropout_25,stage4B_3Day_nohup_20260819T132526Z_w005_20260819T152740Z::aa9633::20260819T152741__random_dropout_25,stage4B_3Day_nohup_20260819T132526Z_w005_20260819T152740Z::aa9633::20260819T152741,observed_adsb,native_imm,prior,adsb_scoring_proxy,83,1,6.04446308943839,4.63646787085638,10.9562238948609,1.733930682994,1.06008012847534,3.99685342115798,NaN,NaN,NaN,0,0
real_adsb,random_dropout_25,stage4B_3Day_nohup_20260819T132526Z_w005_20260819T152740Z::aa9633::20260819T152741__random_dropout_25,stage4B_3Day_nohup_20260819T132526Z_w005_20260819T152740Z::aa9633::20260819T152741,observed_adsb,native_imm,posterior,adsb_scoring_proxy,83,1,6.04446308943839,4.63646787085638,10.9562238948609,1.733930682994,1.06008012847534,3.99685342115798,NaN,NaN,NaN,0,0
real_adsb,random_dropout_25,stage4B_3Day_nohup_20260819T132526Z_w005_20260819T152740Z::aa9633::20260819T152741__random_dropout_25,stage4B_3Day_nohup_20260819T132526Z_w005_20260819T152740Z::aa9633::20260819T152741,observed_adsb,warm_ukf,prior,adsb_scoring_proxy,83,1,77.3975884154453,16.672675336414,111.783754312091,13.13753426131,10.160788210411,23.0486973682895,NaN,NaN,NaN,0,0
real_adsb,random_dropout_25,stage4B_3Day_nohup_20260819T132526Z_w005_20260819T152740Z::aa9633::20260819T152741__random_dropout_25,stage4B_3Day_nohup_20260819T132526Z_w005_20260819T152740Z::aa9633::20260819T152741,observed_adsb,warm_ukf,posterior,adsb_scoring_proxy,83,1,77.3975884154453,16.672675336414,111.783754312091,13.13753426131,10.160788210411,23.0486973682895,NaN,NaN,NaN,0,0
real_adsb,burst_outage,stage4B_3Day_nohup_20260819T132526Z_w005_20260819T152740Z::aa9633::20260819T152741__burst_outage,stage4B_3Day_nohup_20260819T132526Z_w005_20260819T152740Z::aa9633::20260819T152741,observed_adsb,cv_ekf,prior,adsb_scoring_proxy,83,1,37.4682399135744,6.42363574273083,103.80314884474,3.0173723378055,1.66314899389903,5.25312117758865,NaN,NaN,NaN,0,0
real_adsb,burst_outage,stage4B_3Day_nohup_20260819T132526Z_w005_20260819T152740Z::aa9633::20260819T152741__burst_outage,stage4B_3Day_nohup_20260819T132526Z_w005_20260819T152740Z::aa9633::20260819T152741,observed_adsb,cv_ekf,posterior,adsb_scoring_proxy,83,1,37.4682399135744,6.42363574273083,103.80314884474,3.0173723378055,1.66314899389903,5.25312117758865,NaN,NaN,NaN,0,0
real_adsb,burst_outage,stage4B_3Day_nohup_20260819T132526Z_w005_20260819T152740Z::aa9633::20260819T152741__burst_outage,stage4B_3Day_nohup_20260819T132526Z_w005_20260819T152740Z::aa9633::20260819T152741,observed_adsb,ca_ekf,prior,adsb_scoring_proxy,83,1,17.2215207551104,5.16288778601693,50.4105227909148,2.02992971570959,1.53951070758991,3.81163102912209,NaN,NaN,NaN,0,0
real_adsb,burst_outage,stage4B_3Day_nohup_20260819T132526Z_w005_20260819T152740Z::aa9633::20260819T152741__burst_outage,stage4B_3Day_nohup_20260819T132526Z_w005_20260819T152740Z::aa9633::20260819T152741,observed_adsb,ca_ekf,posterior,adsb_scoring_proxy,83,1,17.2215207551104,5.16288778601693,50.4105227909148,2.02992971570959,1.53951070758991,3.81163102912209,NaN,NaN,NaN,0,0
real_adsb,burst_outage,stage4B_3Day_nohup_20260819T132526Z_w005_20260819T152740Z::aa9633::20260819T152741__burst_outage,stage4B_3Day_nohup_20260819T132526Z_w005_20260819T152740Z::aa9633::20260819T152741,observed_adsb,ct_ekf,prior,adsb_scoring_proxy,83,1,39.728832362418,6.50033232125595,110.979949583025,3.08820548310957,1.70776873060649,5.462359282817,NaN,NaN,NaN,0,0
real_adsb,burst_outage,stage4B_3Day_nohup_20260819T132526Z_w005_20260819T152740Z::aa9633::20260819T152741__burst_outage,stage4B_3Day_nohup_20260819T132526Z_w005_20260819T152740Z::aa9633::20260819T152741,observed_adsb,ct_ekf,posterior,adsb_scoring_proxy,83,1,39.728832362418,6.50033232125595,110.979949583025,3.08820548310957,1.70776873060649,5.462359282817,NaN,NaN,NaN,0,0
real_adsb,burst_outage,stage4B_3Day_nohup_20260819T132526Z_w005_20260819T152740Z::aa9633::20260819T152741__burst_outage,stage4B_3Day_nohup_20260819T132526Z_w005_20260819T152740Z::aa9633::20260819T152741,observed_adsb,native_imm,prior,adsb_scoring_proxy,83,1,33.9011373470564,5.12029313785132,94.9392646344456,2.265544961211,1.41171373704714,4.39478451657412,NaN,NaN,NaN,0,0
real_adsb,burst_outage,stage4B_3Day_nohup_20260819T132526Z_w005_20260819T152740Z::aa9633::20260819T152741__burst_outage,stage4B_3Day_nohup_20260819T132526Z_w005_20260819T152740Z::aa9633::20260819T152741,observed_adsb,native_imm,posterior,adsb_scoring_proxy,83,1,33.9011373470564,5.12029313785132,94.9392646344456,2.265544961211,1.41171373704714,4.39478451657412,NaN,NaN,NaN,0,0
real_adsb,burst_outage,stage4B_3Day_nohup_20260819T132526Z_w005_20260819T152740Z::aa9633::20260819T152741__burst_outage,stage4B_3Day_nohup_20260819T132526Z_w005_20260819T152740Z::aa9633::20260819T152741,observed_adsb,warm_ukf,prior,adsb_scoring_proxy,83,1,3517.11894750956,22.2856499732919,13661.5105627715,21.239367650085,16.4939190243064,34.2788799333825,NaN,NaN,NaN,0,0
real_adsb,burst_outage,stage4B_3Day_nohup_20260819T132526Z_w005_20260819T152740Z::aa9633::20260819T152741__burst_outage,stage4B_3Day_nohup_20260819T132526Z_w005_20260819T152740Z::aa9633::20260819T152741,observed_adsb,warm_ukf,posterior,adsb_scoring_proxy,83,1,3517.11894750956,22.2856499732919,13661.5105627715,21.239367650085,16.4939190243064,34.2788799333825,NaN,NaN,NaN,0,0
real_adsb,baseline,stage4B_3Day_nohup_20260819T132526Z_w141_20260822T112740Z::addadb::20260822T113000__baseline,stage4B_3Day_nohup_20260819T132526Z_w141_20260822T112740Z::addadb::20260822T113000,observed_adsb,cv_ekf,prior,adsb_scoring_proxy,83,1,35.8621507892186,8.41224860733055,49.2289794244109,5.96105912742247,2.09745986873579,17.7166374949198,NaN,NaN,NaN,0,0
real_adsb,baseline,stage4B_3Day_nohup_20260819T132526Z_w141_20260822T112740Z::addadb::20260822T113000__baseline,stage4B_3Day_nohup_20260819T132526Z_w141_20260822T112740Z::addadb::20260822T113000,observed_adsb,cv_ekf,posterior,adsb_scoring_proxy,83,1,35.8621507892186,8.41224860733055,49.2289794244109,5.96105912742247,2.09745986873579,17.7166374949198,NaN,NaN,NaN,0,0
real_adsb,baseline,stage4B_3Day_nohup_20260819T132526Z_w141_20260822T112740Z::addadb::20260822T113000__baseline,stage4B_3Day_nohup_20260819T132526Z_w141_20260822T112740Z::addadb::20260822T113000,observed_adsb,ca_ekf,prior,adsb_scoring_proxy,83,1,31.5026640909286,7.96282276282629,30.2806141804655,5.0466780843336,2.24928114696422,6.75551638786968,NaN,NaN,NaN,0,0
real_adsb,baseline,stage4B_3Day_nohup_20260819T132526Z_w141_20260822T112740Z::addadb::20260822T113000__baseline,stage4B_3Day_nohup_20260819T132526Z_w141_20260822T112740Z::addadb::20260822T113000,observed_adsb,ca_ekf,posterior,adsb_scoring_proxy,83,1,31.5026640909286,7.96282276282629,30.2806141804655,5.0466780843336,2.24928114696422,6.75551638786968,NaN,NaN,NaN,0,0
real_adsb,baseline,stage4B_3Day_nohup_20260819T132526Z_w141_20260822T112740Z::addadb::20260822T113000__baseline,stage4B_3Day_nohup_20260819T132526Z_w141_20260822T112740Z::addadb::20260822T113000,observed_adsb,ct_ekf,prior,adsb_scoring_proxy,83,1,31.4246224430504,8.82816202061546,48.7875525399949,5.71817206692619,2.23950700523417,16.8114599108813,NaN,NaN,NaN,0,0
real_adsb,baseline,stage4B_3Day_nohup_20260819T132526Z_w141_20260822T112740Z::addadb::20260822T113000__baseline,stage4B_3Day_nohup_20260819T132526Z_w141_20260822T112740Z::addadb::20260822T113000,observed_adsb,ct_ekf,posterior,adsb_scoring_proxy,83,1,31.4246224430504,8.82816202061546,48.7875525399949,5.71817206692619,2.23950700523417,16.8114599108813,NaN,NaN,NaN,0,0
real_adsb,baseline,stage4B_3Day_nohup_20260819T132526Z_w141_20260822T112740Z::addadb::20260822T113000__baseline,stage4B_3Day_nohup_20260819T132526Z_w141_20260822T112740Z::addadb::20260822T113000,observed_adsb,native_imm,prior,adsb_scoring_proxy,83,1,30.3732891319494,6.15791978063487,19.2584007911406,3.61346660796816,2.02427032750353,7.49465233409733,NaN,NaN,NaN,0,0
real_adsb,baseline,stage4B_3Day_nohup_20260819T132526Z_w141_20260822T112740Z::addadb::20260822T113000__baseline,stage4B_3Day_nohup_20260819T132526Z_w141_20260822T112740Z::addadb::20260822T113000,observed_adsb,native_imm,posterior,adsb_scoring_proxy,83,1,30.3732891319494,6.15791978063487,19.2584007911406,3.61346660796816,2.02427032750353,7.49465233409733,NaN,NaN,NaN,0,0
real_adsb,baseline,stage4B_3Day_nohup_20260819T132526Z_w141_20260822T112740Z::addadb::20260822T113000__baseline,stage4B_3Day_nohup_20260819T132526Z_w141_20260822T112740Z::addadb::20260822T113000,observed_adsb,warm_ukf,prior,adsb_scoring_proxy,83,1,113.28909972782,16.8744814322827,74.1832590601575,14.090880713361,9.13378794290714,28.2092627954201,NaN,NaN,NaN,0,0
real_adsb,baseline,stage4B_3Day_nohup_20260819T132526Z_w141_20260822T112740Z::addadb::20260822T113000__baseline,stage4B_3Day_nohup_20260819T132526Z_w141_20260822T112740Z::addadb::20260822T113000,observed_adsb,warm_ukf,posterior,adsb_scoring_proxy,83,1,113.28909972782,16.8744814322827,74.1832590601575,14.090880713361,9.13378794290714,28.2092627954201,NaN,NaN,NaN,0,0
real_adsb,random_dropout_10,stage4B_3Day_nohup_20260819T132526Z_w141_20260822T112740Z::addadb::20260822T113000__random_dropout_10,stage4B_3Day_nohup_20260819T132526Z_w141_20260822T112740Z::addadb::20260822T113000,observed_adsb,cv_ekf,prior,adsb_scoring_proxy,83,1,36.8453714376741,8.78955357901763,55.6215992556648,6.17784599554103,2.15222181391399,19.7398916373532,NaN,NaN,NaN,0,0
real_adsb,random_dropout_10,stage4B_3Day_nohup_20260819T132526Z_w141_20260822T112740Z::addadb::20260822T113000__random_dropout_10,stage4B_3Day_nohup_20260819T132526Z_w141_20260822T112740Z::addadb::20260822T113000,observed_adsb,cv_ekf,posterior,adsb_scoring_proxy,83,1,36.8453714376741,8.78955357901763,55.6215992556648,6.17784599554103,2.15222181391399,19.7398916373532,NaN,NaN,NaN,0,0
real_adsb,random_dropout_10,stage4B_3Day_nohup_20260819T132526Z_w141_20260822T112740Z::addadb::20260822T113000__random_dropout_10,stage4B_3Day_nohup_20260819T132526Z_w141_20260822T112740Z::addadb::20260822T113000,observed_adsb,ca_ekf,prior,adsb_scoring_proxy,83,1,31.7158054506521,7.89085360224193,36.0565723818767,5.09370809022023,2.346485996569,6.86469941139621,NaN,NaN,NaN,0,0
real_adsb,random_dropout_10,stage4B_3Day_nohup_20260819T132526Z_w141_20260822T112740Z::addadb::20260822T113000__random_dropout_10,stage4B_3Day_nohup_20260819T132526Z_w141_20260822T112740Z::addadb::20260822T113000,observed_adsb,ca_ekf,posterior,adsb_scoring_proxy,83,1,31.7158054506521,7.89085360224193,36.0565723818767,5.09370809022023,2.346485996569,6.86469941139621,NaN,NaN,NaN,0,0
real_adsb,random_dropout_10,stage4B_3Day_nohup_20260819T132526Z_w141_20260822T112740Z::addadb::20260822T113000__random_dropout_10,stage4B_3Day_nohup_20260819T132526Z_w141_20260822T112740Z::addadb::20260822T113000,observed_adsb,ct_ekf,prior,adsb_scoring_proxy,83,1,32.4881354851392,9.04335122483269,54.4933976464075,5.93983810187036,2.28820244592901,18.1298192954951,NaN,NaN,NaN,0,0
real_adsb,random_dropout_10,stage4B_3Day_nohup_20260819T132526Z_w141_20260822T112740Z::addadb::20260822T113000__random_dropout_10,stage4B_3Day_nohup_20260819T132526Z_w141_20260822T112740Z::addadb::20260822T113000,observed_adsb,ct_ekf,posterior,adsb_scoring_proxy,83,1,32.4881354851392,9.04335122483269,54.4933976464075,5.93983810187036,2.28820244592901,18.1298192954951,NaN,NaN,NaN,0,0
real_adsb,random_dropout_10,stage4B_3Day_nohup_20260819T132526Z_w141_20260822T112740Z::addadb::20260822T113000__random_dropout_10,stage4B_3Day_nohup_20260819T132526Z_w141_20260822T112740Z::addadb::20260822T113000,observed_adsb,native_imm,prior,adsb_scoring_proxy,83,1,30.5082471773487,6.54291292569678,21.6011065070999,3.64519333338409,2.01508052897482,7.20438677948417,NaN,NaN,NaN,0,0
real_adsb,random_dropout_10,stage4B_3Day_nohup_20260819T132526Z_w141_20260822T112740Z::addadb::20260822T113000__random_dropout_10,stage4B_3Day_nohup_20260819T132526Z_w141_20260822T112740Z::addadb::20260822T113000,observed_adsb,native_imm,posterior,adsb_scoring_proxy,83,1,30.5082471773487,6.54291292569678,21.6011065070999,3.64519333338409,2.01508052897482,7.20438677948417,NaN,NaN,NaN,0,0
real_adsb,random_dropout_10,stage4B_3Day_nohup_20260819T132526Z_w141_20260822T112740Z::addadb::20260822T113000__random_dropout_10,stage4B_3Day_nohup_20260819T132526Z_w141_20260822T112740Z::addadb::20260822T113000,observed_adsb,warm_ukf,prior,adsb_scoring_proxy,83,1,161.052681537463,22.1800415446405,447.04064346925,15.3272693322064,9.49181845287093,35.9813436140085,NaN,NaN,NaN,0,0
real_adsb,random_dropout_10,stage4B_3Day_nohup_20260819T132526Z_w141_20260822T112740Z::addadb::20260822T113000__random_dropout_10,stage4B_3Day_nohup_20260819T132526Z_w141_20260822T112740Z::addadb::20260822T113000,observed_adsb,warm_ukf,posterior,adsb_scoring_proxy,83,1,161.052681537463,22.1800415446405,447.04064346925,15.3272693322064,9.49181845287093,35.9813436140085,NaN,NaN,NaN,0,0
real_adsb,random_dropout_25,stage4B_3Day_nohup_20260819T132526Z_w141_20260822T112740Z::addadb::20260822T113000__random_dropout_25,stage4B_3Day_nohup_20260819T132526Z_w141_20260822T112740Z::addadb::20260822T113000,observed_adsb,cv_ekf,prior,adsb_scoring_proxy,83,1,85.1899538090094,9.21308622849822,69.9499638252949,7.92622595917434,2.17638772786209,21.5450389828144,NaN,NaN,NaN,0,0
real_adsb,random_dropout_25,stage4B_3Day_nohup_20260819T132526Z_w141_20260822T112740Z::addadb::20260822T113000__random_dropout_25,stage4B_3Day_nohup_20260819T132526Z_w141_20260822T112740Z::addadb::20260822T113000,observed_adsb,cv_ekf,posterior,adsb_scoring_proxy,83,1,85.1899538090094,9.21308622849822,69.9499638252949,7.92622595917434,2.17638772786209,21.5450389828144,NaN,NaN,NaN,0,0
real_adsb,random_dropout_25,stage4B_3Day_nohup_20260819T132526Z_w141_20260822T112740Z::addadb::20260822T113000__random_dropout_25,stage4B_3Day_nohup_20260819T132526Z_w141_20260822T112740Z::addadb::20260822T113000,observed_adsb,ca_ekf,prior,adsb_scoring_proxy,83,1,74.0473026925253,7.36045321915415,36.283058963086,7.49504131886902,2.33178058703655,7.23648202236089,NaN,NaN,NaN,0,0
real_adsb,random_dropout_25,stage4B_3Day_nohup_20260819T132526Z_w141_20260822T112740Z::addadb::20260822T113000__random_dropout_25,stage4B_3Day_nohup_20260819T132526Z_w141_20260822T112740Z::addadb::20260822T113000,observed_adsb,ca_ekf,posterior,adsb_scoring_proxy,83,1,74.0473026925253,7.36045321915415,36.283058963086,7.49504131886902,2.33178058703655,7.23648202236089,NaN,NaN,NaN,0,0
real_adsb,random_dropout_25,stage4B_3Day_nohup_20260819T132526Z_w141_20260822T112740Z::addadb::20260822T113000__random_dropout_25,stage4B_3Day_nohup_20260819T132526Z_w141_20260822T112740Z::addadb::20260822T113000,observed_adsb,ct_ekf,prior,adsb_scoring_proxy,83,1,76.1220614214952,9.4969435223461,69.1029113048559,7.4843008866104,2.34254994733095,21.2068098163146,NaN,NaN,NaN,0,0
real_adsb,random_dropout_25,stage4B_3Day_nohup_20260819T132526Z_w141_20260822T112740Z::addadb::20260822T113000__random_dropout_25,stage4B_3Day_nohup_20260819T132526Z_w141_20260822T112740Z::addadb::20260822T113000,observed_adsb,ct_ekf,posterior,adsb_scoring_proxy,83,1,76.1220614214952,9.4969435223461,69.1029113048559,7.4843008866104,2.34254994733095,21.2068098163146,NaN,NaN,NaN,0,0
real_adsb,random_dropout_25,stage4B_3Day_nohup_20260819T132526Z_w141_20260822T112740Z::addadb::20260822T113000__random_dropout_25,stage4B_3Day_nohup_20260819T132526Z_w141_20260822T112740Z::addadb::20260822T113000,observed_adsb,native_imm,prior,adsb_scoring_proxy,83,1,34.1086027850712,5.79822666039018,24.6328596929467,3.73931470338991,2.13339226206954,7.91922897802555,NaN,NaN,NaN,0,0
real_adsb,random_dropout_25,stage4B_3Day_nohup_20260819T132526Z_w141_20260822T112740Z::addadb::20260822T113000__random_dropout_25,stage4B_3Day_nohup_20260819T132526Z_w141_20260822T112740Z::addadb::20260822T113000,observed_adsb,native_imm,posterior,adsb_scoring_proxy,83,1,34.1086027850712,5.79822666039018,24.6328596929467,3.73931470338991,2.13339226206954,7.91922897802555,NaN,NaN,NaN,0,0
real_adsb,random_dropout_25,stage4B_3Day_nohup_20260819T132526Z_w141_20260822T112740Z::addadb::20260822T113000__random_dropout_25,stage4B_3Day_nohup_20260819T132526Z_w141_20260822T112740Z::addadb::20260822T113000,observed_adsb,warm_ukf,prior,adsb_scoring_proxy,83,1,203.922081549825,21.6852996379916,382.34518789113,17.6163111769551,11.3737976581378,37.2080167859109,NaN,NaN,NaN,0,0
real_adsb,random_dropout_25,stage4B_3Day_nohup_20260819T132526Z_w141_20260822T112740Z::addadb::20260822T113000__random_dropout_25,stage4B_3Day_nohup_20260819T132526Z_w141_20260822T112740Z::addadb::20260822T113000,observed_adsb,warm_ukf,posterior,adsb_scoring_proxy,83,1,203.922081549825,21.6852996379916,382.34518789113,17.6163111769551,11.3737976581378,37.2080167859109,NaN,NaN,NaN,0,0
real_adsb,burst_outage,stage4B_3Day_nohup_20260819T132526Z_w141_20260822T112740Z::addadb::20260822T113000__burst_outage,stage4B_3Day_nohup_20260819T132526Z_w141_20260822T112740Z::addadb::20260822T113000,observed_adsb,cv_ekf,prior,adsb_scoring_proxy,83,1,93.0812895095839,9.81404696945816,258.227043845729,6.21422944534677,3.22185444220847,17.7166374949198,NaN,NaN,NaN,0,0
real_adsb,burst_outage,stage4B_3Day_nohup_20260819T132526Z_w141_20260822T112740Z::addadb::20260822T113000__burst_outage,stage4B_3Day_nohup_20260819T132526Z_w141_20260822T112740Z::addadb::20260822T113000,observed_adsb,cv_ekf,posterior,adsb_scoring_proxy,83,1,93.0812895095839,9.81404696945816,258.227043845729,6.21422944534677,3.22185444220847,17.7166374949198,NaN,NaN,NaN,0,0
real_adsb,burst_outage,stage4B_3Day_nohup_20260819T132526Z_w141_20260822T112740Z::addadb::20260822T113000__burst_outage,stage4B_3Day_nohup_20260819T132526Z_w141_20260822T112740Z::addadb::20260822T113000,observed_adsb,ca_ekf,prior,adsb_scoring_proxy,83,1,309.7677281356,8.82821442911242,902.967343532259,10.2940270013034,3.10279715820302,26.6012428708375,NaN,NaN,NaN,0,0
real_adsb,burst_outage,stage4B_3Day_nohup_20260819T132526Z_w141_20260822T112740Z::addadb::20260822T113000__burst_outage,stage4B_3Day_nohup_20260819T132526Z_w141_20260822T112740Z::addadb::20260822T113000,observed_adsb,ca_ekf,posterior,adsb_scoring_proxy,83,1,309.7677281356,8.82821442911242,902.967343532259,10.2940270013034,3.10279715820302,26.6012428708375,NaN,NaN,NaN,0,0
real_adsb,burst_outage,stage4B_3Day_nohup_20260819T132526Z_w141_20260822T112740Z::addadb::20260822T113000__burst_outage,stage4B_3Day_nohup_20260819T132526Z_w141_20260822T112740Z::addadb::20260822T113000,observed_adsb,ct_ekf,prior,adsb_scoring_proxy,83,1,222.071178086325,9.56070294923214,639.99387359999,7.68180884495241,3.44103737276004,16.8114599108813,NaN,NaN,NaN,0,0
real_adsb,burst_outage,stage4B_3Day_nohup_20260819T132526Z_w141_20260822T112740Z::addadb::20260822T113000__burst_outage,stage4B_3Day_nohup_20260819T132526Z_w141_20260822T112740Z::addadb::20260822T113000,observed_adsb,ct_ekf,posterior,adsb_scoring_proxy,83,1,222.071178086325,9.56070294923214,639.99387359999,7.68180884495241,3.44103737276004,16.8114599108813,NaN,NaN,NaN,0,0
real_adsb,burst_outage,stage4B_3Day_nohup_20260819T132526Z_w141_20260822T112740Z::addadb::20260822T113000__burst_outage,stage4B_3Day_nohup_20260819T132526Z_w141_20260822T112740Z::addadb::20260822T113000,observed_adsb,native_imm,prior,adsb_scoring_proxy,83,1,102.388893367444,6.73011313370137,281.374645999569,4.06577986251796,2.26936157756008,7.49465233409733,NaN,NaN,NaN,0,0
real_adsb,burst_outage,stage4B_3Day_nohup_20260819T132526Z_w141_20260822T112740Z::addadb::20260822T113000__burst_outage,stage4B_3Day_nohup_20260819T132526Z_w141_20260822T112740Z::addadb::20260822T113000,observed_adsb,native_imm,posterior,adsb_scoring_proxy,83,1,102.388893367444,6.73011313370137,281.374645999569,4.06577986251796,2.26936157756008,7.49465233409733,NaN,NaN,NaN,0,0
real_adsb,burst_outage,stage4B_3Day_nohup_20260819T132526Z_w141_20260822T112740Z::addadb::20260822T113000__burst_outage,stage4B_3Day_nohup_20260819T132526Z_w141_20260822T112740Z::addadb::20260822T113000,observed_adsb,warm_ukf,prior,adsb_scoring_proxy,83,1,276.136093600887,27.6785016177687,706.824471434962,14.2263398183301,8.28675345462021,27.9733570990368,NaN,NaN,NaN,0,0
real_adsb,burst_outage,stage4B_3Day_nohup_20260819T132526Z_w141_20260822T112740Z::addadb::20260822T113000__burst_outage,stage4B_3Day_nohup_20260819T132526Z_w141_20260822T112740Z::addadb::20260822T113000,observed_adsb,warm_ukf,posterior,adsb_scoring_proxy,83,1,276.136093600887,27.6785016177687,706.824471434962,14.2263398183301,8.28675345462021,27.9733570990368,NaN,NaN,NaN,0,0
real_adsb,baseline,stage4B_3Day_nohup_20260819T132526Z_w076_20260821T025740Z::ac709b::20260821T025742__baseline,stage4B_3Day_nohup_20260819T132526Z_w076_20260821T025740Z::ac709b::20260821T025742,observed_adsb,cv_ekf,prior,adsb_scoring_proxy,82,1,13.2462049686209,6.75911190258161,30.7904932583413,2.8536586756842,1.63278198340711,6.76176458350633,NaN,NaN,NaN,0,0
real_adsb,baseline,stage4B_3Day_nohup_20260819T132526Z_w076_20260821T025740Z::ac709b::20260821T025742__baseline,stage4B_3Day_nohup_20260819T132526Z_w076_20260821T025740Z::ac709b::20260821T025742,observed_adsb,cv_ekf,posterior,adsb_scoring_proxy,82,1,13.2462049686209,6.75911190258161,30.7904932583413,2.8536586756842,1.63278198340711,6.76176458350633,NaN,NaN,NaN,0,0
real_adsb,baseline,stage4B_3Day_nohup_20260819T132526Z_w076_20260821T025740Z::ac709b::20260821T025742__baseline,stage4B_3Day_nohup_20260819T132526Z_w076_20260821T025740Z::ac709b::20260821T025742,observed_adsb,ca_ekf,prior,adsb_scoring_proxy,82,1,11.0079931633337,6.03042962829724,18.346137014149,3.14746119118887,1.80349732094626,4.22085104028121,NaN,NaN,NaN,0,0
real_adsb,baseline,stage4B_3Day_nohup_20260819T132526Z_w076_20260821T025740Z::ac709b::20260821T025742__baseline,stage4B_3Day_nohup_20260819T132526Z_w076_20260821T025740Z::ac709b::20260821T025742,observed_adsb,ca_ekf,posterior,adsb_scoring_proxy,82,1,11.0079931633337,6.03042962829724,18.346137014149,3.14746119118887,1.80349732094626,4.22085104028121,NaN,NaN,NaN,0,0
real_adsb,baseline,stage4B_3Day_nohup_20260819T132526Z_w076_20260821T025740Z::ac709b::20260821T025742__baseline,stage4B_3Day_nohup_20260819T132526Z_w076_20260821T025740Z::ac709b::20260821T025742,observed_adsb,ct_ekf,prior,adsb_scoring_proxy,82,1,13.5762325990177,6.78205280003227,31.759237892007,2.87021891936633,1.62672767248079,6.82686829555262,NaN,NaN,NaN,0,0
real_adsb,baseline,stage4B_3Day_nohup_20260819T132526Z_w076_20260821T025740Z::ac709b::20260821T025742__baseline,stage4B_3Day_nohup_20260819T132526Z_w076_20260821T025740Z::ac709b::20260821T025742,observed_adsb,ct_ekf,posterior,adsb_scoring_proxy,82,1,13.5762325990177,6.78205280003227,31.759237892007,2.87021891936633,1.62672767248079,6.82686829555262,NaN,NaN,NaN,0,0
real_adsb,baseline,stage4B_3Day_nohup_20260819T132526Z_w076_20260821T025740Z::ac709b::20260821T025742__baseline,stage4B_3Day_nohup_20260819T132526Z_w076_20260821T025740Z::ac709b::20260821T025742,observed_adsb,native_imm,prior,adsb_scoring_proxy,82,1,9.7518649964238,6.13035045623328,17.1256120246153,2.29206604094387,1.70264908793249,4.74880801328714,NaN,NaN,NaN,0,0
real_adsb,baseline,stage4B_3Day_nohup_20260819T132526Z_w076_20260821T025740Z::ac709b::20260821T025742__baseline,stage4B_3Day_nohup_20260819T132526Z_w076_20260821T025740Z::ac709b::20260821T025742,observed_adsb,native_imm,posterior,adsb_scoring_proxy,82,1,9.7518649964238,6.13035045623328,17.1256120246153,2.29206604094387,1.70264908793249,4.74880801328714,NaN,NaN,NaN,0,0
real_adsb,baseline,stage4B_3Day_nohup_20260819T132526Z_w076_20260821T025740Z::ac709b::20260821T025742__baseline,stage4B_3Day_nohup_20260819T132526Z_w076_20260821T025740Z::ac709b::20260821T025742,observed_adsb,warm_ukf,prior,adsb_scoring_proxy,82,1,138.70301211129,21.3451380397431,152.071610642804,12.2434203435283,8.4351523269795,25.175542919176,NaN,NaN,NaN,0,0
real_adsb,baseline,stage4B_3Day_nohup_20260819T132526Z_w076_20260821T025740Z::ac709b::20260821T025742__baseline,stage4B_3Day_nohup_20260819T132526Z_w076_20260821T025740Z::ac709b::20260821T025742,observed_adsb,warm_ukf,posterior,adsb_scoring_proxy,82,1,138.70301211129,21.3451380397431,152.071610642804,12.2434203435283,8.4351523269795,25.175542919176,NaN,NaN,NaN,0,0
real_adsb,random_dropout_10,stage4B_3Day_nohup_20260819T132526Z_w076_20260821T025740Z::ac709b::20260821T025742__random_dropout_10,stage4B_3Day_nohup_20260819T132526Z_w076_20260821T025740Z::ac709b::20260821T025742,observed_adsb,cv_ekf,prior,adsb_scoring_proxy,82,1,44.3050604323783,6.93806040624773,34.953439987969,5.65702655047284,1.65299464587956,7.00560214614537,NaN,NaN,NaN,0,0
real_adsb,random_dropout_10,stage4B_3Day_nohup_20260819T132526Z_w076_20260821T025740Z::ac709b::20260821T025742__random_dropout_10,stage4B_3Day_nohup_20260819T132526Z_w076_20260821T025740Z::ac709b::20260821T025742,observed_adsb,cv_ekf,posterior,adsb_scoring_proxy,82,1,44.3050604323783,6.93806040624773,34.953439987969,5.65702655047284,1.65299464587956,7.00560214614537,NaN,NaN,NaN,0,0
real_adsb,random_dropout_10,stage4B_3Day_nohup_20260819T132526Z_w076_20260821T025740Z::ac709b::20260821T025742__random_dropout_10,stage4B_3Day_nohup_20260819T132526Z_w076_20260821T025740Z::ac709b::20260821T025742,observed_adsb,ca_ekf,prior,adsb_scoring_proxy,82,1,41.7964430532645,6.37406596068041,19.8752528628821,5.46917616220169,1.77725185952419,4.22663155619469,NaN,NaN,NaN,0,0
real_adsb,random_dropout_10,stage4B_3Day_nohup_20260819T132526Z_w076_20260821T025740Z::ac709b::20260821T025742__random_dropout_10,stage4B_3Day_nohup_20260819T132526Z_w076_20260821T025740Z::ac709b::20260821T025742,observed_adsb,ca_ekf,posterior,adsb_scoring_proxy,82,1,41.7964430532645,6.37406596068041,19.8752528628821,5.46917616220169,1.77725185952419,4.22663155619469,NaN,NaN,NaN,0,0
real_adsb,random_dropout_10,stage4B_3Day_nohup_20260819T132526Z_w076_20260821T025740Z::ac709b::20260821T025742__random_dropout_10,stage4B_3Day_nohup_20260819T132526Z_w076_20260821T025740Z::ac709b::20260821T025742,observed_adsb,ct_ekf,prior,adsb_scoring_proxy,82,1,44.5451247104928,6.98767948007329,35.9950088954163,5.67825128427691,1.60520486245631,7.07038749192559,NaN,NaN,NaN,0,0
real_adsb,random_dropout_10,stage4B_3Day_nohup_20260819T132526Z_w076_20260821T025740Z::ac709b::20260821T025742__random_dropout_10,stage4B_3Day_nohup_20260819T132526Z_w076_20260821T025740Z::ac709b::20260821T025742,observed_adsb,ct_ekf,posterior,adsb_scoring_proxy,82,1,44.5451247104928,6.98767948007329,35.9950088954163,5.67825128427691,1.60520486245631,7.07038749192559,NaN,NaN,NaN,0,0
real_adsb,random_dropout_10,stage4B_3Day_nohup_20260819T132526Z_w076_20260821T025740Z::ac709b::20260821T025742__random_dropout_10,stage4B_3Day_nohup_20260819T132526Z_w076_20260821T025740Z::ac709b::20260821T025742,observed_adsb,native_imm,prior,adsb_scoring_proxy,82,1,42.6120794077125,6.132983494282,17.4729084344182,5.36665585402612,1.68937578602832,4.65602954697554,NaN,NaN,NaN,0,0
real_adsb,random_dropout_10,stage4B_3Day_nohup_20260819T132526Z_w076_20260821T025740Z::ac709b::20260821T025742__random_dropout_10,stage4B_3Day_nohup_20260819T132526Z_w076_20260821T025740Z::ac709b::20260821T025742,observed_adsb,native_imm,posterior,adsb_scoring_proxy,82,1,42.6120794077125,6.132983494282,17.4729084344182,5.36665585402612,1.68937578602832,4.65602954697554,NaN,NaN,NaN,0,0
real_adsb,random_dropout_10,stage4B_3Day_nohup_20260819T132526Z_w076_20260821T025740Z::ac709b::20260821T025742__random_dropout_10,stage4B_3Day_nohup_20260819T132526Z_w076_20260821T025740Z::ac709b::20260821T025742,observed_adsb,warm_ukf,prior,adsb_scoring_proxy,82,1,382.068417488303,23.1384933110497,217.946299525105,14.0931631546178,9.58577719195925,23.8950608953721,NaN,NaN,NaN,0,0
real_adsb,random_dropout_10,stage4B_3Day_nohup_20260819T132526Z_w076_20260821T025740Z::ac709b::20260821T025742__random_dropout_10,stage4B_3Day_nohup_20260819T132526Z_w076_20260821T025740Z::ac709b::20260821T025742,observed_adsb,warm_ukf,posterior,adsb_scoring_proxy,82,1,382.068417488303,23.1384933110497,217.946299525105,14.0931631546178,9.58577719195925,23.8950608953721,NaN,NaN,NaN,0,0
real_adsb,random_dropout_25,stage4B_3Day_nohup_20260819T132526Z_w076_20260821T025740Z::ac709b::20260821T025742__random_dropout_25,stage4B_3Day_nohup_20260819T132526Z_w076_20260821T025740Z::ac709b::20260821T025742,observed_adsb,cv_ekf,prior,adsb_scoring_proxy,82,1,44.7021227250489,7.15954554535353,38.8646244273859,5.69102663086037,1.61825847037245,7.24480699071401,NaN,NaN,NaN,0,0
real_adsb,random_dropout_25,stage4B_3Day_nohup_20260819T132526Z_w076_20260821T025740Z::ac709b::20260821T025742__random_dropout_25,stage4B_3Day_nohup_20260819T132526Z_w076_20260821T025740Z::ac709b::20260821T025742,observed_adsb,cv_ekf,posterior,adsb_scoring_proxy,82,1,44.7021227250489,7.15954554535353,38.8646244273859,5.69102663086037,1.61825847037245,7.24480699071401,NaN,NaN,NaN,0,0
real_adsb,random_dropout_25,stage4B_3Day_nohup_20260819T132526Z_w076_20260821T025740Z::ac709b::20260821T025742__random_dropout_25,stage4B_3Day_nohup_20260819T132526Z_w076_20260821T025740Z::ac709b::20260821T025742,observed_adsb,ca_ekf,prior,adsb_scoring_proxy,82,1,41.9504777453941,6.5132214977737,20.4529398288121,5.49442050206605,1.87844386309029,4.59042227578864,NaN,NaN,NaN,0,0
real_adsb,random_dropout_25,stage4B_3Day_nohup_20260819T132526Z_w076_20260821T025740Z::ac709b::20260821T025742__random_dropout_25,stage4B_3Day_nohup_20260819T132526Z_w076_20260821T025740Z::ac709b::20260821T025742,observed_adsb,ca_ekf,posterior,adsb_scoring_proxy,82,1,41.9504777453941,6.5132214977737,20.4529398288121,5.49442050206605,1.87844386309029,4.59042227578864,NaN,NaN,NaN,0,0
real_adsb,random_dropout_25,stage4B_3Day_nohup_20260819T132526Z_w076_20260821T025740Z::ac709b::20260821T025742__random_dropout_25,stage4B_3Day_nohup_20260819T132526Z_w076_20260821T025740Z::ac709b::20260821T025742,observed_adsb,ct_ekf,prior,adsb_scoring_proxy,82,1,44.9836639216819,7.31019311610305,40.5328386593155,5.71425412015173,1.60474221398407,7.36608722409857,NaN,NaN,NaN,0,0
real_adsb,random_dropout_25,stage4B_3Day_nohup_20260819T132526Z_w076_20260821T025740Z::ac709b::20260821T025742__random_dropout_25,stage4B_3Day_nohup_20260819T132526Z_w076_20260821T025740Z::ac709b::20260821T025742,observed_adsb,ct_ekf,posterior,adsb_scoring_proxy,82,1,44.9836639216819,7.31019311610305,40.5328386593155,5.71425412015173,1.60474221398407,7.36608722409857,NaN,NaN,NaN,0,0
real_adsb,random_dropout_25,stage4B_3Day_nohup_20260819T132526Z_w076_20260821T025740Z::ac709b::20260821T025742__random_dropout_25,stage4B_3Day_nohup_20260819T132526Z_w076_20260821T025740Z::ac709b::20260821T025742,observed_adsb,native_imm,prior,adsb_scoring_proxy,82,1,42.7008714073898,6.03613658952702,17.0475862336572,5.3785967905883,1.683629360256,5.10925056234718,NaN,NaN,NaN,0,0
real_adsb,random_dropout_25,stage4B_3Day_nohup_20260819T132526Z_w076_20260821T025740Z::ac709b::20260821T025742__random_dropout_25,stage4B_3Day_nohup_20260819T132526Z_w076_20260821T025740Z::ac709b::20260821T025742,observed_adsb,native_imm,posterior,adsb_scoring_proxy,82,1,42.7008714073898,6.03613658952702,17.0475862336572,5.3785967905883,1.683629360256,5.10925056234718,NaN,NaN,NaN,0,0
real_adsb,random_dropout_25,stage4B_3Day_nohup_20260819T132526Z_w076_20260821T025740Z::ac709b::20260821T025742__random_dropout_25,stage4B_3Day_nohup_20260819T132526Z_w076_20260821T025740Z::ac709b::20260821T025742,observed_adsb,warm_ukf,prior,adsb_scoring_proxy,82,1,151.200165195133,23.904586225655,355.738465747819,16.0499119796094,8.98630382039575,29.9133004238396,NaN,NaN,NaN,0,0
real_adsb,random_dropout_25,stage4B_3Day_nohup_20260819T132526Z_w076_20260821T025740Z::ac709b::20260821T025742__random_dropout_25,stage4B_3Day_nohup_20260819T132526Z_w076_20260821T025740Z::ac709b::20260821T025742,observed_adsb,warm_ukf,posterior,adsb_scoring_proxy,82,1,151.200165195133,23.904586225655,355.738465747819,16.0499119796094,8.98630382039575,29.9133004238396,NaN,NaN,NaN,0,0
real_adsb,burst_outage,stage4B_3Day_nohup_20260819T132526Z_w076_20260821T025740Z::ac709b::20260821T025742__burst_outage,stage4B_3Day_nohup_20260819T132526Z_w076_20260821T025740Z::ac709b::20260821T025742,observed_adsb,cv_ekf,prior,adsb_scoring_proxy,82,1,230.935457935031,8.40390319071173,665.912853145516,8.84815972067488,1.81569268266031,22.2653416324801,NaN,NaN,NaN,0,0
real_adsb,burst_outage,stage4B_3Day_nohup_20260819T132526Z_w076_20260821T025740Z::ac709b::20260821T025742__burst_outage,stage4B_3Day_nohup_20260819T132526Z_w076_20260821T025740Z::ac709b::20260821T025742,observed_adsb,cv_ekf,posterior,adsb_scoring_proxy,82,1,230.935457935031,8.40390319071173,665.912853145516,8.84815972067488,1.81569268266031,22.2653416324801,NaN,NaN,NaN,0,0
real_adsb,burst_outage,stage4B_3Day_nohup_20260819T132526Z_w076_20260821T025740Z::ac709b::20260821T025742__burst_outage,stage4B_3Day_nohup_20260819T132526Z_w076_20260821T025740Z::ac709b::20260821T025742,observed_adsb,ca_ekf,prior,adsb_scoring_proxy,82,1,144.918779953369,7.54148651178186,392.090796798291,7.62455070990804,2.02698647600506,17.9572756025443,NaN,NaN,NaN,0,0
real_adsb,burst_outage,stage4B_3Day_nohup_20260819T132526Z_w076_20260821T025740Z::ac709b::20260821T025742__burst_outage,stage4B_3Day_nohup_20260819T132526Z_w076_20260821T025740Z::ac709b::20260821T025742,observed_adsb,ca_ekf,posterior,adsb_scoring_proxy,82,1,144.918779953369,7.54148651178186,392.090796798291,7.62455070990804,2.02698647600506,17.9572756025443,NaN,NaN,NaN,0,0
real_adsb,burst_outage,stage4B_3Day_nohup_20260819T132526Z_w076_20260821T025740Z::ac709b::20260821T025742__burst_outage,stage4B_3Day_nohup_20260819T132526Z_w076_20260821T025740Z::ac709b::20260821T025742,observed_adsb,ct_ekf,prior,adsb_scoring_proxy,82,1,231.379620740697,8.44675529261326,667.158566556191,8.85792861355738,1.77003897452196,22.2945931177786,NaN,NaN,NaN,0,0
real_adsb,burst_outage,stage4B_3Day_nohup_20260819T132526Z_w076_20260821T025740Z::ac709b::20260821T025742__burst_outage,stage4B_3Day_nohup_20260819T132526Z_w076_20260821T025740Z::ac709b::20260821T025742,observed_adsb,ct_ekf,posterior,adsb_scoring_proxy,82,1,231.379620740697,8.44675529261326,667.158566556191,8.85792861355738,1.77003897452196,22.2945931177786,NaN,NaN,NaN,0,0
real_adsb,burst_outage,stage4B_3Day_nohup_20260819T132526Z_w076_20260821T025740Z::ac709b::20260821T025742__burst_outage,stage4B_3Day_nohup_20260819T132526Z_w076_20260821T025740Z::ac709b::20260821T025742,observed_adsb,native_imm,prior,adsb_scoring_proxy,82,1,198.291128559487,7.60453127135919,573.401566574799,7.61992713493438,1.92743263888721,19.1677561156098,NaN,NaN,NaN,0,0
real_adsb,burst_outage,stage4B_3Day_nohup_20260819T132526Z_w076_20260821T025740Z::ac709b::20260821T025742__burst_outage,stage4B_3Day_nohup_20260819T132526Z_w076_20260821T025740Z::ac709b::20260821T025742,observed_adsb,native_imm,posterior,adsb_scoring_proxy,82,1,198.291128559487,7.60453127135919,573.401566574799,7.61992713493438,1.92743263888721,19.1677561156098,NaN,NaN,NaN,0,0
real_adsb,burst_outage,stage4B_3Day_nohup_20260819T132526Z_w076_20260821T025740Z::ac709b::20260821T025742__burst_outage,stage4B_3Day_nohup_20260819T132526Z_w076_20260821T025740Z::ac709b::20260821T025742,observed_adsb,warm_ukf,prior,adsb_scoring_proxy,82,1,287.057577422888,31.2083571066563,764.048375456039,17.4741007967056,14.0415088927896,29.608992676429,NaN,NaN,NaN,0,0
real_adsb,burst_outage,stage4B_3Day_nohup_20260819T132526Z_w076_20260821T025740Z::ac709b::20260821T025742__burst_outage,stage4B_3Day_nohup_20260819T132526Z_w076_20260821T025740Z::ac709b::20260821T025742,observed_adsb,warm_ukf,posterior,adsb_scoring_proxy,82,1,287.057577422888,31.2083571066563,764.048375456039,17.4741007967056,14.0415088927896,29.608992676429,NaN,NaN,NaN,0,0
real_adsb,baseline,stage4B_3Day_nohup_20260819T132526Z_w119_20260822T002740Z::a3a0cc::20260822T002840__baseline,stage4B_3Day_nohup_20260819T132526Z_w119_20260822T002740Z::a3a0cc::20260822T002840,observed_adsb,cv_ekf,prior,adsb_scoring_proxy,82,1,23.1461903992761,8.63265917519803,24.6857735435315,2.82805512934626,1.76965570462032,6.25820821077343,NaN,NaN,NaN,0,0
real_adsb,baseline,stage4B_3Day_nohup_20260819T132526Z_w119_20260822T002740Z::a3a0cc::20260822T002840__baseline,stage4B_3Day_nohup_20260819T132526Z_w119_20260822T002740Z::a3a0cc::20260822T002840,observed_adsb,cv_ekf,posterior,adsb_scoring_proxy,82,1,23.1461903992761,8.63265917519803,24.6857735435315,2.82805512934626,1.76965570462032,6.25820821077343,NaN,NaN,NaN,0,0
real_adsb,baseline,stage4B_3Day_nohup_20260819T132526Z_w119_20260822T002740Z::a3a0cc::20260822T002840__baseline,stage4B_3Day_nohup_20260819T132526Z_w119_20260822T002740Z::a3a0cc::20260822T002840,observed_adsb,ca_ekf,prior,adsb_scoring_proxy,82,1,13.1693051254568,7.29432561606471,21.9870367369386,2.57904534146569,1.82054719284534,4.89096668818556,NaN,NaN,NaN,0,0
real_adsb,baseline,stage4B_3Day_nohup_20260819T132526Z_w119_20260822T002740Z::a3a0cc::20260822T002840__baseline,stage4B_3Day_nohup_20260819T132526Z_w119_20260822T002740Z::a3a0cc::20260822T002840,observed_adsb,ca_ekf,posterior,adsb_scoring_proxy,82,1,13.1693051254568,7.29432561606471,21.9870367369386,2.57904534146569,1.82054719284534,4.89096668818556,NaN,NaN,NaN,0,0
real_adsb,baseline,stage4B_3Day_nohup_20260819T132526Z_w119_20260822T002740Z::a3a0cc::20260822T002840__baseline,stage4B_3Day_nohup_20260819T132526Z_w119_20260822T002740Z::a3a0cc::20260822T002840,observed_adsb,ct_ekf,prior,adsb_scoring_proxy,82,1,23.7462237770522,8.80694111426731,25.2447075914768,2.8562042343525,1.75232721434862,6.2066393907161,NaN,NaN,NaN,0,0
real_adsb,baseline,stage4B_3Day_nohup_20260819T132526Z_w119_20260822T002740Z::a3a0cc::20260822T002840__baseline,stage4B_3Day_nohup_20260819T132526Z_w119_20260822T002740Z::a3a0cc::20260822T002840,observed_adsb,ct_ekf,posterior,adsb_scoring_proxy,82,1,23.7462237770522,8.80694111426731,25.2447075914768,2.8562042343525,1.75232721434862,6.2066393907161,NaN,NaN,NaN,0,0
real_adsb,baseline,stage4B_3Day_nohup_20260819T132526Z_w119_20260822T002740Z::a3a0cc::20260822T002840__baseline,stage4B_3Day_nohup_20260819T132526Z_w119_20260822T002740Z::a3a0cc::20260822T002840,observed_adsb,native_imm,prior,adsb_scoring_proxy,82,1,13.546074027979,7.31582630433801,22.6913016870693,2.40340283396255,1.69112866947741,4.49186400253215,NaN,NaN,NaN,0,0
real_adsb,baseline,stage4B_3Day_nohup_20260819T132526Z_w119_20260822T002740Z::a3a0cc::20260822T002840__baseline,stage4B_3Day_nohup_20260819T132526Z_w119_20260822T002740Z::a3a0cc::20260822T002840,observed_adsb,native_imm,posterior,adsb_scoring_proxy,82,1,13.546074027979,7.31582630433801,22.6913016870693,2.40340283396255,1.69112866947741,4.49186400253215,NaN,NaN,NaN,0,0
real_adsb,baseline,stage4B_3Day_nohup_20260819T132526Z_w119_20260822T002740Z::a3a0cc::20260822T002840__baseline,stage4B_3Day_nohup_20260819T132526Z_w119_20260822T002740Z::a3a0cc::20260822T002840,observed_adsb,warm_ukf,prior,adsb_scoring_proxy,82,1,50.4092919865356,19.9093745344258,72.3990681677277,10.3317109797381,9.10733913607627,17.4396178471682,NaN,NaN,NaN,0,0
real_adsb,baseline,stage4B_3Day_nohup_20260819T132526Z_w119_20260822T002740Z::a3a0cc::20260822T002840__baseline,stage4B_3Day_nohup_20260819T132526Z_w119_20260822T002740Z::a3a0cc::20260822T002840,observed_adsb,warm_ukf,posterior,adsb_scoring_proxy,82,1,50.4092919865356,19.9093745344258,72.3990681677277,10.3317109797381,9.10733913607627,17.4396178471682,NaN,NaN,NaN,0,0
real_adsb,random_dropout_10,stage4B_3Day_nohup_20260819T132526Z_w119_20260822T002740Z::a3a0cc::20260822T002840__random_dropout_10,stage4B_3Day_nohup_20260819T132526Z_w119_20260822T002740Z::a3a0cc::20260822T002840,observed_adsb,cv_ekf,prior,adsb_scoring_proxy,82,1,23.2774166963931,9.17460989040106,24.8828632321177,2.87455295468781,1.82877799712103,6.31263873700322,NaN,NaN,NaN,0,0
real_adsb,random_dropout_10,stage4B_3Day_nohup_20260819T132526Z_w119_20260822T002740Z::a3a0cc::20260822T002840__random_dropout_10,stage4B_3Day_nohup_20260819T132526Z_w119_20260822T002740Z::a3a0cc::20260822T002840,observed_adsb,cv_ekf,posterior,adsb_scoring_proxy,82,1,23.2774166963931,9.17460989040106,24.8828632321177,2.87455295468781,1.82877799712103,6.31263873700322,NaN,NaN,NaN,0,0
real_adsb,random_dropout_10,stage4B_3Day_nohup_20260819T132526Z_w119_20260822T002740Z::a3a0cc::20260822T002840__random_dropout_10,stage4B_3Day_nohup_20260819T132526Z_w119_20260822T002740Z::a3a0cc::20260822T002840,observed_adsb,ca_ekf,prior,adsb_scoring_proxy,82,1,13.5920862350495,7.45394606413713,20.6406147580557,2.69733907223165,1.93487940725742,4.87038804416274,NaN,NaN,NaN,0,0
real_adsb,random_dropout_10,stage4B_3Day_nohup_20260819T132526Z_w119_20260822T002740Z::a3a0cc::20260822T002840__random_dropout_10,stage4B_3Day_nohup_20260819T132526Z_w119_20260822T002740Z::a3a0cc::20260822T002840,observed_adsb,ca_ekf,posterior,adsb_scoring_proxy,82,1,13.5920862350495,7.45394606413713,20.6406147580557,2.69733907223165,1.93487940725742,4.87038804416274,NaN,NaN,NaN,0,0
real_adsb,random_dropout_10,stage4B_3Day_nohup_20260819T132526Z_w119_20260822T002740Z::a3a0cc::20260822T002840__random_dropout_10,stage4B_3Day_nohup_20260819T132526Z_w119_20260822T002740Z::a3a0cc::20260822T002840,observed_adsb,ct_ekf,prior,adsb_scoring_proxy,82,1,23.8758632991563,9.28129727017787,25.4413013915688,2.90244098008649,1.77308595571975,6.29391899050938,NaN,NaN,NaN,0,0
real_adsb,random_dropout_10,stage4B_3Day_nohup_20260819T132526Z_w119_20260822T002740Z::a3a0cc::20260822T002840__random_dropout_10,stage4B_3Day_nohup_20260819T132526Z_w119_20260822T002740Z::a3a0cc::20260822T002840,observed_adsb,ct_ekf,posterior,adsb_scoring_proxy,82,1,23.8758632991563,9.28129727017787,25.4413013915688,2.90244098008649,1.77308595571975,6.29391899050938,NaN,NaN,NaN,0,0
real_adsb,random_dropout_10,stage4B_3Day_nohup_20260819T132526Z_w119_20260822T002740Z::a3a0cc::20260822T002840__random_dropout_10,stage4B_3Day_nohup_20260819T132526Z_w119_20260822T002740Z::a3a0cc::20260822T002840,observed_adsb,native_imm,prior,adsb_scoring_proxy,82,1,13.6136803754981,7.52283302637122,21.371505724218,2.45569887691349,1.76316895485002,4.49116631826857,NaN,NaN,NaN,0,0
real_adsb,random_dropout_10,stage4B_3Day_nohup_20260819T132526Z_w119_20260822T002740Z::a3a0cc::20260822T002840__random_dropout_10,stage4B_3Day_nohup_20260819T132526Z_w119_20260822T002740Z::a3a0cc::20260822T002840,observed_adsb,native_imm,posterior,adsb_scoring_proxy,82,1,13.6136803754981,7.52283302637122,21.371505724218,2.45569887691349,1.76316895485002,4.49116631826857,NaN,NaN,NaN,0,0
real_adsb,random_dropout_10,stage4B_3Day_nohup_20260819T132526Z_w119_20260822T002740Z::a3a0cc::20260822T002840__random_dropout_10,stage4B_3Day_nohup_20260819T132526Z_w119_20260822T002740Z::a3a0cc::20260822T002840,observed_adsb,warm_ukf,prior,adsb_scoring_proxy,82,1,82.299577634271,18.5246435372244,110.992340614605,13.5362790599427,9.98269414904517,24.5834381869071,NaN,NaN,NaN,0,0
real_adsb,random_dropout_10,stage4B_3Day_nohup_20260819T132526Z_w119_20260822T002740Z::a3a0cc::20260822T002840__random_dropout_10,stage4B_3Day_nohup_20260819T132526Z_w119_20260822T002740Z::a3a0cc::20260822T002840,observed_adsb,warm_ukf,posterior,adsb_scoring_proxy,82,1,82.299577634271,18.5246435372244,110.992340614605,13.5362790599427,9.98269414904517,24.5834381869071,NaN,NaN,NaN,0,0
real_adsb,random_dropout_25,stage4B_3Day_nohup_20260819T132526Z_w119_20260822T002740Z::a3a0cc::20260822T002840__random_dropout_25,stage4B_3Day_nohup_20260819T132526Z_w119_20260822T002740Z::a3a0cc::20260822T002840,observed_adsb,cv_ekf,prior,adsb_scoring_proxy,82,1,26.1701366244721,9.73451758820573,28.7580899017666,3.04348348383546,1.94096940770045,6.55631522652965,NaN,NaN,NaN,0,0
real_adsb,random_dropout_25,stage4B_3Day_nohup_20260819T132526Z_w119_20260822T002740Z::a3a0cc::20260822T002840__random_dropout_25,stage4B_3Day_nohup_20260819T132526Z_w119_20260822T002740Z::a3a0cc::20260822T002840,observed_adsb,cv_ekf,posterior,adsb_scoring_proxy,82,1,26.1701366244721,9.73451758820573,28.7580899017666,3.04348348383546,1.94096940770045,6.55631522652965,NaN,NaN,NaN,0,0
real_adsb,random_dropout_25,stage4B_3Day_nohup_20260819T132526Z_w119_20260822T002740Z::a3a0cc::20260822T002840__random_dropout_25,stage4B_3Day_nohup_20260819T132526Z_w119_20260822T002740Z::a3a0cc::20260822T002840,observed_adsb,ca_ekf,prior,adsb_scoring_proxy,82,1,15.786790837857,8.21851567945789,21.0954170483976,2.68378804410798,1.99365437034163,5.17663015043053,NaN,NaN,NaN,0,0
real_adsb,random_dropout_25,stage4B_3Day_nohup_20260819T132526Z_w119_20260822T002740Z::a3a0cc::20260822T002840__random_dropout_25,stage4B_3Day_nohup_20260819T132526Z_w119_20260822T002740Z::a3a0cc::20260822T002840,observed_adsb,ca_ekf,posterior,adsb_scoring_proxy,82,1,15.786790837857,8.21851567945789,21.0954170483976,2.68378804410798,1.99365437034163,5.17663015043053,NaN,NaN,NaN,0,0
real_adsb,random_dropout_25,stage4B_3Day_nohup_20260819T132526Z_w119_20260822T002740Z::a3a0cc::20260822T002840__random_dropout_25,stage4B_3Day_nohup_20260819T132526Z_w119_20260822T002740Z::a3a0cc::20260822T002840,observed_adsb,ct_ekf,prior,adsb_scoring_proxy,82,1,26.8145496376235,9.80921984508443,29.9622992190079,3.0742793254393,1.84979110429223,6.57307780583363,NaN,NaN,NaN,0,0
real_adsb,random_dropout_25,stage4B_3Day_nohup_20260819T132526Z_w119_20260822T002740Z::a3a0cc::20260822T002840__random_dropout_25,stage4B_3Day_nohup_20260819T132526Z_w119_20260822T002740Z::a3a0cc::20260822T002840,observed_adsb,ct_ekf,posterior,adsb_scoring_proxy,82,1,26.8145496376235,9.80921984508443,29.9622992190079,3.0742793254393,1.84979110429223,6.57307780583363,NaN,NaN,NaN,0,0
real_adsb,random_dropout_25,stage4B_3Day_nohup_20260819T132526Z_w119_20260822T002740Z::a3a0cc::20260822T002840__random_dropout_25,stage4B_3Day_nohup_20260819T132526Z_w119_20260822T002740Z::a3a0cc::20260822T002840,observed_adsb,native_imm,prior,adsb_scoring_proxy,82,1,15.1682304652667,8.01688339630555,24.3577079550296,2.54853002920478,1.92407413263696,5.07636904095262,NaN,NaN,NaN,0,0
real_adsb,random_dropout_25,stage4B_3Day_nohup_20260819T132526Z_w119_20260822T002740Z::a3a0cc::20260822T002840__random_dropout_25,stage4B_3Day_nohup_20260819T132526Z_w119_20260822T002740Z::a3a0cc::20260822T002840,observed_adsb,native_imm,posterior,adsb_scoring_proxy,82,1,15.1682304652667,8.01688339630555,24.3577079550296,2.54853002920478,1.92407413263696,5.07636904095262,NaN,NaN,NaN,0,0
real_adsb,random_dropout_25,stage4B_3Day_nohup_20260819T132526Z_w119_20260822T002740Z::a3a0cc::20260822T002840__random_dropout_25,stage4B_3Day_nohup_20260819T132526Z_w119_20260822T002740Z::a3a0cc::20260822T002840,observed_adsb,warm_ukf,prior,adsb_scoring_proxy,82,1,310.653619858873,19.4557633400253,429.806360055484,10.0567432159652,8.561969947388,17.7264607633373,NaN,NaN,NaN,0,0
real_adsb,random_dropout_25,stage4B_3Day_nohup_20260819T132526Z_w119_20260822T002740Z::a3a0cc::20260822T002840__random_dropout_25,stage4B_3Day_nohup_20260819T132526Z_w119_20260822T002740Z::a3a0cc::20260822T002840,observed_adsb,warm_ukf,posterior,adsb_scoring_proxy,82,1,310.653619858873,19.4557633400253,429.806360055484,10.0567432159652,8.561969947388,17.7264607633373,NaN,NaN,NaN,0,0
real_adsb,burst_outage,stage4B_3Day_nohup_20260819T132526Z_w119_20260822T002740Z::a3a0cc::20260822T002840__burst_outage,stage4B_3Day_nohup_20260819T132526Z_w119_20260822T002740Z::a3a0cc::20260822T002840,observed_adsb,cv_ekf,prior,adsb_scoring_proxy,82,1,32.3807711928876,10.0930135771912,58.2520039877722,2.8483247530624,1.8787482091494,6.25820821077343,NaN,NaN,NaN,0,0
real_adsb,burst_outage,stage4B_3Day_nohup_20260819T132526Z_w119_20260822T002740Z::a3a0cc::20260822T002840__burst_outage,stage4B_3Day_nohup_20260819T132526Z_w119_20260822T002740Z::a3a0cc::20260822T002840,observed_adsb,cv_ekf,posterior,adsb_scoring_proxy,82,1,32.3807711928876,10.0930135771912,58.2520039877722,2.8483247530624,1.8787482091494,6.25820821077343,NaN,NaN,NaN,0,0
real_adsb,burst_outage,stage4B_3Day_nohup_20260819T132526Z_w119_20260822T002740Z::a3a0cc::20260822T002840__burst_outage,stage4B_3Day_nohup_20260819T132526Z_w119_20260822T002740Z::a3a0cc::20260822T002840,observed_adsb,ca_ekf,prior,adsb_scoring_proxy,82,1,159.153086364924,8.93933566824153,433.509443157038,8.0929454017779,2.16790398591475,21.6628886364596,NaN,NaN,NaN,0,0
real_adsb,burst_outage,stage4B_3Day_nohup_20260819T132526Z_w119_20260822T002740Z::a3a0cc::20260822T002840__burst_outage,stage4B_3Day_nohup_20260819T132526Z_w119_20260822T002740Z::a3a0cc::20260822T002840,observed_adsb,ca_ekf,posterior,adsb_scoring_proxy,82,1,159.153086364924,8.93933566824153,433.509443157038,8.0929454017779,2.16790398591475,21.6628886364596,NaN,NaN,NaN,0,0
real_adsb,burst_outage,stage4B_3Day_nohup_20260819T132526Z_w119_20260822T002740Z::a3a0cc::20260822T002840__burst_outage,stage4B_3Day_nohup_20260819T132526Z_w119_20260822T002740Z::a3a0cc::20260822T002840,observed_adsb,ct_ekf,prior,adsb_scoring_proxy,82,1,33.1230076066742,10.1237851548369,59.0034851781773,2.87519485051354,1.76485412744356,6.2066393907161,NaN,NaN,NaN,0,0
real_adsb,burst_outage,stage4B_3Day_nohup_20260819T132526Z_w119_20260822T002740Z::a3a0cc::20260822T002840__burst_outage,stage4B_3Day_nohup_20260819T132526Z_w119_20260822T002740Z::a3a0cc::20260822T002840,observed_adsb,ct_ekf,posterior,adsb_scoring_proxy,82,1,33.1230076066742,10.1237851548369,59.0034851781773,2.87519485051354,1.76485412744356,6.2066393907161,NaN,NaN,NaN,0,0
real_adsb,burst_outage,stage4B_3Day_nohup_20260819T132526Z_w119_20260822T002740Z::a3a0cc::20260822T002840__burst_outage,stage4B_3Day_nohup_20260819T132526Z_w119_20260822T002740Z::a3a0cc::20260822T002840,observed_adsb,native_imm,prior,adsb_scoring_proxy,82,1,36.2383590667112,9.36029356779845,93.5114765638234,2.79809246870534,2.08788339935771,4.97983207445088,NaN,NaN,NaN,0,0
real_adsb,burst_outage,stage4B_3Day_nohup_20260819T132526Z_w119_20260822T002740Z::a3a0cc::20260822T002840__burst_outage,stage4B_3Day_nohup_20260819T132526Z_w119_20260822T002740Z::a3a0cc::20260822T002840,observed_adsb,native_imm,posterior,adsb_scoring_proxy,82,1,36.2383590667112,9.36029356779845,93.5114765638234,2.79809246870534,2.08788339935771,4.97983207445088,NaN,NaN,NaN,0,0
real_adsb,burst_outage,stage4B_3Day_nohup_20260819T132526Z_w119_20260822T002740Z::a3a0cc::20260822T002840__burst_outage,stage4B_3Day_nohup_20260819T132526Z_w119_20260822T002740Z::a3a0cc::20260822T002840,observed_adsb,warm_ukf,prior,adsb_scoring_proxy,82,1,937.610078332887,27.532405033792,2811.02720325933,14.1556127683859,9.50784807157593,30.481058571247,NaN,NaN,NaN,0,0
real_adsb,burst_outage,stage4B_3Day_nohup_20260819T132526Z_w119_20260822T002740Z::a3a0cc::20260822T002840__burst_outage,stage4B_3Day_nohup_20260819T132526Z_w119_20260822T002740Z::a3a0cc::20260822T002840,observed_adsb,warm_ukf,posterior,adsb_scoring_proxy,82,1,937.610078332887,27.532405033792,2811.02720325933,14.1556127683859,9.50784807157593,30.481058571247,NaN,NaN,NaN,0,0
